"Country","Company","Title","Category","Location","Date Posted","Link"
"Germany","Baker Hughes","Ausbildung zur Fachkraft für Lagerlogistik (d/m/w)","Other","Celle, Germany","2025-10-01","https://bakerhughes.wd5.myworkdayjobs.com/BakerHughes/job/DE-CELLE-BAKER-HUGHES-STRASSE-1/Ausbildung-zur-Fachkraft-fr-Lagerlogistik--d-m-w-_R156554/apply"
"Italy","Baker Hughes","Flow Assembly & Testing Cell – Lead Manufacturing Engineer","Engineering","Florence, Italy","2025-10-02","https://bakerhughes.wd5.myworkdayjobs.com/BakerHughes/job/IT-FI-FLORENCE-VIA-PERFETTI-RICASOLI-78/Flow-Assembly---Testing-Cell---Lead-Manufacturing-Engineer_R150807-1/apply"
"Italy","Baker Hughes","Contract Manager and Outsourcing Process Lead- IET Engineering Operations","Engineering","Florence, Italy","2025-09-09","https://bakerhughes.wd5.myworkdayjobs.com/BakerHughes/job/IT-FI-FLORENCE-VIA-FELICE-MATTEUCCI-2/Contract-Manager-and-Outsourcing-Process-Lead--IET-Engineering-Operations_R155873-1/apply"
"USA","Baker Hughes","Product Management - Spring Co-op Internship (Skaneateles, NY) 2026 Opportunities","Other","Skaneateles, USA","2025-09-30","https://bakerhughes.wd5.myworkdayjobs.com/BakerHughes/job/US-NY-SKANEATELES-721-VISIONS-DRIVE/Product-Management---Spring-Co-op-Internship--Skaneateles--NY--2026-Opportunities_R156044/apply"
"Saudi Arabia","Baker Hughes","Mechanical Assembler","Field Operations","Dammam, Saudi Arabia","2025-07-11","https://bakerhughes.wd5.myworkdayjobs.com/BakerHughes/job/SA-DAMMAM-2nd-Industrial-City-Modon-facility-Plot-No-005TS00036-PO-Box-31952/Mechanical-Assembler_R142486/apply"
"Brazil","Baker Hughes","Field Specialist - WLS","Field Operations","Macaé, Brazil","2025-08-25","https://bakerhughes.wd5.myworkdayjobs.com/BakerHughes/job/BR-RJ-MACAE-LAGOMAR-AV-ARAXA-240/Field-Specialist---WLS_R153954/apply"
"Saudi Arabia","Baker Hughes","Electrician","Field Operations","Dammam, Saudi Arabia","2025-08-26","https://bakerhughes.wd5.myworkdayjobs.com/BakerHughes/job/SA-DAMMAM-2nd-Industrial-City-Modon-facility-Plot-No-005TS00036-PO-Box-31952/Electrician_R151880/apply"
"China","Baker Hughes","University Internship - LEAD Intern 2026 Opportunities (China)","Other","Tianjin, China","2025-09-18","https://bakerhughes.wd5.myworkdayjobs.com/BakerHughes/job/CN-TIANJIN--1-JIXIU-BASE-HARBOR-ECONOMIC-AREA/University-Internship---LEAD-Intern-2026-Opportunities--China-_R156148/apply"
"Kazakhstan","Baker Hughes","Directional Drilling Field Specialist","Drilling & Well Services","Aksay, Kazakhstan","2025-10-21","https://bakerhughes.wd5.myworkdayjobs.com/BakerHughes/job/KZ-Aksai-Aksay-Industrial-Zone-Building-99H-Burlin-Region-West-Kazakhstan-Oblast/Directional-Drilling-Field-Specialist_R61875/apply"
"Vietnam","Baker Hughes","University Internship - Software Test and Integration 2025 Opportunities (Vietnam)","IT & Digital","Ho Chi Minh, Vietnam","2025-11-06","https://bakerhughes.wd5.myworkdayjobs.com/BakerHughes/job/VN-HO-CHI-MINH-285-CACH-MANG-THANG-TAM-STREET/University-Internship---Software-Test-and-Integration-2025-Opportunities--Vietnam-_R157908/apply"
"Gabon","Baker Hughes","Emerging Talent–Assembly, Maintenance & Overhaul Intern 2026 Opportunities (Gabon)","Human Resources","Port Gentil, Gabon","2025-11-18","https://bakerhughes.wd5.myworkdayjobs.com/BakerHughes/job/GA-PORT-GENTIL-Route-de-Sogara-Parcelle-No-160-Section-PA/Emerging-Talent-Assembly--Maintenance---Overhaul-Intern-2026-Opportunities--Gabon-_R158345/apply"
"Saudi Arabia","Baker Hughes","Gas Tech Equipment - Technician","Field Operations","Dammam, Saudi Arabia","2025-03-04","https://bakerhughes.wd5.myworkdayjobs.com/BakerHughes/job/SA-DAMMAM-2nd-Industrial-City-Modon-facility-Plot-No-005TS00036-PO-Box-31952/Gas-Tech-Equipment---Technician_R138858-1/apply"
"Thailand","Baker Hughes","Field Specialist – Drilling & Completion Fluids","Drilling & Well Services","Thailand","2025-07-02","https://bakerhughes.wd5.myworkdayjobs.com/BakerHughes/job/TH-CHATUCHAK-SHINAWATRA-TOWER-III/Field-Specialist---Drilling---Completion-Fluids_R150954-1/apply"
"Thailand","Baker Hughes","Sand Core Technician Operator","Field Operations","Thailand","2025-11-19","https://bakerhughes.wd5.myworkdayjobs.com/BakerHughes/job/TH-BAN-BUNG-462-464-MOO-2/Sand-Core-Technician-Operator_R158455/apply"
"Germany","Baker Hughes","Ausbildung zum Industriemechaniker (d/m/w)","Other","Celle, Germany","2025-09-30","https://bakerhughes.wd5.myworkdayjobs.com/BakerHughes/job/DE-CELLE-BAKER-HUGHES-STRASSE-1/Ausbildung-zum-Industriemechaniker--d-m-w-_R156403/apply"
"Germany","Baker Hughes","Ausbildung zum Zerspanungsmechaniker (d/m/w)","Other","Celle, Germany","2025-09-30","https://bakerhughes.wd5.myworkdayjobs.com/BakerHughes/job/DE-CELLE-BAKER-HUGHES-STRASSE-1/Ausbildung-zum-Zerspanungsmechaniker--d-m-w-_R156402/apply"
"Colombia","Baker Hughes","Aprendiz SENA","Other","Yopal, Colombia","2025-12-03","https://bakerhughes.wd5.myworkdayjobs.com/BakerHughes/job/CO-YOPAL-CALLE-28N-NO-2A-45/Aprendiz-SENA_R158835/apply"
"UK","Baker Hughes","UKAS Calibration Technician","Field Operations","Leicester, UK","2025-10-09","https://bakerhughes.wd5.myworkdayjobs.com/BakerHughes/job/GB-LEICESTER-FIR-TREE-LANE-TRADING-ESTATE-GROBY/UKAS-Calibration-Technician_R156611/apply"
"Colombia","Baker Hughes","Aprendiz SENA","Other","Neiva, Colombia","2025-12-03","https://bakerhughes.wd5.myworkdayjobs.com/BakerHughes/job/CO-NEIVA-CALLE-40--7P-400-COND-INDUS/Aprendiz-SENA_R158609/apply"
"Colombia","Baker Hughes","Aprendiz SENA","Other","Neiva, Colombia","2025-12-03","https://bakerhughes.wd5.myworkdayjobs.com/BakerHughes/job/CO-NEIVA-CALLE-40--7P-400-COND-INDUS/Aprendiz-SENA_R158833/apply"
"Saudi Arabia","Baker Hughes","Thin Section Specialist","Other","Dhahran, Saudi Arabia","2025-12-11","https://bakerhughes.wd5.myworkdayjobs.com/BakerHughes/job/SA-DHAHRAN-ABQAIQ-HIGHWAY/Thin-Section-Specialist_R158960/apply"
"Colombia","Baker Hughes","Aprendiz SENA","Other","Neiva, Colombia","2025-12-03","https://bakerhughes.wd5.myworkdayjobs.com/BakerHughes/job/CO-NEIVA-CALLE-40--7P-400-COND-INDUS/Aprendiz-SENA_R158840/apply"
"USA","Baker Hughes","Wireline Field Operator - Tallmadge, OH","Drilling & Well Services","Tallmadge, USA","2025-12-10","https://bakerhughes.wd5.myworkdayjobs.com/BakerHughes/job/US-Ohio-Tallmadge-184-South-Avenue/Wireline-Field-Operator_R157836/apply"
"Italy","Baker Hughes","Operatore di Controlli Non Distruttivi","Field Operations","Avenza, Italy","2025-12-12","https://bakerhughes.wd5.myworkdayjobs.com/BakerHughes/job/IT-MS-AVENZA--VIALE-DOMENICO-ZACCAGNA-12/Operatore-di-Controlli-Non-Distruttivi_R152211/apply"
"Italy","Baker Hughes","Junior Control Software Engineer","Engineering","Florence, Italy","2024-11-20","https://bakerhughes.wd5.myworkdayjobs.com/BakerHughes/job/IT-FI-FLORENCE-VIA-FELICE-MATTEUCCI-2/Junior-Control-Software-Engineer_R135479/apply"
"UAE","Baker Hughes","Field Service Engineer - Centrifugal Compressor","Engineering","Abu Dhabi, UAE","2025-12-17","https://bakerhughes.wd5.myworkdayjobs.com/BakerHughes/job/AE-ABU-DHABI-AL-GHAITH-HOLDING-TOWER-AIRPORT-ROAD/Field-Service-Engineer---Centrifugal-Compressor_R159211/apply"
"Italy","Baker Hughes","Project Engineering Manager","Engineering","Florence, Italy","2025-12-16","https://bakerhughes.wd5.myworkdayjobs.com/BakerHughes/job/IT-FI-FLORENCE-VIA-FELICE-MATTEUCCI-2/Project-Engineering-Manager_R158472/apply"
"China","Baker Hughes","Emerging Talent: LEAD - Field Engineer (China) 2026 Opportunities","Engineering","Tianjin, China","2025-12-22","https://bakerhughes.wd5.myworkdayjobs.com/BakerHughes/job/CN-TIANJIN--1-JIXIU-BASE-HARBOR-ECONOMIC-AREA/Early-Career--LEAD---Field-Engineer--China--2026-Opportunities_R156149/apply"
"Vietnam","Baker Hughes","Emerging Talent: LEAD - Field Engineer (Vietnam) 2026 Opportunities","Engineering","Vung Tau City, Vietnam","2025-12-23","https://bakerhughes.wd5.myworkdayjobs.com/BakerHughes/job/VN-VUNG-TAU-CITY-65A-304-ROAD-WARD-9/Emerging-Talent--LEAD---Field-Engineer--Vietnam--2026-Opportunities_R159516/apply"
"Thailand","Baker Hughes","Emerging Talent: LEAD - Field Engineer (Thailand) 2026 Opportunities","Engineering","Thailand","2025-12-23","https://bakerhughes.wd5.myworkdayjobs.com/BakerHughes/job/TH-SONGKHLA-12010-M-1-SONGKHLA-RANODE-ROAD/Emerging-Talent--LEAD---Field-Engineer--Thailand--2026-Opportunities_R159517-1/apply"
"USA","Baker Hughes","Gear Repair Specialist","Other","Lufkin, USA","2025-09-12","https://bakerhughes.wd5.myworkdayjobs.com/BakerHughes/job/US-TX-LUFKIN-409-ELLIS-AVENUE/Gear-Repair-Specialist_R156082/apply"
"Thailand","Baker Hughes","Field Specialist - Cementing","Drilling & Well Services","Thailand","2026-01-02","https://bakerhughes.wd5.myworkdayjobs.com/BakerHughes/job/TH-SONGKHLA-12010-M-1-SONGKHLA-RANODE-ROAD/Field-Specialist---Cementing_R156169/apply"
"Malaysia","Baker Hughes","University Internship - LEAD Intern 2026 Opportunities (Malaysia)","Other","Kuala Lumpur, Malaysia","2025-12-30","https://bakerhughes.wd5.myworkdayjobs.com/BakerHughes/job/MY-KUL-KUALA-LUMPUR-21ST-FLOOR-MENARA-TAN--TAN/University-Internship---LEAD-Intern-2026-Opportunities--Malaysia-_R159727/apply"
"UK","Baker Hughes","Warehouse Operative","Supply Chain","Nailsea, UK","2026-01-05","https://bakerhughes.wd5.myworkdayjobs.com/BakerHughes/job/GB-SO-NAILSEA-2-HIGH-STREET/Warehouse-Operative_R159790/apply"
"Italy","Baker Hughes","Junior Control System Engineer","Engineering","Florence, Italy","2026-01-12","https://bakerhughes.wd5.myworkdayjobs.com/BakerHughes/job/IT-FI-FLORENCE-VIA-FELICE-MATTEUCCI-2/Junior-Control-System-Engineer_R135475/apply"
"USA","Baker Hughes","Machinist-CNC/Manual","Other","Houston, USA","2025-04-10","https://bakerhughes.wd5.myworkdayjobs.com/BakerHughes/job/US-TX-HOUSTON-17619-ALDINE-WESTFIELD-ROAD/Machinist-CNC-Manual_R145338/apply"
"Germany","Baker Hughes","Ausbildung für Fachlagerist/Fachkraft für Lagerlogistik (d/f/m)","Other","Wunstorf, Germany","2026-01-12","https://bakerhughes.wd5.myworkdayjobs.com/BakerHughes/job/DE-NI-WUNSTORF-NIELS-BOHR-STR-7/Ausbildung-fr-Fachlagerist-Fachkraft-fr-Lagerlogistik--d-f-m-_R159906/apply"
"UK","Baker Hughes","Mechanical technician","Field Operations","Nailsea, UK","2026-01-12","https://bakerhughes.wd5.myworkdayjobs.com/BakerHughes/job/GB-SO-NAILSEA-2-HIGH-STREET/Mechanical-technician_R159910/apply"
"Germany","Baker Hughes","Emerging Talent: LEAD - Field Engineer (Germany) 2026 Opportunities","Engineering","Celle, Germany","2026-01-16","https://bakerhughes.wd5.myworkdayjobs.com/BakerHughes/job/DE-CELLE-BAKER-HUGHES-STRASSE-1/Emerging-Talent--LEAD---Field-Engineer--Germany--2026-Opportunities_R159537/apply"
"India","Baker Hughes","Repair engineer  (Shop support, Departure Records)management","Engineering","Bangalore, India","2025-10-17","https://bakerhughes.wd5.myworkdayjobs.com/BakerHughes/job/IN-KA-BANGALORE-NEON-BUILDING-WEST-TOWER/Repair-engineer---Shop-support--Departure-Records-management_R150662/apply"
"Mexico","Baker Hughes","Mechanical Design Engineer","Engineering","Queretaro, Mexico","2025-08-14","https://bakerhughes.wd5.myworkdayjobs.com/BakerHughes/job/MX-QUE-QUERETARO-CAMPO-REAL-1692/Mechanical-Design-Engineer_R153947-1/apply"
"USA","Baker Hughes","Turbomachinery- Controls Engineers (Houston or Remote)","Engineering","Houston, USA","2025-07-14","https://bakerhughes.wd5.myworkdayjobs.com/BakerHughes/job/US-TX-HOUSTON-575-N-DAIRY-ASHFORD-RD-ENERGY-CENTER-II-EC2/Lead-iCenters-Service-Engineer_R119548/apply"
"USA","Baker Hughes","Field Service Electrical Engineer","Engineering","Austin, USA","2026-01-21","https://bakerhughes.wd5.myworkdayjobs.com/BakerHughes/job/US-TX-OTHER-TEXAS/Field-Service-Electrical-Engineer_R160331/apply"
"USA","Baker Hughes","Field Service Mechanical Engineer","Engineering","Austin, USA","2026-01-21","https://bakerhughes.wd5.myworkdayjobs.com/BakerHughes/job/US-TX-OTHER-TEXAS/Field-Service-Mechanical-Engineer_R160332/apply"
"Norway","Baker Hughes","Lærlinger i Tananger, Norge / Apprenticeship in Tananger, Norway","Other","Tananger, Norway","2026-01-19","https://bakerhughes.wd5.myworkdayjobs.com/BakerHughes/job/NO-ROGALAND-TANANGER-Kontinentalveien-8-N-4056/Lrlinger-i-Tananger--Norge---Apprenticeship-in-Tananger--Norway_R159862/apply"
"USA","Baker Hughes","Field Specialist - ESP (Artificial Lift) - Midland TX, Andrews TX,  Big Spring TX, & Carlsbad, NM","Field Operations","Midland, USA","2026-01-16","https://bakerhughes.wd5.myworkdayjobs.com/BakerHughes/job/US-TX-MIDLAND-2101-MARKET-STREET/Field-Specialist---ESP--Artificial-Lift----Midland-TX--Andrews-TX---Big-Spring-TX----Carlsbad--NM_R155525-1/apply"
"Norway","Baker Hughes","Assembly, Repair, Maintenance & Overhaul Technician - Electro Mechanic - Tractor","Field Operations","Stavanger, Norway","2026-01-14","https://bakerhughes.wd5.myworkdayjobs.com/BakerHughes/job/NO-Rogaland-Stavanger-Lagerveien-30/Assembly--Repair--Maintenance---Overhaul-Technician---Electro-Mechanic---Tractor_R159872-1/apply"
"Qatar","Baker Hughes","Field Service Engineer - Mechanical Heavy-Duty Gas Turbine","Engineering","Doha, Qatar","2026-01-29","https://bakerhughes.wd5.myworkdayjobs.com/BakerHughes/job/QA-OTHER-QATAR/Field-Service-Engineer---Mechanical-Heavy-Duty-Gas-Turbine_R160536/apply"
"Qatar","Baker Hughes","Control Field Service Engineer","Engineering","Doha, Qatar","2026-01-28","https://bakerhughes.wd5.myworkdayjobs.com/BakerHughes/job/QA-OTHER-QATAR/Control-Field-Service-Engineer_R160498/apply"
"USA","Baker Hughes","AMO Electro-Mechanical Technician (Drilling Services) - Mt Pleasant, PA","Drilling & Well Services","Mount Pleasant, USA","2026-01-29","https://bakerhughes.wd5.myworkdayjobs.com/BakerHughes/job/US-PA-MOUNT-PLEASANT-370-WESTEC-DRIVE/AMO-Electro-Mechanical-Technician--Drilling-Services----Mt-Pleasant--PA_R157860/apply"
"Italy","Baker Hughes","GTS Commodity/Buyer – Aero","Other","Florence, Italy","2025-11-07","https://bakerhughes.wd5.myworkdayjobs.com/BakerHughes/job/IT-FI-FLORENCE-VIA-FELICE-MATTEUCCI-2/GTS-Commodity-Buyer---Aero_R156557/apply"
"Poland","Baker Hughes","Structural Lead Engineer – Subsea Manifolds Systems","Engineering","Warsaw, Poland","2025-09-26","https://bakerhughes.wd5.myworkdayjobs.com/BakerHughes/job/PL-PDK-WARSAW-ALEJA-KRAKOWSKA-110114-BLD-3014613/Structural-Lead-Engineer---Subsea-Manifolds-Systems_R156371/apply"
"Italy","Baker Hughes","Senior Project Manager","Management","Florence, Italy","2026-01-12","https://bakerhughes.wd5.myworkdayjobs.com/BakerHughes/job/IT-FI-FLORENCE-VIA-FELICE-MATTEUCCI-2/Senior-Project-Manager_R159909/apply"
"Italy","Baker Hughes","Process Quality Engineer - Talamona Plant","Engineering","Talamona, Italy","2025-05-23","https://bakerhughes.wd5.myworkdayjobs.com/BakerHughes/job/IT-SO-TALAMONA-VIA-ROMA-32/Process-Quality-Engineer---Talamona-Plant_R148839-1/apply"
"Italy","Baker Hughes","Process Quality Engineer - Farm Out","Engineering","Florence, Italy","2025-06-26","https://bakerhughes.wd5.myworkdayjobs.com/BakerHughes/job/IT-FI-FLORENCE-VIA-FELICE-MATTEUCCI-2/Process-Quality-Engineer---Farm-Out_R148842-1/apply"
"USA","Baker Hughes","Lead Commercial Specialist - Proposals","Sales & Commercial","Houston, USA","2025-10-22","https://bakerhughes.wd5.myworkdayjobs.com/BakerHughes/job/US-TX-HOUSTON-575-N-DAIRY-ASHFORD-RD-ENERGY-CENTER-II-EC2/Lead-Commercial-Specialist---Proposals_R149867-1/apply"
"UK","Baker Hughes","Lead Procurement Specialist","Supply Chain","Nailsea, UK","2025-09-11","https://bakerhughes.wd5.myworkdayjobs.com/BakerHughes/job/GB-SO-NAILSEA-2-HIGH-STREET/Lead-Procurement-Specialist_R156063-1/apply"
"Mexico","Baker Hughes","GTC Tax Analyst Caribbean, Canada & AR WHT","Finance & Accounting","Mexico City, Mexico","2025-06-13","https://bakerhughes.wd5.myworkdayjobs.com/BakerHughes/job/MX-DF-MEXICO-CITY-AVENIDA-ANTONIO-DOVALI-JAIME-70/GTC-Tax-Analyst-Caribbean--Canada---AR-WHT_R149877/apply"
"Italy","Baker Hughes","Equipment & Project Lead Project Manager","Management","Florence, Italy","2025-09-10","https://bakerhughes.wd5.myworkdayjobs.com/BakerHughes/job/IT-FI-FLORENCE-VIA-FELICE-MATTEUCCI-2/Equipment---Project-Lead-Project-Manager_R155170-1/apply"
"Mexico","Baker Hughes","GTC Senior Tax Analyst Caribbean, Canada & AR WHT","Finance & Accounting","Mexico City, Mexico","2025-06-13","https://bakerhughes.wd5.myworkdayjobs.com/BakerHughes/job/MX-DF-MEXICO-CITY-AVENIDA-ANTONIO-DOVALI-JAIME-70/GTC-Senior-Tax-Analyst-Caribbean--Canada---AR-WHT_R149879/apply"
"USA","Baker Hughes","Manufacturing Equipment Operator","Field Operations","Claremore, USA","2026-02-05","https://bakerhughes.wd5.myworkdayjobs.com/BakerHughes/job/US-OK-CLAREMORE-2210-E-L-ANDERSON-BLVD/Manufacturing-Equipment-Operator_R160720/apply"
"Guyana","Baker Hughes","Field Specialist - Georgetown, GY","Field Operations","Georgetown, Guyana","2026-02-05","https://bakerhughes.wd5.myworkdayjobs.com/BakerHughes/job/GY-GEORGETOWN-PLOT-51-ECCLES-INDUSTRIAL-ESTATE-ECCLES/Field-Specialist---Georgetown--GY_R154244-1/apply"
"Azerbaijan","Baker Hughes","Field Operator ( Cementing)","Drilling & Well Services","Baku, Azerbaijan","2025-09-13","https://bakerhughes.wd5.myworkdayjobs.com/BakerHughes/job/AZ-BAKU-ABSERON-SALYAN-HIGHWAY-22-KM/Field-Operator---Cementing-_R153203/apply"
"Kazakhstan","Baker Hughes","Cementing Field Specialist","Drilling & Well Services","Aksay, Kazakhstan","2025-08-11","https://bakerhughes.wd5.myworkdayjobs.com/BakerHughes/job/KZ-Aksai-Aksay-Industrial-Zone-Building-99H-Burlin-Region-West-Kazakhstan-Oblast/Cementing-Field-Specialist_R153534/apply"
"China","Baker Hughes","Field Specialist - SPS","Field Operations","Beijing, China","2026-02-06","https://bakerhughes.wd5.myworkdayjobs.com/BakerHughes/job/CN-OTHER-CHINA/Field-Specialist---SPS_R156733/apply"
"Italy","Baker Hughes","New Energy Solutions Product Manager","Management","Bari, Italy","2026-02-06","https://bakerhughes.wd5.myworkdayjobs.com/BakerHughes/job/IT-BA-BARI-STRADA-PROVINCIALE-PER-MODUGNO-10C613/New-Energy-Solutions-Product-Manager_R153369-1/apply"
"China","Baker Hughes","Mechanical Design Engineer - Valves","Engineering","Suzhou, China","2026-02-09","https://bakerhughes.wd5.myworkdayjobs.com/BakerHughes/job/CN-SUZHOU-81-SUHONG-ZHONG-ROAD/Mechanical-Design-Engineer---Valves_R146161-1/apply"
"Saudi Arabia","Baker Hughes","Field Operator - Coiled Tubing (Saudi Nationals)","Field Operations","Dhahran, Saudi Arabia","2026-02-03","https://bakerhughes.wd5.myworkdayjobs.com/BakerHughes/job/SA-EASTERN-PROVINCE-DHAHRAN-KING-ABDULLAH-BIN-ABDUL-AZIZ-SCIENCE-PARK-KASP/Field-Operator---Coiled-Tubing_R159531/apply"
"USA","Baker Hughes","Manufacturing Equipment Operator","Field Operations","Claremore, USA","2026-02-04","https://bakerhughes.wd5.myworkdayjobs.com/BakerHughes/job/US-OK-CLAREMORE-2210-E-L-ANDERSON-BLVD/Manufacturing-Equipment-Operator_R160688/apply"
"USA","Baker Hughes","Junior Field Services Engineer","Engineering","Columbus, USA","2026-02-05","https://bakerhughes.wd5.myworkdayjobs.com/BakerHughes/job/US-OH-OTHER-OHIO/Junior-Field-Services-Engineer_R153126/apply"
"Italy","Baker Hughes","Control Field Service Engineer","Engineering","Florence, Italy","2026-02-05","https://bakerhughes.wd5.myworkdayjobs.com/BakerHughes/job/IT-FI-FLORENCE-VIA-FELICE-MATTEUCCI-2/Control-Field-Service-Engineer_R155974/apply"
"Italy","Baker Hughes","Aeroderivative Mechanical Design Engineer","Engineering","Florence, Italy","2026-02-05","https://bakerhughes.wd5.myworkdayjobs.com/BakerHughes/job/IT-FI-FLORENCE-VIA-FELICE-MATTEUCCI-2/Aeroderivative-Mechanical-Design-Engineer_R156346/apply"
"Netherlands","Baker Hughes","Field Operator","Field Operations","Son En Breugel, Netherlands","2026-02-06","https://bakerhughes.wd5.myworkdayjobs.com/BakerHughes/job/NL-SON-EN-BREUGEL-EKKERSRIJT-2052/Field-Operator_R160746/apply"
"China","Baker Hughes","Field Service Engineer - Subsea Christmas Tree","Engineering","Beijing, China","2026-02-09","https://bakerhughes.wd5.myworkdayjobs.com/BakerHughes/job/CN-OTHER-CHINA/Field-Service-Engineer---Subsea-Christmas-Tree_R158911-1/apply"
"China","Baker Hughes","Field Service Engineer - Controls","Engineering","Beijing, China","2026-02-09","https://bakerhughes.wd5.myworkdayjobs.com/BakerHughes/job/CN-OTHER-CHINA/Field-Service-Engineer---Controls_R158912/apply"
"Italy","Baker Hughes","Mechanical Field Service Engineer - Heavy Duty/Aero Gas Turbine Specialist","Engineering","Florence, Italy","2026-02-03","https://bakerhughes.wd5.myworkdayjobs.com/BakerHughes/job/IT-FI-FLORENCE-VIA-FELICE-MATTEUCCI-2/Mechanical-Field-Service-Engineer---Heavy-Duty-Aero-Gas-Turbine-Specialist_R155975-1/apply"
"UK","Baker Hughes","Lead Sales Specialist","Sales & Commercial","Aberdeen, UK","2026-02-04","https://bakerhughes.wd5.myworkdayjobs.com/BakerHughes/job/GB-AC-ABERDEEN-KIRKHILL-ROAD/Lead-Sales-Specialist_R160658/apply"
"Malaysia","Baker Hughes","Remote Professional General","Other","Kuala Lumpur, Malaysia","2026-02-10","https://bakerhughes.wd5.myworkdayjobs.com/BakerHughes/job/MY-KUL-KUALA-LUMPUR-21ST-FLOOR-MENARA-TAN--TAN/Remote-Professional-General_R160344/apply"
"USA","Baker Hughes","Field Specialist (Upstream Chemicals) - Pecos, TX","Field Operations","Carlsbad, USA","2026-02-10","https://bakerhughes.wd5.myworkdayjobs.com/BakerHughes/job/US-NM-Carlsbad-233-Carrasco-Road/Field-Specialist--Upstream-Chemicals----Pecos--TX_R154919-1/apply"
"Italy","Baker Hughes","Aero Senior Field Service Engineer","Engineering","Florence, Italy","2026-02-10","https://bakerhughes.wd5.myworkdayjobs.com/BakerHughes/job/IT-FI-FLORENCE-VIA-FELICE-MATTEUCCI-2/Aero-Senior-Field-Service-Engineer_R160849-2/apply"
"Algeria","Baker Hughes","Aero Senior Field Service Engineer","Engineering","Boufarik, Algeria","2026-02-10","https://bakerhughes.wd5.myworkdayjobs.com/BakerHughes/job/DZ-BOUFARIK-WILAYA-DE-BLIDA-ZONE-DACTIVITE-DE-GUEROUAOU/Aero-Senior-Field-Service-Engineer_R160852-2/apply"
"UK","Baker Hughes","Aero Senior Field Service Engineer","Engineering","London, UK","2026-02-10","https://bakerhughes.wd5.myworkdayjobs.com/BakerHughes/job/GB-OTHER-UNITED-KINGDOM/Aero-Senior-Field-Service-Engineer_R160853-1/apply"
"Saudi Arabia","Baker Hughes","Field Operator - Coiled Tubing","Field Operations","Dhahran, Saudi Arabia","2026-02-11","https://bakerhughes.wd5.myworkdayjobs.com/BakerHughes/job/SA-EASTERN-PROVINCE-DHAHRAN-KING-ABDULLAH-BIN-ABDUL-AZIZ-SCIENCE-PARK-KASP/Field-Operator---Coiled-Tubing_R159913/apply"
"Germany","Baker Hughes","Emerging Talent – Function Development/Modelling and Simulation Intern 2026 Opportunities (Celle)","Human Resources","Celle, Germany","2026-02-11","https://bakerhughes.wd5.myworkdayjobs.com/BakerHughes/job/DE-CELLE-BAKER-HUGHES-STRASSE-1/University-Internship---Function-Development-Modelling-and-Simulation-2026-Opportunities--Celle-_R158057/apply"
"Italy","Baker Hughes","Emerging Talent– Manufacturing Intern 2026 Opportunities (Massa)","Human Resources","Avenza, Italy","2026-02-11","https://bakerhughes.wd5.myworkdayjobs.com/BakerHughes/job/IT-MS-AVENZA--VIALE-DOMENICO-ZACCAGNA-12/Emerging-Talent--Manufacturing-Intern-2026-Opportunities--Massa-_R158412/apply"
"Slovakia","Baker Hughes","Emerging Talent – Engineering Intern 2026 Opportunities (Nové Mesto)","Engineering","Slovakia","2026-02-11","https://bakerhughes.wd5.myworkdayjobs.com/BakerHughes/job/SK-NOVE-MESTO-NAD-VAHOM-TRENCIANSKA-15/Emerging-Talent---Engineering-Intern-2026-Opportunities--Nov-Mesto-_R158469/apply"
"Italy","Baker Hughes","Emerging Talent – Sales and Commercial Intern 2026 Opportunities (Florence)","Human Resources","Florence, Italy","2026-02-11","https://bakerhughes.wd5.myworkdayjobs.com/BakerHughes/job/IT-FI-FLORENCE-VIA-FELICE-MATTEUCCI-2/Emerging-Talent---Sales-and-Commercial-Intern-2026-Opportunities--Florence-_R158403/apply"
"Italy","Baker Hughes","Emerging Talent – Business System Intern 2026 Opportunities (Florence)","Human Resources","Florence, Italy","2026-02-11","https://bakerhughes.wd5.myworkdayjobs.com/BakerHughes/job/IT-FI-FLORENCE-VIA-FELICE-MATTEUCCI-2/Emerging-Talent---Business-System-Intern-2026-Opportunities--Florence-_R159849/apply"
"Germany","Baker Hughes","Emerging Talent - Praktikum, Bachelor- und Masterarbeit – System- und Datenanalyse 2026 (Celle)","IT & Digital","Celle, Germany","2026-02-11","https://bakerhughes.wd5.myworkdayjobs.com/BakerHughes/job/DE-CELLE-BAKER-HUGHES-STRASSE-1/Werkstudent-fr-System--und-Datenanalyse-2026--Celle-_R158064/apply"
"Italy","Baker Hughes","Emerging Talent – Engineering Intern 2026 Opportunities (Florence)","Engineering","Florence, Italy","2026-02-11","https://bakerhughes.wd5.myworkdayjobs.com/BakerHughes/job/IT-FI-FLORENCE-VIA-FELICE-MATTEUCCI-2/Emerging-Talent---Engineering-Intern-2026-Opportunities--Florence-_R158404/apply"
"Italy","Baker Hughes","Emerging Talent – Communications Intern 2026 Opportunities (Florence)","Human Resources","Florence, Italy","2026-02-11","https://bakerhughes.wd5.myworkdayjobs.com/BakerHughes/job/IT-FI-FLORENCE-VIA-FELICE-MATTEUCCI-2/Emerging-Talent---Communications-Intern-2026-Opportunities--Florence-_R158406/apply"
"Italy","Baker Hughes","Emerging Talent – Project Management Intern 2026 Opportunities (Florence)","Human Resources","Florence, Italy","2026-02-11","https://bakerhughes.wd5.myworkdayjobs.com/BakerHughes/job/IT-FI-FLORENCE-VIA-FELICE-MATTEUCCI-2/Emerging-Talent---Project-Management-Intern-2026-Opportunities--Florence-_R158409/apply"
"Brazil","Baker Hughes","Aero Senior Field Service Engineer","Engineering","Macae, Brazil","2026-02-11","https://bakerhughes.wd5.myworkdayjobs.com/BakerHughes/job/BR-RJ-MACAE-ESTRADA-DE-FAZENDA-SAO-JOSE-DO-MUTUM-200/Aero-Senior-Field-Service-Engineer_R160956/apply"
"USA","Baker Hughes","LEAD - Field Engineer (Buckhannon, WV) 2026 Opportunities","Engineering","Buckhannon, USA","2026-02-11","https://bakerhughes.wd5.myworkdayjobs.com/BakerHughes/job/US-WV-BUCKHANNON-180-CHILDERS-RUN-CROSSING/LEAD---Field-Engineer--Buckhannon--WV--2026-Opportunities_R156048/apply"
"Italy","Baker Hughes","Emerging Talent: ASPIRE - Supply Chain (Italy) 2026 Opportunities","Human Resources","Florence, Italy","2026-02-11","https://bakerhughes.wd5.myworkdayjobs.com/BakerHughes/job/IT-FI-FLORENCE-VIA-FELICE-MATTEUCCI-2/Emerging-Talent--ASPIRE---Supply-Chain--Italy--2026-Opportunities_R156075/apply"
"Italy","Baker Hughes","Emerging Talent - Sourcing Intern 2026 Opportunities (Florence)","Human Resources","Florence, Italy","2026-02-11","https://bakerhughes.wd5.myworkdayjobs.com/BakerHughes/job/IT-FI-FLORENCE-VIA-FELICE-MATTEUCCI-2/Emerging-Talent---Sourcing-Intern-2026-Opportunities--Florence-_R158134/apply"
"Italy","Baker Hughes","Emerging Talent – GTS Training Academy Intern 2026 Opportunities (Florence)","Human Resources","Florence, Italy","2026-02-11","https://bakerhughes.wd5.myworkdayjobs.com/BakerHughes/job/IT-FI-FLORENCE-VIA-FELICE-MATTEUCCI-2/Emerging-Talent---GTS-Training-Academy-Intern-2026-Opportunities--Florence-_R158413/apply"
"Italy","Baker Hughes","Emerging Talent: ASPIRE - Digital Technology (Italy) 2026 Opportunities","IT & Digital","Florence, Italy","2026-02-11","https://bakerhughes.wd5.myworkdayjobs.com/BakerHughes/job/IT-FI-FLORENCE-VIA-FELICE-MATTEUCCI-2/Emerging-Talent--ASPIRE---Digital-Technology--Italy--2026-Opportunities_R159914/apply"
"Belgium","Baker Hughes","Emerging Talent: ASPIRE - Sales & Commercial (Belgium) 2026 Opportunities","Human Resources","Belgium - Remote, Belgium","2026-02-11","https://bakerhughes.wd5.myworkdayjobs.com/BakerHughes/job/BE-OTHER-BELGIUM/Emerging-Talent--ASPIRE---Sales---Commercial--Belgium--2026-Opportunities_R158526/apply"
"USA","Baker Hughes","Gas Turbine Mechanic","Field Operations","Houston, USA","2026-02-10","https://bakerhughes.wd5.myworkdayjobs.com/BakerHughes/job/US-TX-HOUSTON-17619-ALDINE-WESTFIELD-ROAD/Gas-Turbine-Mechanic_R160898/apply"
"Guyana","Baker Hughes","Field Specialist (Surface Logging Systems)","Field Operations","Georgetown, Guyana","2026-02-10","https://bakerhughes.wd5.myworkdayjobs.com/BakerHughes/job/GY-Demerara-Georgetown-Tract-X-Land-of-Canaan-on-the-Eastern-Bank-of-the-Demerara-Riv/Field-Specialist--Surface-Logging-Systems-_R160754/apply"
"France","Baker Hughes","Usineur CN F/H","Other","Fougerolles, France","2026-02-10","https://bakerhughes.wd5.myworkdayjobs.com/BakerHughes/job/FR-BFC-FOUGEROLLES-2-4-RUE-DE-FONTAINE/Usineur-CN-F-H_R158142/apply"
"France","Baker Hughes","Ingénieur(e) matériaux et procédés confirmé(e) (F/H)","Other","Le Creusot, France","2026-02-10","https://bakerhughes.wd5.myworkdayjobs.com/BakerHughes/job/FR-BFC-LE-CREUSOT-480-ALLEE-GUSTAVE-EIFFEL/Ingnieur-e--matriaux-et-procds-confirm-e---F-H-_R159285/apply"
"Germany","Baker Hughes","Emerging Talent - Praktikum, Bachelor- und Masterarbeit– Firmware, Software und Informatik 2026 (Celle)","IT & Digital","Celle, Germany","2026-02-11","https://bakerhughes.wd5.myworkdayjobs.com/BakerHughes/job/DE-CELLE-BAKER-HUGHES-STRASSE-1/Praktikum--Bachelor--und-Masterarbeit--Firmware--Software-und-Informatik-2026--Celle-_R158066/apply"
"Norway","Baker Hughes","Sourcing Intern","Other","Stavanger, Norway","2026-02-11","https://bakerhughes.wd5.myworkdayjobs.com/BakerHughes/job/NO-STAVANGER-SOTHAMMARGEILEN-1/Sourcing-Intern_R157779/apply"
"Italy","Baker Hughes","Emerging Talent – Marketing Intern 2026 Opportunities (Florence)","Human Resources","Florence, Italy","2026-02-11","https://bakerhughes.wd5.myworkdayjobs.com/BakerHughes/job/IT-FI-FLORENCE-VIA-FELICE-MATTEUCCI-2/Emerging-Talent---Marketing-Intern-2026-Opportunities--Florence-_R158414/apply"
"Germany","Baker Hughes","Emerging Talent - Praktikum, Bachelor- und Masterarbeit– Elektrotechnik und Elektronik 2026 (Celle)","Human Resources","Celle, Germany","2026-02-11","https://bakerhughes.wd5.myworkdayjobs.com/BakerHughes/job/DE-CELLE-BAKER-HUGHES-STRASSE-1/Praktikum--Bachelor--und-Masterarbeit--Elektrotechnik-und-Elektronik-2026--Celle-_R158058/apply"
"UK","Baker Hughes","Engineering Intern","Engineering","Abingdon, UK","2026-02-11","https://bakerhughes.wd5.myworkdayjobs.com/BakerHughes/job/GB-OX-ABINGDON-16-NORTH-CENTRAL/Engineering-Intern_R157688/apply"
"Germany","Baker Hughes","Emerging Talent – Geology, Geosciences or Geophysics Intern 2026 Opportunities (Celle)","Geoscience","Celle, Germany","2026-02-11","https://bakerhughes.wd5.myworkdayjobs.com/BakerHughes/job/DE-CELLE-BAKER-HUGHES-STRASSE-1/University-Internship---Geology--Geosciences-or-Geophysics-2026-Opportunities--Celle-_R158056/apply"
"UK","Baker Hughes","Commercial Operations Intern","Sales & Commercial","Newcastle-Upon-Tyne, UK","2026-02-11","https://bakerhughes.wd5.myworkdayjobs.com/BakerHughes/job/GB-NEWCASTLE-UPON-TYNE-WINCOMBLEE-ROAD-WELLSTREAM-HOUSE/Commercial-Operations-Intern_R157680/apply"
"Italy","Baker Hughes","Emerging Talent – Business Leadership Programs Intern 2026 Opportunities (Florence)","Human Resources","Florence, Italy","2026-02-11","https://bakerhughes.wd5.myworkdayjobs.com/BakerHughes/job/IT-FI-FLORENCE-VIA-FELICE-MATTEUCCI-2/Emerging-Talent---Business-Leadership-Programs-Intern-2026-Opportunities--Florence-_R159874/apply"
"Italy","Baker Hughes","Emerging Talent: ASPIRE – Finance Italy 2026 Opportunities","Finance & Accounting","Florence, Italy","2026-02-11","https://bakerhughes.wd5.myworkdayjobs.com/BakerHughes/job/IT-FI-FLORENCE-VIA-FELICE-MATTEUCCI-2/Emerging-Talent--ASPIRE---Finance-Italy-2026-Opportunities_R156974/apply"
"Italy","Baker Hughes","Emerging Talent – Manufacturing Intern 2026 Opportunities (Vibo)","Human Resources","Vibo Valentia, Italy","2026-02-11","https://bakerhughes.wd5.myworkdayjobs.com/BakerHughes/job/IT-VV-VIBO-VALENTIA-VIA-LE-MARINATE/Emerging-Talent---Manufacturing-Intern-2026-Opportunities--Vibo-_R158419-1/apply"
"Kazakhstan","Baker Hughes","Emerging Talent –Field Service Engineering Intern 2026 Opportunities (Kazakhstan )","Engineering","Aksay, Kazakhstan","2026-02-11","https://bakerhughes.wd5.myworkdayjobs.com/BakerHughes/job/KZ-Aksai-Aksay-Industrial-Zone-Building-99H-Burlin-Region-West-Kazakhstan-Oblast/Emerging-Talent--Field-Service-Engineering-Intern-2026-Opportunities--Kazakhstan--_R159150/apply"
"Australia","Baker Hughes","Field Supervisor - Process & Pipeline Services","Field Operations","Welshpool, Australia","2026-02-11","https://bakerhughes.wd5.myworkdayjobs.com/BakerHughes/job/AU-WA-WELSHPOOL-108-POOLE-STREET/Field-Supervisor---Process---Pipeline-Services_R149921/apply"
"Saudi Arabia","Baker Hughes","Field Specialist - Drilling Services Measuring while Drilling","Drilling & Well Services","Dhahran, Saudi Arabia","2026-02-12","https://bakerhughes.wd5.myworkdayjobs.com/BakerHughes/job/SA-DHAHRAN-ABQAIQ-HIGHWAY/Field-Specialist---Drilling-Services-Measuring-while-Drilling_R160424/apply"
"Norway","Baker Hughes","Service Delivery Coordinator-Wellbore Intervention","Drilling & Well Services","Tananger, Norway","2026-02-13","https://bakerhughes.wd5.myworkdayjobs.com/BakerHughes/job/NO-ROGALAND-TANANGER-Kontinentalveien-8-N-4056/Service-Delivery-Coordinator_R159272/apply"
"UK","Baker Hughes","Manufacturing Intern","Other","Newcastle-Upon-Tyne, UK","2026-02-17","https://bakerhughes.wd5.myworkdayjobs.com/BakerHughes/job/GB-NEWCASTLE-UPON-TYNE-WINCOMBLEE-ROAD-WELLSTREAM-HOUSE/Manufacturing-Intern_R157685-1/apply"
"USA","Baker Hughes","Rotor Shop Machinist","Other","Houston, USA","2026-02-12","https://bakerhughes.wd5.myworkdayjobs.com/BakerHughes/job/US-TX-HOUSTON-17619-ALDINE-WESTFIELD-ROAD/Rotor-Shop-Machinist_R149451-1/apply"
"USA","Baker Hughes","Wireline Field Operator","Drilling & Well Services","Buckhannon, USA","2026-02-16","https://bakerhughes.wd5.myworkdayjobs.com/BakerHughes/job/US-WV-BUCKHANNON-180-CHILDERS-RUN-CROSSING/Wireline-Field-Operator_R158498/apply"
"Italy","Baker Hughes","Digital Services Product Growth Manager","IT & Digital","Florence, Italy","2026-02-17","https://bakerhughes.wd5.myworkdayjobs.com/BakerHughes/job/IT-FI-FLORENCE-VIA-FELICE-MATTEUCCI-2/Digital-Services-Product-Growth-Manager_R159967/apply"
"Guyana","Baker Hughes","Field Engineer - Fall Co-op Internship (Georgetown, GY) 2026 Opportunities","Engineering","Georgetown, Guyana","2026-02-12","https://bakerhughes.wd5.myworkdayjobs.com/BakerHughes/job/GY-Demerara-Georgetown-Tract-X-Land-of-Canaan-on-the-Eastern-Bank-of-the-Demerara-Riv/Field-Engineer---Fall-Co-op-Internship--Georgetown--GY--2026-Opportunities_R155927/apply"
"Malaysia","Baker Hughes","Finance Professional - Operational","Finance & Accounting","Kuala Lumpur, Malaysia","2026-02-13","https://bakerhughes.wd5.myworkdayjobs.com/BakerHughes/job/MY-KUL-KUALA-LUMPUR-21ST-FLOOR-MENARA-TAN--TAN/Finance-Professional---Operational_R161050/apply"
"Guyana","Baker Hughes","LEAD - Field Engineer (Georgetown, Guyana) 2026 Opportunities","Engineering","Georgetown, Guyana","2026-02-03","https://bakerhughes.wd5.myworkdayjobs.com/BakerHughes/job/GY-Demerara-Georgetown-Tract-X-Land-of-Canaan-on-the-Eastern-Bank-of-the-Demerara-Riv/LEAD---Field-Engineer--Georgetown--Guyana--2026-Opportunities_R157801/apply"
"Azerbaijan","Baker Hughes","Wireline General Field Engineer","Engineering","Baku, Azerbaijan","2026-02-13","https://bakerhughes.wd5.myworkdayjobs.com/BakerHughes/job/AZ-Baku-Baku-15th-Km-of-the-Baku-Salyan-Highway-1F-Garadag-District/Wireline-General-Field-Engineer_R160347/apply"
"Guyana","Baker Hughes","Offshore Lab Technician","Field Operations","Georgetown, Guyana","2026-02-12","https://bakerhughes.wd5.myworkdayjobs.com/BakerHughes/job/GY-Demerara-Georgetown-Tract-X-Land-of-Canaan-on-the-Eastern-Bank-of-the-Demerara-Riv/Offshore-Lab-Technician_R161047/apply"
"UK","Baker Hughes","Manufacturing Equipment Operator","Field Operations","Newcastle-Upon-Tyne, UK","2026-02-16","https://bakerhughes.wd5.myworkdayjobs.com/BakerHughes/job/GB-NEWCASTLE-UPON-TYNE-WINCOMBLEE-ROAD-WELLSTREAM-HOUSE/Manufacturing-Equipment-Operator_R161067/apply"
"Poland","Baker Hughes","Senior / Lead Engineer, Product Development & New Technology (multiple positions)","Engineering","Warsaw, Poland","2026-02-18","https://bakerhughes.wd5.myworkdayjobs.com/BakerHughes/job/PL-PDK-WARSAW-ALEJA-KRAKOWSKA-110114-BLD-3014613/Senior---Lead-Engineer--Product-Development---New-Technology--multiple-positions-_R160466/apply"
"USA","Baker Hughes","Business Development Manager - SMR","Sales & Commercial","Richmond, USA","2026-02-10","https://bakerhughes.wd5.myworkdayjobs.com/BakerHughes/job/US-VA-OTHER-VIRGINIA/Business-Development-Manager---SMR_R159127/apply"
"USA","Baker Hughes","Field Technician Foreman - API 653","Field Operations","Oklahoma City, USA","2026-02-18","https://bakerhughes.wd5.myworkdayjobs.com/BakerHughes/job/US-OK-OTHER-OKLAHOMA/Field-Technician-Foreman---API-653_R154130/apply"
"Italy","Baker Hughes","Facility maintenance manager","Management","Florence, Italy","2026-02-18","https://bakerhughes.wd5.myworkdayjobs.com/BakerHughes/job/IT-FI-FLORENCE-VIA-PERFETTI-RICASOLI-78/Facility-maintenance-manager_R152206-1/apply"
"USA","Baker Hughes","Slickline Specialist - Broussard, LA","Other","Broussard, USA","2026-02-19","https://bakerhughes.wd5.myworkdayjobs.com/BakerHughes/job/US-LA-BROUSSARD-1046-ALLIER-ROAD/Wireline-Field-Specialist---Broussard--LA_R159288-1/apply"
"Czechia","Baker Hughes","Inženýr systémové kvality (m,ž)","Other","Pilsen, Czechia","2026-02-19","https://bakerhughes.wd5.myworkdayjobs.com/BakerHughes/job/CZ-DOUDLEVCE-PILSEN-EDVARDA-BENESE-56439/Inenr-systmov-kvality--m--_R160896/apply"
"Kuwait","Baker Hughes","Field Specialist - Artificial Lift","Field Operations","Al Ahmadi, Kuwait","2026-02-19","https://bakerhughes.wd5.myworkdayjobs.com/BakerHughes/job/KW-AL-AHMADI-BLDG-NO-13-14-15--16-EAST-AHMADI/Field-Specialist---Artificial-Lift_R160762/apply"
"Czechia","Baker Hughes","Zkušební technik/Test engineer (m,ž)","Engineering","Pilsen, Czechia","2026-02-19","https://bakerhughes.wd5.myworkdayjobs.com/BakerHughes/job/CZ-DOUDLEVCE-PILSEN-EDVARDA-BENESE-56439/Zkuebn-technik-Test-engineer_R157083/apply"
"Czechia","Baker Hughes","Zkušební technik/Test engineer (m,ž)","Engineering","Pilsen, Czechia","2026-02-19","https://bakerhughes.wd5.myworkdayjobs.com/BakerHughes/job/CZ-DOUDLEVCE-PILSEN-EDVARDA-BENESE-56439/Zkuebn-technik-Test-engineer--m--_R157081/apply"
"Italy","Baker Hughes","Field Service Control Systems Engineer","Engineering","Florence, Italy","2026-02-05","https://bakerhughes.wd5.myworkdayjobs.com/BakerHughes/job/IT-FI-FLORENCE-VIA-FELICE-MATTEUCCI-2/Field-Service-Control-Systems-Engineer_R158660/apply"
"Indonesia","Baker Hughes","Field Supervisor I - Wellbore Intervention","Drilling & Well Services","Jakarta, Indonesia","2026-02-19","https://bakerhughes.wd5.myworkdayjobs.com/BakerHughes/job/DNU-ID-JW-JAKARTA-JI-RA-KARTINI-KAV-8-CILANDAK-BARAT/Field-Supervisor-I---Wellbore-Intervention_R153901/apply"
"UK","Baker Hughes","Project Quality Specialist","HSE & Quality","Newcastle-Upon-Tyne, UK","2026-02-19","https://bakerhughes.wd5.myworkdayjobs.com/BakerHughes/job/GB-NEWCASTLE-UPON-TYNE-WINCOMBLEE-ROAD-WELLSTREAM-HOUSE/Project-Quality-Specialist_R160106/apply"
"USA","Baker Hughes","LTSA Lead Project Manager","Management","Houston, USA","2026-02-20","https://bakerhughes.wd5.myworkdayjobs.com/BakerHughes/job/US-TX-HOUSTON-575-N-DAIRY-ASHFORD-RD-ENERGY-CENTER-II-EC2/LTSA-Lead-Project-Manager_R160889/apply"
"UK","Baker Hughes","Service Delivery Coordinator-Wellbore Intervention","Drilling & Well Services","Aberdeen, UK","2026-02-20","https://bakerhughes.wd5.myworkdayjobs.com/BakerHughes/job/GB-AC-ABERDEEN-KIRKHILL-ROAD/Service-Delivery-Coordinator_R159273/apply"
"USA","Baker Hughes","Gas Turbines Repair Engineers","Engineering","Channelview, USA","2026-02-19","https://bakerhughes.wd5.myworkdayjobs.com/BakerHughes/job/US-TX-Jacintoport-Blvd-Channelview/Repair-Engineers--Turbo-Machinery-Components_R151434/apply"
"Poland","Baker Hughes","Emerging Talent: Engineering Intern 2026 Opportunities (Warsaw)","Engineering","Warsaw, Poland","2026-02-11","https://bakerhughes.wd5.myworkdayjobs.com/BakerHughes/job/PL-PDK-WARSAW-ALEJA-KRAKOWSKA-110114-BLD-3014613/Emerging-Talent--Engineering-Intern-2026-Opportunities--Warsaw-_R158192-1/apply"
"Italy","Baker Hughes","Emerging Talent – Digital Technology Intern 2026 Opportunities (Florence)","IT & Digital","Florence, Italy","2026-02-11","https://bakerhughes.wd5.myworkdayjobs.com/BakerHughes/job/IT-FI-FLORENCE-VIA-FELICE-MATTEUCCI-2/Emerging-Talent---Digital-Technology-Intern-2026-Opportunities--Florence-_R158411/apply"
"India","Baker Hughes","Project Management Specialist - Project Planning","Other","Pune, India","2026-02-02","https://bakerhughes.wd5.myworkdayjobs.com/BakerHughes/job/IN-MH-Pune-Cummins-India-Office-Campus-8th-floor-Survey-No-21-Balewadi/Project-Management-Specialist---Project-Planning_R160298-1/apply"
"Mexico","Baker Hughes","Steam Turbines Specialist","Other","Veracruz, Mexico","2026-02-24","https://bakerhughes.wd5.myworkdayjobs.com/BakerHughes/job/MX-OTHER-MEXICO/Field-Specialist-III_R161008-1/apply"
"USA","Baker Hughes","Product Line Scheduling and Competency Specialist (Upstream Chemicals)","Other","Odessa, USA","2026-02-24","https://bakerhughes.wd5.myworkdayjobs.com/BakerHughes/job/US-TX-ODESSA-10520-W-IH-20-E/Account-Manager--Upstream-Chemicals----Odessa--TX_R151754/apply"
"Italy","Baker Hughes","Operatore della transizione energetica (d/f/m)","Field Operations","Talamona, Italy","2026-02-24","https://bakerhughes.wd5.myworkdayjobs.com/BakerHughes/job/IT-SO-TALAMONA-VIA-ROMA-32/Shop-Operator--d-f-m-_R148566-1/apply"
"Mexico","Baker Hughes","Heavy Duty Gas Turbines Specialist","Other","Veracruz, Mexico","2026-02-24","https://bakerhughes.wd5.myworkdayjobs.com/BakerHughes/job/MX-OTHER-MEXICO/Heavy-Duty-Gas-Turbines-Specialist_R161040/apply"
"USA","Baker Hughes","Territory Sales Manager - Non-Destructive Testing Systems","Sales & Commercial","Albany, USA","2026-02-24","https://bakerhughes.wd5.myworkdayjobs.com/BakerHughes/job/US-NY-OTHER-NEW-YORK/Territory-Sales-Manager---Non-Destructive-Testing-Systems_R142356/apply"
"Canada","Baker Hughes","Account Manager (Upstream Chemicals)","Finance & Accounting","Virden, Canada","2026-02-20","https://bakerhughes.wd5.myworkdayjobs.com/BakerHughes/job/CA-MB-VIRDEN-190-COMMONWEALTH-DR/Account-Manager--Upstream-Chemicals-_R161085/apply"
"USA","Baker Hughes","Field Specialist II","Field Operations","Oklahoma City, USA","2026-02-20","https://bakerhughes.wd5.myworkdayjobs.com/BakerHughes/job/US-OK-OTHER-OKLAHOMA/Field-Specialist-II_R160926/apply"
"Italy","Baker Hughes","Lead Infrastructure Solution Architect","Other","Florence, Italy","2026-02-23","https://bakerhughes.wd5.myworkdayjobs.com/BakerHughes/job/IT-FI-FLORENCE-VIA-FELICE-MATTEUCCI-2/Lead-Infrastructure-Solution-Architect_R160524-1/apply"
"Czechia","Baker Hughes","Pracovník výroby generátorů - navíječ (m/ž)","Other","Pilsen, Czechia","2026-02-10","https://bakerhughes.wd5.myworkdayjobs.com/BakerHughes/job/CZ-DOUDLEVCE-PILSEN-EDVARDA-BENESE-56439/Assembler-Generator-winder_R149704/apply"
"Italy","Baker Hughes","Emerging Talent – Services Intern 2026 Opportunities (Florence)","Human Resources","Florence, Italy","2026-02-11","https://bakerhughes.wd5.myworkdayjobs.com/BakerHughes/job/IT-FI-FLORENCE-VIA-FELICE-MATTEUCCI-2/Emerging-Talent---Services-Intern-2026-Opportunities--Florence-_R158468/apply"
"Czechia","Baker Hughes","Finanční kontrolor (m,ž)","Other","Pilsen, Czechia","2026-02-23","https://bakerhughes.wd5.myworkdayjobs.com/BakerHughes/job/CZ-DOUDLEVCE-PILSEN-EDVARDA-BENESE-56439/Finann-kontrolor--m--_R161207/apply"
"Indonesia","Baker Hughes","Manufacturing Quality Engineer","Engineering","Batam, Indonesia","2026-02-18","https://bakerhughes.wd5.myworkdayjobs.com/BakerHughes/job/ID-SM-BATAM-JALAN-KERAPU-NO-1415/Manufacturing-Quality-Engineer_R160882-1/apply"
"Czechia","Baker Hughes","Dílenské plánování výroby (m,ž)","Other","Pilsen, Czechia","2026-02-23","https://bakerhughes.wd5.myworkdayjobs.com/BakerHughes/job/CZ-DOUDLEVCE-PILSEN-EDVARDA-BENESE-56439/Dlensk-plnovn-vroby--m--_R157122/apply"
"Norway","Baker Hughes","Service Delivery Coordinator","Other","Stavanger, Norway","2026-02-27","https://bakerhughes.wd5.myworkdayjobs.com/BakerHughes/job/NO-Rogaland-Stavanger-Lagerveien-30/Service-Delivery-Coordinator_R159869/apply"
"Czechia","Baker Hughes","Horizontkář (m,ž)","Other","Pilsen, Czechia","2026-02-26","https://bakerhughes.wd5.myworkdayjobs.com/BakerHughes/job/CZ-DOUDLEVCE-PILSEN-EDVARDA-BENESE-56439/Horizontk--m--_R157114/apply"
"UK","Baker Hughes","Mechanical Field Specialist - Power Transmission Equipment","Field Operations","Worcester, UK","2026-02-26","https://bakerhughes.wd5.myworkdayjobs.com/BakerHughes/job/GB-England-Worcester-1st-Floor-Rear-Vinegar-House-39-Foregate-Street/Mechanical-Field-Specialist---Power-Transmission-Equipment_R161156/apply"
"Mexico","Baker Hughes","Junior Mechanic Aero Derivative Gas Turbines","Field Operations","Mexico City, Mexico","2026-02-25","https://bakerhughes.wd5.myworkdayjobs.com/BakerHughes/job/MX-DF-MEXICO-CITY-AVENIDA-ANTONIO-DOVALI-JAIME-70/Junior-Mechanic-Aero-Derivative-Gas-Turbines_R161246/apply"
"Italy","Baker Hughes","Lead Project Planning Specialist","Other","Florence, Italy","2026-02-25","https://bakerhughes.wd5.myworkdayjobs.com/BakerHughes/job/IT-FI-FLORENCE-VIA-FELICE-MATTEUCCI-2/Lead-Project-Planning-Specialist_R160663/apply"
"Canada","Baker Hughes","Reliability Specialist","Other","Leduc, Canada","2026-02-25","https://bakerhughes.wd5.myworkdayjobs.com/BakerHughes/job/CA-AB-LEDUC-7018-45-STREET/Reliability-Specialist_R161097/apply"
"Norway","Baker Hughes","Lead Sales Specialist","Sales & Commercial","Blomsterdalen, Norway","2026-02-26","https://bakerhughes.wd5.myworkdayjobs.com/BakerHughes/job/NO-BLOMSTERDALEN-YTREBYGSVEIEN-215/Lead-Sales-Specialist_R159089/apply"
"Czechia","Baker Hughes","Dispečer údržby (m,ž)","Other","Pilsen, Czechia","2026-02-19","https://bakerhughes.wd5.myworkdayjobs.com/BakerHughes/job/CZ-DOUDLEVCE-PILSEN-EDVARDA-BENESE-56439/Maintenance-Operator-Specialist_R158855/apply"
"Malaysia","Baker Hughes","South East Asia – Installation Manger Leader","Other","Kuala Lumpur, Malaysia","2026-02-26","https://bakerhughes.wd5.myworkdayjobs.com/BakerHughes/job/MY-KUL-KUALA-LUMPUR-21ST-FLOOR-MENARA-TAN--TAN/South-East-Asia---Installation-Manger-Leader_R160665/apply"
"Canada","Baker Hughes","Chemical Process Technician","Field Operations","Calgary, Canada","2026-02-25","https://bakerhughes.wd5.myworkdayjobs.com/BakerHughes/job/CA-AB-CALGARY-6820-36-STREET-SE/Chemical-Process-Technician_R161124/apply"
"UK","Baker Hughes","Systems Flow Assurance Engineer - Subsea","Engineering","Aberdeen, UK","2026-02-13","https://bakerhughes.wd5.myworkdayjobs.com/BakerHughes/job/GB-AC-ABERDEEN-BAKER-HUGHES-BUILDING/Systems-Flow-Assurance-Engineer---Subsea_R160620/apply"
"UK","Baker Hughes","Manufacturing Team leader - Production Planning & Scheduling","Other","Aberdeen, UK","2026-02-19","https://bakerhughes.wd5.myworkdayjobs.com/BakerHughes/job/GB-AC-ABERDEEN-BRIDGE-OF-DON-INDUSTRIAL-ESTATE/Manufacturing-Team-leader---Production-Planning---Scheduling_R160624-1/apply"
"UK","Baker Hughes","Manufacturing Engineer Team Leader - Operations","Engineering","Aberdeen, UK","2026-02-11","https://bakerhughes.wd5.myworkdayjobs.com/BakerHughes/job/GB-AC-ABERDEEN-BRIDGE-OF-DON-INDUSTRIAL-ESTATE/Manufacturing-Engineer-Team-Leader---Operations_R160623/apply"
"UK","Baker Hughes","Project Planner - P6","Other","Nailsea, UK","2026-02-19","https://bakerhughes.wd5.myworkdayjobs.com/BakerHughes/job/GB-SO-NAILSEA-2-HIGH-STREET/Project-Planner---P6_R160772/apply"
"UK","Baker Hughes","Mechanical Fitter","Field Operations","Aberdeen, UK","2026-02-17","https://bakerhughes.wd5.myworkdayjobs.com/BakerHughes/job/GB-AC-ABERDEEN-BRIDGE-OF-DON-INDUSTRIAL-ESTATE/Mechanical-Fitter_R160625/apply"
"UK","Baker Hughes","NPI Senior Systems Engineer – Subsea Control Systems","Engineering","Nailsea, UK","2026-02-19","https://bakerhughes.wd5.myworkdayjobs.com/BakerHughes/job/GB-SO-NAILSEA-2-HIGH-STREET/NPI-Senior-Systems-Engineer---Subsea-Control-Systems_R159426/apply"
"Canada","Baker Hughes","Wireline Tractor Field Specialist (Altus Intervention) - Bonnyville, AB CA","Drilling & Well Services","Bonnyville, Canada","2026-02-25","https://bakerhughes.wd5.myworkdayjobs.com/BakerHughes/job/CA-AB-BONNYVILLE-111-45521-660-HIGHWAY/Wireline-Tractor-Field-Specialist--Altus-Intervention----Bonnyville--AB-CA_R161171/apply"
"USA","Baker Hughes","ARMO Mechanic II","Field Operations","Broussard, USA","2026-02-25","https://bakerhughes.wd5.myworkdayjobs.com/BakerHughes/job/US-LA-BROUSSARD-1046-ALLIER-ROAD/ARMO-Mechanic-II_R160500/apply"
"Australia","Baker Hughes","ARMO Mech Gen","Other","Welshpool, Australia","2026-02-26","https://bakerhughes.wd5.myworkdayjobs.com/BakerHughes/job/AU-WA-WELSHPOOL-108-POOLE-STREET/ARMO-Mech-Gen_R161205/apply"
"UK","Baker Hughes","Project Technician","Field Operations","Newcastle-Upon-Tyne, UK","2026-02-26","https://bakerhughes.wd5.myworkdayjobs.com/BakerHughes/job/GB-NEWCASTLE-UPON-TYNE-WINCOMBLEE-ROAD-WELLSTREAM-HOUSE/Project-Technician_R160800/apply"
"China","Baker Hughes","ASPIRE Associate - Supply Chain","Supply Chain","Shanghai, China","2025-12-04","https://bakerhughes.wd5.myworkdayjobs.com/BakerHughes/job/CN-SHANGHAI-1-HUA-TUO-RD/ASPIRE-Associate---Supply-Chain_R156523/apply"
"UK","Baker Hughes","Product Delivery Manager","Management","Aberdeen, UK","2026-02-19","https://bakerhughes.wd5.myworkdayjobs.com/BakerHughes/job/GB-AC-ABERDEEN-BAKER-HUGHES-BUILDING/Product-Delivery-Manager_R158571-1/apply"
"Hungary","Baker Hughes","Manufacturing Engineer","Engineering","Fot, Hungary","2026-02-25","https://bakerhughes.wd5.myworkdayjobs.com/BakerHughes/job/HU-PE-FOT-EAST-GATE-BUSINESS-PARK/Manufacturing-Engineer_R159597/apply"
"China","Baker Hughes","Sales Senior Advisor - Sales","Sales & Commercial","Beijing, China","2026-02-27","https://bakerhughes.wd5.myworkdayjobs.com/BakerHughes/job/CN-BEIJING-12-TAIYANGGONG-MIDDLE-RD-CHAOYANG-DISTRICT/Sales-Senior-Advisor---Sales_R161261/apply"
"China","Baker Hughes","Assembly Operator","Field Operations","Suzhou, China","2026-02-27","https://bakerhughes.wd5.myworkdayjobs.com/BakerHughes/job/CN-SUZHOU-81-SUHONG-ZHONG-ROAD/Assembly-Operator_R152694/apply"
"Malaysia","Baker Hughes","Lead Audit Specialist - Internal Control","Finance & Accounting","Kuala Lumpur, Malaysia","2026-02-27","https://bakerhughes.wd5.myworkdayjobs.com/BakerHughes/job/MY-KUL-KUALA-LUMPUR-21ST-FLOOR-MENARA-TAN--TAN/Lead-Audit-Specialist---Internal-Control_R159083/apply"
"Mexico","Baker Hughes","Control Systems Specialist","Other","Veracruz, Mexico","2026-02-27","https://bakerhughes.wd5.myworkdayjobs.com/BakerHughes/job/MX-OTHER-MEXICO/Control-Systems-Specialist_R161408/apply"
"USA","Baker Hughes","Quality Assurance Engineer","Engineering","Minden, USA","2026-02-28","https://bakerhughes.wd5.myworkdayjobs.com/BakerHughes/job/US-NV-MINDEN-1631-BENTLY-PARKWAY-SOUTH/Quality-Assurance-Engineer_R159225/apply"
"Italy","Baker Hughes","Emerging Talent – AI and Computer engineering Intern 2026 Opportunities (Florence)","Engineering","Florence, Italy","2026-02-27","https://bakerhughes.wd5.myworkdayjobs.com/BakerHughes/job/IT-FI-FLORENCE-VIA-FELICE-MATTEUCCI-2/Emerging-Talent---AI-and-Computer-engineering-Intern-2026-Opportunities--Florence-_R161407/apply"
"USA","Baker Hughes","Sales Professional - Account Management","Finance & Accounting","Baton Rouge, USA","2026-02-27","https://bakerhughes.wd5.myworkdayjobs.com/BakerHughes/job/US-LA-OTHER-LOUISIANA/Sales-Professional---Account-Management_R160911/apply"
"Mexico","Baker Hughes","Services Professional - Customer Service Management","Other","Mexico City, Mexico","2026-02-27","https://bakerhughes.wd5.myworkdayjobs.com/BakerHughes/job/MX-DF-MEXICO-CITY-AVENIDA-ANTONIO-DOVALI-JAIME-70/Services-Professional---Customer-Service-Management_R160639/apply"
"Colombia","Baker Hughes","Aprendiz Sena","Other","Neiva, Colombia","2025-09-19","https://bakerhughes.wd5.myworkdayjobs.com/BakerHughes/job/CO-NEIVA-CALLE-40--7P-400-COND-INDUS/Aprendiz-Sena_R147833/apply"
"Spain","Baker Hughes","Machinery Diagnostic Engineer","Engineering","Madrid, Spain","2026-02-10","https://bakerhughes.wd5.myworkdayjobs.com/BakerHughes/job/ES-MADRID-CALLE-SAN-MAXIMO-NO-31/Machinery-Diagnostic-Engineer_R155777/apply"
"Italy","Baker Hughes","Lead Mechanical Field Service Engineer - Centrifugal Compressors","Engineering","Florence, Italy","2026-02-25","https://bakerhughes.wd5.myworkdayjobs.com/BakerHughes/job/IT-FI-FLORENCE-VIA-FELICE-MATTEUCCI-2/Lead-Mechanical-Field-Service-Engineer---Centrifugal-Compressors_R160617/apply"
"UK","Baker Hughes","Emerging Talent: LEAD - Field Engineer (United Kingdom) 2026 Opportunities","Engineering","Aberdeen, UK","2026-02-27","https://bakerhughes.wd5.myworkdayjobs.com/BakerHughes/job/GB-AC-ABERDEEN-BAKER-HUGHES-BUILDING/Emerging-Talent--LEAD---Field-Engineer--GB-AC-ABERDEEN-BAKER-HUGHES-BUILDING--2026-Opportunities_R159538/apply"
"USA","Baker Hughes","Finished Fuels and Additives Product Portfolio Manager (Downstream Chemicals Leader)","Management","Sugar Land, USA","2026-02-27","https://bakerhughes.wd5.myworkdayjobs.com/BakerHughes/job/US-TX-SUGAR-LAND-12645-WEST-AIRPORT-BLVD/Finished-Fuels-and-Additives-Product-Portfolio-Manager--Downstream-Chemicals-Leader-_R161099/apply"
"Germany","Baker Hughes","Werkstudent für System- und Datenanalyse 2025 (Celle)","Other","Celle, Germany","2026-02-27","https://bakerhughes.wd5.myworkdayjobs.com/BakerHughes/job/DE-CELLE-BAKER-HUGHES-STRASSE-1/Werkstudent-fr-System--und-Datenanalyse-2025--Celle-_R158060/apply"
"UK","Baker Hughes","Emerging Talent Apprenticeship Programme 2026 (Montrose)","Human Resources","Montrose, UK","2026-02-27","https://bakerhughes.wd5.myworkdayjobs.com/BakerHughes/job/GB-AN-MONTROSE-CHARLETON-ROAD/Emerging-Talent-Apprenticeship-Programme-2026--Montrose-_R161358/apply"
"UK","Baker Hughes","Emerging Talent Apprenticeship Programme 2026 (Aberdeen)","Human Resources","Aberdeen, UK","2026-02-27","https://bakerhughes.wd5.myworkdayjobs.com/BakerHughes/job/GB-AC-ABERDEEN-BAKER-HUGHES-BUILDING/Emerging-Talent-Apprenticeship-Programme-2026--Aberdeen-_R161359/apply"
"Italy","Baker Hughes","Emerging Talent – Manufacturing Intern 2026 Opportunities (Florence)","Human Resources","Florence, Italy","2026-02-11","https://bakerhughes.wd5.myworkdayjobs.com/BakerHughes/job/IT-FI-FLORENCE-VIA-FELICE-MATTEUCCI-2/Emerging-Talent---Manufacturing-Intern-2026-Opportunities--Florence-_R158416/apply"
"Kenya","Baker Hughes","ESP Technician","Field Operations","Nairobi, Kenya","2026-03-03","https://bakerhughes.wd5.myworkdayjobs.com/BakerHughes/job/KE-OTHER-KENYA/ESP-Technician_R161552/apply"
"Czechia","Baker Hughes","Zámečník (m,ž)","Other","Pilsen, Czechia","2026-03-03","https://bakerhughes.wd5.myworkdayjobs.com/BakerHughes/job/CZ-DOUDLEVCE-PILSEN-EDVARDA-BENESE-56439/Zmenk--m--_R161306/apply"
"China","Baker Hughes","Field Service Engineer","Engineering","China","2026-03-02","https://bakerhughes.wd5.myworkdayjobs.com/BakerHughes/job/CN-SHENYANG-NO-268-1-QINGNIAN-ROAD-SHENHE-DISTRICT-UNIT-1508-FLOOR-14-ELEVATOR-FLOOR-15A/Field-Service-Engineer_R158929/apply"
"China","Baker Hughes","Field Service Engineer","Engineering","Beijing, China","2026-02-06","https://bakerhughes.wd5.myworkdayjobs.com/BakerHughes/job/CN-BEIJING-12-TAIYANGGONG-MIDDLE-RD-CHAOYANG-DISTRICT/Field-Service-Engineer_R158968/apply"
"China","Baker Hughes","Indirect Sourcing Specialist","Other","Changzhou, China","2026-03-02","https://bakerhughes.wd5.myworkdayjobs.com/BakerHughes/job/CN-CHANGZHOU-NO-8-XI-HU-ROAD-BUILDING-9A/Indirect-Sourcing-Specialist_R161055/apply"
"France","Baker Hughes","Emerging Talent: ASPIRE - Supply Chain (France) 2026 Opportunities","Human Resources","Conde-Sur-Noireau, France","2026-02-11","https://bakerhughes.wd5.myworkdayjobs.com/BakerHughes/job/FR-NOR-CONDE-SUR-NOIREAU-3-RUE-SAINT-PIERRE/Emerging-Talent--ASPIRE---Supply-Chain--France--2026-Opportunities_R156071/apply"
"UAE","Baker Hughes","Emerging Talent: LEAD - Field Engineer (UAE Nationals Only) 2026 Opportunities","Engineering","Abu Dhabi, UAE","2026-02-11","https://bakerhughes.wd5.myworkdayjobs.com/BakerHughes/job/AE-ABU-DHABI-AL-GHAITH-YARD-MUSSAFAH-INDUSTRIAL-16th-STREET/Emerging-Talent--LEAD---Field-Engineer--UAE--2026-Opportunities_R158336/apply"
"Italy","Baker Hughes","Emerging Talent – Computer Vision Engineering Intern 2026 Opportunities (Florence)","Engineering","Florence, Italy","2026-03-04","https://bakerhughes.wd5.myworkdayjobs.com/BakerHughes/job/IT-FI-FLORENCE-VIA-FELICE-MATTEUCCI-2/Emerging-Talent---Computer-Vision-Engineering-Intern-2026-Opportunities--Florence-_R161610/apply"
"Italy","Baker Hughes","Emerging Talent – Robotics Engineering Intern 2026 Opportunities (Florence)","Engineering","Florence, Italy","2026-03-04","https://bakerhughes.wd5.myworkdayjobs.com/BakerHughes/job/IT-FI-FLORENCE-VIA-FELICE-MATTEUCCI-2/Emerging-Talent---Robotics-Engineering-Intern-2026-Opportunities--Florence-_R161611/apply"
"France","Baker Hughes","Ingénieur Projet Qualité Fournisseurs – Nucléaire (F/H)","Other","Conde-Sur-Noireau, France","2026-03-04","https://bakerhughes.wd5.myworkdayjobs.com/BakerHughes/job/FR-NOR-CONDE-SUR-NOIREAU-3-RUE-SAINT-PIERRE/Ingnieur-Projet-Qualit-Fournisseurs---Nuclaire--F-H-_R161221/apply"
"Czechia","Baker Hughes","Obráběč kovů - drážkování rotoru (m,ž)","Other","Pilsen, Czechia","2026-03-04","https://bakerhughes.wd5.myworkdayjobs.com/BakerHughes/job/CZ-DOUDLEVCE-PILSEN-EDVARDA-BENESE-56439/Obrb-kov---drkovn-rotoru--m--_R157117/apply"
"France","Baker Hughes","Gestionnaire Logistique Réception et Magasin (F/H)","Other","Fougerolles, France","2026-02-17","https://bakerhughes.wd5.myworkdayjobs.com/BakerHughes/job/FR-BFC-FOUGEROLLES-2-4-RUE-DE-FONTAINE/Gestionnaire-Logistique-Rception-et-Magasin--F-H-_R160986/apply"
"Norway","Baker Hughes","Mechanical Technician – Cement workshop","Field Operations","Tananger, Norway","2026-03-03","https://bakerhughes.wd5.myworkdayjobs.com/BakerHughes/job/NO-ROGALAND-TANANGER-Kontinentalveien-8-N-4056/Assembly-Maintenance-and-Overhauls-Technician_R151616-1/apply"
"Italy","Baker Hughes","Mechanical Field Service Engineer Reciprocating Compressor","Engineering","Florence, Italy","2026-03-03","https://bakerhughes.wd5.myworkdayjobs.com/BakerHughes/job/IT-FI-FLORENCE-VIA-FELICE-MATTEUCCI-2/Mechanical-Field-Service-Engineer-Reciprocating-Compressor_R145519/apply"
"India","Baker Hughes","Senior Site Reliability Engineer- Cloud Platform","Engineering","Kochi, India","2025-04-01","https://bakerhughes.wd5.myworkdayjobs.com/BakerHughes/job/IN-KOCHI-OFFICE-NO-210-BUILDING-SCK-01-SMART-CITY/Senior-Site-Reliability-Engineer--Cloud-Platform_R142209/apply"
"Mexico","Baker Hughes","Incident Response Analyst LATAM","Other","Mexico City, Mexico","2025-08-14","https://bakerhughes.wd5.myworkdayjobs.com/BakerHughes/job/MX-DF-MEXICO-CITY-AVENIDA-ANTONIO-DOVALI-JAIME-70/Incident-Response-Analyst-LATAM_R148352-1/apply"
"Kazakhstan","Baker Hughes","HSE Specialist","HSE & Quality","Astana, Kazakhstan","2026-03-03","https://bakerhughes.wd5.myworkdayjobs.com/BakerHughes/job/KZ-ATY-ASTANA-151-KABANBAY-BATYR-AVE-YESIL-DISTRICT/HSE-Specialist_R161144/apply"
"Italy","Baker Hughes","Modules Technology & ITO Leader","Other","Avenza, Italy","2026-02-24","https://bakerhughes.wd5.myworkdayjobs.com/BakerHughes/job/IT-MS-AVENZA--VIALE-DOMENICO-ZACCAGNA-12/Modules-Technology---ITO-Leader_R158625/apply"
"France","Baker Hughes","Ingénieur(e) Qualité Fournisseurs Nucléaire (F/H)","Other","Conde-Sur-Noireau, France","2026-03-01","https://bakerhughes.wd5.myworkdayjobs.com/BakerHughes/job/FR-NOR-CONDE-SUR-NOIREAU-3-RUE-SAINT-PIERRE/Ingnieur-e--Qualit-Fournisseurs-Nuclaire--F-H-_R161355/apply"
"Italy","Baker Hughes","Aero Supplier Quality Engineer – Gas Technology Services","Engineering","Florence, Italy","2026-01-23","https://bakerhughes.wd5.myworkdayjobs.com/BakerHughes/job/IT-FI-FLORENCE-VIA-FELICE-MATTEUCCI-2/Aero-Supplier-Quality-Engineer---Gas-Technology-Services_R156547-1/apply"
"Germany","Baker Hughes","Emerging Talent - Praktikum, Bachelor- und Masterarbeit– Maschinenbau und Mechatronik 2026 (Celle)","Human Resources","Celle, Germany","2026-02-11","https://bakerhughes.wd5.myworkdayjobs.com/BakerHughes/job/DE-CELLE-BAKER-HUGHES-STRASSE-1/Praktikum--Bachelor--und-Masterarbeit--Maschinenbau-und-Mechatronik-2026--Celle-_R158055/apply"
"India","Baker Hughes","Lead Design Engineer – Turbomachinery & Auxiliary Systems","Engineering","Bangalore, India","2025-06-13","https://bakerhughes.wd5.myworkdayjobs.com/BakerHughes/job/IN-KA-BANGALORE-NEON-BUILDING-WEST-TOWER/Lead-Design-Engineer---Turbomachinery---Auxiliary-Systems_R139234/apply"
"Saudi Arabia","Baker Hughes","Welder","Other","Dammam, Saudi Arabia","2026-01-22","https://bakerhughes.wd5.myworkdayjobs.com/BakerHughes/job/SA-DAMMAM-2nd-Industrial-City-Modon-facility-Plot-No-005TS00036-PO-Box-31952/Welder_R152299/apply"
"USA","Baker Hughes","Manufacturing Equipment Operator - Midland, TX","Field Operations","Midland, USA","2025-08-27","https://bakerhughes.wd5.myworkdayjobs.com/BakerHughes/job/US-TX-MIDLAND-2309-EAST-INTERSTATE-20/Manufacturing-Equipment-Operator---Midland--TX_R153647-1/apply"
"Iraq","Baker Hughes","Lead Sales Specialist - Artificial Lift","Sales & Commercial","Al Basrah, Iraq","2026-02-17","https://bakerhughes.wd5.myworkdayjobs.com/BakerHughes/job/IQ-AL-BASRAH-CO-BAKER-HUGHES-OPERATIONS-BASE/Lead-Sales-Specialist---Artificial-Lift_R158138/apply"
"Italy","Baker Hughes","Emerging Talent – Operational Excellence Intern 2026 Opportunities (Florence)","Human Resources","Florence, Italy","2026-02-11","https://bakerhughes.wd5.myworkdayjobs.com/BakerHughes/job/IT-FI-FLORENCE-VIA-FELICE-MATTEUCCI-2/Emerging-Talent---Operational-Excellence-Intern-2026-Opportunities--Florence-_R158407-1/apply"
"Norway","Baker Hughes","Emerging Talent: LEAD - Field Engineer (Norway) 2026 Opportunities","Engineering","Stavanger, Norway","2026-03-02","https://bakerhughes.wd5.myworkdayjobs.com/BakerHughes/job/NO-STAVANGER-SOTHAMMARGEILEN-1/Emerging-Talent--LEAD---Field-Engineer--Norway--2026-Opportunities_R161434/apply"
"Kazakhstan","Baker Hughes","Emerging Talent: LEAD - Field Engineer (KAZAKHSTAN) 2026 Opportunities","Engineering","Astana, Kazakhstan","2026-03-02","https://bakerhughes.wd5.myworkdayjobs.com/BakerHughes/job/KZ-OTHER-KAZAKHSTAN/Emerging-Talent--LEAD---Field-Engineer--KAZAKHSTAN--2026-Opportunities_R159539-1/apply"
"Azerbaijan","Baker Hughes","Emerging Talent: LEAD - Field Engineer (AZERBAIJAN) 2026 Opportunities","Engineering","Baku, Azerbaijan","2026-03-02","https://bakerhughes.wd5.myworkdayjobs.com/BakerHughes/job/AZ-OTHER-AZERBAIJAN/Early-Career--LEAD---Field-Engineer--AZERBAIJAN--2026-Opportunities_R159534/apply"
"UK","Baker Hughes","Engineering Intern","Engineering","Worcester, UK","2026-03-02","https://bakerhughes.wd5.myworkdayjobs.com/BakerHughes/job/GB-England-Worcester-1st-Floor-Rear-Vinegar-House-39-Foregate-Street/Engineering-Intern_R157501/apply"
"Saudi Arabia","Baker Hughes","Field Specialist - Directional Drilling","Drilling & Well Services","Dhahran, Saudi Arabia","2026-03-02","https://bakerhughes.wd5.myworkdayjobs.com/BakerHughes/job/SA-DHAHRAN-ABQAIQ-HIGHWAY/Field-Specialist---Directional-Drilling_R161427/apply"
"USA","Baker Hughes","I&S New Energy Projects CoE (Center of Excellence) Leader","Other","The Woodlands, USA","2026-03-04","https://bakerhughes.wd5.myworkdayjobs.com/BakerHughes/job/US-TX-THE-WOODLANDS-9110-GROGANS-MILL-ROAD/I-S-New-Energy-Projects-CoE--Center-of-Excellence--Leader_R160854/apply"
"Mexico","Baker Hughes","Control and Instrumentation Specialist","Other","Ciudad del Carmen, Mexico","2026-03-04","https://bakerhughes.wd5.myworkdayjobs.com/BakerHughes/job/MX-CMP-CIUDAD-DEL-CARMEN-CARRETERA-FEDERAL-180-EN-EL-POLIGONO/Field-Specialist---Control-and-Instrumentation-Compresores-Centrifugos-y-Turbinas-de-Gas_R135103/apply"
"USA","Baker Hughes","Field Service Engineer – Mechanical (Rotating Equipment)","Engineering","Houston, USA","2026-03-04","https://bakerhughes.wd5.myworkdayjobs.com/BakerHughes/job/US-TX-HOUSTON-575-N-DAIRY-ASHFORD-RD-ENERGY-CENTER-II-EC2/Aero-Senior-Field-Service-Engineer_R161002/apply"
"USA","Baker Hughes","Field Service Engineer - Controls Systems","Engineering","Houston, USA","2026-03-04","https://bakerhughes.wd5.myworkdayjobs.com/BakerHughes/job/US-TX-HOUSTON-575-N-DAIRY-ASHFORD-RD-ENERGY-CENTER-II-EC2/Field-Service-Engineer---Controls-Systems_R161078-1/apply"
"USA","Baker Hughes","Technician Chemical","Field Operations","Kilgore, USA","2026-03-05","https://bakerhughes.wd5.myworkdayjobs.com/BakerHughes/job/US-TX-KILGORE-2510-WOODBINE/Technician-Chemical_R161125-1/apply"
"USA","Baker Hughes","Engineer, Product Design and Engineering – Mechanical","Engineering","Lufkin, USA","2026-03-04","https://bakerhughes.wd5.myworkdayjobs.com/BakerHughes/job/US-TX-LUFKIN-409-ELLIS-AVENUE/Engineer--Product-Design-and-Engineering---Mechanical_R161700/apply"
"India","Baker Hughes","Staff Data Engineer","Engineering","Bangalore, India","2026-03-05","https://bakerhughes.wd5.myworkdayjobs.com/BakerHughes/job/IN-KA-BANGALORE-NEON-BUILDING-WEST-TOWER/Staff-Data-Engineer_R152396/apply"
"USA","Baker Hughes","Digital and Automation Portfolio Manager ( DOwnstream )","IT & Digital","Sugar Land, USA","2026-02-18","https://bakerhughes.wd5.myworkdayjobs.com/BakerHughes/job/US-TX-SUGAR-LAND-12645-WEST-AIRPORT-BLVD/Lead-Field-Specialist--Downstream-Chemicals----Sugarland--TX_R147725-1/apply"
"USA","Baker Hughes","Senior Legal Counsel, International Trade Compliance - Houston, TX","Legal & Compliance","Houston, USA","2026-02-18","https://bakerhughes.wd5.myworkdayjobs.com/BakerHughes/job/US-TX-HOUSTON-575-N-DAIRY-ASHFORD-RD-ENERGY-CENTER-II-EC2/Senior-Legal-Counsel--International-Trade-Compliance---Houston--TX_R151326-1/apply"
"USA","Baker Hughes","CNC Machinist","Other","Skaneateles, USA","2026-02-10","https://bakerhughes.wd5.myworkdayjobs.com/BakerHughes/job/US-NY-SKANEATELES-721-VISIONS-DRIVE/CNC-Machinist_R159963/apply"
"UK","Baker Hughes","Lead Project Quality Engineer","Engineering","Nailsea, UK","2026-03-02","https://bakerhughes.wd5.myworkdayjobs.com/BakerHughes/job/GB-SO-NAILSEA-2-HIGH-STREET/Lead-Project-Quality-Engineer_R154980-1/apply"
"USA","Baker Hughes","Solution Architect – SAP Sales & Commercial","Sales & Commercial","Houston, USA","2026-02-24","https://bakerhughes.wd5.myworkdayjobs.com/BakerHughes/job/US-TX-HOUSTON-575-N-DAIRY-ASHFORD-RD-ENERGY-CENTER-II-EC2/Solution-Architect---SAP-Sales---Commercial_R160614/apply"
"USA","Baker Hughes","Paralegal, Global Labor & Employment Law","Legal & Compliance","Houston, USA","2026-03-09","https://bakerhughes.wd5.myworkdayjobs.com/BakerHughes/job/US-TX-HOUSTON-17021-ALDINE-WESTFIELD/Paralegal--Global-Labor---Employment-Law_R160730-1/apply"
"USA","Baker Hughes","Services Specialist - Resource Management","Other","Broussard, USA","2026-03-04","https://bakerhughes.wd5.myworkdayjobs.com/BakerHughes/job/US-LA-BROUSSARD-1064-BAKER-HUGHES-DR/Services-Specialist---Resource-Management_R161123/apply"
"Czechia","Baker Hughes","Zkušební technik vysokého napětí (m,ž)","Other","Pilsen, Czechia","2026-02-19","https://bakerhughes.wd5.myworkdayjobs.com/BakerHughes/job/CZ-DOUDLEVCE-PILSEN-EDVARDA-BENESE-56439/Zkuebn-technik-vysokho-napt--m--_R160210/apply"
"UK","Baker Hughes","Material Planning Process Leader","Supply Chain","Aberdeen, UK","2026-03-09","https://bakerhughes.wd5.myworkdayjobs.com/BakerHughes/job/GB-AC-ABERDEEN-BAKER-HUGHES-BUILDING/Material-Planning-Process-Leader_R161158/apply"
"Czechia","Baker Hughes","Quality Engineer (m,ž)","Engineering","Pilsen, Czechia","2026-02-19","https://bakerhughes.wd5.myworkdayjobs.com/BakerHughes/job/CZ-DOUDLEVCE-PILSEN-EDVARDA-BENESE-56439/Quality-Engineer--m--_R160209/apply"
"France","Baker Hughes","Chargé(e) d’études mécanique (F/H)","Other","Fougerolles, France","2026-03-05","https://bakerhughes.wd5.myworkdayjobs.com/BakerHughes/job/FR-BFC-FOUGEROLLES-2-4-RUE-DE-FONTAINE/Charg-e--d-tudes-mcanique--F-H-_R161468/apply"
"France","Baker Hughes","Expert(e) Technique Industrialisation (F/H)","Other","Fougerolles, France","2026-03-05","https://bakerhughes.wd5.myworkdayjobs.com/BakerHughes/job/FR-BFC-FOUGEROLLES-2-4-RUE-DE-FONTAINE/Expert-e--Technique-Industrialisation--F-H-_R161463/apply"
"Australia","Baker Hughes","ARMO Mechanic GEN","Field Operations","Jandakot, Australia","2026-03-05","https://bakerhughes.wd5.myworkdayjobs.com/BakerHughes/job/AU-WA-JANDAKOT-631-KAREL-AVENUE/ARMO-Mechanic-GEN_R161368/apply"
"Kenya","Baker Hughes","Drilling Operator","Drilling & Well Services","Nairobi, Kenya","2026-03-05","https://bakerhughes.wd5.myworkdayjobs.com/BakerHughes/job/KE-OTHER-KENYA/Drilling-Operator_R161710/apply"
"USA","Baker Hughes","Refinery Site Manager (Downstream Chemicals) - Lemont, IL","Management","Shorewood, USA","2026-03-05","https://bakerhughes.wd5.myworkdayjobs.com/BakerHughes/job/US-IL-SHOREWOOD-1002-GENEVA-STREET/Refinery-Site-Manager--Downstream-Chemicals----Lemont--IL_R156952/apply"
"USA","Baker Hughes","Principal Engineer - FPGA","Engineering","Skaneateles, USA","2026-03-05","https://bakerhughes.wd5.myworkdayjobs.com/BakerHughes/job/US-NY-SKANEATELES-721-VISIONS-DRIVE/Electrical-Engineer---FPGA_R156053-1/apply"
"USA","Baker Hughes","Field Specialist III - UC_FLD-H","Field Operations","Big Spring, USA","2026-03-04","https://bakerhughes.wd5.myworkdayjobs.com/BakerHughes/job/US-TX-BIG-SPRING-6401-WEST-I-20/Field-Specialist-III---UC-FLD-H_R161108/apply"
"Saudi Arabia","Baker Hughes","Emerging Talent – Summer Intern (Saudi Arabia) 2026 Opportunities","Human Resources","Dammam, Saudi Arabia","2026-03-05","https://bakerhughes.wd5.myworkdayjobs.com/BakerHughes/job/SA-DAMMAM-2nd-Industrial-City-Modon-facility-Plot-No-005TS00036-PO-Box-31952/Emerging-Talent---Summer-Intern--Saudi-Arabia--2026-Opportunities_R158655/apply"
"Indonesia","Baker Hughes","Finance Senior Specialist-Indonesia and Singapore Controller","Finance & Accounting","Batam, Indonesia","2026-03-05","https://bakerhughes.wd5.myworkdayjobs.com/BakerHughes/job/ID-SM-BATAM-JALAN-KERAPU-NO-1415/Finance-Senior-Specialist-Indonesia-and-Singapore-Controller_R161293-1/apply"
"Peru","Baker Hughes","Sr. Contract Performance Manager","Management","Lima, Peru","2025-08-01","https://bakerhughes.wd5.myworkdayjobs.com/BakerHughes/job/PE-OTHER-PERU/Sr-Contract-Performance-Manager_R151773-1/apply"
"Kazakhstan","Baker Hughes","Chemical Process Technician","Field Operations","Konyrkuduk, Kazakhstan","2026-03-05","https://bakerhughes.wd5.myworkdayjobs.com/BakerHughes/job/KZ-ATY-KONYRKUDUK-CO-TCO-TENGIZCHEVROIL/Chemical-Process-Technician_R161711/apply"
"China","Baker Hughes","AMO Technician","Field Operations","China","2026-03-06","https://bakerhughes.wd5.myworkdayjobs.com/BakerHughes/job/CN-Xinjiang-Urumqi-China-Xinjiang-Pilot-Free-Trade-Zone-No-7187-Dongping-Ave-Sanping-Farm-Toutunhe-District/AMO-Technician_R160465/apply"
"Czechia","Baker Hughes","Svářeč (m,ž)","Other","Pilsen, Czechia","2026-03-05","https://bakerhughes.wd5.myworkdayjobs.com/BakerHughes/job/CZ-DOUDLEVCE-PILSEN-EDVARDA-BENESE-56439/Sve--m--_R160187/apply"
"USA","Baker Hughes","Wireline Field Operator - Mt Pleasant, MI","Drilling & Well Services","Mount Pleasant, USA","2026-03-06","https://bakerhughes.wd5.myworkdayjobs.com/BakerHughes/job/US-MI-MOUNT-PLEASANT-2222-ENTERPRISE-DRIVE/Wireline-Field-Operator---Northeast--USA_R158499-1/apply"
"Peru","Baker Hughes","Field Specialist Compressor","Field Operations","Lima, Peru","2026-02-27","https://bakerhughes.wd5.myworkdayjobs.com/BakerHughes/job/PE-OTHER-PERU/Field-Specialist-Compressor_R126507/apply"
"Czechia","Baker Hughes","Zámečník do svařovny (m/ž)","Other","Pilsen, Czechia","2026-03-05","https://bakerhughes.wd5.myworkdayjobs.com/BakerHughes/job/CZ-DOUDLEVCE-PILSEN-EDVARDA-BENESE-56439/Zmenk-do-svaovny--m--_R157113/apply"
"Germany","Baker Hughes","Ausbildung Mechatroniker (d/w/m)","Other","Wunstorf, Germany","2026-03-05","https://bakerhughes.wd5.myworkdayjobs.com/BakerHughes/job/DE-NI-WUNSTORF-NIELS-BOHR-STR-7/Ausbildung-Mechatroniker--d-w-m-_R153445/apply"
"Czechia","Baker Hughes","Technolog/Process Engineer (m/ž)","Engineering","Pilsen, Czechia","2026-03-06","https://bakerhughes.wd5.myworkdayjobs.com/BakerHughes/job/CZ-DOUDLEVCE-PILSEN-EDVARDA-BENESE-56439/Technolog-Process-Engineer--m--_R161554/apply"
"Italy","Baker Hughes","Emerging Talent – Engineering Intern 2026 Opportunities (Porto Recanati)","Engineering","Porto Recanati, Italy","2026-03-06","https://bakerhughes.wd5.myworkdayjobs.com/BakerHughes/job/IT-MC-PORTO-RECANATI-VIA-SCOSSICCI/Emerging-Talent---Engineering-Intern-2026-Opportunities--Porto-Recanati-_R161733/apply"
"Poland","Baker Hughes","Billing Assistant","Other","Rzeszow, Poland","2026-03-06","https://bakerhughes.wd5.myworkdayjobs.com/BakerHughes/job/PL-PDK-RZESZOW-HANASIEWICZA-19/Billing-Assistant_R159565-1/apply"
"China","Baker Hughes","Supplier Quality Engineering Manager","Engineering","Suzhou, China","2026-03-06","https://bakerhughes.wd5.myworkdayjobs.com/BakerHughes/job/CN-SUZHOU-81-SUHONG-ZHONG-ROAD/Supplier-Quality-Engineering-Manager_R161227/apply"
"USA","Baker Hughes","Field Specialist – Junior Control Gas Turbine Specialist","Field Operations","Austin, USA","2026-03-06","https://bakerhughes.wd5.myworkdayjobs.com/BakerHughes/job/US-TX-OTHER-TEXAS/Field-Specialist---Junior-Control-Gas-Turbine-Specialist_R161738/apply"
"India","Baker Hughes","Teamcenter PLM Solution Architect","Other","Hyderabad, India","2026-02-19","https://bakerhughes.wd5.myworkdayjobs.com/BakerHughes/job/IN-TG-HYDERABAD-SKYVIEW-BUILDING/Teamcenter-PLM-Solution-Architect_R150076-1/apply"
"Singapore","Baker Hughes","Product Management Specialist","Other","Singapore, Singapore","2026-03-05","https://bakerhughes.wd5.myworkdayjobs.com/BakerHughes/job/SG-SINGAPORE-2-BENOI-ROAD/Product-Management-Specialist_R158969/apply"
"Indonesia","Baker Hughes","Production Technologist","Other","Jakarta, Indonesia","2026-02-05","https://bakerhughes.wd5.myworkdayjobs.com/BakerHughes/job/ID-JW-JAKARTA-JI-RA-KARTINI-KAV-8-CILANDAK-BARAT/Production-Technologist_R151947-1/apply"
"China","Baker Hughes","Sales Senior Team Leader - Proposals","Sales & Commercial","Beijing, China","2026-03-10","https://bakerhughes.wd5.myworkdayjobs.com/BakerHughes/job/CN-BEIJING-12-TAIYANGGONG-MIDDLE-RD-CHAOYANG-DISTRICT/Sales-Senior-Team-Leader---Proposals_R161689/apply"
"Italy","Baker Hughes","Staff Software Engineer","Engineering","Florence, Italy","2026-03-06","https://bakerhughes.wd5.myworkdayjobs.com/BakerHughes/job/IT-FI-FLORENCE-VIA-FELICE-MATTEUCCI-2/Staff-Software-Engineer_R161732/apply"
"Italy","Baker Hughes","Services Senior Team leader - Resource Management","Other","Florence, Italy","2026-03-06","https://bakerhughes.wd5.myworkdayjobs.com/BakerHughes/job/IT-FI-FLORENCE-VIA-FELICE-MATTEUCCI-2/Services-Senior-Team-leader---Resource-Management_R161452/apply"
"Italy","Baker Hughes","Services Senior Team leader - Resource Management","Other","Florence, Italy","2026-03-06","https://bakerhughes.wd5.myworkdayjobs.com/BakerHughes/job/IT-FI-FLORENCE-VIA-FELICE-MATTEUCCI-2/Services-Senior-Team-leader---Resource-Management_R161453/apply"
"China","Baker Hughes","Senior Supplier Quality Engineer","Engineering","Suzhou, China","2026-03-06","https://bakerhughes.wd5.myworkdayjobs.com/BakerHughes/job/CN-SUZHOU-81-SUHONG-ZHONG-ROAD/Senior-Supplier-Quality-Engineer_R161226/apply"
"Thailand","Baker Hughes","Enterprise Sales Leader","Sales & Commercial","Thailand","2026-02-04","https://bakerhughes.wd5.myworkdayjobs.com/BakerHughes/job/TH-CHATUCHAK-SHINAWATRA-TOWER-III/Enterprise-Sales-Leader_R160363/apply"
"Malaysia","Baker Hughes","APAC GTS Sales Leader","Sales & Commercial","Kuala Lumpur, Malaysia","2026-02-06","https://bakerhughes.wd5.myworkdayjobs.com/BakerHughes/job/MY-KUL-KUALA-LUMPUR-21ST-FLOOR-MENARA-TAN--TAN/APAC-GTS-Sales-Leader_R159049-2/apply"
"UAE","Baker Hughes","Assembly, Repair, Maintenance & Overhaul Mechanic","Field Operations","Abu Dhabi, UAE","2026-03-09","https://bakerhughes.wd5.myworkdayjobs.com/BakerHughes/job/AE-ABU-DHABI-AL-GHAITH-YARD-MUSSAFAH-INDUSTRIAL-16th-STREET/Assembly--Repair--Maintenance---Overhaul-Mechanic_R153830/apply"
"UK","Baker Hughes","Senior Test Engineer - Electrical","Engineering","Leicester, UK","2026-03-09","https://bakerhughes.wd5.myworkdayjobs.com/BakerHughes/job/GB-LEICESTER-Unit-8-Waterside-Road/Test-Engineer---Electrical_R152904/apply"
"Saudi Arabia","Baker Hughes","New Frontiers – Middle East Sales Advisor","Sales & Commercial","Dhahran, Saudi Arabia","2026-02-23","https://bakerhughes.wd5.myworkdayjobs.com/BakerHughes/job/SA-DHAHRAN-ABQAIQ-HIGHWAY/New-Frontiers---Middle-East-Sales-Advisor_R160406/apply"
"Saudi Arabia","Baker Hughes","Well Site Team Leader","Drilling & Well Services","Dhahran, Saudi Arabia","2026-03-09","https://bakerhughes.wd5.myworkdayjobs.com/BakerHughes/job/SA-DHAHRAN-ABQAIQ-HIGHWAY/Well-Site-Team-Leader_R155908/apply"
"Italy","Baker Hughes","Services Experienced Professional - Lean Field Service Operations","Field Operations","Florence, Italy","2026-03-09","https://bakerhughes.wd5.myworkdayjobs.com/BakerHughes/job/IT-FI-FLORENCE-VIA-FELICE-MATTEUCCI-2/Services-Experienced-Professional---Lean-Field-Service-Operations_R161498/apply"
"Mexico","Baker Hughes","Especialista de Campo Sensores IPS","Other","Ciudad Del Carmen, Mexico","2026-03-09","https://bakerhughes.wd5.myworkdayjobs.com/BakerHughes/job/MX-CMP-CIUDAD-DEL-CARMEN-CARRETERA-FEDERAL-189/Especialista-de-Campo-Sensores-IPS_R161873/apply"
"USA","Baker Hughes","Assembly Operator","Field Operations","Pittsburgh, USA","2026-03-06","https://bakerhughes.wd5.myworkdayjobs.com/BakerHughes/job/US-PA-Turtle-Creek-601-Braddock-Avenue/Assembly-Operator_R159796/apply"
"Guyana","Baker Hughes","Junior Field Control Gas Turbine Specialist","Field Operations","Georgetown, Guyana","2026-03-06","https://bakerhughes.wd5.myworkdayjobs.com/BakerHughes/job/GY-Demerara-Georgetown-Tract-X-Land-of-Canaan-on-the-Eastern-Bank-of-the-Demerara-Riv/Junior-Field-Control-Gas-Turbine-Specialist_R161874/apply"
"Mexico","Baker Hughes","Especialista de Campo Liner Hanger","Other","Ciudad Del Carmen, Mexico","2026-03-09","https://bakerhughes.wd5.myworkdayjobs.com/BakerHughes/job/MX-CMP-CIUDAD-DEL-CARMEN-CARRETERA-FEDERAL-189/Especialista-de-Campo-Liner-Hanger_R161504/apply"
"Canada","Baker Hughes","Junior Field Control Gas Turbine Specialist","Field Operations","Calgary, Canada","2026-03-06","https://bakerhughes.wd5.myworkdayjobs.com/BakerHughes/job/CA-AB-OTHER-ALBERTA/Junior-Field-Control-Gas-Turbine-Specialist_R161474/apply"
"Mexico","Baker Hughes","Centrifugal Compressors Specialist","Other","Veracruz, Mexico","2026-03-04","https://bakerhughes.wd5.myworkdayjobs.com/BakerHughes/job/MX-OTHER-MEXICO/Centrifugal-Compressors-Specialist_R161041/apply"
"India","Baker Hughes","Project Management Specialist - Project Planning","Other","Pune, India","2026-02-17","https://bakerhughes.wd5.myworkdayjobs.com/BakerHughes/job/IN-MH-Pune-Cummins-India-Office-Campus-8th-floor-Survey-No-21-Balewadi/Project-Management-Specialist---Project-Planning_R160771-1/apply"
"Saudi Arabia","Baker Hughes","New Built Sales Manager - MENAT","Sales & Commercial","Saudi Arabia, Saudi Arabia","2026-03-10","https://bakerhughes.wd5.myworkdayjobs.com/BakerHughes/job/SA-OTHER-SAUDI-ARABIA/New-Built-Sales-Manager-MENAT_R153558/apply"
"India","Baker Hughes","Aero derivative Mechanical Design Engineer","Engineering","Bangalore, India","2026-03-10","https://bakerhughes.wd5.myworkdayjobs.com/BakerHughes/job/IN-KA-BANGALORE-NEON-BUILDING-WEST-TOWER/Aero-derivative-Mechanical-Design-Engineer_R159691/apply"
"Czechia","Baker Hughes","Process Engineer for Energy Systems (m,ž)","Engineering","Pilsen, Czechia","2026-02-22","https://bakerhughes.wd5.myworkdayjobs.com/BakerHughes/job/CZ-DOUDLEVCE-PILSEN-EDVARDA-BENESE-56439/Procesn-inenr-pro-energetick-systmy--m--_R160175/apply"
"South Africa","Baker Hughes","Embedded Software Development Engineer","Engineering","South Africa","2026-03-10","https://bakerhughes.wd5.myworkdayjobs.com/BakerHughes/job/ZA-Century-City-Cape-Town-The-Matrix-2G-and-2F-1-Bridgeway/Embedded-Software-Development-Engineer_R148394/apply"
"UK","Baker Hughes","Lead Quality Specialist – Manufacturing Improvement (Black Belt)","HSE & Quality","Nailsea, UK","2026-03-10","https://bakerhughes.wd5.myworkdayjobs.com/BakerHughes/job/GB-SO-NAILSEA-2-HIGH-STREET/Lead-Quality-Specialist---Manufacturing-Improvement_R159035/apply"
"Kenya","Baker Hughes","Cementing Technical Engineer","Engineering","Nairobi, Kenya","2026-03-10","https://bakerhughes.wd5.myworkdayjobs.com/BakerHughes/job/KE-OTHER-KENYA/Cementing-Technical-Engineer_R161314-1/apply"
"Kenya","Baker Hughes","Completions TRS Crew","Drilling & Well Services","Nairobi, Kenya","2026-03-10","https://bakerhughes.wd5.myworkdayjobs.com/BakerHughes/job/KE-OTHER-KENYA/Completions-TRS-Crew_R161437/apply"
"Kenya","Baker Hughes","Field Operator - Wireline","Drilling & Well Services","Nairobi, Kenya","2026-03-10","https://bakerhughes.wd5.myworkdayjobs.com/BakerHughes/job/KE-Nairobi-Nairobi-The-Address-Building-off-Waiyaki-Way/Field-Operator---Wireline_R161947/apply"
"Kenya","Baker Hughes","Field Engineer - Wireline","Engineering","Nairobi, Kenya","2026-03-10","https://bakerhughes.wd5.myworkdayjobs.com/BakerHughes/job/KE-Nairobi-Nairobi-The-Address-Building-off-Waiyaki-Way/Field-Engineer---Wireline_R161946/apply"
"USA","Baker Hughes","Project Manager","Management","Pittsburgh, USA","2026-03-10","https://bakerhughes.wd5.myworkdayjobs.com/BakerHughes/job/US-PA-Turtle-Creek-601-Braddock-Avenue/Project-Manager_R161301/apply"
"USA","Baker Hughes","Wireline Field Crew Lead","Drilling & Well Services","Buckhannon, USA","2026-03-12","https://bakerhughes.wd5.myworkdayjobs.com/BakerHughes/job/US-WV-BUCKHANNON-180-CHILDERS-RUN-CROSSING/Wireline-Field-Crew-Lead_R157851/apply"
"Brazil","Baker Hughes","Técnico de Campo Sênior","Other","Niteroi, Brazil","2026-03-12","https://bakerhughes.wd5.myworkdayjobs.com/BakerHughes/job/BR-RJ-NITEROI-PRACA-ALCIDES-PEREIRA/Field-Specialist-IV_R161672/apply"
"India","Baker Hughes","Sales Senior Specialist - Proposals","Sales & Commercial","Navi Mumbai, India","2026-03-05","https://bakerhughes.wd5.myworkdayjobs.com/BakerHughes/job/IN-NAVI-MUMBAI-TTC-INDUSTRIAL-AREA-AIROLI-MAHARASHTRA/Sales-Senior-Specialist---Proposals_R160905-1/apply"
"Singapore","Baker Hughes","Lead Project Quality Engineer (Connection)","Engineering","Singapore, Singapore","2026-03-13","https://bakerhughes.wd5.myworkdayjobs.com/BakerHughes/job/SG-SINGAPORE-2-BENOI-ROAD/Lead-Project-Quality-Engineer--Connection-_R161647/apply"
"Vietnam","Baker Hughes","Well Systems Mechanical Engineer - Project","Engineering","Ho Chi Minh, Vietnam","2026-03-13","https://bakerhughes.wd5.myworkdayjobs.com/BakerHughes/job/VN-HO-CHI-MINH-285-CACH-MANG-THANG-TAM-STREET/Well-Systems-Mechanical-Engineer---Project_R155698/apply"
"USA","Baker Hughes","Sales Senior Specialist - Technical Sales","Sales & Commercial","Denver, USA","2026-03-13","https://bakerhughes.wd5.myworkdayjobs.com/BakerHughes/job/US-CO-Denver-4601-DTC-Blvd-Suite-900/Sales-Senior-Specialist---Technical-Sales_R161864/apply"
"USA","Baker Hughes","Services Professional - Reliability Engineering","Engineering","Midland, USA","2026-03-13","https://bakerhughes.wd5.myworkdayjobs.com/BakerHughes/job/US-TX-MIDLAND-2101-MARKET-STREET/Services-Professional---Reliability-Engineering_R161988/apply"
"USA","Baker Hughes","Services Specialist-Project Management","Other","Houston, USA","2026-03-13","https://bakerhughes.wd5.myworkdayjobs.com/BakerHughes/job/US-TX-HOUSTON-575-N-DAIRY-ASHFORD-RD-ENERGY-CENTER-II-EC2/Services-Specialist-Project-Management_R161602/apply"
"UK","Baker Hughes","Mechanical Fitter","Field Operations","Aberdeen, UK","2026-03-13","https://bakerhughes.wd5.myworkdayjobs.com/BakerHughes/job/GB-AC-ABERDEEN-BRIDGE-OF-DON-INDUSTRIAL-ESTATE/Mechanical-Fitter_R161719/apply"
"USA","Baker Hughes","Lead Operations Specialist","Other","Pleasanton, USA","2026-03-13","https://bakerhughes.wd5.myworkdayjobs.com/BakerHughes/job/US-TX-Pleasanton-495-Shale-Rd/Lead-Operations-Specialist_R161860-1/apply"
"USA","Baker Hughes","Lead Operations Specialist","Other","Pleasanton, USA","2026-03-13","https://bakerhughes.wd5.myworkdayjobs.com/BakerHughes/job/US-TX-Pleasanton-495-Shale-Rd/Lead-Operations-Specialist_R161861/apply"
"France","Baker Hughes","Ingénieur Projet","Other","Conde-Sur-Noireau, France","2026-03-13","https://bakerhughes.wd5.myworkdayjobs.com/BakerHughes/job/FR-NOR-CONDE-SUR-NOIREAU-3-RUE-SAINT-PIERRE/Ingnieur-Projet_R161849/apply"
"Poland","Baker Hughes","Lead / Senior Engineer, Systems, Project Engineering","Engineering","Warsaw, Poland","2026-03-13","https://bakerhughes.wd5.myworkdayjobs.com/BakerHughes/job/DNU-PL-PDK-WARSAW-ALEJA-KRAKOWSKA-110114-BLD-3014613/Lead---Senior-Engineer--Systems--Project-Engineering_R161613-1/apply"
"Czechia","Baker Hughes","Dílenské plánování výroby (m,ž)","Other","Pilsen, Czechia","2026-02-23","https://bakerhughes.wd5.myworkdayjobs.com/BakerHughes/job/CZ-DOUDLEVCE-PILSEN-EDVARDA-BENESE-56439/Dlensk-plnovn-vroby--m--_R157105/apply"
"Kazakhstan","Baker Hughes","Artificial Lift Tender Manager","Management","Astana, Kazakhstan","2026-03-12","https://bakerhughes.wd5.myworkdayjobs.com/BakerHughes/job/KZ-OTHER-KAZAKHSTAN/Artificial-Lift-Tender-Manager_R160005/apply"
"China","Baker Hughes","Services Team Leader - Business Operations","Other","Beijing, China","2026-03-11","https://bakerhughes.wd5.myworkdayjobs.com/BakerHughes/job/CN-BEIJING-RONGFENG-TECHNOLOGY-PARK-NO-5-XINGMAO-YI-STREET/Services-Team-Leader---Business-Operations_R161830/apply"
"Brazil","Baker Hughes","Junior Electrical/Control Field Service Specialist","Field Operations","Campinas, Brazil","2026-03-12","https://bakerhughes.wd5.myworkdayjobs.com/BakerHughes/job/BR-OTHER-BRAZIL/Junior-Electrical-Control-Field-Service-Specialist_R162032/apply"
"USA","Baker Hughes","Sourcing Specialist - Commodity Management","Other","Minden, USA","2026-03-12","https://bakerhughes.wd5.myworkdayjobs.com/BakerHughes/job/US-NV-MINDEN-1631-BENTLY-PARKWAY-SOUTH/Sourcing-Specialist---Commodity-Management_R161734-1/apply"
"USA","Baker Hughes","Field Specialist - Global Rotator (AccessESP) – Global Remote","Field Operations","Austin, USA","2026-03-12","https://bakerhughes.wd5.myworkdayjobs.com/BakerHughes/job/US-TX-OTHER-TEXAS/Field-Specialist---Global-Rotator--AccessESP----Global-Remote_R161702/apply"
"Brazil","Baker Hughes","Operador de Campo I","Other","Niteroi, Brazil","2026-03-12","https://bakerhughes.wd5.myworkdayjobs.com/BakerHughes/job/BR-RJ-NITEROI-PRACA-ALCIDES-PEREIRA/Operador-de-Campo-I_R161673/apply"
"Mexico","Baker Hughes","IT Commodity Manager / Software and Cloud","IT & Digital","Mexico City, Mexico","2026-03-13","https://bakerhughes.wd5.myworkdayjobs.com/BakerHughes/job/MX-DF-MEXICO-CITY-AVENIDA-ANTONIO-DOVALI-JAIME-70/IT-Commodity-Manager---Software-and-Cloud_R161597/apply"
"Italy","Baker Hughes","Field services - Customer Application Engineer","Engineering","Florence, Italy","2026-02-27","https://bakerhughes.wd5.myworkdayjobs.com/BakerHughes/job/IT-FI-FLORENCE-VIA-FELICE-MATTEUCCI-2/Engineer---Customer-Application-Engineering_R159649/apply"
"France","Baker Hughes","Technicien(ne) Services Après-vente (F/H)","Other","Fougerolles, France","2026-03-15","https://bakerhughes.wd5.myworkdayjobs.com/BakerHughes/job/FR-BFC-FOUGEROLLES-2-4-RUE-DE-FONTAINE/Technicien-ne--Services-Aprs-vente--F-H-_R156146/apply"
"UK","Baker Hughes","Tool Specialist","Other","London, UK","2026-03-11","https://bakerhughes.wd5.myworkdayjobs.com/BakerHughes/job/GB-OTHER-UNITED-KINGDOM-FIELD-SCOTLAND-ABERDEEN/Tool-Specialist_R161930/apply"
"Kenya","Baker Hughes","Service Delivery Coordinator – Wireline Services","Drilling & Well Services","Nairobi, Kenya","2026-03-11","https://bakerhughes.wd5.myworkdayjobs.com/BakerHughes/job/KE-Nairobi-Nairobi-The-Address-Building-off-Waiyaki-Way/Service-Delivery-Coordinator---Wireline-Services_R161945-1/apply"
"Mexico","Baker Hughes","FIELD ENGINEER","Engineering","Ciudad del Carmen, Mexico","2026-03-10","https://bakerhughes.wd5.myworkdayjobs.com/BakerHughes/job/MX-CMP-CIUDAD-DEL-CARMEN-CARRETERA-FEDERAL-180-EN-EL-POLIGONO/FIELD-ENGINEER_R161532-1/apply"
"USA","Baker Hughes","OIC ISC - Global S&OP Leader","Other","Sugar Land, USA","2026-03-11","https://bakerhughes.wd5.myworkdayjobs.com/BakerHughes/job/US-TX-SUGAR-LAND-12645-WEST-AIRPORT-BLVD/OIC-ISC---Global-S-OP-Leader_R161335/apply"
"Malaysia","Baker Hughes","Installation Manager","Management","Kuala Lumpur, Malaysia","2026-03-11","https://bakerhughes.wd5.myworkdayjobs.com/BakerHughes/job/MY-KUL-KUALA-LUMPUR-21ST-FLOOR-MENARA-TAN--TAN/Installation-Manager_R160989/apply"
"Mexico","Baker Hughes","Field Operator - Operador de Wireline","Drilling & Well Services","Ciudad del Carmen, Mexico","2026-03-10","https://bakerhughes.wd5.myworkdayjobs.com/BakerHughes/job/MX-CMP-CIUDAD-DEL-CARMEN-CARRETERA-FEDERAL-180-EN-EL-POLIGONO/Field-Operator---Operador-de-Wireline_R162001/apply"
"USA","Baker Hughes","CDL Delivery / Treater Driver","Other","Austin, USA","2026-02-07","https://bakerhughes.wd5.myworkdayjobs.com/BakerHughes/job/US-TX-OTHER-TEXAS/CDL-Delivery---Treater-Driver_R160748/apply"
"USA","Baker Hughes","Sales Account Advisor - Wellbore Intervention","Drilling & Well Services","Houston, USA","2026-03-13","https://bakerhughes.wd5.myworkdayjobs.com/BakerHughes/job/US-TX-HOUSTON-2001-RANKIN-ROAD/Sales-Account-Advisor---Wellbore-Intervention_R161589/apply"
"UK","Baker Hughes","Support Services Professional - Admin Support","Other","Montrose, UK","2026-03-13","https://bakerhughes.wd5.myworkdayjobs.com/BakerHughes/job/GB-AN-MONTROSE-CHARLETON-ROAD/Support-Services-Professional---Admin-Support_R160670-1/apply"
"USA","Baker Hughes","Chemical Lab Technician","Field Operations","Midland, USA","2026-03-13","https://bakerhughes.wd5.myworkdayjobs.com/BakerHughes/job/US-TX-MIDLAND-2101-MARKET-STREET/Chemical-Lab-Technician_R161857/apply"
"Italy","Baker Hughes","Emerging Talent – Data Analyst 2026 Opportunities (Florence)","IT & Digital","Florence, Italy","2026-03-13","https://bakerhughes.wd5.myworkdayjobs.com/BakerHughes/job/IT-FI-FLORENCE-VIA-FELICE-MATTEUCCI-2/Emerging-Talent---Data-Analyst-2026-Opportunities--Florence-_R162107/apply"
"India","Baker Hughes","Lead Engineer, Customer Order Engineering - Automation & Control","Engineering","Hyderabad, India","2026-03-13","https://bakerhughes.wd5.myworkdayjobs.com/BakerHughes/job/IN-TG-HYDERABAD-SKYVIEW-BUILDING/Lead-Engineer--Customer-Order-Engineering---Automation---Control_R162042/apply"
"Italy","Baker Hughes","Emerging Talent – Sales and Operations Planning Intern 2026 Opportunities (Florence)","Human Resources","Florence, Italy","2026-03-13","https://bakerhughes.wd5.myworkdayjobs.com/BakerHughes/job/IT-FI-FLORENCE-VIA-FELICE-MATTEUCCI-2/Emerging-Talent---Sales-and-Operations-Planning-Intern-2026-Opportunities--Florence-_R162033/apply"
"USA","Baker Hughes","Outage Project Engineer","Engineering","Houston, USA","2026-03-13","https://bakerhughes.wd5.myworkdayjobs.com/BakerHughes/job/US-TX-HOUSTON-575-N-DAIRY-ASHFORD-RD-ENERGY-CENTER-II-EC2/Outage-Project-Engineer_R160741-1/apply"
"France","Baker Hughes","TotalEnergies Strategic Account Leader","Finance & Accounting","Courbevoie, France","2026-03-13","https://bakerhughes.wd5.myworkdayjobs.com/BakerHughes/job/FR-OTHER-FRANCE/TotalEnergies-Strategic-Account-Leader_R159344/apply"
"Mexico","Baker Hughes","Aeroderivatives GTS Turbines Specialist","Other","Veracruz, Mexico","2026-03-13","https://bakerhughes.wd5.myworkdayjobs.com/BakerHughes/job/MX-OTHER-MEXICO/Aeroderivatives-GTS-Turbines-Specialist_R161701/apply"
"USA","Baker Hughes","Relative Permeability Modifier Engineer","Engineering","Tomball, USA","2026-03-13","https://bakerhughes.wd5.myworkdayjobs.com/BakerHughes/job/US-TX-TOMBALL-11211-FM-2920/Relative-Permeability-Modifier-Engineer_R161274/apply"
"Czechia","Baker Hughes","Administrativní podpora Engineeringu – BOM Team (m,ž)","Engineering","Pilsen, Czechia","2026-03-16","https://bakerhughes.wd5.myworkdayjobs.com/BakerHughes/job/CZ-DOUDLEVCE-PILSEN-EDVARDA-BENESE-56439/Administrativn-podpora-Engineeringu---BOM-Team--m--_R160174/apply"
"Czechia","Baker Hughes","Technicko administrativní podpora Engineeringu – technická dokumentace","Engineering","Pilsen, Czechia","2026-03-16","https://bakerhughes.wd5.myworkdayjobs.com/BakerHughes/job/CZ-DOUDLEVCE-PILSEN-EDVARDA-BENESE-56439/Technicko-administrativn-podpora-Engineeringu---technick-dokumentace_R160173/apply"
"Norway","Baker Hughes","ARMO Mechanic","Field Operations","Tananger, Norway","2026-03-06","https://bakerhughes.wd5.myworkdayjobs.com/BakerHughes/job/NO-ROGALAND-TANANGER-Kontinentalveien-8-N-4056/ARMO-Mechanic_R160758/apply"
"India","Baker Hughes","Field Specialist II","Field Operations","Taloja, India","2026-03-16","https://bakerhughes.wd5.myworkdayjobs.com/BakerHughes/job/IN-TALOJA-SRV-NO-991A3--991A2-PT-VILAGE-VAVANJE-RAIGAD-DIS/Field-Specialist-II_R161080/apply"
"Brazil","Baker Hughes","Field Operator II - Tubular Services","Field Operations","Macaé, Brazil","2026-03-16","https://bakerhughes.wd5.myworkdayjobs.com/BakerHughes/job/BR-RJ-MACAE-BELA-VISTA-AREA-19-1600/Field-Operator-II---Tubular-Services_R159427/apply"
"India","Baker Hughes","Lead Engineer – Turbomachinery & Auxiliary Systems","Engineering","Bangalore, India","2026-03-16","https://bakerhughes.wd5.myworkdayjobs.com/BakerHughes/job/IN-KA-BANGALORE-NEON-BUILDING-WEST-TOWER/Lead-Engineer---Turbomachinery---Auxiliary-Systems_R161422/apply"
"Brazil","Baker Hughes","Field Specialist II - Tubular Services","Field Operations","Macaé, Brazil","2026-03-16","https://bakerhughes.wd5.myworkdayjobs.com/BakerHughes/job/BR-RJ-MACAE-BELA-VISTA-AREA-19-1600/Field-Specialist-II---Tubular-Services_R159497/apply"
"Australia","Baker Hughes","Emerging Talent: LEAD - Field Engineer (Australia) 2026 Opportunities","Engineering","Jandakot, Australia","2025-12-29","https://bakerhughes.wd5.myworkdayjobs.com/BakerHughes/job/AU-WA-OTHER-WESTERN-AUSTRALIA/Early-Career--LEAD---Field-Engineer--Australia--2026-Opportunities_R158894/apply"
"India","Baker Hughes","Digital Technology Specialist - Software Engineering","Engineering","Bangalore, India","2026-03-16","https://bakerhughes.wd5.myworkdayjobs.com/BakerHughes/job/IN-KA-BANGALORE-NEON-BUILDING-WEST-TOWER/Digital-Technology-Specialist---Software-Engineering_R161126/apply"
"Australia","Baker Hughes","Regional Sales Manager – BRUSH Power Generation","Sales & Commercial","Jandakot, Australia","2026-03-16","https://bakerhughes.wd5.myworkdayjobs.com/BakerHughes/job/AU-WA-OTHER-WESTERN-AUSTRALIA/Regional-Sales-Manager---BRUSH-Power-Generation_R160806/apply"
"India","Baker Hughes","Pneumatic Components Design Engineer","Engineering","Coimbatore, India","2026-03-16","https://bakerhughes.wd5.myworkdayjobs.com/BakerHughes/job/IN-Tamil-Nadu-Coimbatore-SF-No-608-Chettipalayam-Road-Eachanari-Post-Consolidation/Electronic-Hardware-Design-Engineer_R160414/apply"
"UK","Baker Hughes","Senior Electronic Engineer","Engineering","Nailsea, UK","2026-03-16","https://bakerhughes.wd5.myworkdayjobs.com/BakerHughes/job/GB-SO-NAILSEA-2-HIGH-STREET/Senior-Electronic-Engineer_R160000/apply"
"USA","Baker Hughes","R&D Electrical Engineering Technologist","Engineering","Skaneateles, USA","2026-03-11","https://bakerhughes.wd5.myworkdayjobs.com/BakerHughes/job/US-NY-SKANEATELES-721-VISIONS-DRIVE/R-D-Electrical-Engineering-Technologist_R161821/apply"
"Mexico","Baker Hughes","Junior Control Systems Engineer FSE- GTS","Engineering","Veracruz, Mexico","2026-03-11","https://bakerhughes.wd5.myworkdayjobs.com/BakerHughes/job/MX-OTHER-MEXICO/Junior-Control-Systems-Engineer-FSE--GTS_R161475/apply"
"USA","Baker Hughes","Refinery Account Representative (Downstream Chemicals) - Sunray, TX","Finance & Accounting","Austin, USA","2026-03-12","https://bakerhughes.wd5.myworkdayjobs.com/BakerHughes/job/US-TX-OTHER-TEXAS/Account-Representative--Downstream-Chemicals----Sunray--TX_R144572/apply"
"UK","Baker Hughes","Services Team leader - Resource Management","Other","Ashby de la Zouch, UK","2026-03-12","https://bakerhughes.wd5.myworkdayjobs.com/BakerHughes/job/GB-Ashby-de-la-Zouch-Power-House-Excelsior-Road/Services-Team-leader---Resource-Management_R161149/apply"
"Malaysia","Baker Hughes","Services Team leader - Resource Management","Other","Kuala Lumpur, Malaysia","2026-03-16","https://bakerhughes.wd5.myworkdayjobs.com/BakerHughes/job/MY-KUL-KUALA-LUMPUR-21ST-FLOOR-MENARA-TAN--TAN/Services-Team-leader---Resource-Management_R161147/apply"
"Indonesia","Baker Hughes","Lead Sales Specialist - Drill Bits","Drilling & Well Services","Balikpapan, Indonesia","2026-02-19","https://bakerhughes.wd5.myworkdayjobs.com/BakerHughes/job/ID-East-Kalimantan-Balikpapan-Jl-Mulawarman-RT-009-Kelurahan-Teritip-Balikpapan-Timur-Kota/Lead-Sales-Specialist---Drill-Bits_R153751-1/apply"
"Malaysia","Baker Hughes","Sales Experienced Professional - Proposals","Sales & Commercial","Kuala Lumpur, Malaysia","2026-03-16","https://bakerhughes.wd5.myworkdayjobs.com/BakerHughes/job/MY-KUL-KUALA-LUMPUR-21ST-FLOOR-MENARA-TAN--TAN/Sales-Experienced-Professional---Proposals_R161154/apply"
"Italy","Baker Hughes","Materials Planning and Execution Specialist","Supply Chain","Talamona, Italy","2026-03-16","https://bakerhughes.wd5.myworkdayjobs.com/BakerHughes/job/IT-SO-TALAMONA-VIA-ROMA-32/Materials-Planning-and-Execution-Specialist_R159121/apply"
"Norway","Baker Hughes","People & Culture Partner – Norway (HR Partner)","Human Resources","Tananger, Norway","2026-03-16","https://bakerhughes.wd5.myworkdayjobs.com/BakerHughes/job/NO-ROGALAND-TANANGER-Kontinentalveien-8-N-4056/People---Culture-Partner---Norway--HR-Partner-_R161713/apply"
"Australia","Baker Hughes","Services Specialist - Applications Engineering","Engineering","Perth, Australia","2026-03-16","https://bakerhughes.wd5.myworkdayjobs.com/BakerHughes/job/AU-WA-PERTH-LEVEL-14-216-ST-GEORGES-TERRACE/Services-Specialist---Applications-Engineering_R161748/apply"
"UK","Baker Hughes","Services Specialist - Subsea Projects and Services","Other","London, UK","2026-03-16","https://bakerhughes.wd5.myworkdayjobs.com/BakerHughes/job/GB-OTHER-UNITED-KINGDOM/Services-Specialist---Subsea-Projects-and-Services_R161592/apply"
"Cameroon","Baker Hughes","Field Specialist Directional Driller LWD/DD","Drilling & Well Services","Douala, Cameroon","2026-03-16","https://bakerhughes.wd5.myworkdayjobs.com/BakerHughes/job/CM-DOUALA-PLATEAUX-JOSS--DERRIERE-HOTEL-LA-FALAISE-BONANJO/Field-Specialist-Directional-Driller-LWD-DD_R161949/apply"
"Brazil","Baker Hughes","Integrated Solutions Commercial Director - Americas","Sales & Commercial","Rio de Janeiro, Brazil","2026-03-16","https://bakerhughes.wd5.myworkdayjobs.com/BakerHughes/job/BR-RJ-RIO-DE-JANEIRO-VENTURA-AV-REPUBLICA-DO-CHILE-330/Integrated-Solutions-Commercial-Director---Americas_R161693/apply"
"Italy","Baker Hughes","Emerging Talent – HSE Intern 2026 Opportunities (Florence)","HSE & Quality","Florence, Italy","2026-03-16","https://bakerhughes.wd5.myworkdayjobs.com/BakerHughes/job/IT-FI-FLORENCE-VIA-FELICE-MATTEUCCI-2/Emerging-Talent---HSE-Intern-2026-Opportunities--Florence-_R162173/apply"
"Cameroon","Baker Hughes","Field Specialist GEN - DRS","Field Operations","Douala, Cameroon","2026-03-16","https://bakerhughes.wd5.myworkdayjobs.com/BakerHughes/job/CM-DOUALA-PLATEAUX-JOSS--DERRIERE-HOTEL-LA-FALAISE-BONANJO/R161284-Field-Specialist-GEN---DRS_R161950/apply"
"Uzbekistan","Baker Hughes","Emerging Talent: LEAD - Field Engineer (Uzbekistan) 2026 Opportunities","Engineering","Tashkent, Uzbekistan","2026-03-16","https://bakerhughes.wd5.myworkdayjobs.com/BakerHughes/job/UZ-TASHKENT-TASHKENT-BOBUR-STR-73-YAKKASARAY-DISTRICT/Emerging-Talent--LEAD---Field-Engineer--Uzbekistan--2026-Opportunities_R161433/apply"
"USA","Baker Hughes","Senior Associate - BD, Capital Solutions","Other","Houston, USA","2026-03-16","https://bakerhughes.wd5.myworkdayjobs.com/BakerHughes/job/US-TX-HOUSTON-575-N-DAIRY-ASHFORD-RD-ENERGY-CENTER-II-EC2/Senior-Associate---BD--Capital-Solutions_R161006-1/apply"
"Netherlands","Baker Hughes","Procurement Specialist (Dutch Speaker)","Supply Chain","Son En Breugel, Netherlands","2026-02-16","https://bakerhughes.wd5.myworkdayjobs.com/BakerHughes/job/NL-SON-EN-BREUGEL-EKKERSRIJT-2052/Procurement-Specialist--Dutch-Speaker-_R159787/apply"
"Malaysia","Baker Hughes","Senior Production Technologist","Other","Kuala Lumpur, Malaysia","2026-02-05","https://bakerhughes.wd5.myworkdayjobs.com/BakerHughes/job/MY-KUL-KUALA-LUMPUR-21ST-FLOOR-MENARA-TAN--TAN/Senior-Production-Technologist_R158482/apply"
"Türkiye","Baker Hughes","Assembly, Maintenance and Overhaul Mechanic - Turkey Nationals","Field Operations","Instanbul, Türkiye","2026-03-18","https://bakerhughes.wd5.myworkdayjobs.com/BakerHughes/job/TR-INSTANBUL-ESKI-BUYUKDERE-CAD-NO-27/Assembly--Maintenance-and-Overhaul-Mechanic---Turkey-Nationals_R159092/apply"
"Mexico","Baker Hughes","Ingenieros de Aplicaciones para cementación","Other","Ciudad Del Carmen, Mexico","2026-03-17","https://bakerhughes.wd5.myworkdayjobs.com/BakerHughes/job/MX-CMP-CIUDAD-DEL-CARMEN-CARRETERA-FEDERAL-189/Ingenieros-de-Aplicaciones-para-cementacin_R161518/apply"
"India","Baker Hughes","Field Operator II","Field Operations","Taloja, India","2026-03-18","https://bakerhughes.wd5.myworkdayjobs.com/BakerHughes/job/IN-TALOJA-SRV-NO-991A3--991A2-PT-VILAGE-VAVANJE-RAIGAD-DIS/Field-Operator-II_R161081/apply"
"Italy","Baker Hughes","Emerging Talent – Global Supplier Execution 2026 Opportunities (Florence)","Human Resources","Florence, Italy","2026-03-18","https://bakerhughes.wd5.myworkdayjobs.com/BakerHughes/job/IT-FI-FLORENCE-VIA-FELICE-MATTEUCCI-2/Emerging-Talent---Global-Supplier-Execution-2026-Opportunities--Florence-_R162250/apply"
"Malaysia","Baker Hughes","Contract Performance Manager","Management","Jalan Tun Razak, Malaysia","2026-03-03","https://bakerhughes.wd5.myworkdayjobs.com/BakerHughes/job/MY-KUL-KUALA-LUMPUR-19th-FLOOR-MENARA-TAN--TAN/Contract-Performance-Manager_R159646/apply"
"Malaysia","Baker Hughes","Sourcing Professional - Buying/Procurement","Supply Chain","Kuala Lumpur, Malaysia","2026-03-18","https://bakerhughes.wd5.myworkdayjobs.com/BakerHughes/job/MY-KUL-KUALA-LUMPUR-21ST-FLOOR-MENARA-TAN--TAN/Sourcing-Professional---Buying-Procurement_R162237/apply"
"Mexico","Baker Hughes","ITC Program Manager","Management","Veracruz, Mexico","2026-03-18","https://bakerhughes.wd5.myworkdayjobs.com/BakerHughes/job/MX-OTHER-MEXICO/ITC-Program-Manager_R157901/apply"
"USA","Baker Hughes","Field Specialist - Fishing Services","Field Operations","Pleasanton, USA","2026-03-18","https://bakerhughes.wd5.myworkdayjobs.com/BakerHughes/job/US-TX-PLEASANTON-6938-FARM-TO-MARKET-ROAD-1784/Field-Specialist---Fishing-Services_R161854/apply"
"USA","Baker Hughes","IT Sourcing Category Manager – Software & Cloud","IT & Digital","Houston, USA","2026-03-18","https://bakerhughes.wd5.myworkdayjobs.com/BakerHughes/job/US-TX-HOUSTON-575-N-DAIRY-ASHFORD-RD-ENERGY-CENTER-II-EC2/IT-Sourcing-Category-Manager---Software---Cloud_R161596-1/apply"
"USA","Baker Hughes","Finance Advisor – Financial Reporting","Finance & Accounting","Houston, USA","2026-03-18","https://bakerhughes.wd5.myworkdayjobs.com/BakerHughes/job/US-TX-HOUSTON-575-N-DAIRY-ASHFORD-RD-ENERGY-CENTER-II-EC2/Finance-Advisor---Financial-Reporting_R160734-1/apply"
"USA","Baker Hughes","Sales Sr. Advisor","Sales & Commercial","Chicago, USA","2026-03-18","https://bakerhughes.wd5.myworkdayjobs.com/BakerHughes/job/US-IL-OTHER-Chicago/Sales-Sr-Advisor_R161855/apply"
"Guyana","Baker Hughes","Technical Services Representative","Other","Georgetown, Guyana","2026-03-17","https://bakerhughes.wd5.myworkdayjobs.com/BakerHughes/job/GY-Demerara-Georgetown-Tract-X-Land-of-Canaan-on-the-Eastern-Bank-of-the-Demerara-Riv/Technical-Services-Representative_R161048/apply"
"Vietnam","Baker Hughes","Subsea Controls Engineer","Engineering","Ho Chi Minh, Vietnam","2026-03-18","https://bakerhughes.wd5.myworkdayjobs.com/BakerHughes/job/VN-HO-CHI-MINH-285-CACH-MANG-THANG-TAM-STREET/Subsea-Controls-Engineer_R161991/apply"
"Thailand","Baker Hughes","Service Delivery Coordinator – Drilling & Completion Fluids","Drilling & Well Services","Thailand","2026-03-18","https://bakerhughes.wd5.myworkdayjobs.com/BakerHughes/job/TH-CHATUCHAK-SHINAWATRA-TOWER-III/Service-Delivery-Coordinator---Drilling---Completion-Fluids_R150623-1/apply"
"Singapore","Baker Hughes","Technician Machinist","Field Operations","Singapore, Singapore","2026-03-18","https://bakerhughes.wd5.myworkdayjobs.com/BakerHughes/job/SG-SINGAPORE-273-JALAN-AHMAD-IBRAHIM/Technician-Machinist_R162236/apply"
"India","Baker Hughes","Billing and collection Professional","Other","Navi Mumbai, India","2026-03-18","https://bakerhughes.wd5.myworkdayjobs.com/BakerHughes/job/IN-NAVI-MUMBAI-TTC-INDUSTRIAL-AREA-AIROLI-MAHARASHTRA/Support-Services-Professional---Admin-Support_R161895/apply"
"Malaysia","Baker Hughes","AP Assurance Analyst","Other","Kuala Lumpur, Malaysia","2026-03-18","https://bakerhughes.wd5.myworkdayjobs.com/BakerHughes/job/MY-KUL-KUALA-LUMPUR-21ST-FLOOR-MENARA-TAN--TAN/AP-Assurance-Analyst_R162140/apply"
"France","Baker Hughes","Ingénieur(e) de service terrain (F/H)","Other","Dardilly, France","2026-03-18","https://bakerhughes.wd5.myworkdayjobs.com/BakerHughes/job/FR-Auvergne-Rhne-Alpes-Dardilly-15-chemin-du-Plateau/Ingnieur-e--de-service-terrain--F-H-_R161818/apply"
"India","Baker Hughes","Software Engineering Manager (C#, WPF, X-Ray/NDT)","Engineering","Bangalore, India","2026-03-18","https://bakerhughes.wd5.myworkdayjobs.com/BakerHughes/job/IN-KA-BANGALORE-NEON-BUILDING-WEST-TOWER/Software-Engineering-Manager--C---WPF--X-Ray-NDT-_R160981/apply"
"USA","Baker Hughes","Assembler - Mechanical II","Field Operations","Minden, USA","2026-03-18","https://bakerhughes.wd5.myworkdayjobs.com/BakerHughes/job/US-NV-MINDEN-1631-BENTLY-PARKWAY-SOUTH/Assembler---Mechanical-II_R160048/apply"
"UK","Baker Hughes","​​Lead System Engineer  (Generator, Motor, PRISMIC, Synchronous Condenser)​","Engineering","Ashby de la Zouch, UK","2026-02-11","https://bakerhughes.wd5.myworkdayjobs.com/BakerHughes/job/GB-Ashby-de-la-Zouch-Power-House-Excelsior-Road/XMLNAME---Lead-System-Engineer---Generator--Motor--PRISMIC--Synchronous-Condenser--_R158903/apply"
"Malaysia","Baker Hughes","Senior Software Sales Manager - Oilfield Services & Equipment","IT & Digital","Kuala Lumpur, Malaysia","2026-02-12","https://bakerhughes.wd5.myworkdayjobs.com/BakerHughes/job/MY-KUL-KUALA-LUMPUR-21ST-FLOOR-MENARA-TAN--TAN/Senior-Software-Sales-Manager---Oilfield-Services---Equipment_R159169-1/apply"
"UK","Baker Hughes","Lead Project Planner","Other","Nailsea, UK","2026-03-19","https://bakerhughes.wd5.myworkdayjobs.com/BakerHughes/job/GB-SO-NAILSEA-2-HIGH-STREET/Lead-Project-Planner_R162287/apply"
"Vietnam","Baker Hughes","Services Experienced Professional - Technical Advising","Other","Ba Dinh District, Vietnam","2026-03-19","https://bakerhughes.wd5.myworkdayjobs.com/BakerHughes/job/VN-Hanoi-Hanoi-360-Kim-Ma-Street-Ba-Dinh-District/Services-Experienced-Professional---Technical-Advising_R162117/apply"
"Italy","Baker Hughes","Mechanical Field Service Engineer for ITP","Engineering","Florence, Italy","2026-02-12","https://bakerhughes.wd5.myworkdayjobs.com/BakerHughes/job/IT-FI-FLORENCE-VIA-FELICE-MATTEUCCI-2/Mechanical-Field-Service-Engineer-for-ITP_R158505/apply"
"Singapore","Baker Hughes","Lead Engineer, Mechanical, Customer Order Engineering - Customer Application Engineering (Subsea Wellhead Casing Solution)","Engineering","Singapore, Singapore","2026-03-19","https://bakerhughes.wd5.myworkdayjobs.com/BakerHughes/job/SG-SINGAPORE-2-BENOI-ROAD/Engineering-Specialist---Customer-Application-Engineering_R160590/apply"
"Czechia","Baker Hughes","Quality Engineer (ž/m)","Engineering","Pilsen, Czechia","2026-02-22","https://bakerhughes.wd5.myworkdayjobs.com/BakerHughes/job/CZ-DOUDLEVCE-PILSEN-EDVARDA-BENESE-56439/Inenr-kvality---Engineering----m-_R157088/apply"
"Australia","Baker Hughes","AMO Technician - Electromechanical II","Field Operations","Roma, Australia","2026-03-19","https://bakerhughes.wd5.myworkdayjobs.com/BakerHughes/job/AU-Queensland-Roma-126-Corfe-Street/AMO-Technician---Electromechanical-II_R161750/apply"
"Australia","Baker Hughes","AMO Technician - Electromechanical II","Field Operations","Roma, Australia","2026-03-19","https://bakerhughes.wd5.myworkdayjobs.com/BakerHughes/job/AU-Queensland-Roma-126-Corfe-Street/AMO-Technician---Electromechanical-II_R161751/apply"
"Australia","Baker Hughes","AMO Technician - Electro Mech II","Field Operations","Roma, Australia","2026-03-19","https://bakerhughes.wd5.myworkdayjobs.com/BakerHughes/job/AU-Queensland-Roma-126-Corfe-Street/AMO-Technician---Electro-Mech-II_R161753/apply"
"Australia","Baker Hughes","AMO Technician - Electromechanical II","Field Operations","Roma, Australia","2026-03-19","https://bakerhughes.wd5.myworkdayjobs.com/BakerHughes/job/AU-Queensland-Roma-126-Corfe-Street/AMO-Technician---Electromechanical-II_R161752/apply"
"Italy","Baker Hughes","Services Experienced Professional - Parts Services","Other","Florence, Italy","2026-03-06","https://bakerhughes.wd5.myworkdayjobs.com/BakerHughes/job/IT-FI-FLORENCE-VIA-FELICE-MATTEUCCI-2/Services-Experienced-Professional---Parts-Services_R161451/apply"
"UK","Baker Hughes","Lead Engineer, Mechanical, Customer Order Engineering - Customer Application Engineering (Subsea Wellhead Casing Solution)","Engineering","Aberdeen, UK","2026-03-19","https://bakerhughes.wd5.myworkdayjobs.com/BakerHughes/job/GB-AC-ABERDEEN-BAKER-HUGHES-BUILDING/Customer-Application-Engineer_R162288/apply"
"Malaysia","Baker Hughes","Contract Performance Manager","Management","Kuala Lumpur, Malaysia","2026-03-19","https://bakerhughes.wd5.myworkdayjobs.com/BakerHughes/job/MY-KUL-KUALA-LUMPUR-21ST-FLOOR-MENARA-TAN--TAN/Contract-Performance-Manager_R162133/apply"
"Singapore","Baker Hughes","Lead Engineer, Well Systems","Engineering","Singapore, Singapore","2026-03-19","https://bakerhughes.wd5.myworkdayjobs.com/BakerHughes/job/SG-SINGAPORE-2-BENOI-ROAD/Lead-Engineer--Product-Design-and-Engineering---Mechanical_R162043-1/apply"
"Indonesia","Baker Hughes","Early Career Trainee: Geomechanics - Indonesia","Field Operations","Jakarta, Indonesia","2026-03-19","https://bakerhughes.wd5.myworkdayjobs.com/BakerHughes/job/DNU-ID-JW-JAKARTA-JI-RA-KARTINI-KAV-8-CILANDAK-BARAT/Early-Career-Trainee--Geomechanics---Indonesia_R161569/apply"
"India","Baker Hughes","ABAP role - Developer - MM / SD / Costing","IT & Digital","Mumbai, India","2026-03-12","https://bakerhughes.wd5.myworkdayjobs.com/BakerHughes/job/IN-MH-MUMBAI-HIRANANDANI-BUSINESS-PARK-POWAI/Solution-Architect---SAP-Controlling--CO-_R160612/apply"
"France","Baker Hughes","Thermodyn recrute - Forum emploi","Other","Le Creusot, France","2026-03-17","https://bakerhughes.wd5.myworkdayjobs.com/BakerHughes/job/FR-BFC-LE-CREUSOT-480-ALLEE-GUSTAVE-EIFFEL/Thermodyn-recrute---Forum-emploi_R162197/apply"
"Kazakhstan","Baker Hughes","Field Specialist - Logging / Measurement while Drilling","Drilling & Well Services","Aksay, Kazakhstan","2026-03-17","https://bakerhughes.wd5.myworkdayjobs.com/BakerHughes/job/KZ-Aksai-Aksay-Industrial-Zone-Building-99H-Burlin-Region-West-Kazakhstan-Oblast/Field-Specialist---Logging---Measurement-while-Drilling_R162036/apply"
"Azerbaijan","Baker Hughes","Tendering Advisor - Pressure Pumping","Other","Baku, Azerbaijan","2026-03-17","https://bakerhughes.wd5.myworkdayjobs.com/BakerHughes/job/AZ-Baku-Baku-15th-Km-of-the-Baku-Salyan-Highway-1F-Garadag-District/Tendering-Advisor---Pressure-Pumping_R161691/apply"
"Italy","Baker Hughes","Saldatore - ARMO Mechanic II","Field Operations","Florence, Italy","2026-03-17","https://bakerhughes.wd5.myworkdayjobs.com/BakerHughes/job/IT-FI-FLORENCE-VIA-FELICE-MATTEUCCI-2/Saldatore---ARMO-Mechanic-II_R161797/apply"
"India","Baker Hughes","Customer Order Engineering - Mechanical","Engineering","Bangalore, India","2026-03-18","https://bakerhughes.wd5.myworkdayjobs.com/BakerHughes/job/IN-KA-BANGALORE-NEON-BUILDING-WEST-TOWER/Customer-Order-Engineering---Mechanical_R159280/apply"
"India","Baker Hughes","Product Marketing - Design Studio Team Leader","Sales & Commercial","Bangalore, India","2026-03-18","https://bakerhughes.wd5.myworkdayjobs.com/BakerHughes/job/IN-KA-BANGALORE-NEON-BUILDING-WEST-TOWER/Product-Marketing---Design-Studio-Team-Leader_R161838-1/apply"
"UK","Baker Hughes","Lead Project Management Specialist - Project Planning","Other","Aberdeen, UK","2026-02-25","https://bakerhughes.wd5.myworkdayjobs.com/BakerHughes/job/GB-AC-ABERDEEN-BAKER-HUGHES-BUILDING/Lead-Project-Management-Specialist---Project-Planning_R158871/apply"
"UK","Baker Hughes","Electronics Technician","Field Operations","Nailsea, UK","2026-03-17","https://bakerhughes.wd5.myworkdayjobs.com/BakerHughes/job/GB-SO-NAILSEA-2-HIGH-STREET/Electronics-Technician_R160540/apply"
"India","Baker Hughes","Digital Technology Experienced Professional - IT Operations","IT & Digital","Bangalore, India","2026-03-17","https://bakerhughes.wd5.myworkdayjobs.com/BakerHughes/job/IN-KA-BANGALORE-NEON-BUILDING-WEST-TOWER/Digital-Technology-Experienced-Professional---IT-Operations_R161776/apply"
"India","Baker Hughes","Engineer 1, Customer Order Engineering - Automation & Control","Engineering","Hyderabad, India","2026-03-17","https://bakerhughes.wd5.myworkdayjobs.com/BakerHughes/job/IN-TG-HYDERABAD-SKYVIEW-BUILDING/Engineer-1--Customer-Order-Engineering---Automation---Control_R162040/apply"
"India","Baker Hughes","Engineer 1, Customer Order Engineering - Automation & Control","Engineering","Hyderabad, India","2026-03-17","https://bakerhughes.wd5.myworkdayjobs.com/BakerHughes/job/IN-TG-HYDERABAD-SKYVIEW-BUILDING/Engineer-1--Customer-Order-Engineering---Automation---Control_R162041/apply"
"USA","Baker Hughes","Solutions Architect - SAP CPQ","Other","Houston, USA","2026-03-18","https://bakerhughes.wd5.myworkdayjobs.com/BakerHughes/job/US-TX-HOUSTON-575-N-DAIRY-ASHFORD-RD-ENERGY-CENTER-II-EC2/Digital-Technology-Advisor---Solution-Architecture-CPQ_R160607-1/apply"
"Italy","Baker Hughes","Services Specialist - Materials Management","Supply Chain","Florence, Italy","2026-03-18","https://bakerhughes.wd5.myworkdayjobs.com/BakerHughes/job/IT-FI-FLORENCE-VIA-FELICE-MATTEUCCI-2/Services-Specialist---Materials-Management_R161499/apply"
"UK","Baker Hughes","Service Controls Project Manager","Management","Nailsea, UK","2026-03-17","https://bakerhughes.wd5.myworkdayjobs.com/BakerHughes/job/GB-SO-NAILSEA-2-HIGH-STREET/Service-Controls-Project-Manager_R158895/apply"
"Norway","Baker Hughes","12-month Emerging Talent – Purchasing Intern 2026 Opportunities (Norway)","Human Resources","Stavanger, Norway","2026-03-18","https://bakerhughes.wd5.myworkdayjobs.com/BakerHughes/job/NO-STAVANGER-SOTHAMMARGEILEN-1/Emerging-Talent---Purchasing-Intern-2026-Opportunities--Norway-_R158422/apply"
"UK","Baker Hughes","12-month Emerging Talent – Quality Intern 2026 Opportunities (Nailsea)","HSE & Quality","Nailsea, UK","2026-03-18","https://bakerhughes.wd5.myworkdayjobs.com/BakerHughes/job/GB-SO-NAILSEA-2-HIGH-STREET/Emerging-Talent---Quality-Intern-2026-Opportunities--Nailsea-_R159892/apply"
"UK","Baker Hughes","12-month Emerging Talent – Manufacturing Intern 2026 Opportunities (Newcastle)","Human Resources","Newcastle-Upon-Tyne, UK","2026-03-18","https://bakerhughes.wd5.myworkdayjobs.com/BakerHughes/job/GB-NEWCASTLE-UPON-TYNE-WINCOMBLEE-ROAD-WELLSTREAM-HOUSE/Emerging-Talent---Manufacturing-Intern-2026-Opportunities--Newcastle-_R159879/apply"
"UK","Baker Hughes","12-month Emerging Talent – Sourcing Intern 2026 Opportunities (Newcastle)","Human Resources","Newcastle-Upon-Tyne, UK","2026-03-18","https://bakerhughes.wd5.myworkdayjobs.com/BakerHughes/job/GB-NEWCASTLE-UPON-TYNE-WINCOMBLEE-ROAD-WELLSTREAM-HOUSE/Emerging-Talent---Sourcing-Intern-2026-Opportunities--Newcastle-_R159888/apply"
"UK","Baker Hughes","12-month Emerging Talent – Purchasing Intern 2026 Opportunities (Newcastle)","Human Resources","Newcastle-Upon-Tyne, UK","2026-03-18","https://bakerhughes.wd5.myworkdayjobs.com/BakerHughes/job/GB-NEWCASTLE-UPON-TYNE-WINCOMBLEE-ROAD-WELLSTREAM-HOUSE/Emerging-Talent---Purchasing-Intern-2026-Opportunities--Newcastle-_R159911/apply"
"UK","Baker Hughes","12-month Emerging Talent – Purchasing Intern 2026 Opportunities (Montrose)","Human Resources","Montrose, UK","2026-03-18","https://bakerhughes.wd5.myworkdayjobs.com/BakerHughes/job/GB-AN-MONTROSE-CHARLETON-ROAD/Emerging-Talent---Purchasing-Intern-2026-Opportunities--Montrose-_R159882/apply"
"UK","Baker Hughes","12-month Emerging Talent – Sourcing Intern 2026 Opportunities (Nailsea)","Human Resources","Nailsea, UK","2026-03-18","https://bakerhughes.wd5.myworkdayjobs.com/BakerHughes/job/GB-SO-NAILSEA-2-HIGH-STREET/Emerging-Talent---Sourcing-Intern-2026-Opportunities--Nailsea-_R159881/apply"
"USA","Baker Hughes","R&D Optical Engineer","Engineering","Skaneateles, USA","2026-03-18","https://bakerhughes.wd5.myworkdayjobs.com/BakerHughes/job/US-NY-SKANEATELES-721-VISIONS-DRIVE/R-D-Optical-Engineer_R161823-1/apply"
"Poland","Baker Hughes","Senior Engineer, Disciplinary Engineering and Science - Electrical","Engineering","Warsaw, Poland","2026-03-18","https://bakerhughes.wd5.myworkdayjobs.com/BakerHughes/job/PL-PDK-WARSAW-ALEJA-KRAKOWSKA-110114-BLD-3014613/Senior-Engineer--Disciplinary-Engineering-and-Science---Electrical_R159999/apply"
"UK","Baker Hughes","12-month Emerging Talent – Purchasing Intern 2026 Opportunities (Aberdeen)","Human Resources","Aberdeen, UK","2026-03-18","https://bakerhughes.wd5.myworkdayjobs.com/BakerHughes/job/GB-AC-ABERDEEN-BRIDGE-OF-DON-INDUSTRIAL-ESTATE/Emerging-Talent---Purchasing-Intern-2026-Opportunities--Aberdeen-_R159887/apply"
"UK","Baker Hughes","12-month Emerging Talent – Quality Intern 2026 Opportunities (Aberdeen)","HSE & Quality","Aberdeen, UK","2026-03-18","https://bakerhughes.wd5.myworkdayjobs.com/BakerHughes/job/GB-AC-ABERDEEN-BRIDGE-OF-DON-INDUSTRIAL-ESTATE/Emerging-Talent---Quality-Intern-2026-Opportunities--Aberdeen-_R159885-1/apply"
"UK","Baker Hughes","12-month Emerging Talent – Engineering Intern 2026 Opportunities (Nailsea)","Engineering","Nailsea, UK","2026-03-18","https://bakerhughes.wd5.myworkdayjobs.com/BakerHughes/job/GB-SO-NAILSEA-2-HIGH-STREET/Emerging-Talent---Engineering-Intern-2026-Opportunities--Nailsea-_R159886/apply"
"USA","Baker Hughes","Sr. Key Account Manager","Finance & Accounting","Houston, USA","2026-03-18","https://bakerhughes.wd5.myworkdayjobs.com/BakerHughes/job/US-TX-HOUSTON-4425-WESTWAY-PARK-BLVD/Sr-Key-Account-Manager_R158617/apply"
"India","Baker Hughes","Cyber Security Specialist - Regulatory Compliance","IT & Digital","Bangalore, India","2026-03-11","https://bakerhughes.wd5.myworkdayjobs.com/BakerHughes/job/IN-KA-BANGALORE-NEON-BUILDING-WEST-TOWER/Digital-Technology-Senior-Specialist---Regulatory-Compliance_R161330-1/apply"
"India","Baker Hughes","Senior Geophysicist – GaffneyCline Energy Advisory","Geoscience","Gurgaon, India","2026-03-16","https://bakerhughes.wd5.myworkdayjobs.com/BakerHughes/job/IN-HARYANA-GURUGRAM-10th-Floor-Tower-10B-DLF-Cyber-City-DLF-Phase-2-Sec-24/Senior-Geophysicist---GaffneyCline-Energy-Advisory_R161044/apply"
"Hungary","Baker Hughes","Lean Engineer","Engineering","Fot, Hungary","2026-03-20","https://bakerhughes.wd5.myworkdayjobs.com/BakerHughes/job/HU-PE-FOT-EAST-GATE-BUSINESS-PARK/Manufacturing-Engineer-Manager---LEAN_R160220/apply"
"USA","Baker Hughes","ASPIRE – IET GTS (United States) 2026 Opportunities","Other","Houston, USA","2026-03-20","https://bakerhughes.wd5.myworkdayjobs.com/BakerHughes/job/US-TX-HOUSTON-575-N-DAIRY-ASHFORD-RD-ENERGY-CENTER-II-EC2/ASPIRE---IET-GTS--United-States--2026-Opportunities_R157803-1/apply"
"Italy","Baker Hughes","Saldatore di Officina","Other","Vibo Valentia, Italy","2026-02-23","https://bakerhughes.wd5.myworkdayjobs.com/BakerHughes/job/IT-VV-VIBO-VALENTIA-VIA-LE-MARINATE/Saldatore-di-Officina_R160642/apply"
"Germany","Baker Hughes","Emerging Talent - Werkstudent:in, Praktikum und Bachelorarbeit – Engineering & Technology 2026 (Wunstorf)","Engineering","Wunstorf, Germany","2026-03-20","https://bakerhughes.wd5.myworkdayjobs.com/BakerHughes/job/DE-NI-WUNSTORF-NIELS-BOHR-STR-7/Emerging-Talent---Praktikum-und-Bachelorarbeit--Engineering---Technology-2026--Wunstorf-_R161159/apply"
"USA","Baker Hughes","Lead Account Manager - Upstream Chemicals (Big Spring)","Finance & Accounting","Big Spring, USA","2026-03-19","https://bakerhughes.wd5.myworkdayjobs.com/BakerHughes/job/US-TX-BIG-SPRING-6401-WEST-I-20/Lead-Account-Manager---Upstream-Chemicals--Big-Spring----_R161107/apply"
"Brazil","Baker Hughes","Field Specialist - Controls - Gas Turbine / Compressors","Field Operations","Macae, Brazil","2026-03-19","https://bakerhughes.wd5.myworkdayjobs.com/BakerHughes/job/BR-RJ-MACAE-ESTRADA-DE-FAZENDA-SAO-JOSE-DO-MUTUM-200/Field-Specialist---Controls---Gas-Turbine---Compressors_R161362/apply"
"USA","Baker Hughes","Transformation OFSE Financing Sr. Advisor","Finance & Accounting","Houston, USA","2026-03-19","https://bakerhughes.wd5.myworkdayjobs.com/BakerHughes/job/US-TX-HOUSTON-575-N-DAIRY-ASHFORD-RD-ENERGY-CENTER-II-EC2/Transformation-OFSE-Financing-Sr-Advisor_R161414-1/apply"
"Brazil","Baker Hughes","Field Specialist - Mechanical Gas Turbine / Compressors - Brazil","Field Operations","Macae, Brazil","2026-03-19","https://bakerhughes.wd5.myworkdayjobs.com/BakerHughes/job/BR-RJ-MACAE-ESTRADA-DE-FAZENDA-SAO-JOSE-DO-MUTUM-200/Field-Specialist---Mechanical-Gas-Turbine---Compressors---Brazil_R161361/apply"
"Slovakia","Baker Hughes","Manufacturing Professional - Prod Process and Equip","Other","Slovakia","2026-03-20","https://bakerhughes.wd5.myworkdayjobs.com/BakerHughes/job/SK-NOVE-MESTO-NAD-VAHOM-TRENCIANSKA-15/Manufacturing-Professional---Prod-Process-and-Equip_R162136-1/apply"
"USA","Baker Hughes","S&OP Leader - FPS Onshore","Other","Houston, USA","2026-03-17","https://bakerhughes.wd5.myworkdayjobs.com/BakerHughes/job/US-TX-HOUSTON-13717-WEST-HARDY-ROAD/S-OP-Leader---FPS-Onshore_R161724/apply"
"Italy","Baker Hughes","Project Management Senior Advisor - Site/Installation Op","Other","Florence, Italy","2026-03-17","https://bakerhughes.wd5.myworkdayjobs.com/BakerHughes/job/IT-FI-FLORENCE-VIA-FELICE-MATTEUCCI-2/Project-Management-Senior-Advisor---Site-Installation-Op_R161260-1/apply"
"Italy","Baker Hughes","Program Management Senior Specialist - Processes and Tools","Other","Florence, Italy","2026-03-17","https://bakerhughes.wd5.myworkdayjobs.com/BakerHughes/job/IT-FI-FLORENCE-VIA-FELICE-MATTEUCCI-2/Project-Management-Senior-Specialist---Processes-and-Tools_R160650-1/apply"
"Argentina","Baker Hughes","Senior Sales Manager","Sales & Commercial","Buenos Aires, Argentina","2026-03-17","https://bakerhughes.wd5.myworkdayjobs.com/BakerHughes/job/AR-Bueno-Aires-Bueno-Aires-Juana-Manso-Nro-205-Piso-4-Ciudad-Autonoma-De/Senior-Sales-Manager_R161915/apply"
"France","Baker Hughes","Ingénieur Documentation Technique et Industrielle","Other","Conde-Sur-Noireau, France","2026-03-17","https://bakerhughes.wd5.myworkdayjobs.com/BakerHughes/job/FR-NOR-CONDE-SUR-NOIREAU-3-RUE-SAINT-PIERRE/Ingnieur-Documentation-Technique-et-Industrielle_R161848/apply"
"USA","Baker Hughes","Specialized Application Engineer - Nuclear","Engineering","Pasadena, USA","2026-03-17","https://bakerhughes.wd5.myworkdayjobs.com/BakerHughes/job/US-TX-10575-Red-Bluff-Road/Specialized-Application-Engineer---Nuclear_R158465-1/apply"
"Italy","Baker Hughes","Manufacturing Engineer (d/f/m)","Engineering","Talamona, Italy","2026-03-17","https://bakerhughes.wd5.myworkdayjobs.com/BakerHughes/job/IT-SO-TALAMONA-VIA-ROMA-32/Manufacturing-Engineer--d-f-m-_R154748/apply"
"USA","Baker Hughes","Account Manager (Upstream Chemicals)","Finance & Accounting","Plainville, USA","2026-03-17","https://bakerhughes.wd5.myworkdayjobs.com/BakerHughes/job/US-KS-PLAINVILLE-1625-W-ROAD/Account-Manager--Upstream-Chemicals----Mt-Pleasant--MI_R156161/apply"
"USA","Baker Hughes","Global Intelligence & Travel Security Operations Center Analyst","Other","Houston, USA","2026-03-17","https://bakerhughes.wd5.myworkdayjobs.com/BakerHughes/job/US-TX-HOUSTON-575-N-DAIRY-ASHFORD-RD-ENERGY-CENTER-II-EC2/Global-Intelligence---Travel-Security-Operations-Center-Analyst_R161565/apply"
"Brazil","Baker Hughes","FIELD SPEC IV","Field Operations","Macaé, Brazil","2026-03-17","https://bakerhughes.wd5.myworkdayjobs.com/BakerHughes/job/BR-RJ-MACAE-LAGOMAR-AV-ARAXA-240/FIELD-SPEC-III_R153709/apply"
"Norway","Baker Hughes","Emerging Talent – Warehouse & Yard Intern 2026 Opportunities (Norway)","Human Resources","Tananger, Norway","2026-03-17","https://bakerhughes.wd5.myworkdayjobs.com/BakerHughes/job/NO-ROGALAND-TANANGER-Kontinentalveien-8-N-4056/Emerging-Talent---Warehouse---Yard-Intern-2026-Opportunities--Norway-_R161888/apply"
"Italy","Baker Hughes","Environmental Health & Safety Manager - Fixed Facilities","HSE & Quality","Florence, Italy","2026-03-18","https://bakerhughes.wd5.myworkdayjobs.com/BakerHughes/job/IT-FI-FLORENCE-VIA-FELICE-MATTEUCCI-2/Environmental-Health---Safety-Manager---Fixed-Facilities_R161974-1/apply"
"Brazil","Baker Hughes","Services Senior Specialist - Service Delivery Coordination","Other","Rio de Janeiro, Brazil","2026-03-18","https://bakerhughes.wd5.myworkdayjobs.com/BakerHughes/job/BR-RJ-RIO-DE-JANEIRO-VENTURA-AV-REPUBLICA-DO-CHILE-330/Services-Senior-Specialist---Service-Delivery-Coordination_R161928-1/apply"
"Saudi Arabia","Baker Hughes","Coiled Tubing Drilling Field Specialist","Drilling & Well Services","Dhahran, Saudi Arabia","2026-03-18","https://bakerhughes.wd5.myworkdayjobs.com/BakerHughes/job/SA-DHAHRAN-ABQAIQ-HIGHWAY/Coiled-Tubing-Drilling-Field-Specialist_R158961/apply"
"Norway","Baker Hughes","12-month Emerging Talent – Quality Intern 2026 Opportunities (Norway)","HSE & Quality","Stavanger, Norway","2026-03-18","https://bakerhughes.wd5.myworkdayjobs.com/BakerHughes/job/NO-STAVANGER-SOTHAMMARGEILEN-1/Emerging-Talent---Quality-Intern-2026-Opportunities--Norway-_R158421/apply"
"UK","Baker Hughes","12-month Emerging Talent – Customer Experience Specialist Intern 2026 Opportunities (Aberdeen)","Human Resources","Aberdeen, UK","2026-03-18","https://bakerhughes.wd5.myworkdayjobs.com/BakerHughes/job/GB-AC-ABERDEEN-BAKER-HUGHES-BUILDING/Emerging-Talent---Customer-Experience-Specialist-Intern-2026-Opportunities--Aberdeen-_R161403/apply"
"USA","Baker Hughes","Field Specialist I - PT","Field Operations","Harrisburg, USA","2026-03-19","https://bakerhughes.wd5.myworkdayjobs.com/BakerHughes/job/US-PA-OTHER-PENNSYLVANIA/Field-Specialist-I---PT_R160984/apply"
"USA","Baker Hughes","Lead Operations Specialist","Other","Pleasanton, USA","2026-03-19","https://bakerhughes.wd5.myworkdayjobs.com/BakerHughes/job/US-TX-Pleasanton-495-Shale-Rd/Lead-Operations-Specialist_R162200/apply"
"USA","Baker Hughes","Lead Operations Specialist","Other","Pleasanton, USA","2026-03-19","https://bakerhughes.wd5.myworkdayjobs.com/BakerHughes/job/US-TX-Pleasanton-495-Shale-Rd/Lead-Operations-Specialist_R162205/apply"
"Czechia","Baker Hughes","Dělník v cívkárně (m/ž)","Other","Pilsen, Czechia","2026-03-19","https://bakerhughes.wd5.myworkdayjobs.com/BakerHughes/job/CZ-DOUDLEVCE-PILSEN-EDVARDA-BENESE-56439/Worker-in-coil-shop-Dlnk-v-cvkrn_R150103/apply"
"Mexico","Baker Hughes","Field Operator II - TBL","Field Operations","Ciudad Del Carmen, Mexico","2026-03-19","https://bakerhughes.wd5.myworkdayjobs.com/BakerHughes/job/MX-CMP-CIUDAD-DEL-CARMEN-CARRETERA-FEDERAL-189/Field-Operator-II---TBL_R161513/apply"
"Italy","Baker Hughes","Digital and Technical Program Manager","IT & Digital","Florence, Italy","2026-03-20","https://bakerhughes.wd5.myworkdayjobs.com/BakerHughes/job/IT-FI-FLORENCE-VIA-FELICE-MATTEUCCI-2/Digital-and-Technical-Program-Manager_R155554/apply"
"Poland","Baker Hughes","Lead Engineer, Product Design and Engineering - Automation Control Software","Engineering","Warsaw, Poland","2026-03-20","https://bakerhughes.wd5.myworkdayjobs.com/BakerHughes/job/PL-PDK-WARSAW-ALEJA-KRAKOWSKA-110114-BLD-3014613/Lead-Engineer--Product-Design-and-Engineering---Automation-Control-Software_R162047-1/apply"
"India","Baker Hughes","Field Service Engineer - Mechanical Aero Derivative Gas Turbine","Engineering","Gurgaon, India","2025-06-18","https://bakerhughes.wd5.myworkdayjobs.com/BakerHughes/job/IN-HARYANA-GURUGRAM-10th-Floor-Tower-10B-DLF-Cyber-City-DLF-Phase-2-Sec-24/Field-Service-Engineer---Mechanical-Aero-Derivative-Gas-Turbine_R125383/apply"
"India","Baker Hughes","Field Service Engineer - Instrumentation & Controls (Mark VIe/Mark VI/ Mark V)","Engineering","Gurgaon, India","2026-02-12","https://bakerhughes.wd5.myworkdayjobs.com/BakerHughes/job/IN-HARYANA-GURUGRAM-10th-Floor-Tower-10B-DLF-Cyber-City-DLF-Phase-2-Sec-24/Field-Service-Engineer---Instrumentation---Controls--Mark-VIe-Mark-VI--Mark-V-_R139460/apply"
"India","Baker Hughes","Field Specialist Instrumentation and Control","Field Operations","Gurgaon, India","2026-03-17","https://bakerhughes.wd5.myworkdayjobs.com/BakerHughes/job/IN-HARYANA-GURUGRAM-10th-Floor-Tower-10B-DLF-Cyber-City-DLF-Phase-2-Sec-24/Field-Specialist-Instrumentation-and-Control_R162217/apply"
"India","Baker Hughes","Field Service Engineer - Centrifugal Compressor","Engineering","Gurgaon, India","2026-02-18","https://bakerhughes.wd5.myworkdayjobs.com/BakerHughes/job/IN-HARYANA-GURUGRAM-10th-Floor-Tower-10B-DLF-Cyber-City-DLF-Phase-2-Sec-24/Field-Service-Engineer---Centrifugal-Compressor_R69642/apply"
"India","Baker Hughes","Digital Technology Senior Specialist - Identity Management Engineering","Engineering","Bangalore, India","2026-03-18","https://bakerhughes.wd5.myworkdayjobs.com/BakerHughes/job/IN-KA-BANGALORE-NEON-BUILDING-WEST-TOWER/Digital-Technology-Senior-Specialist---Identity-Management-Engineering_R161549-1/apply"
"India","Baker Hughes","Field Service Engineer – Heavy Duty Gas Turbine","Engineering","Gurgaon, India","2026-02-12","https://bakerhughes.wd5.myworkdayjobs.com/BakerHughes/job/IN-HARYANA-GURUGRAM-10th-Floor-Tower-10B-DLF-Cyber-City-DLF-Phase-2-Sec-24/Field-Service-Engineer---Heavy-Duty-Gas-Turbine_R90095/apply"
"USA","Baker Hughes","OIC Global Sales Enablement","Sales & Commercial","Sugar Land, USA","2026-03-19","https://bakerhughes.wd5.myworkdayjobs.com/BakerHughes/job/US-TX-SUGAR-LAND-12645-WEST-AIRPORT-BLVD/OIC-Global-Sales-Enablement_R162234/apply"
"Brazil","Baker Hughes","Sales Advisor - Risk Mitigation (North America)","Sales & Commercial","Campinas, Brazil","2026-03-24","https://bakerhughes.wd5.myworkdayjobs.com/BakerHughes/job/BR-SP-CAMPINAS-RODOVIA-SP-101-KM-38/Sales-Advisor---Risk-Mitigation--North-America-_R161912/apply"
"Mexico","Baker Hughes","Ingenieros de Aplicaciones para cementación","Other","Ciudad Del Carmen, Mexico","2026-03-17","https://bakerhughes.wd5.myworkdayjobs.com/BakerHughes/job/MX-CMP-CIUDAD-DEL-CARMEN-CARRETERA-FEDERAL-189/Ingenieros-de-Aplicaciones-para-cementacin_R161517/apply"
"Mexico","Baker Hughes","SDC PARA OPERACIONES DE COILED TUBING","Other","Ciudad Del Carmen, Mexico","2026-03-17","https://bakerhughes.wd5.myworkdayjobs.com/BakerHughes/job/MX-CMP-CIUDAD-DEL-CARMEN-CARRETERA-FEDERAL-189/SDC-PARA-OPERACIONES-DE-COILED-TUBING_R161514/apply"
"USA","Baker Hughes","Field Specialist","Field Operations","Pleasanton, USA","2026-03-24","https://bakerhughes.wd5.myworkdayjobs.com/BakerHughes/job/US-TX-Pleasanton-495-Shale-Rd/Field-Specialist_R162412/apply"
"Italy","Baker Hughes","Digital Technology Senior Specialist - Project Manager","IT & Digital","Florence, Italy","2026-03-24","https://bakerhughes.wd5.myworkdayjobs.com/BakerHughes/job/IT-FI-FLORENCE-VIA-FELICE-MATTEUCCI-2/Digital-Technology-Senior-Specialist---Project-Manager_R161551/apply"
"Italy","Baker Hughes","Global Product Manager","Management","Florence, Italy","2026-03-05","https://bakerhughes.wd5.myworkdayjobs.com/BakerHughes/job/IT-FI-FLORENCE-VIA-FELICE-MATTEUCCI-2/Global-Product-Manager_R159968-1/apply"
"UK","Baker Hughes","Lead Procurement Specialist","Supply Chain","Nailsea, UK","2026-03-24","https://bakerhughes.wd5.myworkdayjobs.com/BakerHughes/job/GB-SO-NAILSEA-2-HIGH-STREET/Lead-Procurement-Specialist_R162381/apply"
"France","Baker Hughes","Technicien.neSAV (F/H)","Other","Conde-Sur-Noireau, France","2026-02-11","https://bakerhughes.wd5.myworkdayjobs.com/BakerHughes/job/FR-NOR-CONDE-SUR-NOIREAU-3-RUE-SAINT-PIERRE/Technicien-SAV-Niveau-1_R159017/apply"
"Algeria","Baker Hughes","Emerging Talent: LEAD - Field Engineer (Algeria) 2026 Opportunities","Engineering","Algiers, Algeria","2026-03-24","https://bakerhughes.wd5.myworkdayjobs.com/BakerHughes/job/DZ-ALGIERS-MICRO-ZONE-DACTIVITE-HYDRA/Emerging-Talent--LEAD---Field-Engineer--Algeria--2026-Opportunities_R158346/apply"
"Gabon","Baker Hughes","Field Specialist GEN - DRS","Field Operations","Port Gentil, Gabon","2026-03-24","https://bakerhughes.wd5.myworkdayjobs.com/BakerHughes/job/GA-PORT-GENTIL-Route-de-Sogara-Parcelle-No-160-Section-PA/General-Field-Specialist---Drilling-Services_R161759/apply"
"Czechia","Baker Hughes","Obráběč kovů - karuselář (m,ž)","Other","Pilsen, Czechia","2026-02-04","https://bakerhughes.wd5.myworkdayjobs.com/BakerHughes/job/CZ-DOUDLEVCE-PILSEN-EDVARDA-BENESE-56439/Obrb-kov---karusel--m--_R157027/apply"
"Italy","Baker Hughes","Lead Services Specialist - Resource Management","Other","Florence, Italy","2026-03-20","https://bakerhughes.wd5.myworkdayjobs.com/BakerHughes/job/IT-FI-FLORENCE-VIA-FELICE-MATTEUCCI-2/Lead-Services-Specialist---Resource-Management_R158975/apply"
"Brazil","Baker Hughes","Services Professional - ARMO Supervisor","Other","Petropolis, Brazil","2026-03-24","https://bakerhughes.wd5.myworkdayjobs.com/BakerHughes/job/BR-RJ-PETROPOLIS-ESTRADA-DO-CARANGOLA-1545/Services-Professional---ARMO-Supervisor_R162124/apply"
"Czechia","Baker Hughes","Projektový manažer technologických investic (m/ž)","Other","Pilsen, Czechia","2026-03-24","https://bakerhughes.wd5.myworkdayjobs.com/BakerHughes/job/CZ-DOUDLEVCE-PILSEN-EDVARDA-BENESE-56439/Projektov-manaer-technologickch-investic--m--_R158856/apply"
"Czechia","Baker Hughes","Technolog/Process Engineer (m/ž)","Engineering","Pilsen, Czechia","2026-03-24","https://bakerhughes.wd5.myworkdayjobs.com/BakerHughes/job/CZ-DOUDLEVCE-PILSEN-EDVARDA-BENESE-56439/Technolog-Process-Engineer--m--_R162172/apply"
"Australia","Baker Hughes","Field Specialist IV - Logging While Drilling & Directional Driller","Drilling & Well Services","Jandakot, Australia","2026-03-25","https://bakerhughes.wd5.myworkdayjobs.com/BakerHughes/job/AU-WA-JANDAKOT-631-KAREL-AVENUE/Field-Specialist-IV---Logging-While-Drilling---Directional-Driller_R162256/apply"
"Australia","Baker Hughes","Field Specialist IV - Logging While Drilling & Directional Driller","Drilling & Well Services","Jandakot, Australia","2026-03-25","https://bakerhughes.wd5.myworkdayjobs.com/BakerHughes/job/AU-WA-JANDAKOT-631-KAREL-AVENUE/Field-Specialist-IV---Logging-While-Drilling---Directional-Driller_R162257/apply"
"India","Baker Hughes","Digital Technology Experienced Professional - IT Operations","IT & Digital","Bangalore, India","2026-03-25","https://bakerhughes.wd5.myworkdayjobs.com/BakerHughes/job/IN-KA-BANGALORE-NEON-BUILDING-WEST-TOWER/Digital-Technology-Experienced-Professional---IT-Operations_R161777/apply"
"Australia","Baker Hughes","Field Specialist IV - Logging While Drilling & Directional Driller","Drilling & Well Services","Brisbane, Australia","2026-03-25","https://bakerhughes.wd5.myworkdayjobs.com/BakerHughes/job/AU-QLD-BRISBANE-69-ANN-STREET/Field-Specialist-IV---Logging-While-Drilling---Directional-Driller_R162255/apply"
"Poland","Baker Hughes","Senior Engineer, Product Design and Engineering - Embedded Software","Engineering","Warsaw, Poland","2026-03-25","https://bakerhughes.wd5.myworkdayjobs.com/BakerHughes/job/PL-PDK-WARSAW-ALEJA-KRAKOWSKA-110114-BLD-3014613/Senior-Engineer--Product-Design-and-Engineering---Embedded-Software_R161632-1/apply"
"Czechia","Baker Hughes","Emerging Talent: ASPIRE - Supply Chain (Czech Republic) 2026 Graduate Opportunities","Human Resources","Pilsen, Czechia","2026-03-25","https://bakerhughes.wd5.myworkdayjobs.com/BakerHughes/job/CZ-DOUDLEVCE-PILSEN-EDVARDA-BENESE-56439/Emerging-Talent--ASPIRE---Supply-Chain--Czech-Republic--2026-Opportunities_R156067/apply"
"UK","Baker Hughes","Site Labourer","Other","Aberdeen, UK","2026-03-25","https://bakerhughes.wd5.myworkdayjobs.com/BakerHughes/job/GB-AC-ABERDEEN-BRIDGE-OF-DON-INDUSTRIAL-ESTATE/Site-Labourer_R160626/apply"
"Kenya","Baker Hughes","Applications Engineer","Engineering","Nairobi, Kenya","2026-03-25","https://bakerhughes.wd5.myworkdayjobs.com/BakerHughes/job/KE-OTHER-KENYA/Well-Planner_R162371/apply"
"Malaysia","Baker Hughes","Technical Delivery Lead","Other","Kuala Lumpur, Malaysia","2026-02-11","https://bakerhughes.wd5.myworkdayjobs.com/BakerHughes/job/MY-OTHER-MALAYSIA/Technical-Delivery-Lead_R159721-1/apply"
"China","Baker Hughes","Lead Project Management Specialist - Operation Leadership","Other","Beijing, China","2026-03-18","https://bakerhughes.wd5.myworkdayjobs.com/BakerHughes/job/CN-BEIJING-12-TAIYANGGONG-MIDDLE-RD-CHAOYANG-DISTRICT/Lead-Project-Management-Specialist---Operation-Leadership_R159677-1/apply"
"Italy","Baker Hughes","Lead Engineer, Disciplinary Engineering and Science - Mathematics & Data Science","Engineering","Florence, Italy","2026-03-12","https://bakerhughes.wd5.myworkdayjobs.com/BakerHughes/job/IT-FI-FLORENCE-VIA-FELICE-MATTEUCCI-2/Lead-Engineer--Disciplinary-Engineering-and-Science---Mathematics---Data-Science_R159600/apply"
"Italy","Baker Hughes","Junior Field Specialist","Field Operations","Florence, Italy","2026-03-02","https://bakerhughes.wd5.myworkdayjobs.com/BakerHughes/job/IT-FI-FLORENCE-VIA-FELICE-MATTEUCCI-2/Field-Specialist-I_R160158/apply"
"USA","Baker Hughes","Field Specialist - Power Transmission","Field Operations","Montgomery, USA","2026-02-18","https://bakerhughes.wd5.myworkdayjobs.com/BakerHughes/job/US-AL-OTHER-ALABAMA/Field-Specialist---Power-Transmission_R158314-1/apply"
"Italy","Baker Hughes","Senior Engineer - Subsea Distribution Systems","Engineering","Florence, Italy","2026-02-12","https://bakerhughes.wd5.myworkdayjobs.com/BakerHughes/job/IT-FI-FLORENCE-VIA-FELICE-MATTEUCCI-2/Senior-Engineer---Subsea-Distribution-Systems_R158821/apply"
"Brazil","Baker Hughes","Mecânico - Aeroderivados","Other","Petropolis, Brazil","2026-03-26","https://bakerhughes.wd5.myworkdayjobs.com/BakerHughes/job/BR-RJ-PETROPOLIS-ESTRADA-DO-CARANGOLA-1545/Mecnico---Aeroderivados_R157074/apply"
"UK","Baker Hughes","Lead Quality Specialist - QA Engineering","Engineering","Newcastle-Upon-Tyne, UK","2026-03-25","https://bakerhughes.wd5.myworkdayjobs.com/BakerHughes/job/GB-NEWCASTLE-UPON-TYNE-WINCOMBLEE-ROAD-WELLSTREAM-HOUSE/Lead-Quality-Specialist---QA-Engineering_R160105/apply"
"Malaysia","Baker Hughes","Heavy Duty Gas Turbine Field Service Engineer Engineer","Engineering","Kuala Lumpur, Malaysia","2026-03-01","https://bakerhughes.wd5.myworkdayjobs.com/BakerHughes/job/MY-KUL-KUALA-LUMPUR-21ST-FLOOR-MENARA-TAN--TAN/Heavy-Duty-Gas-Turbine-Field-Service-Engineer-Engineer_R150450-1/apply"
"USA","Baker Hughes","Field Specialist - Wellbore Intervention","Drilling & Well Services","Huntington Beach, USA","2026-03-23","https://bakerhughes.wd5.myworkdayjobs.com/BakerHughes/job/US-CA-HUNTINGTON-BEACH-15421-ASSEMBLY-LANE/Field-Specialist---Wellbore-Intervention_R160600/apply"
"China","Baker Hughes","Product Marketing Specialist","Sales & Commercial","Suzhou, China","2026-02-11","https://bakerhughes.wd5.myworkdayjobs.com/BakerHughes/job/CN-SUZHOU-81-SUHONG-ZHONG-ROAD/Product-Marketing-Specialist_R160132/apply"
"USA","Baker Hughes","Senior Sales Manager – Proposal (Digital) Cordant","IT & Digital","Houston, USA","2026-02-03","https://bakerhughes.wd5.myworkdayjobs.com/BakerHughes/job/US-TX-HOUSTON-575-N-DAIRY-ASHFORD-RD-ENERGY-CENTER-II-EC2/Senior-Sales-Manager---Proposal--Digital--Cordant_R159720/apply"
"India","Baker Hughes","SSPS Proposal Specialist - Services","Other","Navi Mumbai, India","2026-03-05","https://bakerhughes.wd5.myworkdayjobs.com/BakerHughes/job/IN-NAVI-MUMBAI-TTC-INDUSTRIAL-AREA-AIROLI-MAHARASHTRA/SSPS-Proposal-Specialist---Services_R156634/apply"
"UK","Baker Hughes","Lead Project Engineer","Engineering","Newcastle-Upon-Tyne, UK","2026-02-19","https://bakerhughes.wd5.myworkdayjobs.com/BakerHughes/job/GB-NEWCASTLE-UPON-TYNE-WINCOMBLEE-ROAD-WELLSTREAM-HOUSE/Lead-Project-Engineer_R159836/apply"
"India","Baker Hughes","Electromechanical designer","Field Operations","Pune, India","2026-03-19","https://bakerhughes.wd5.myworkdayjobs.com/BakerHughes/job/IN-MH-Pune-Cummins-India-Office-Campus-8th-floor-Survey-No-21-Balewadi/Electromechanical-designer_R154023-1/apply"
"Germany","Baker Hughes","Customer Advocate (d/f/m) Fixed-Term (2 years)","Other","Wunstorf, Germany","2026-02-18","https://bakerhughes.wd5.myworkdayjobs.com/BakerHughes/job/DE-NI-WUNSTORF-NIELS-BOHR-STR-7/Customer-Advocate--d-f-m--Fixed-Term--2-years-_R159817-1/apply"
"Australia","Baker Hughes","Services Specialist - Commissioning","Other","Jandakot, Australia","2026-03-03","https://bakerhughes.wd5.myworkdayjobs.com/BakerHughes/job/AU-WA-JANDAKOT-631-KAREL-AVENUE/Services-Specialist---Commissioning_R159050/apply"
"Singapore","Baker Hughes","Quality Leader, QMS APAC","HSE & Quality","Singapore, Singapore","2026-03-06","https://bakerhughes.wd5.myworkdayjobs.com/BakerHughes/job/SG-SINGAPORE-2-BENOI-ROAD/Quality-Leader--QMS-APAC_R159388/apply"
"Canada","Baker Hughes","Systems and  Instrumentation (S&I) Field Services Specialist","Field Operations","Leduc, Canada","2026-03-12","https://bakerhughes.wd5.myworkdayjobs.com/BakerHughes/job/CA-AB-LEDUC-3905-71-AVENUE/Systems-and--Instrumentation--S-I--Field-Services-Specialist_R161598/apply"
"Italy","Baker Hughes","Junior Field Specialist","Field Operations","Florence, Italy","2026-03-02","https://bakerhughes.wd5.myworkdayjobs.com/BakerHughes/job/IT-FI-FLORENCE-VIA-FELICE-MATTEUCCI-2/Field-Specialist-I---SVS---CC-FLD-F_R160159/apply"
"Czechia","Baker Hughes","Specialista na optimalizaci kvality produktů a snižování nákladů (m,ž)","Other","Pilsen, Czechia","2026-02-25","https://bakerhughes.wd5.myworkdayjobs.com/BakerHughes/job/CZ-DOUDLEVCE-PILSEN-EDVARDA-BENESE-56439/Engineering-Quality-Leader-with-active-Czech-and-English_R144488/apply"
"USA","Baker Hughes","Material Portfolio Manager","Supply Chain","Houston, USA","2026-03-23","https://bakerhughes.wd5.myworkdayjobs.com/BakerHughes/job/US-TX-HOUSTON-17619-ALDINE-WESTFIELD-ROAD/Material-Portfolio-Manager_R161450-1/apply"
"Italy","Baker Hughes","Lead Engineer, Systems, Service Engineering","Engineering","Florence, Italy","2026-03-17","https://bakerhughes.wd5.myworkdayjobs.com/BakerHughes/job/IT-FI-FLORENCE-VIA-FELICE-MATTEUCCI-2/Lead-Engineer--Systems--Service-Engineering_R161267-1/apply"
"France","Baker Hughes","Global Nuclear Supplier Quality Lead (F/H)","HSE & Quality","Conde-Sur-Noireau, France","2026-02-10","https://bakerhughes.wd5.myworkdayjobs.com/BakerHughes/job/FR-NOR-CONDE-SUR-NOIREAU-3-RUE-SAINT-PIERRE/Global-Nuclear-Supplier-Quality-Lead--F-H-_R160517/apply"
"USA","Baker Hughes","Service Technician","Field Operations","Pasadena, USA","2026-02-13","https://bakerhughes.wd5.myworkdayjobs.com/BakerHughes/job/US-TX-10575-Red-Bluff-Road/Service-Technician_R160927/apply"
"USA","Baker Hughes","Maintenance Operator-Intermediate","Field Operations","Pittsburgh, USA","2026-03-24","https://bakerhughes.wd5.myworkdayjobs.com/BakerHughes/job/US-PA-Turtle-Creek-601-Braddock-Avenue/Maintenance-Operator-Intermediate_R159640/apply"
"Canada","Baker Hughes","Senior Sales Manager – Software Sales","IT & Digital","Calgary, Canada","2026-02-18","https://bakerhughes.wd5.myworkdayjobs.com/BakerHughes/job/CA-AB-OTHER-ALBERTA/Senior-Sales-Manager---Software-Sales_R159183/apply"
"USA","Baker Hughes","Field Specialist III","Field Operations","Austin, USA","2026-02-17","https://bakerhughes.wd5.myworkdayjobs.com/BakerHughes/job/US-TX-OTHER-TEXAS/Field-Specialist-III_R160890/apply"
"Gabon","Baker Hughes","Field Specialist - GEN LWD/DD","Field Operations","Port Gentil, Gabon","2026-03-24","https://bakerhughes.wd5.myworkdayjobs.com/BakerHughes/job/GA-PORT-GENTIL-Route-de-Sogara-Parcelle-No-160-Section-PA/General-Field-Specialist---LWD-DD_R161282/apply"
"Italy","Baker Hughes","Emerging Talent – Procurement Intern 2026 Opportunities (Bari)","Human Resources","Bari, Italy","2026-03-24","https://bakerhughes.wd5.myworkdayjobs.com/BakerHughes/job/IT-BA-BARI-STRADA-PROVINCIALE-PER-MODUGNO-10C613/Emerging-Talent---Procurement-Intern-2026-Opportunities--Bari-_R162410/apply"
"Italy","Baker Hughes","Production Quality Specialist","HSE & Quality","Vibo Valentia, Italy","2026-03-24","https://bakerhughes.wd5.myworkdayjobs.com/BakerHughes/job/IT-VV-VIBO-VALENTIA-VIA-LE-MARINATE/Production-Quality-Specialist_R160238-1/apply"
"UK","Baker Hughes","HSE Manager","HSE & Quality","Leicester, UK","2026-03-23","https://bakerhughes.wd5.myworkdayjobs.com/BakerHughes/job/GB-LEICESTER-Unit-8-Waterside-Road/HSE-Manager_R162054/apply"
"Italy","Baker Hughes","Quality Specialist - Quality Management","HSE & Quality","Florence, Italy","2026-03-23","https://bakerhughes.wd5.myworkdayjobs.com/BakerHughes/job/IT-FI-FLORENCE-VIA-FELICE-MATTEUCCI-2/Quality-Specialist---Quality-Management_R161299-1/apply"
"India","Baker Hughes","SAP Product Security Analyst","Other","Hyderabad, India","2026-03-24","https://bakerhughes.wd5.myworkdayjobs.com/BakerHughes/job/IN-TG-HYDERABAD-SKYVIEW-BUILDING/SAP-Product-Security-Analyst_R161608/apply"
"Thailand","Baker Hughes","Lead Sales Specialist - Drilling & Completion Fluids","Drilling & Well Services","Thailand","2026-03-24","https://bakerhughes.wd5.myworkdayjobs.com/BakerHughes/job/TH-CHATUCHAK-SHINAWATRA-TOWER-III/Lead-Sales-and-Service-Delivery-Specialist---Drilling---Completion-Fluids_R155822-1/apply"
"Vietnam","Baker Hughes","Mechanical Design Engineer - Subsea","Engineering","Ho Chi Minh, Vietnam","2026-03-24","https://bakerhughes.wd5.myworkdayjobs.com/BakerHughes/job/VN-HO-CHI-MINH-285-CACH-MANG-THANG-TAM-STREET/Mechanical-Design-Engineer---Subsea_R162399/apply"
"India","Baker Hughes","Digital Technology Senior Specialist - Solution Architecture","IT & Digital","Hyderabad, India","2026-03-24","https://bakerhughes.wd5.myworkdayjobs.com/BakerHughes/job/IN-TG-HYDERABAD-SKYVIEW-BUILDING/Digital-Technology-Senior-Specialist---Solution-Architecture_R160777/apply"
"UK","Baker Hughes","Software Quality Assurance","IT & Digital","Nailsea, UK","2026-03-24","https://bakerhughes.wd5.myworkdayjobs.com/BakerHughes/job/GB-SO-NAILSEA-2-HIGH-STREET/Software-Quality-Assurance_R161634/apply"
"India","Baker Hughes","Shop/Plant Operations Trainee","Other","Coimbatore, India","2026-03-24","https://bakerhughes.wd5.myworkdayjobs.com/BakerHughes/job/IN-Tamil-Nadu-Coimbatore-SF-No-608-Chettipalayam-Road-Eachanari-Post-Consolidation/Shopfloor-Operator-Trainee_R159840-1/apply"
"Brazil","Baker Hughes","Field Specialist IV","Field Operations","Macaé, Brazil","2026-03-17","https://bakerhughes.wd5.myworkdayjobs.com/BakerHughes/job/BR-RJ-MACAE-LAGOMAR-AV-ARAXA-240/Field-Specialist-IV_R160516/apply"
"India","Baker Hughes","Digital Technology Senior Specialist - Application Operations Engineering","Engineering","Bangalore, India","2026-03-24","https://bakerhughes.wd5.myworkdayjobs.com/BakerHughes/job/IN-KA-BANGALORE-NEON-BUILDING-WEST-TOWER/Digital-Technology-Senior-Specialist---Application-Operations-Engineering_R161728/apply"
"India","Baker Hughes","Field Operator IV","Field Operations","Taloja, India","2026-03-24","https://bakerhughes.wd5.myworkdayjobs.com/BakerHughes/job/IN-TALOJA-SRV-NO-991A3--991A2-PT-VILAGE-VAVANJE-RAIGAD-DIS/Field-Operator-IV_R161083/apply"
"Australia","Baker Hughes","Services Specialist - Applications Engineering","Engineering","Brisbane, Australia","2026-03-24","https://bakerhughes.wd5.myworkdayjobs.com/BakerHughes/job/AU-QLD-BRISBANE-69-ANN-STREET/Services-Specialist---Applications-Engineering_R161749/apply"
"USA","Baker Hughes","Sales Advisor - Software Sales","IT & Digital","Houston, USA","2026-03-23","https://bakerhughes.wd5.myworkdayjobs.com/BakerHughes/job/US-TX-HOUSTON-575-N-DAIRY-ASHFORD-RD-ENERGY-CENTER-II-EC2/Sales-Advisor---Software-Sales_R161916-1/apply"
"USA","Baker Hughes","Customer Care Representative I – Quoting & Pricing","Other","Midland, USA","2026-03-23","https://bakerhughes.wd5.myworkdayjobs.com/BakerHughes/job/US-TX-MIDLAND-2101-MARKET-STREET/Customer-Care-Representative-I---Quoting---Pricing_R161105-1/apply"
"Thailand","Baker Hughes","Applications Engineer Gen","Engineering","Thailand","2026-02-12","https://bakerhughes.wd5.myworkdayjobs.com/BakerHughes/job/TH-CHATUCHAK-SHINAWATRA-TOWER-III/Applications-Engineer-Gen_R160309-1/apply"
"Italy","Baker Hughes","Finance Specialist - Accounting Operations","Finance & Accounting","Florence, Italy","2026-03-02","https://bakerhughes.wd5.myworkdayjobs.com/BakerHughes/job/IT-FI-FLORENCE-VIA-FELICE-MATTEUCCI-2/Finance-Specialist---Accounting-Operations_R160637-1/apply"
"Italy","Baker Hughes","Reciprocating Compressors Application Engineer","Engineering","Florence, Italy","2026-03-16","https://bakerhughes.wd5.myworkdayjobs.com/BakerHughes/job/IT-FI-FLORENCE-VIA-FELICE-MATTEUCCI-2/Reciprocating-Compressors-Application-Engineer_R160994-1/apply"
"Italy","Baker Hughes","Assembly Shop Operator","Field Operations","Florence, Italy","2026-03-26","https://bakerhughes.wd5.myworkdayjobs.com/BakerHughes/job/IT-FI-FLORENCE-VIA-FELICE-MATTEUCCI-2/Assembly-Shop-Operator_R147560/apply"
"Italy","Baker Hughes","Contract Manager","Management","Florence, Italy","2026-03-19","https://bakerhughes.wd5.myworkdayjobs.com/BakerHughes/job/IT-FI-FLORENCE-VIA-FELICE-MATTEUCCI-2/Contract-Manager_R159746/apply"
"USA","Baker Hughes","Technical Support Engineer","Engineering","Houston, USA","2026-03-11","https://bakerhughes.wd5.myworkdayjobs.com/BakerHughes/job/US-TX-HOUSTON-575-N-DAIRY-ASHFORD-RD-ENERGY-CENTER-II-EC2/Technical-Support-Engineer_R160177/apply"
"Italy","Baker Hughes","Europe Strategic CPS Integrated Energy Solutions Architect","Other","Florence, Italy","2026-02-25","https://bakerhughes.wd5.myworkdayjobs.com/BakerHughes/job/IT-FI-FLORENCE-VIA-FELICE-MATTEUCCI-2/Europe-Strategic-CPS-Integrated-Energy-Solutions-Architect_R144332/apply"
"Malaysia","Baker Hughes","University Internship - Finance & Accounting 2026 Opportunities (Malaysia)","Finance & Accounting","Kuala Lumpur, Malaysia","2026-03-26","https://bakerhughes.wd5.myworkdayjobs.com/BakerHughes/job/MY-KUL-KUALA-LUMPUR-21ST-FLOOR-MENARA-TAN--TAN/University-Internship---Finance---Accounting-2026-Opportunities--Malaysia-_R154616/apply"
"Italy","Baker Hughes","Manufacturing Professional - Manuf Eng Specialist","Other","Talamona, Italy","2026-03-17","https://bakerhughes.wd5.myworkdayjobs.com/BakerHughes/job/IT-SO-TALAMONA-VIA-ROMA-32/Manufacturing-Professional---Manuf-Eng-Specialist_R161870-1/apply"
"India","Baker Hughes","ARMO Mechanic III","Field Operations","Agartala, India","2026-03-26","https://bakerhughes.wd5.myworkdayjobs.com/BakerHughes/job/IN-AGARTALA-TSR-2ND-GATE-WARD-48/ARMO-Mechanic-III_R162098/apply"
"China","Baker Hughes","University Internship - Project Management Intern 2026 Opportunities (China)","Other","Shanghai, China","2026-03-19","https://bakerhughes.wd5.myworkdayjobs.com/BakerHughes/job/CN-SHANGHAI-1-HUA-TUO-RD/University-Internship---Project-Management-2026-Opportunities--China-_R162056-1/apply"
"India","Baker Hughes","ARMO Tech - Electro Mech","Other","Agartala, India","2026-03-26","https://bakerhughes.wd5.myworkdayjobs.com/BakerHughes/job/IN-AGARTALA-TSR-2ND-GATE-WARD-48/ARMO-Tech---Electro-Mech_R162099/apply"
"India","Baker Hughes","Sourcing Specialist - Buying/Procurement - Industrial Valves","Supply Chain","Coimbatore, India","2026-03-26","https://bakerhughes.wd5.myworkdayjobs.com/BakerHughes/job/IN-Tamil-Nadu-Coimbatore-SF-No-608-Chettipalayam-Road-Eachanari-Post-Consolidation/Sourcing-Specialist---Buying-Procurement---Industrial-Valves_R162477/apply"
"Vietnam","Baker Hughes","Applications Engineer, DCF","Engineering","Ho Chi Minh, Vietnam","2026-03-25","https://bakerhughes.wd5.myworkdayjobs.com/BakerHughes/job/VN-Ho-Chi-Minh-Ho-Chi-Minh-5th-floor-of-Cantavil-An-Phu-Complex-at-No-01/Applications-Engineer--DCF_R157337/apply"
"Italy","Baker Hughes","Maintenance Operator Specialist","Field Operations","Talamona, Italy","2026-03-26","https://bakerhughes.wd5.myworkdayjobs.com/BakerHughes/job/IT-SO-TALAMONA-VIA-ROMA-32/Maintenance-Operator-Specialist_R161553/apply"
"Italy","Baker Hughes","CSA - Customer Application Engineer","Engineering","Florence, Italy","2026-02-27","https://bakerhughes.wd5.myworkdayjobs.com/BakerHughes/job/IT-FI-FLORENCE-VIA-FELICE-MATTEUCCI-2/Engineer---Customer-Application-Engineering_R159648/apply"
"India","Baker Hughes","Sales Specialist – EPC/OEM - West Region, India)","Sales & Commercial","Navi Mumbai, India","2026-03-26","https://bakerhughes.wd5.myworkdayjobs.com/BakerHughes/job/IN-NAVI-MUMBAI-TTC-INDUSTRIAL-AREA-AIROLI-MAHARASHTRA/Sales-Specialist---EPC-OEM---West-Region--India-_R161911/apply"
"Indonesia","Baker Hughes","SP&S Project Quality Manager","HSE & Quality","Batam, Indonesia","2026-03-26","https://bakerhughes.wd5.myworkdayjobs.com/BakerHughes/job/ID-SM-BATAM-JALAN-KERAPU-NO-1415/SP-S-Project-Quality-Manager_R162251-1/apply"
"Italy","Baker Hughes","Electrical Application Engineering","Engineering","Florence, Italy","2026-03-23","https://bakerhughes.wd5.myworkdayjobs.com/BakerHughes/job/IT-FI-FLORENCE-VIA-FELICE-MATTEUCCI-2/Electrical-Application-Engineering_R159611/apply"
"Norway","Baker Hughes","Lead Software Engineer – Control Systems","Engineering","Stord, Norway","2026-03-23","https://bakerhughes.wd5.myworkdayjobs.com/BakerHughes/job/NO-STORD-ELDOYANE-175/Lead-Software-Engineer---Control-Systems_R161642/apply"
"UAE","Baker Hughes","Field Service Engineer - Centrifugal Compressor","Engineering","Abu Dhabi, UAE","2026-03-23","https://bakerhughes.wd5.myworkdayjobs.com/BakerHughes/job/AE-ABU-DHABI-AL-GHAITH-YARD-MUSSAFAH-INDUSTRIAL-16th-STREET/Field-Service-Engineer---Centrifugal-Compressor_R161803/apply"
"UAE","Baker Hughes","Services Experienced Professional - Contract Performance Management","Legal & Compliance","Abu Dhabi, UAE","2026-03-23","https://bakerhughes.wd5.myworkdayjobs.com/BakerHughes/job/AE-ABU-DHABI-AL-GHAITH-HOLDING-TOWER-AIRPORT-ROAD/Services-Experienced-Professional---Contract-Performance-Mgmt_R161153/apply"
"Norway","Baker Hughes","Lead Electrical Engineering","Engineering","Stord, Norway","2026-03-23","https://bakerhughes.wd5.myworkdayjobs.com/BakerHughes/job/NO-STORD-ELDOYANE-175/Lead-Electrical-Engineering_R161643/apply"
"Oman","Baker Hughes","Integrated Solutions Commercial Senior Advisor","Sales & Commercial","Muscat, Oman","2026-03-23","https://bakerhughes.wd5.myworkdayjobs.com/BakerHughes/job/OM-MUSCAT-2ND-FL-AL-RAID-HOUSE-QURUM-BUS-CTR/Integrated-Solutions-Commercial-Senior-Advisor_R161896/apply"
"UK","Baker Hughes","Product Delivery Manager- Procurement","Supply Chain","Nailsea, UK","2026-03-23","https://bakerhughes.wd5.myworkdayjobs.com/BakerHughes/job/GB-SO-NAILSEA-2-HIGH-STREET/Sourcing-Senior-Team-leader---Buying-Procurement_R160964/apply"
"Italy","Baker Hughes","Machining Shop Operator","Field Operations","Florence, Italy","2026-03-24","https://bakerhughes.wd5.myworkdayjobs.com/BakerHughes/job/IT-FI-FLORENCE-VIA-FELICE-MATTEUCCI-2/Machining-Shop-Operator_R147885/apply"
"Italy","Baker Hughes","Emerging Talent – Contract Administration Intern 2026 Opportunities (Florence)","Human Resources","Florence, Italy","2026-03-24","https://bakerhughes.wd5.myworkdayjobs.com/BakerHughes/job/IT-FI-FLORENCE-VIA-FELICE-MATTEUCCI-2/Emerging-Talent---Contract-Administration-Intern-2026-Opportunities--Florence-_R162415/apply"
"Italy","Baker Hughes","Emerging Talent – Stage Project Planner Intern 2026 Opportunities (Bari)","Human Resources","Bari, Italy","2026-03-24","https://bakerhughes.wd5.myworkdayjobs.com/BakerHughes/job/IT-BA-BARI-STRADA-PROVINCIALE-PER-MODUGNO-10C613/Emerging-Talent---Stage-Project-Planner-Intern-2026-Opportunities--Bari-_R162414/apply"
"USA","Baker Hughes","Global Sr. Field Advisor – Downstream Chemicals Service Delivery","Field Operations","Sugar Land, USA","2026-03-24","https://bakerhughes.wd5.myworkdayjobs.com/BakerHughes/job/US-TX-SUGAR-LAND-12645-WEST-AIRPORT-BLVD/Global-Sr-Field-Advisor---Downstream-Chemicals-Service-Delivery_R162199/apply"
"Brazil","Baker Hughes","Engineering Assistant","Engineering","Macae, Brazil","2026-03-24","https://bakerhughes.wd5.myworkdayjobs.com/BakerHughes/job/BR-RJ-MACAE-ESTRADA-DE-FAZENDA-SAO-JOSE-DO-MUTUM-200/Engineering-Assistant_R161998/apply"
"USA","Baker Hughes","Automation Technician","Field Operations","Skaneateles, USA","2026-03-24","https://bakerhughes.wd5.myworkdayjobs.com/BakerHughes/job/US-NY-SKANEATELES-721-VISIONS-DRIVE/Automation-Technician_R162118-1/apply"
"Italy","Baker Hughes","Emerging Talent – Market Analyst Intern 2026 Opportunities (Bari)","Human Resources","Bari, Italy","2026-03-24","https://bakerhughes.wd5.myworkdayjobs.com/BakerHughes/job/IT-BA-BARI-STRADA-PROVINCIALE-PER-MODUGNO-10C613/Emerging-Talent---Market-Analyst-Intern-2026-Opportunities--Bari-_R162411/apply"
"UK","Baker Hughes","Operational Excellence EU Lean Sensei– Industrial Energy Company (IET)","Other","London, UK","2026-03-25","https://bakerhughes.wd5.myworkdayjobs.com/BakerHughes/job/GB-LONDON-245-HAMMERSMITH-ROAD/Operational-Excellence-EU-Lean-Sensei--Industrial-Energy-Company--IET-_R154994/apply"
"Italy","Baker Hughes","Manufacturing Manager - Material Plan & Execution","Supply Chain","Florence, Italy","2026-03-25","https://bakerhughes.wd5.myworkdayjobs.com/BakerHughes/job/IT-FI-FLORENCE-VIA-FELICE-MATTEUCCI-2/Manufacturing-Manager---Material-Plan---Execution_R159234/apply"
"USA","Baker Hughes","Services Specialist - ALS Applications Engineering","Engineering","Midland, USA","2026-03-25","https://bakerhughes.wd5.myworkdayjobs.com/BakerHughes/job/US-TX-MIDLAND-2101-MARKET-STREET/Services-Specialist---ALS-Applications-Engineering_R161987/apply"
"Singapore","Baker Hughes","Senior Project Manager","Management","Singapore, Singapore","2026-03-25","https://bakerhughes.wd5.myworkdayjobs.com/BakerHughes/job/SG-SINGAPORE-2-BENOI-ROAD/Senior-Project-Manager_R162207/apply"
"Italy","Baker Hughes","Sourcing Specialist - Supplier Quality Engineering","Engineering","Florence, Italy","2026-03-25","https://bakerhughes.wd5.myworkdayjobs.com/BakerHughes/job/IT-FI-FLORENCE-VIA-FELICE-MATTEUCCI-2/Sourcing-Specialist---Supplier-Quality-Engineering_R162273/apply"
"UK","Baker Hughes","Lead Project Engineer - Mechanical","Engineering","Newcastle-Upon-Tyne, UK","2026-03-25","https://bakerhughes.wd5.myworkdayjobs.com/BakerHughes/job/GB-NEWCASTLE-UPON-TYNE-WINCOMBLEE-ROAD-WELLSTREAM-HOUSE/Lead-Project-Engineer---Mechanical_R162372/apply"
"Italy","Baker Hughes","Rotating Equipment Instructor/Services Specialist- Training Academy","Other","Florence, Italy","2026-03-25","https://bakerhughes.wd5.myworkdayjobs.com/BakerHughes/job/IT-FI-FLORENCE-VIA-FELICE-MATTEUCCI-2/Services-Experienced-Professional---Training-Academy_R161698-1/apply"
"USA","Baker Hughes","Chief IP Counsel - Oilfield Services & Equipment","Management","Houston, USA","2026-03-25","https://bakerhughes.wd5.myworkdayjobs.com/BakerHughes/job/US-TX-HOUSTON-575-N-DAIRY-ASHFORD-RD-ENERGY-CENTER-II-EC2/Chief-IP-Counsel---Oilfield-Services---Equipment_R162440-1/apply"
"USA","Baker Hughes","Head of Enterprise Systems Delivery","Management","Houston, USA","2026-03-25","https://bakerhughes.wd5.myworkdayjobs.com/BakerHughes/job/US-TX-HOUSTON-575-N-DAIRY-ASHFORD-RD-ENERGY-CENTER-II-EC2/Head-of-Enterprise-Systems-Delivery_R160615/apply"
"Malaysia","Baker Hughes","Early Career Trainee: Geoscience - Malaysia","Other","Kuala Lumpur, Malaysia","2026-03-26","https://bakerhughes.wd5.myworkdayjobs.com/BakerHughes/job/MY-KUL-KUALA-LUMPUR-21ST-FLOOR-MENARA-TAN--TAN/Early-Career-Trainee--Geoscience---Malaysia_R161568/apply"
"Indonesia","Baker Hughes","University Internship - Manufacturing Intern (Machining) 2026 Opportunities (Indonesia)","Other","Batam, Indonesia","2026-03-26","https://bakerhughes.wd5.myworkdayjobs.com/BakerHughes/job/ID-SM-BATAM-JALAN-KERAPU-NO-1415/University-Internship---Manufacturing-Intern--Machining--2026-Opportunities--Indonesia-_R161685/apply"
"Kenya","Baker Hughes","Service Delivery Coordinator","Other","Nairobi, Kenya","2026-03-25","https://bakerhughes.wd5.myworkdayjobs.com/BakerHughes/job/KE-OTHER-KENYA/Service-Delivery-Coordinator_R162448-1/apply"
"Kenya","Baker Hughes","Mud Engineer","Engineering","Nairobi, Kenya","2026-03-25","https://bakerhughes.wd5.myworkdayjobs.com/BakerHughes/job/KE-Nairobi-Nairobi-The-Address-Building-off-Waiyaki-Way/Mud-Engineer_R162446/apply"
"UK","Baker Hughes","Parts Project Engineer","Engineering","Ashby de la Zouch, UK","2026-03-25","https://bakerhughes.wd5.myworkdayjobs.com/BakerHughes/job/GB-Ashby-de-la-Zouch-Power-House-Excelsior-Road/Parts-Project-Engineer_R161146/apply"
"UK","Baker Hughes","Emerging Talent - Learning & Development Administration Apprentice 2026 (Newcastle)","Human Resources","Newcastle-Upon-Tyne, UK","2026-03-25","https://bakerhughes.wd5.myworkdayjobs.com/BakerHughes/job/GB-NEWCASTLE-UPON-TYNE-WINCOMBLEE-ROAD-WELLSTREAM-HOUSE/Emerging-Talent-Learning---Development--L-D--Apprentice-Programme-2026--Newcastle-_R162213/apply"
"Brazil","Baker Hughes","Warehouse Specialist","Supply Chain","Petropolis, Brazil","2026-03-25","https://bakerhughes.wd5.myworkdayjobs.com/BakerHughes/job/BR-RJ-PETROPOLIS-ESTRADA-DO-CARANGOLA-1545/Warehouse-Specialist_R162125/apply"
"USA","Baker Hughes","Lead Engineer, Product Performance Engineering - Mechanical","Engineering","Claremore, USA","2026-03-25","https://bakerhughes.wd5.myworkdayjobs.com/BakerHughes/job/US-OK-CLAREMORE-200-W-STUART-ROOSA-DR/Lead-Engineer--Product-Performance-Engineering---Mechanical_R159085-1/apply"
"Kenya","Baker Hughes","Assistant Wellsite Drilling Fluids Engineer","Engineering","Nairobi, Kenya","2026-03-25","https://bakerhughes.wd5.myworkdayjobs.com/BakerHughes/job/KE-OTHER-KENYA/Assistant-Wellsite-Drilling-Fluids-Engineer_R162458/apply"
"Kenya","Baker Hughes","LMP Crew Supervisor","Other","Nairobi, Kenya","2026-03-25","https://bakerhughes.wd5.myworkdayjobs.com/BakerHughes/job/KE-OTHER-KENYA/LMP-Crew-Supervisor_R162457/apply"
"Kenya","Baker Hughes","Lab Technician","Field Operations","Nairobi, Kenya","2026-03-25","https://bakerhughes.wd5.myworkdayjobs.com/BakerHughes/job/KE-OTHER-KENYA/Lab-Technician_R162456-1/apply"
"Italy","Baker Hughes","Sourcing Professional - Commodity Management","Other","Florence, Italy","2026-03-25","https://bakerhughes.wd5.myworkdayjobs.com/BakerHughes/job/IT-FI-FLORENCE-VIA-FELICE-MATTEUCCI-2/Sourcing-Professional---Commodity-Management_R161975-1/apply"
"UK","Baker Hughes","Project Engineering Manager","Engineering","Nailsea, UK","2026-03-18","https://bakerhughes.wd5.myworkdayjobs.com/BakerHughes/job/GB-SO-NAILSEA-2-HIGH-STREET/Project-Engineering-Manager_R161633/apply"
"Malaysia","Baker Hughes","Manufacturing Professional - Materials Planning and Execution","Supply Chain","Kuala Lumpur, Malaysia","2026-03-26","https://bakerhughes.wd5.myworkdayjobs.com/BakerHughes/job/MY-KUL-KUALA-LUMPUR-21ST-FLOOR-MENARA-TAN--TAN/Manufacturing-Professional---Materials-Planning-and-Execution_R161704-1/apply"
"China","Baker Hughes","Emerging Talent: ASPIRE- Sales & Commercial (China) 2026 Opportunities","Human Resources","Shanghai, China","2026-03-26","https://bakerhughes.wd5.myworkdayjobs.com/BakerHughes/job/CN-SHANGHAI-1-HUA-TUO-RD/Early-Career--ASPIRE--Sales---Commercial--China--2026-Opportunities_R157790/apply"
"Indonesia","Baker Hughes","University Internship - Manufacturing Intern (Digital Transformation) 2026 Opportunities (Indonesia)","IT & Digital","Batam, Indonesia","2026-03-26","https://bakerhughes.wd5.myworkdayjobs.com/BakerHughes/job/ID-SM-BATAM-JALAN-KERAPU-NO-1415/University-Internship---Manufacturing-Intern--Digital-Transformation--2026-Opportunities--Indonesia-_R161662/apply"
"Argentina","Baker Hughes","Field Specialist","Field Operations","Neuquen, Argentina","2026-03-25","https://bakerhughes.wd5.myworkdayjobs.com/BakerHughes/job/AR-NEUQUEN-BENU-MUSA-1154/Field-Specialist_R162474/apply"
"India","Baker Hughes","Staff Soft Engineer","Engineering","Bangalore, India","2026-03-26","https://bakerhughes.wd5.myworkdayjobs.com/BakerHughes/job/IN-KA-BANGALORE-NEON-BUILDING-WEST-TOWER/Staff-Soft-Engineer_R156818/apply"
"France","Baker Hughes","Préparateur.ice Qualité SAV (F/H)","Other","Conde-Sur-Noireau, France","2026-02-20","https://bakerhughes.wd5.myworkdayjobs.com/BakerHughes/job/FR-NOR-CONDE-SUR-NOIREAU-3-RUE-SAINT-PIERRE/Prparateur-Qualit-SAV_R159016/apply"
"USA","Baker Hughes","Director Enterprise Architecture","Management","Houston, USA","2026-03-17","https://bakerhughes.wd5.myworkdayjobs.com/BakerHughes/job/US-TX-HOUSTON-575-N-DAIRY-ASHFORD-RD-ENERGY-CENTER-II-EC2/Director-Enterprise-Architecture_R158104/apply"
"Poland","Baker Hughes","Senior  Controls Engineer","Engineering","Warsaw, Poland","2026-03-03","https://bakerhughes.wd5.myworkdayjobs.com/BakerHughes/job/PL-PDK-WARSAW-ALEJA-KRAKOWSKA-110114-BLD-3014613/Senior--Controls-Engineer_R157287-1/apply"
"India","Baker Hughes","Manifold Raw Material Strategic Sourcing Leader","Supply Chain","Pune, India","2026-03-19","https://bakerhughes.wd5.myworkdayjobs.com/BakerHughes/job/IN-MH-Pune-Cummins-India-Office-Campus-8th-floor-Survey-No-21-Balewadi/Manifold-Raw-Material-Strategic-Sourcing-Leader_R157876/apply"
"UK","Baker Hughes","Lead Electronics & Electrical Engineer","Engineering","Nailsea, UK","2026-03-12","https://bakerhughes.wd5.myworkdayjobs.com/BakerHughes/job/GB-SO-NAILSEA-2-HIGH-STREET/Electronics---Electrical-Engineer_R156335-1/apply"
"France","Baker Hughes","Ingénieur(e) Support Technique sites Clients (spécialité moteurs électriques et variateurs) (F/H)","Other","Le Creusot, France","2026-02-10","https://bakerhughes.wd5.myworkdayjobs.com/BakerHughes/job/FR-BFC-LE-CREUSOT-480-ALLEE-GUSTAVE-EIFFEL/Ingnieur-e--Support-Technique-sites-Clients--spcialit-moteurs-lectriques-et-variateurs---F-H-_R148661/apply"
"India","Baker Hughes","Workday Configuration Analyst – Core and Advanced Compensation","Other","Bangalore, India","2026-03-25","https://bakerhughes.wd5.myworkdayjobs.com/BakerHughes/job/IN-KA-BANGALORE-NEON-BUILDING-WEST-TOWER/Workday-Configuration-Analyst---Core---Advanced-Compensation_R159546/apply"
"France","Baker Hughes","Technical Customer Success Manager (F/H)","Management","Dardilly, France","2026-02-25","https://bakerhughes.wd5.myworkdayjobs.com/BakerHughes/job/FR-Auvergne-Rhne-Alpes-Dardilly-15-chemin-du-Plateau/Technical-Customer-Success-Manager--F-H-_R160359-1/apply"
"USA","Baker Hughes","Lead Sales Specialist","Sales & Commercial","Columbus, USA","2026-02-09","https://bakerhughes.wd5.myworkdayjobs.com/BakerHughes/job/US-OH-OTHER-OHIO/Lead-Sales-Specialist_R160417-1/apply"
"USA","Baker Hughes","Senior Turbomachinery Controls Engineer","Engineering","Houston, USA","2026-03-17","https://bakerhughes.wd5.myworkdayjobs.com/BakerHughes/job/US-TX-HOUSTON-575-N-DAIRY-ASHFORD-RD-ENERGY-CENTER-II-EC2/Senior-Turbomachinery-Controls-Engineer_R162046-1/apply"
"India","Baker Hughes","Senior DevOps Engineer","Engineering","Bangalore, India","2026-03-03","https://bakerhughes.wd5.myworkdayjobs.com/BakerHughes/job/IN-KA-BANGALORE-NEON-BUILDING-WEST-TOWER/Senior-DevOps-Engineer_R154024-1/apply"
"USA","Baker Hughes","Services Professional - Commissioning","Other","Shorewood, USA","2026-02-19","https://bakerhughes.wd5.myworkdayjobs.com/BakerHughes/job/US-IL-SHOREWOOD-1002-GENEVA-STREET/Services-Professional---Commissioning_R160743/apply"
"USA","Baker Hughes","Machinery Diagnostics Field Engineer","Engineering","Baton Rouge, USA","2026-02-18","https://bakerhughes.wd5.myworkdayjobs.com/BakerHughes/job/US-LA-OTHER-LOUISIANA/Machinery-Diagnostics-Field-Engineer_R154657-1/apply"
"USA","Baker Hughes","Regional Sales Manager, Masoneilan Products","Sales & Commercial","Harrisburg, USA","2026-03-18","https://bakerhughes.wd5.myworkdayjobs.com/BakerHughes/job/US-PA-OTHER-PENNSYLVANIA/Regional-Sales-Manager--Masoneilan-Products_R160756-1/apply"
"Nigeria","Baker Hughes","Electrical & Control Field Specialist -Industrial & Energy Technology (IET)","Field Operations","Port Harcourt, Nigeria","2026-03-12","https://bakerhughes.wd5.myworkdayjobs.com/BakerHughes/job/NG-PORT-HARCOURT-PLOT-7-TRANS-AMADI/Electrical---Control-Field-Specialist--Industrial---Energy-Technology--IET-_R158838/apply"
"USA","Baker Hughes","Commercial Governance leader","Sales & Commercial","Houston, USA","2025-12-16","https://bakerhughes.wd5.myworkdayjobs.com/BakerHughes/job/US-TX-HOUSTON-575-N-DAIRY-ASHFORD-RD-ENERGY-CENTER-II-EC2/Commercial-Governance-leader_R158767-1/apply"
"Brazil","Baker Hughes","Systems Engineer - Tendering & FEED","Engineering","Rio de Janeiro, Brazil","2026-03-11","https://bakerhughes.wd5.myworkdayjobs.com/BakerHughes/job/BR-RJ-RIO-DE-JANEIRO-RETIC-ILHA-DO-FUNDAO-R36-2757/Systems-Engineer---Tendering---FEED_R157014-1/apply"
"Germany","Baker Hughes","Senior Marketing Manager - Market Development (Marine Gear Systems) (d/f/m)","Sales & Commercial","Other, Germany","2026-02-23","https://bakerhughes.wd5.myworkdayjobs.com/BakerHughes/job/DE-OTHER-GERMANY/Senior-Marketing-Manager---Market-Development--Marine-Gear-Systems---d-f-m-_R159072-1/apply"
"India","Baker Hughes","Senior Full Stack Developer (Node + Angular)","IT & Digital","Mumbai, India","2026-02-04","https://bakerhughes.wd5.myworkdayjobs.com/BakerHughes/job/IN-MH-MUMBAI-HIRANANDANI-BUSINESS-PARK-POWAI/Senior-Node-JS-Full-Stack-Developer_R160400/apply"
"UK","Baker Hughes","Product Manager - Customer Qualifications","Management","Aberdeen, UK","2026-02-06","https://bakerhughes.wd5.myworkdayjobs.com/BakerHughes/job/GB-AC-ABERDEEN-BAKER-HUGHES-BUILDING/Product-Manager---Customer-Qualifications_R160067/apply"
"Brazil","Baker Hughes","Senior Drupal Developer / QA Developer","IT & Digital","Rio de Janeiro, Brazil","2026-03-11","https://bakerhughes.wd5.myworkdayjobs.com/BakerHughes/job/BR-RJ-RIO-DE-JANEIRO-VENTURA-AV-REPUBLICA-DO-CHILE-330/Senior-Drupal-Developer---QA-Developer_R159827/apply"
"Saudi Arabia","Baker Hughes","Service Delivery Coordinator - Field Services Operations","Field Operations","Dhahran, Saudi Arabia","2026-03-25","https://bakerhughes.wd5.myworkdayjobs.com/BakerHughes/job/SA-DHAHRAN-ABQAIQ-HIGHWAY/Service-Delivery-Coordinator---Field-Services-Operations_R160383/apply"
"India","Baker Hughes","Aero derivative Mechanical Design Engineer","Engineering","Bangalore, India","2026-03-11","https://bakerhughes.wd5.myworkdayjobs.com/BakerHughes/job/IN-KA-BANGALORE-NEON-BUILDING-WEST-TOWER/Aero-derivative-Mechanical-Design-Engineer_R155983-1/apply"
"Indonesia","Baker Hughes","Field Specialist – Wellbore Construction","Drilling & Well Services","Jakarta, Indonesia","2026-02-19","https://bakerhughes.wd5.myworkdayjobs.com/BakerHughes/job/ID-JW-JAKARTA-JI-RA-KARTINI-KAV-8-CILANDAK-BARAT/Field-Specialist---Wellbore-Construction_R159265-1/apply"
"India","Baker Hughes","Digital Technology Specialist - Software Engineering","Engineering","Mumbai, India","2026-03-24","https://bakerhughes.wd5.myworkdayjobs.com/BakerHughes/job/IN-MH-MUMBAI-HIRANANDANI-BUSINESS-PARK-POWAI/Senior-Software-Engineer_R147537/apply"
"Japan","Baker Hughes","Plant Leader - Valves","Other","Kariwa, Japan","2026-02-03","https://bakerhughes.wd5.myworkdayjobs.com/BakerHughes/job/JP-KARIWA-800-OOAZA-TOKAICHI-KARIWAMURA/Plant-Leader---Valves_R159136-1/apply"
"USA","Baker Hughes","CDL Delivery / Treater Driver (Upstream Chemicals)","Other","Bossier City, USA","2026-03-16","https://bakerhughes.wd5.myworkdayjobs.com/BakerHughes/job/US-LA-BOSSIER-CITY-4907-HAZEL-JONES-DR/CDL-Delivery---Treater-Driver--Upstream-Chemicals-_R159079-1/apply"
"USA","Baker Hughes","Petrochemical and Process Fouling Control Technical Support Specialist","Other","Sugar Land, USA","2026-02-09","https://bakerhughes.wd5.myworkdayjobs.com/BakerHughes/job/US-TX-SUGAR-LAND-12645-WEST-AIRPORT-BLVD/Petrochemical-and-Process-Fouling-Control-Technical-Support-Specialist_R159735/apply"
"USA","Baker Hughes","I&S Global Fulfillment Director","Management","The Woodlands, USA","2026-03-18","https://bakerhughes.wd5.myworkdayjobs.com/BakerHughes/job/US-TX-THE-WOODLANDS-9110-GROGANS-MILL-ROAD/I-S-Global-Fulfillment-Director_R158429-1/apply"
"Netherlands","Baker Hughes","Field Specialist- PPS","Field Operations","Son En Breugel, Netherlands","2026-02-06","https://bakerhughes.wd5.myworkdayjobs.com/BakerHughes/job/NL-SON-EN-BREUGEL-EKKERSRIJT-2052/Field-Specialist--PPS_R160036/apply"
"Italy","Baker Hughes","Supplier Quality Engineering -  GTS Repair and Program Management","Engineering","Florence, Italy","2026-03-16","https://bakerhughes.wd5.myworkdayjobs.com/BakerHughes/job/IT-FI-FLORENCE-VIA-FELICE-MATTEUCCI-2/Supplier-Quality-Engineering----GTS-Repair-and-Program-Management_R160318-1/apply"
"USA","Baker Hughes","Data Scientist","IT & Digital","Houston, USA","2026-03-20","https://bakerhughes.wd5.myworkdayjobs.com/BakerHughes/job/US-TX-HOUSTON-575-N-DAIRY-ASHFORD-RD-ENERGY-CENTER-II-EC2/Data-Scientist_R156820/apply"
"USA","Baker Hughes","Lead Product Service Engineer - Centrifugal compressors","Engineering","Houston, USA","2026-02-23","https://bakerhughes.wd5.myworkdayjobs.com/BakerHughes/job/US-TX-HOUSTON-575-N-DAIRY-ASHFORD-RD-ENERGY-CENTER-II-EC2/Lead-Product-Service-Engineer---Centrifugal-compressors_R144648-1/apply"
"USA","Baker Hughes","Service Delivery Coordinator (Thru-Tubing Fishing) – Odessa, TX","Human Resources","Odessa, USA","2026-03-16","https://bakerhughes.wd5.myworkdayjobs.com/BakerHughes/job/US-TX-ODESSA-10912-W-HWY-80-E/Service-Delivery-Coordinator--Thru-Tubing-Fishing----Odessa--TX_R152741-1/apply"
"Kenya","Baker Hughes","Field Operator - OFS Drilling and Completions Fluids","Drilling & Well Services","Nairobi, Kenya","2026-03-26","https://bakerhughes.wd5.myworkdayjobs.com/BakerHughes/job/KE-Nairobi-Nairobi-The-Address-Building-off-Waiyaki-Way/Field-Operator---OFS-Drilling-and-Completions-Fluids_R162494/apply"
"Kenya","Baker Hughes","Solids Control Supervisor","Other","Nairobi, Kenya","2026-03-26","https://bakerhughes.wd5.myworkdayjobs.com/BakerHughes/job/KE-Nairobi-Nairobi-The-Address-Building-off-Waiyaki-Way/Solids-Control-Supervisor_R162493/apply"
"USA","Baker Hughes","Field Service Winder Engineer","Engineering","Austin, USA","2026-01-21","https://bakerhughes.wd5.myworkdayjobs.com/BakerHughes/job/US-TX-OTHER-TEXAS/Field-Service-Winder-Engineer_R160330/apply"
"Kenya","Baker Hughes","Field Engineer - LWD/DD","Engineering","Nairobi, Kenya","2026-03-26","https://bakerhughes.wd5.myworkdayjobs.com/BakerHughes/job/KE-Nairobi-Nairobi-The-Address-Building-off-Waiyaki-Way/Field-Engineer---LWD-DD_R162491/apply"
"Kenya","Baker Hughes","Application Engineer","Engineering","Nairobi, Kenya","2026-03-26","https://bakerhughes.wd5.myworkdayjobs.com/BakerHughes/job/KE-Nairobi-Nairobi-The-Address-Building-off-Waiyaki-Way/Application-Engineer_R162492/apply"
"USA","Baker Hughes","Project Director – GaffneyCline energy advisory","Management","Houston, USA","2026-03-26","https://bakerhughes.wd5.myworkdayjobs.com/BakerHughes/job/US-TX-HOUSTON-2001-RANKIN-ROAD/Project-Director---GaffneyCline-energy-advisory_R161999-1/apply"
"USA","Baker Hughes","Project Director – GaffneyCline energy advisory","Management","Houston, USA","2026-03-26","https://bakerhughes.wd5.myworkdayjobs.com/BakerHughes/job/US-TX-HOUSTON-2001-RANKIN-ROAD/Project-Director---GaffneyCline-energy-advisory_R162000/apply"
"USA","Baker Hughes","Engineering Senior Specialist - Customer Application Engineering","Engineering","Lufkin, USA","2026-03-26","https://bakerhughes.wd5.myworkdayjobs.com/BakerHughes/job/US-TX-LUFKIN-409-ELLIS-AVENUE/Engineering-Senior-Specialist---Customer-Application-Engineering_R161208/apply"
"USA","Baker Hughes","Manufacturing Engineer - Manuf Eng Specialist","Engineering","Minden, USA","2026-03-26","https://bakerhughes.wd5.myworkdayjobs.com/BakerHughes/job/US-NV-MINDEN-1631-BENTLY-PARKWAY-SOUTH/Manufacturing-Engineer---Manuf-Eng-Specialist_R159377-1/apply"
"China","Baker Hughes","Enterprise Sales Leader, China (Cordant Solutions)","Sales & Commercial","Shanghai, China","2026-02-06","https://bakerhughes.wd5.myworkdayjobs.com/BakerHughes/job/CN-SHANGHAI-1-HUA-TUO-RD/Enterprise-Sales-Leader--China--Cordant-Solutions-_R159291-1/apply"
"USA","Baker Hughes","Sr Quality Manager Lean Sensei - Operational Excellence","HSE & Quality","Houston, USA","2026-02-18","https://bakerhughes.wd5.myworkdayjobs.com/BakerHughes/job/US-TX-HOUSTON-575-N-DAIRY-ASHFORD-RD-ENERGY-CENTER-II-EC2/Sr-Quality-Manager-Lean-Sensei---Operational-Excellence_R159307/apply"
"India","Baker Hughes","Workday Adaptive Planning Specialist","Other","Mumbai, India","2026-03-19","https://bakerhughes.wd5.myworkdayjobs.com/BakerHughes/job/IN-MH-MUMBAI-HIRANANDANI-BUSINESS-PARK-POWAI/Workday-Adaptive-Planning-Specialist_R159545-1/apply"
"Italy","Baker Hughes","Lead Engineer, Product Design and Engineering - Mechanical","Engineering","Florence, Italy","2026-03-26","https://bakerhughes.wd5.myworkdayjobs.com/BakerHughes/job/IT-FI-FLORENCE-VIA-FELICE-MATTEUCCI-2/Lead-Engineer--Product-Design-and-Engineering---Mechanical_R162291-1/apply"
"Germany","Baker Hughes","Service Delivery Coordinator - Field Services Operations (d/f/m)","Field Operations","Celle, Germany","2026-02-25","https://bakerhughes.wd5.myworkdayjobs.com/BakerHughes/job/DE-CELLE-BAKER-HUGHES-STRASSE-1/Service-Delivery-Coordinator---Field-Services-Operations--d-f-m-_R160384-1/apply"
"China","Baker Hughes","Project Manager","Management","Suzhou, China","2026-02-06","https://bakerhughes.wd5.myworkdayjobs.com/BakerHughes/job/CN-SUZHOU-81-SUHONG-ZHONG-ROAD/Project-Manager_R154364-1/apply"
"Vietnam","Baker Hughes","Service Delivery Coordinator – Drilling & Completion Fluids","Drilling & Well Services","Ho Chi Minh, Vietnam","2026-03-02","https://bakerhughes.wd5.myworkdayjobs.com/BakerHughes/job/VN-Ho-Chi-Minh-Ho-Chi-Minh-5th-floor-of-Cantavil-An-Phu-Complex-at-No-01/Service-Delivery-Coordinator---Drilling---Completion-Fluids_R153367-1/apply"
"USA","Baker Hughes","Field Service Electrical Engineer","Engineering","Houston, USA","2026-02-18","https://bakerhughes.wd5.myworkdayjobs.com/BakerHughes/job/US-TX-HOUSTON-575-N-DAIRY-ASHFORD-RD-ENERGY-CENTER-II-EC2/Field-Service-Electrical-Engineer_R144123/apply"
"Brazil","Baker Hughes","Assistente Administrativo (Vaga Exclusiva PCD)","Other","Macaé, Brazil","2026-03-12","https://bakerhughes.wd5.myworkdayjobs.com/BakerHughes/job/BR-RJ-MACAE-BELA-VISTA-AREA-19-1600/Assistente-Administrativo--Vaga-Exclusiva-PCD-_R160006/apply"
"India","Baker Hughes","Project Management Specialist - Project Planning","Other","Pune, India","2026-02-02","https://bakerhughes.wd5.myworkdayjobs.com/BakerHughes/job/IN-MH-Pune-Cummins-India-Office-Campus-8th-floor-Survey-No-21-Balewadi/Project-Management-Specialist---Project-Planning_R160299-1/apply"
"USA","Baker Hughes","Machinery Diagnostics Field Engineer (East Region, US)","Engineering","Springfield, USA","2026-02-17","https://bakerhughes.wd5.myworkdayjobs.com/BakerHughes/job/US-IL-OTHER-ILLINOIS/Machinery-Diagnostics-Field-Engineer--East-Region--US-_R160742/apply"
"USA","Baker Hughes","Machine Maintenance Technician","Field Operations","Minden, USA","2026-03-05","https://bakerhughes.wd5.myworkdayjobs.com/BakerHughes/job/US-NV-MINDEN-1631-BENTLY-PARKWAY-SOUTH/Machine-Maintenance-Technician_R161145-1/apply"
"Australia","Baker Hughes","Field Specialist Intelligent Production System","Field Operations","Jandakot, Australia","2026-03-03","https://bakerhughes.wd5.myworkdayjobs.com/BakerHughes/job/AU-WA-JANDAKOT-631-KAREL-AVENUE/Field-Specialist-Intelligent-Production-System_R160087/apply"
"UK","Baker Hughes","Controls Engineer","Engineering","Ashby de la Zouch, UK","2026-02-25","https://bakerhughes.wd5.myworkdayjobs.com/BakerHughes/job/GB-Ashby-de-la-Zouch-Power-House-Excelsior-Road/Controls-Software-Engineer_R158846/apply"
"Italy","Baker Hughes","Engineering & Technology Manager, Data Science- Digital Services","Engineering","Florence, Italy","2026-03-24","https://bakerhughes.wd5.myworkdayjobs.com/BakerHughes/job/IT-FI-FLORENCE-VIA-FELICE-MATTEUCCI-2/Engineering---Technology-Manager--Data-Science--Digital-Services_R161406-1/apply"
"UK","Baker Hughes","Controls Engineer","Engineering","Ashby de la Zouch, UK","2026-02-12","https://bakerhughes.wd5.myworkdayjobs.com/BakerHughes/job/GB-Ashby-de-la-Zouch-Power-House-Excelsior-Road/Controls-Engineer_R158848/apply"
"UK","Baker Hughes","Knowledge Management Specialist - Power Apps/ SharePoint","Other","Newcastle-Upon-Tyne, UK","2026-02-19","https://bakerhughes.wd5.myworkdayjobs.com/BakerHughes/job/GB-NEWCASTLE-UPON-TYNE-WHITE-STREET-NEWCASTLE-INNOVATION-CENTRE/Lead-Knowledge-Management-Specialist---Power-Apps--SharePoint_R160071/apply"
"USA","Baker Hughes","FPS onshore quality leader","HSE & Quality","Houston, USA","2026-03-26","https://bakerhughes.wd5.myworkdayjobs.com/BakerHughes/job/US-TX-HOUSTON-3300-N-SAM-HOUSTON-PARKWAY-EAST/FPS-onshore-quality-leader_R162382-1/apply"
"India","Baker Hughes","Senior Cyber Security Engineer","Engineering","Gurgaon, India","2026-03-23","https://bakerhughes.wd5.myworkdayjobs.com/BakerHughes/job/IN-HARYANA-GURUGRAM-10th-Floor-Tower-10B-DLF-Cyber-City-DLF-Phase-2-Sec-24/Senior-Cyber-Security-Engineer_R150273/apply"
"Netherlands","Baker Hughes","Field Engineer I - PPS_FLD-G","Engineering","Son En Breugel, Netherlands","2026-02-06","https://bakerhughes.wd5.myworkdayjobs.com/BakerHughes/job/NL-SON-EN-BREUGEL-EKKERSRIJT-2052/Field-Engineer-I---PPS-FLD-G_R160038/apply"
"Norway","Baker Hughes","Wireline Field Engineer","Engineering","Tananger, Norway","2026-03-26","https://bakerhughes.wd5.myworkdayjobs.com/BakerHughes/job/NO-ROGALAND-TANANGER-Kontinentalveien-8-N-4056/Wireline-Field-Engineer_R150580-1/apply"
"USA","Baker Hughes","Industrial Maintenance Technician","Field Operations","Claremore, USA","2026-02-05","https://bakerhughes.wd5.myworkdayjobs.com/BakerHughes/job/US-OK-CLAREMORE-2210-E-L-ANDERSON-BLVD/R151319-Account-Manager--Upstream-Chemicals----Ft-McMurray--AB_R153877-1/apply"
"Italy","Baker Hughes","QC NDT Coordinator","Other","Avenza, Italy","2026-03-25","https://bakerhughes.wd5.myworkdayjobs.com/BakerHughes/job/IT-MS-AVENZA--VIALE-DOMENICO-ZACCAGNA-12/QC-NDT-Coordinator_R156573/apply"
"UK","Baker Hughes","Senior Sales Manager PMS","Sales & Commercial","Ashby de la Zouch, UK","2026-03-23","https://bakerhughes.wd5.myworkdayjobs.com/BakerHughes/job/GB-Ashby-de-la-Zouch-Power-House-Excelsior-Road/Senior-Sales-Manager-PMS_R159259/apply"
"Brazil","Baker Hughes","Senior Mechanical Engineer - Systems, Project Engineering","Engineering","Rio de Janeiro, Brazil","2026-03-26","https://bakerhughes.wd5.myworkdayjobs.com/BakerHughes/job/BR-RJ-RIO-DE-JANEIRO-RETIC-ILHA-DO-FUNDAO-R36-2757/Senior-Mechanical-Engineer---Systems--Project-Engineering_R159420/apply"
"USA","Baker Hughes","Field/Site Account Specialist - Sales Enabler","Finance & Accounting","Austin, USA","2026-02-20","https://bakerhughes.wd5.myworkdayjobs.com/BakerHughes/job/US-TX-OTHER-TEXAS/Field-Site-Account-Specialist---Sales-Enabler_R156954-1/apply"
"USA","Baker Hughes","Account Sales Manager","Finance & Accounting","Houston, USA","2026-03-26","https://bakerhughes.wd5.myworkdayjobs.com/BakerHughes/job/US-TX-HOUSTON-2001-RANKIN-ROAD/Account-Sales-Manager_R161649-1/apply"
"Canada","Baker Hughes","Account Manager (Upstream Chemicals)","Finance & Accounting","Edson, Canada","2026-03-13","https://bakerhughes.wd5.myworkdayjobs.com/BakerHughes/job/CA-AB-EDSON-5825-2ND-AVENUE/Account-Manager--Upstream-Chemicals--_R161863/apply"
"USA","Baker Hughes","Account Manager","Finance & Accounting","Midland, USA","2026-03-26","https://bakerhughes.wd5.myworkdayjobs.com/BakerHughes/job/US-TX-MIDLAND-2309-EAST-INTERSTATE-20/Account-Manager_R161650/apply"
"Singapore","Baker Hughes","Senior Engineer –Premium Connections and Casing (PCC) Lead","Engineering","Singapore, Singapore","2026-03-27","https://bakerhughes.wd5.myworkdayjobs.com/BakerHughes/job/SG-SINGAPORE-2-BENOI-ROAD/Senior-Engineer--Premium-Connections-and-Casing--PCC--Lead_R162246/apply"
"Singapore","Baker Hughes","Lead Engineer, Mechanical, Customer Order Engineering - Customer Project Engineering (Subsea Wellhead Casing Solution)","Engineering","Singapore, Singapore","2026-03-27","https://bakerhughes.wd5.myworkdayjobs.com/BakerHughes/job/SG-SINGAPORE-2-BENOI-ROAD/Lead-Engineer--Mechanical--Customer-Order-Engineering---Customer-Project-Engineering--Subsea-Wellhead-Casing-Solution-_R160968/apply"
"Thailand","Baker Hughes","Field Specialist – Drilling & Completion Fluids","Drilling & Well Services","Thailand","2026-03-27","https://bakerhughes.wd5.myworkdayjobs.com/BakerHughes/job/TH-SONGKHLA-12010-M-1-SONGKHLA-RANODE-ROAD/Field-Specialist---Drilling---Completion-Fluids_R158909/apply"
"Singapore","Baker Hughes","Manufacturing Manager - Production Planning & Scheduling","Management","Singapore, Singapore","2026-03-27","https://bakerhughes.wd5.myworkdayjobs.com/BakerHughes/job/SG-SINGAPORE-273-JALAN-AHMAD-IBRAHIM/Manufacturing-Manager---Production-Planning---Scheduling_R162400/apply"
"Thailand","Baker Hughes","Field Specialist - Upstream Chemical","Field Operations","Thailand","2026-03-27","https://bakerhughes.wd5.myworkdayjobs.com/BakerHughes/job/TH-CHATUCHAK-SHINAWATRA-TOWER-III/Field-Specialist-IV---UC-FLD-I_R159456-1/apply"
"India","Baker Hughes","Digital Technology Advisor - Software Architecture","IT & Digital","Mumbai, India","2026-03-27","https://bakerhughes.wd5.myworkdayjobs.com/BakerHughes/job/IN-MH-MUMBAI-HIRANANDANI-BUSINESS-PARK-POWAI/Digital-Technology-Advisor---Software-Architecture_R160604-1/apply"
"UK","Baker Hughes","Senior Application Engineer","Engineering","Nailsea, UK","2026-03-04","https://bakerhughes.wd5.myworkdayjobs.com/BakerHughes/job/GB-SO-NAILSEA-2-HIGH-STREET/Senior-Application-Engineer_R157510-1/apply"
"Malaysia","Baker Hughes","Statutory Senior Analyst - NAM","Other","Kuala Lumpur, Malaysia","2026-03-27","https://bakerhughes.wd5.myworkdayjobs.com/BakerHughes/job/MY-KUL-KUALA-LUMPUR-21ST-FLOOR-MENARA-TAN--TAN/Statutory-Senior-Analyst---NAM_R159924/apply"
"Malaysia","Baker Hughes","Statutory Senior Analyst - LATM","Other","Kuala Lumpur, Malaysia","2026-03-27","https://bakerhughes.wd5.myworkdayjobs.com/BakerHughes/job/MY-KUL-KUALA-LUMPUR-21ST-FLOOR-MENARA-TAN--TAN/Statutory-Senior-Analyst---LATM_R159923/apply"
"Singapore","Baker Hughes","Services Team leader - Warehouse & Yard Ops","Supply Chain","Singapore, Singapore","2026-03-27","https://bakerhughes.wd5.myworkdayjobs.com/BakerHughes/job/SG-SINGAPORE-273-JALAN-AHMAD-IBRAHIM/Services-Team-leader---Warehouse---Logistics-Ops_R161383/apply"
"Nigeria","Baker Hughes","Sales Specialist - Drilling & Completion Fluid","Drilling & Well Services","Port Harcourt, Nigeria","2026-03-27","https://bakerhughes.wd5.myworkdayjobs.com/BakerHughes/job/NG-PORT-HARCOURT-125-TRANS-AMADI/Sales-Specialist---Drilling---Completion-Fluid_R161926-1/apply"
"Nigeria","Baker Hughes","Integrated Solutions Well Engineer","Engineering","Port Harcourt, Nigeria","2026-03-27","https://bakerhughes.wd5.myworkdayjobs.com/BakerHughes/job/NG-PORT-HARCOURT-125-TRANS-AMADI/Integrated-Solutions-Well-Engineer_R159440/apply"
"UK","Baker Hughes","Project Engineering Manager","Engineering","Nailsea, UK","2026-03-27","https://bakerhughes.wd5.myworkdayjobs.com/BakerHughes/job/GB-SO-NAILSEA-2-HIGH-STREET/Project-Engineering-Manager_R158662-1/apply"
"Italy","Baker Hughes","Shop/Plan Operator-Specialist","Field Operations","Bari, Italy","2026-03-27","https://bakerhughes.wd5.myworkdayjobs.com/BakerHughes/job/IT-BA-BARI-STRADA-PROVINCIALE-PER-MODUGNO-10C613/Shop-Plan-Operator-Specialist_R162525-1/apply"
"UK","Baker Hughes","Senior Test Engineer - Electrical","Engineering","Leicester, UK","2026-03-27","https://bakerhughes.wd5.myworkdayjobs.com/BakerHughes/job/GB-LEICESTER-Unit-8-Waterside-Road/Senior-Test-Engineer---Electrical_R162497/apply"
"Angola","Baker Hughes","R158405 Controls Field Specialist – Gas Tech Service","Field Operations","Luanda, Angola","2026-03-27","https://bakerhughes.wd5.myworkdayjobs.com/BakerHughes/job/AO-LA-LUANDA-BOAVISTA-SONILS-OILFIELD-SERVICE-CENTER/R158405-Controls-Field-Specialist---Gas-Tech-Service_R162527/apply"
"Italy","Baker Hughes","Shop/Plan Operator-Specialist","Field Operations","Bari, Italy","2026-03-27","https://bakerhughes.wd5.myworkdayjobs.com/BakerHughes/job/IT-BA-BARI-STRADA-PROVINCIALE-PER-MODUGNO-10C613/Shop-Plan-Operator-Specialist_R162346-1/apply"
"Saudi Arabia","Baker Hughes","Gear Box Field Specialist","Field Operations","Dammam, Saudi Arabia","2026-03-23","https://bakerhughes.wd5.myworkdayjobs.com/BakerHughes/job/SA-DAMMAM-2nd-Industrial-City-Modon-facility-Plot-No-005TS00036-PO-Box-31952/Gear-Box-Field-Specialist_R161835/apply"
"Saudi Arabia","Baker Hughes","Gear Box Field Specialist","Field Operations","Dammam, Saudi Arabia","2026-03-23","https://bakerhughes.wd5.myworkdayjobs.com/BakerHughes/job/SA-DAMMAM-2nd-Industrial-City-Modon-facility-Plot-No-005TS00036-PO-Box-31952/Gear-Box-Field-Specialist_R160983/apply"
"UK","Baker Hughes","Senior Engineer -Subsea Chokes and Valves","Engineering","Montrose, UK","2026-03-27","https://bakerhughes.wd5.myworkdayjobs.com/BakerHughes/job/GB-AN-MONTROSE-CHARLETON-ROAD/Senior-Engineer--Subsea-Chokes-and-Valves_R161990-1/apply"
"UK","Baker Hughes","Sales Manager UK & Ireland","Sales & Commercial","London, UK","2026-03-27","https://bakerhughes.wd5.myworkdayjobs.com/BakerHughes/job/GB-OTHER-UNITED-KINGDOM-ENGLAND/Sales-Manager-UK---Ireland_R161768/apply"
"India","Baker Hughes","Digital Technology Senior Specialist – Technical Product Management","IT & Digital","Bangalore, India","2026-03-27","https://bakerhughes.wd5.myworkdayjobs.com/BakerHughes/job/IN-KA-BANGALORE-NEON-BUILDING-WEST-TOWER/Digital-Technology-Senior-Specialist---Technical-Product-Management_R161595/apply"
"India","Baker Hughes","Sales Specialist – West Region, India","Sales & Commercial","Navi Mumbai, India","2026-03-27","https://bakerhughes.wd5.myworkdayjobs.com/BakerHughes/job/IN-NAVI-MUMBAI-TTC-INDUSTRIAL-AREA-AIROLI-MAHARASHTRA/Sales-Specialist---EPC-OEM--West-Region--India-_R161910/apply"
"Malaysia","Baker Hughes","Statutory Senior Analyst","Other","Kuala Lumpur, Malaysia","2026-03-27","https://bakerhughes.wd5.myworkdayjobs.com/BakerHughes/job/MY-KUL-KUALA-LUMPUR-21ST-FLOOR-MENARA-TAN--TAN/Statutory-Senior-Analyst_R155089-1/apply"
"Saudi Arabia","Baker Hughes","Logging While Drilling Remote Operation Engineer","Engineering","Dhahran, Saudi Arabia","2026-03-26","https://bakerhughes.wd5.myworkdayjobs.com/BakerHughes/job/SA-DHAHRAN-ABQAIQ-HIGHWAY/Logging-While-Drilling-Remote-Operation-Engineer_R162500/apply"
"Brazil","Baker Hughes","HSE Specialist – Project Support","HSE & Quality","Niteroi, Brazil","2026-03-27","https://bakerhughes.wd5.myworkdayjobs.com/BakerHughes/job/BR-RJ-NITEROI-PRACA-ALCIDES-PEREIRA/HSE-Specialist---Project-Support_R156834/apply"
"Brazil","Baker Hughes","Manufacturing Experienced Professional","Other","Macae, Brazil","2026-03-26","https://bakerhughes.wd5.myworkdayjobs.com/BakerHughes/job/BR-RJ-MACAE-ESTRADA-DE-FAZENDA-SAO-JOSE-DO-MUTUM-200/Manufacturing-Experienced-Professional_R162211/apply"
"USA","Baker Hughes","Site Manager - Downstream Chemicals","Management","Corpus Christi, USA","2026-03-26","https://bakerhughes.wd5.myworkdayjobs.com/BakerHughes/job/US-TX-CORPUS-CHRISTI-341-LANTANA-STREET/Site-Manager---Downstream-Chemicals_R162229/apply"
"USA","Baker Hughes","Field Specialist - Cementing","Drilling & Well Services","Houma, USA","2026-03-26","https://bakerhughes.wd5.myworkdayjobs.com/BakerHughes/job/US-LA-HOUMA-2522-CUMMINS-ROAD/Field-Specialist---Cementing_R162438/apply"
"Brazil","Baker Hughes","Jovem Aprendiz - Campinas","Other","Campinas, Brazil","2026-03-26","https://bakerhughes.wd5.myworkdayjobs.com/BakerHughes/job/BR-SP-CAMPINAS-RODOVIA-SP-101-KM-38/Jovem-Aprendiz---Campinas_R162268/apply"
"Saudi Arabia","Baker Hughes","Project Controller - Finance","Finance & Accounting","Dhahran, Saudi Arabia","2026-03-26","https://bakerhughes.wd5.myworkdayjobs.com/BakerHughes/job/SA-DHAHRAN-ABQAIQ-HIGHWAY/Project-Controller---Finance_R160775-1/apply"
"Italy","Baker Hughes","Project Management Advisor - Project Leadership","Other","Florence, Italy","2026-03-27","https://bakerhughes.wd5.myworkdayjobs.com/BakerHughes/job/IT-FI-FLORENCE-VIA-FELICE-MATTEUCCI-2/Project-Management-Advisor---Project-Leadership_R160993-1/apply"
"Angola","Baker Hughes","Emerging Talent - Field Engineering Intern 2026 Opportunities (Angola)","Engineering","Luanda, Angola","2026-03-27","https://bakerhughes.wd5.myworkdayjobs.com/BakerHughes/job/AO-LA-LUANDA-BOAVISTA-SONILS-OILFIELD-SERVICE-CENTER/Emerging-Talent---Field-Engineering-Intern-2026-Opportunities--Angola-_R158350/apply"
"India","Baker Hughes","Software Engineer (C#, WPF)","Engineering","Bangalore, India","2026-03-27","https://bakerhughes.wd5.myworkdayjobs.com/BakerHughes/job/IN-KA-BANGALORE-NEON-BUILDING-WEST-TOWER/Software-Engineer--C---WPF-_R160979/apply"
"Indonesia","Baker Hughes","Sales Senior Specialist - Proposals","Sales & Commercial","Jakarta, Indonesia","2026-03-27","https://bakerhughes.wd5.myworkdayjobs.com/BakerHughes/job/ID-JW-JAKARTA-JI-RA-KARTINI-KAV-8-CILANDAK-BARAT/Sales-Senior-Specialist---Proposals_R162466/apply"
"India","Baker Hughes","Salesforce (SFDC) Developer","IT & Digital","Bangalore, India","2026-03-27","https://bakerhughes.wd5.myworkdayjobs.com/BakerHughes/job/IN-KA-BANGALORE-NEON-BUILDING-WEST-TOWER/Salesforce--SFDC--Developer_R162441/apply"
"Canada","Baker Hughes","Digital Sales Leader (Metals & Minerals / Fertilizers)","IT & Digital","Toronto, Canada","2026-03-27","https://bakerhughes.wd5.myworkdayjobs.com/BakerHughes/job/CA-ON-OTHER-ONTARIO/Digital-Sales-Leader--Metals---Minerals---Fertilizers-_R161909/apply"
"Spain","Baker Hughes","Technical Customer Success Manager","Management","Madrid, Spain","2026-03-27","https://bakerhughes.wd5.myworkdayjobs.com/BakerHughes/job/ES-MADRID-CALLE-SAN-MAXIMO-NO-31/Technical-Customer-Success-Manager_R160356/apply"
"USA","Baker Hughes","Electrical Technician","Field Operations","Pittsburgh, USA","2026-03-27","https://bakerhughes.wd5.myworkdayjobs.com/BakerHughes/job/US-PA-Turtle-Creek-601-Braddock-Avenue/Electrical-Technician_R159795/apply"
"USA","Baker Hughes","Electromechanical Assembly Technician – Rotating Equipment","Field Operations","Pittsburgh, USA","2026-03-27","https://bakerhughes.wd5.myworkdayjobs.com/BakerHughes/job/US-PA-Turtle-Creek-601-Braddock-Avenue/Winding-Technician_R159797/apply"
"USA","Baker Hughes","Global Category & Sourcing Director – Oilfield Tools & Equipment","Management","Houston, USA","2026-03-27","https://bakerhughes.wd5.myworkdayjobs.com/BakerHughes/job/US-TX-HOUSTON---6760-Concord-Park/Global-Category---Sourcing-Director---Oilfield-Tools---Services_R156306-1/apply"
"Italy","Baker Hughes","Sales Specialist - Proposals","Sales & Commercial","Florence, Italy","2026-03-27","https://bakerhughes.wd5.myworkdayjobs.com/BakerHughes/job/IT-FI-FLORENCE-VIA-FELICE-MATTEUCCI-2/Sales-Specialist---Proposals_R161699-1/apply"
"UK","Baker Hughes","Lead Finance Specialist - FP&A Operations","Finance & Accounting","Aberdeen, UK","2026-03-26","https://bakerhughes.wd5.myworkdayjobs.com/BakerHughes/job/GB-AC-ABERDEEN-BAKER-HUGHES-BUILDING/Lead-Finance-Specialist---FP-A-Operations_R159902/apply"
"Italy","Baker Hughes","Manufacturing Engineering Specialist - Testing Digital and Data Acquisition","Engineering","Florence, Italy","2026-03-17","https://bakerhughes.wd5.myworkdayjobs.com/BakerHughes/job/IT-FI-FLORENCE-VIA-FELICE-MATTEUCCI-2/Manufacturing-Engineering-Specialist---Testing-Digital-and-Data-Acquisition_R161600/apply"
"Mexico","Baker Hughes","Field Specialist – LWD/DD","Field Operations","Ciudad Del Carmen, Mexico","2026-03-27","https://bakerhughes.wd5.myworkdayjobs.com/BakerHughes/job/MX-CMP-CIUDAD-DEL-CARMEN-CARRETERA-FEDERAL-189/Field-Specialist---LWD-DD_R161715/apply"
"USA","Baker Hughes","Field Operator III","Field Operations","Carrizo Springs, USA","2026-03-27","https://bakerhughes.wd5.myworkdayjobs.com/BakerHughes/job/US-TX-CARRIZO-SPRINGS-3309-SOUTH-US-HWY-83/Field-Operator-III_R162377/apply"
"Argentina","Baker Hughes","Field Specialist III","Field Operations","Neuquen, Argentina","2026-03-27","https://bakerhughes.wd5.myworkdayjobs.com/BakerHughes/job/AR-NEUQUEN-BENU-MUSA-1154/Field-Specialist-III_R161382/apply"
"Mexico","Baker Hughes","ARMO Mechanic II","Field Operations","Ciudad del Carmen, Mexico","2026-03-27","https://bakerhughes.wd5.myworkdayjobs.com/BakerHughes/job/MX-CMP-CIUDAD-DEL-CARMEN-CARRETERA-FEDERAL-180-EN-EL-POLIGONO/ARMO-Mechanic-II_R161533/apply"
"USA","Baker Hughes","Indirect Sourcing Specialist - Commodity Management","Other","Minden, USA","2026-03-27","https://bakerhughes.wd5.myworkdayjobs.com/BakerHughes/job/US-NV-MINDEN-1631-BENTLY-PARKWAY-SOUTH/Sourcing-Specialist---Commodity-Management_R162481/apply"
"USA","Baker Hughes","Field Specialist – Junior Mechanic Aero Derivative Gas Turbines","Field Operations","Houston, USA","2026-03-27","https://bakerhughes.wd5.myworkdayjobs.com/BakerHughes/job/US-TX-HOUSTON-575-N-DAIRY-ASHFORD-RD-ENERGY-CENTER-II-EC2/Field-Specialist---Junior-Mechanic-Aero-Derivative-Gas-Turbines_R161317/apply"
"Brazil","Baker Hughes","Assistente Administrativo - Exclusivo para PCDs","Other","Niterói, Brazil","2026-03-27","https://bakerhughes.wd5.myworkdayjobs.com/BakerHughes/job/BR-RJ-NITSHORE-RUA-FELICIANO-SODRE-215/Assistente-Administrativo---Exclusivo-para-PCDs_R159439/apply"
"Colombia","Baker Hughes","Early Career Program: Field Engineering I - Colombia 2026","Engineering","Barrancabermeja, Colombia","2026-03-27","https://bakerhughes.wd5.myworkdayjobs.com/BakerHughes/job/CO-BARRANCABERMEJA-Km-11-Vereda-los-Laureles-via-al-Centro/Early-Career-Program--Field-Engineering-I---Barrancabermeja_R158168/apply"
"Argentina","Baker Hughes","Field Specialist IV","Field Operations","Neuquen, Argentina","2026-03-27","https://bakerhughes.wd5.myworkdayjobs.com/BakerHughes/job/AR-NEUQUEN-BENU-MUSA-1154/Field-Specialist-IV_R161381-1/apply"
"UK","Baker Hughes","Upstream Chemicals - Portfolio Manager, Production Optimization","Management","Liverpool, UK","2026-03-28","https://bakerhughes.wd5.myworkdayjobs.com/BakerHughes/job/GB-MY-LIVERPOOL-Stockpit-Road/Upstream-Chemicals---Portfolio-Manager--Production-Optimization_R159329-1/apply"
"Singapore","Baker Hughes","Service Enablement Lead-Singapore","Other","Singapore, Singapore","2026-02-05","https://bakerhughes.wd5.myworkdayjobs.com/BakerHughes/job/SG-SINGAPORE-10-LOK-YANG-WAY/Service-Enablement-Lead-Singapore_R156910/apply"
