"Country","Company","Title","Category","Location","Date Posted","Link"
"Germany","Baker Hughes","Ausbildung zur Fachkraft für Lagerlogistik (d/m/w)","Other","Celle, Germany","2025-10-01T00:00:00.000+0000","https://bakerhughes.wd5.myworkdayjobs.com/BakerHughes/job/DE-CELLE-BAKER-HUGHES-STRASSE-1/Ausbildung-zur-Fachkraft-fr-Lagerlogistik--d-m-w-_R156554/apply"
"Italy","Baker Hughes","Flow Assembly & Testing Cell – Lead Manufacturing Engineer","Management & Administration","Florence, Italy","2025-10-02T00:00:00.000+0000","https://bakerhughes.wd5.myworkdayjobs.com/BakerHughes/job/IT-FI-FLORENCE-VIA-PERFETTI-RICASOLI-78/Flow-Assembly---Testing-Cell---Lead-Manufacturing-Engineer_R150807-1/apply"
"Italy","Baker Hughes","Contract Manager and Outsourcing Process Lead- IET Engineering Operations","Operations & Maintenance","Florence, Italy","2025-09-09T00:00:00.000+0000","https://bakerhughes.wd5.myworkdayjobs.com/BakerHughes/job/IT-FI-FLORENCE-VIA-FELICE-MATTEUCCI-2/Contract-Manager-and-Outsourcing-Process-Lead--IET-Engineering-Operations_R155873-1/apply"
"United States of America","Baker Hughes","Product Management - Spring Co-op Internship (Skaneateles, NY) 2026 Opportunities","Other","Skaneateles, United States of America","2025-09-30T00:00:00.000+0000","https://bakerhughes.wd5.myworkdayjobs.com/BakerHughes/job/US-NY-SKANEATELES-721-VISIONS-DRIVE/Product-Management---Spring-Co-op-Internship--Skaneateles--NY--2026-Opportunities_R156044/apply"
"Saudi Arabia","Baker Hughes","Mechanical Assembler","Operations & Maintenance","Dammam, Saudi Arabia","2025-07-11T00:00:00.000+0000","https://bakerhughes.wd5.myworkdayjobs.com/BakerHughes/job/SA-DAMMAM-2nd-Industrial-City-Modon-facility-Plot-No-005TS00036-PO-Box-31952/Mechanical-Assembler_R142486/apply"
"Saudi Arabia","Baker Hughes","Electrician","Other","Dammam, Saudi Arabia","2025-08-26T00:00:00.000+0000","https://bakerhughes.wd5.myworkdayjobs.com/BakerHughes/job/SA-DAMMAM-2nd-Industrial-City-Modon-facility-Plot-No-005TS00036-PO-Box-31952/Electrician_R151880/apply"
"China","Baker Hughes","University Internship - LEAD Intern 2026 Opportunities (China)","Management & Administration","Tianjin, China","2025-09-18T00:00:00.000+0000","https://bakerhughes.wd5.myworkdayjobs.com/BakerHughes/job/CN-TIANJIN--1-JIXIU-BASE-HARBOR-ECONOMIC-AREA/University-Internship---LEAD-Intern-2026-Opportunities--China-_R156148/apply"
"Brazil","Baker Hughes","Field Specialist - WLS","Other","Macaé, Brazil","2025-08-25T00:00:00.000+0000","https://bakerhughes.wd5.myworkdayjobs.com/BakerHughes/job/BR-RJ-MACAE-LAGOMAR-AV-ARAXA-240/Field-Specialist---WLS_R153954/apply"
"Gabon","Baker Hughes","Emerging Talent–Assembly, Maintenance & Overhaul Intern 2026 Opportunities (Gabon)","Operations & Maintenance","Port Gentil, Gabon","2025-11-18T00:00:00.000+0000","https://bakerhughes.wd5.myworkdayjobs.com/BakerHughes/job/GA-PORT-GENTIL-Route-de-Sogara-Parcelle-No-160-Section-PA/Emerging-Talent-Assembly--Maintenance---Overhaul-Intern-2026-Opportunities--Gabon-_R158345/apply"
"Saudi Arabia","Baker Hughes","Gas Tech Equipment - Technician","Operations & Maintenance","Dammam, Saudi Arabia","2025-03-04T00:00:00.000+0000","https://bakerhughes.wd5.myworkdayjobs.com/BakerHughes/job/SA-DAMMAM-2nd-Industrial-City-Modon-facility-Plot-No-005TS00036-PO-Box-31952/Gas-Tech-Equipment---Technician_R138858-1/apply"
"Thailand","Baker Hughes","Field Specialist – Drilling & Completion Fluids","Drilling & Wells","Thailand","2025-07-02T00:00:00.000+0000","https://bakerhughes.wd5.myworkdayjobs.com/BakerHughes/job/TH-CHATUCHAK-SHINAWATRA-TOWER-III/Field-Specialist---Drilling---Completion-Fluids_R150954-1/apply"
"Colombia","Baker Hughes","Aprendiz SENA","Other","Yopal, Colombia","2025-12-03T00:00:00.000+0000","https://bakerhughes.wd5.myworkdayjobs.com/BakerHughes/job/CO-YOPAL-CALLE-28N-NO-2A-45/Aprendiz-SENA_R158835/apply"
"UK","Baker Hughes","UKAS Calibration Technician","Operations & Maintenance","Leicester, UK","2025-10-09T00:00:00.000+0000","https://bakerhughes.wd5.myworkdayjobs.com/BakerHughes/job/GB-LEICESTER-FIR-TREE-LANE-TRADING-ESTATE-GROBY/UKAS-Calibration-Technician_R156611/apply"
"Germany","Baker Hughes","Ausbildung zum Industriemechaniker (d/m/w)","Other","Celle, Germany","2025-09-30T00:00:00.000+0000","https://bakerhughes.wd5.myworkdayjobs.com/BakerHughes/job/DE-CELLE-BAKER-HUGHES-STRASSE-1/Ausbildung-zum-Industriemechaniker--d-m-w-_R156403/apply"
"Germany","Baker Hughes","Ausbildung zum Zerspanungsmechaniker (d/m/w)","Other","Celle, Germany","2025-09-30T00:00:00.000+0000","https://bakerhughes.wd5.myworkdayjobs.com/BakerHughes/job/DE-CELLE-BAKER-HUGHES-STRASSE-1/Ausbildung-zum-Zerspanungsmechaniker--d-m-w-_R156402/apply"
"Italy","Baker Hughes","Operatore di Controlli Non Distruttivi","Operations & Maintenance","Avenza, Italy","2025-12-12T00:00:00.000+0000","https://bakerhughes.wd5.myworkdayjobs.com/BakerHughes/job/IT-MS-AVENZA--VIALE-DOMENICO-ZACCAGNA-12/Operatore-di-Controlli-Non-Distruttivi_R152211/apply"
"Italy","Baker Hughes","Junior Control Software Engineer","IT & Digital","Florence, Italy","2024-11-20T00:00:00.000+0000","https://bakerhughes.wd5.myworkdayjobs.com/BakerHughes/job/IT-FI-FLORENCE-VIA-FELICE-MATTEUCCI-2/Junior-Control-Software-Engineer_R135479/apply"
"Italy","Baker Hughes","Project Engineering Manager","Projects & Contracts","Florence, Italy","2025-12-16T00:00:00.000+0000","https://bakerhughes.wd5.myworkdayjobs.com/BakerHughes/job/IT-FI-FLORENCE-VIA-FELICE-MATTEUCCI-2/Project-Engineering-Manager_R158472/apply"
"UAE","Baker Hughes","Field Service Engineer - Centrifugal Compressor","Engineering","Abu Dhabi, UAE","2025-12-17T00:00:00.000+0000","https://bakerhughes.wd5.myworkdayjobs.com/BakerHughes/job/AE-ABU-DHABI-AL-GHAITH-HOLDING-TOWER-AIRPORT-ROAD/Field-Service-Engineer---Centrifugal-Compressor_R159211/apply"
"China","Baker Hughes","Emerging Talent: LEAD - Field Engineer (China) 2026 Opportunities","HR & Training","Tianjin, China","2025-12-22T00:00:00.000+0000","https://bakerhughes.wd5.myworkdayjobs.com/BakerHughes/job/CN-TIANJIN--1-JIXIU-BASE-HARBOR-ECONOMIC-AREA/Early-Career--LEAD---Field-Engineer--China--2026-Opportunities_R156149/apply"
"Thailand","Baker Hughes","Emerging Talent: LEAD - Field Engineer (Thailand) 2026 Opportunities","HR & Training","Thailand","2025-12-23T00:00:00.000+0000","https://bakerhughes.wd5.myworkdayjobs.com/BakerHughes/job/TH-SONGKHLA-12010-M-1-SONGKHLA-RANODE-ROAD/Emerging-Talent--LEAD---Field-Engineer--Thailand--2026-Opportunities_R159517-1/apply"
"Vietnam","Baker Hughes","Emerging Talent: LEAD - Field Engineer (Vietnam) 2026 Opportunities","HR & Training","Vung Tau City, Vietnam","2025-12-23T00:00:00.000+0000","https://bakerhughes.wd5.myworkdayjobs.com/BakerHughes/job/VN-VUNG-TAU-CITY-65A-304-ROAD-WARD-9/Emerging-Talent--LEAD---Field-Engineer--Vietnam--2026-Opportunities_R159516/apply"
"Thailand","Baker Hughes","Field Specialist - Cementing","Drilling & Wells","Thailand","2026-01-02T00:00:00.000+0000","https://bakerhughes.wd5.myworkdayjobs.com/BakerHughes/job/TH-SONGKHLA-12010-M-1-SONGKHLA-RANODE-ROAD/Field-Specialist---Cementing_R156169/apply"
"UK","Baker Hughes","Warehouse Operative","Projects & Contracts","Nailsea, UK","2026-01-05T00:00:00.000+0000","https://bakerhughes.wd5.myworkdayjobs.com/BakerHughes/job/GB-SO-NAILSEA-2-HIGH-STREET/Warehouse-Operative_R159790/apply"
"Malaysia","Baker Hughes","University Internship - LEAD Intern 2026 Opportunities (Malaysia)","Management & Administration","Kuala Lumpur, Malaysia","2025-12-30T00:00:00.000+0000","https://bakerhughes.wd5.myworkdayjobs.com/BakerHughes/job/MY-KUL-KUALA-LUMPUR-21ST-FLOOR-MENARA-TAN--TAN/University-Internship---LEAD-Intern-2026-Opportunities--Malaysia-_R159727/apply"
"United States of America","Baker Hughes","Machinist-CNC/Manual","Other","Houston, United States of America","2025-04-10T00:00:00.000+0000","https://bakerhughes.wd5.myworkdayjobs.com/BakerHughes/job/US-TX-HOUSTON-17619-ALDINE-WESTFIELD-ROAD/Machinist-CNC-Manual_R145338/apply"
"Germany","Baker Hughes","Ausbildung für Fachlagerist/Fachkraft für Lagerlogistik (d/f/m)","Other","Wunstorf, Germany","2026-01-12T00:00:00.000+0000","https://bakerhughes.wd5.myworkdayjobs.com/BakerHughes/job/DE-NI-WUNSTORF-NIELS-BOHR-STR-7/Ausbildung-fr-Fachlagerist-Fachkraft-fr-Lagerlogistik--d-f-m-_R159906/apply"
"India","Baker Hughes","Repair engineer  (Shop support, Departure Records)management","Engineering","Bangalore, India","2025-10-17T00:00:00.000+0000","https://bakerhughes.wd5.myworkdayjobs.com/BakerHughes/job/IN-KA-BANGALORE-NEON-BUILDING-WEST-TOWER/Repair-engineer---Shop-support--Departure-Records-management_R150662/apply"
"UK","Baker Hughes","Mechanical technician","Operations & Maintenance","Nailsea, UK","2026-01-12T00:00:00.000+0000","https://bakerhughes.wd5.myworkdayjobs.com/BakerHughes/job/GB-SO-NAILSEA-2-HIGH-STREET/Mechanical-technician_R159910/apply"
"Italy","Baker Hughes","Junior Control System Engineer","Engineering","Florence, Italy","2026-01-12T00:00:00.000+0000","https://bakerhughes.wd5.myworkdayjobs.com/BakerHughes/job/IT-FI-FLORENCE-VIA-FELICE-MATTEUCCI-2/Junior-Control-System-Engineer_R135475/apply"
"Mexico","Baker Hughes","Mechanical Design Engineer","Operations & Maintenance","Queretaro, Mexico","2025-08-14T00:00:00.000+0000","https://bakerhughes.wd5.myworkdayjobs.com/BakerHughes/job/MX-QUE-QUERETARO-CAMPO-REAL-1692/Mechanical-Design-Engineer_R153947-1/apply"
"Norway","Baker Hughes","Lærlinger i Tananger, Norge / Apprenticeship in Tananger, Norway","Other","Tananger, Norway","2026-01-19T00:00:00.000+0000","https://bakerhughes.wd5.myworkdayjobs.com/BakerHughes/job/NO-ROGALAND-TANANGER-Kontinentalveien-8-N-4056/Lrlinger-i-Tananger--Norge---Apprenticeship-in-Tananger--Norway_R159862/apply"
"United States of America","Baker Hughes","Field Service Electrical Engineer","Operations & Maintenance","Austin, United States of America","2026-01-21T00:00:00.000+0000","https://bakerhughes.wd5.myworkdayjobs.com/BakerHughes/job/US-TX-OTHER-TEXAS/Field-Service-Electrical-Engineer_R160331/apply"
"Norway","Baker Hughes","Assembly, Repair, Maintenance & Overhaul Technician - Electro Mechanic - Tractor","Operations & Maintenance","Stavanger, Norway","2026-01-14T00:00:00.000+0000","https://bakerhughes.wd5.myworkdayjobs.com/BakerHughes/job/NO-Rogaland-Stavanger-Lagerveien-30/Assembly--Repair--Maintenance---Overhaul-Technician---Electro-Mechanic---Tractor_R159872-1/apply"
"United States of America","Baker Hughes","Turbomachinery- Controls Engineers (Houston or Remote)","Engineering","Houston, United States of America","2025-07-14T00:00:00.000+0000","https://bakerhughes.wd5.myworkdayjobs.com/BakerHughes/job/US-TX-HOUSTON-575-N-DAIRY-ASHFORD-RD-ENERGY-CENTER-II-EC2/Lead-iCenters-Service-Engineer_R119548/apply"
"United States of America","Baker Hughes","Field Service Mechanical Engineer","Operations & Maintenance","Austin, United States of America","2026-01-21T00:00:00.000+0000","https://bakerhughes.wd5.myworkdayjobs.com/BakerHughes/job/US-TX-OTHER-TEXAS/Field-Service-Mechanical-Engineer_R160332/apply"
"United States of America","Baker Hughes","AMO Electro-Mechanical Technician (Drilling Services) - Mt Pleasant, PA","Drilling & Wells","Mount Pleasant, United States of America","2026-01-29T00:00:00.000+0000","https://bakerhughes.wd5.myworkdayjobs.com/BakerHughes/job/US-PA-MOUNT-PLEASANT-370-WESTEC-DRIVE/AMO-Electro-Mechanical-Technician--Drilling-Services----Mt-Pleasant--PA_R157860/apply"
"Qatar","Baker Hughes","Field Service Engineer - Mechanical Heavy-Duty Gas Turbine","Operations & Maintenance","Doha, Qatar","2026-01-29T00:00:00.000+0000","https://bakerhughes.wd5.myworkdayjobs.com/BakerHughes/job/QA-OTHER-QATAR/Field-Service-Engineer---Mechanical-Heavy-Duty-Gas-Turbine_R160536/apply"
"Qatar","Baker Hughes","Control Field Service Engineer","Engineering","Doha, Qatar","2026-01-28T00:00:00.000+0000","https://bakerhughes.wd5.myworkdayjobs.com/BakerHughes/job/QA-OTHER-QATAR/Control-Field-Service-Engineer_R160498/apply"
"Italy","Baker Hughes","Equipment & Project Lead Project Manager","Projects & Contracts","Florence, Italy","2025-09-10T00:00:00.000+0000","https://bakerhughes.wd5.myworkdayjobs.com/BakerHughes/job/IT-FI-FLORENCE-VIA-FELICE-MATTEUCCI-2/Equipment---Project-Lead-Project-Manager_R155170-1/apply"
"Mexico","Baker Hughes","GTC Senior Tax Analyst Caribbean, Canada & AR WHT","Finance & Commercial","Mexico City, Mexico","2025-06-13T00:00:00.000+0000","https://bakerhughes.wd5.myworkdayjobs.com/BakerHughes/job/MX-DF-MEXICO-CITY-AVENIDA-ANTONIO-DOVALI-JAIME-70/GTC-Senior-Tax-Analyst-Caribbean--Canada---AR-WHT_R149879/apply"
"Italy","Baker Hughes","Senior Project Manager","Projects & Contracts","Florence, Italy","2026-01-12T00:00:00.000+0000","https://bakerhughes.wd5.myworkdayjobs.com/BakerHughes/job/IT-FI-FLORENCE-VIA-FELICE-MATTEUCCI-2/Senior-Project-Manager_R159909/apply"
"United States of America","Baker Hughes","Lead Commercial Specialist - Proposals","Finance & Commercial","Houston, United States of America","2025-10-22T00:00:00.000+0000","https://bakerhughes.wd5.myworkdayjobs.com/BakerHughes/job/US-TX-HOUSTON-575-N-DAIRY-ASHFORD-RD-ENERGY-CENTER-II-EC2/Lead-Commercial-Specialist---Proposals_R149867-1/apply"
"Italy","Baker Hughes","Process Quality Engineer - Farm Out","Operations & Maintenance","Florence, Italy","2025-06-26T00:00:00.000+0000","https://bakerhughes.wd5.myworkdayjobs.com/BakerHughes/job/IT-FI-FLORENCE-VIA-FELICE-MATTEUCCI-2/Process-Quality-Engineer---Farm-Out_R148842-1/apply"
"Mexico","Baker Hughes","GTC Tax Analyst Caribbean, Canada & AR WHT","Finance & Commercial","Mexico City, Mexico","2025-06-13T00:00:00.000+0000","https://bakerhughes.wd5.myworkdayjobs.com/BakerHughes/job/MX-DF-MEXICO-CITY-AVENIDA-ANTONIO-DOVALI-JAIME-70/GTC-Tax-Analyst-Caribbean--Canada---AR-WHT_R149877/apply"
"Italy","Baker Hughes","GTS Commodity/Buyer – Aero","Other","Florence, Italy","2025-11-07T00:00:00.000+0000","https://bakerhughes.wd5.myworkdayjobs.com/BakerHughes/job/IT-FI-FLORENCE-VIA-FELICE-MATTEUCCI-2/GTS-Commodity-Buyer---Aero_R156557/apply"
"Poland","Baker Hughes","Structural Lead Engineer – Subsea Manifolds Systems","Drilling & Wells","Warsaw, Poland","2025-09-26T00:00:00.000+0000","https://bakerhughes.wd5.myworkdayjobs.com/BakerHughes/job/PL-PDK-WARSAW-ALEJA-KRAKOWSKA-110114-BLD-3014613/Structural-Lead-Engineer---Subsea-Manifolds-Systems_R156371/apply"
"Italy","Baker Hughes","New Energy Solutions Product Manager","Management & Administration","Bari, Italy","2026-02-06T00:00:00.000+0000","https://bakerhughes.wd5.myworkdayjobs.com/BakerHughes/job/IT-BA-BARI-STRADA-PROVINCIALE-PER-MODUGNO-10C613/New-Energy-Solutions-Product-Manager_R153369-1/apply"
"China","Baker Hughes","Field Specialist - SPS","Other","Beijing, China","2026-02-06T00:00:00.000+0000","https://bakerhughes.wd5.myworkdayjobs.com/BakerHughes/job/CN-OTHER-CHINA/Field-Specialist---SPS_R156733/apply"
"Italy","Baker Hughes","Aeroderivative Mechanical Design Engineer","Operations & Maintenance","Florence, Italy","2026-02-05T00:00:00.000+0000","https://bakerhughes.wd5.myworkdayjobs.com/BakerHughes/job/IT-FI-FLORENCE-VIA-FELICE-MATTEUCCI-2/Aeroderivative-Mechanical-Design-Engineer_R156346/apply"
"Guyana","Baker Hughes","Field Specialist - Georgetown, GY","Other","Georgetown, Guyana","2026-02-05T00:00:00.000+0000","https://bakerhughes.wd5.myworkdayjobs.com/BakerHughes/job/GY-GEORGETOWN-PLOT-51-ECCLES-INDUSTRIAL-ESTATE-ECCLES/Field-Specialist---Georgetown--GY_R154244-1/apply"
"UK","Baker Hughes","Lead Sales Specialist","Sales & Marketing","Aberdeen, UK","2026-02-04T00:00:00.000+0000","https://bakerhughes.wd5.myworkdayjobs.com/BakerHughes/job/GB-AC-ABERDEEN-KIRKHILL-ROAD/Lead-Sales-Specialist_R160658/apply"
"Netherlands","Baker Hughes","Field Operator","Operations & Maintenance","Son En Breugel, Netherlands","2026-02-06T00:00:00.000+0000","https://bakerhughes.wd5.myworkdayjobs.com/BakerHughes/job/NL-SON-EN-BREUGEL-EKKERSRIJT-2052/Field-Operator_R160746/apply"
"United States of America","Baker Hughes","Manufacturing Equipment Operator","Operations & Maintenance","Claremore, United States of America","2026-02-05T00:00:00.000+0000","https://bakerhughes.wd5.myworkdayjobs.com/BakerHughes/job/US-OK-CLAREMORE-2210-E-L-ANDERSON-BLVD/Manufacturing-Equipment-Operator_R160720/apply"
"United States of America","Baker Hughes","Manufacturing Equipment Operator","Operations & Maintenance","Claremore, United States of America","2026-02-04T00:00:00.000+0000","https://bakerhughes.wd5.myworkdayjobs.com/BakerHughes/job/US-OK-CLAREMORE-2210-E-L-ANDERSON-BLVD/Manufacturing-Equipment-Operator_R160688/apply"
"China","Baker Hughes","Field Service Engineer - Subsea Christmas Tree","Drilling & Wells","Beijing, China","2026-02-09T00:00:00.000+0000","https://bakerhughes.wd5.myworkdayjobs.com/BakerHughes/job/CN-OTHER-CHINA/Field-Service-Engineer---Subsea-Christmas-Tree_R158911-1/apply"
"China","Baker Hughes","Field Service Engineer - Controls","Engineering","Beijing, China","2026-02-09T00:00:00.000+0000","https://bakerhughes.wd5.myworkdayjobs.com/BakerHughes/job/CN-OTHER-CHINA/Field-Service-Engineer---Controls_R158912/apply"
"Malaysia","Baker Hughes","Remote Professional General","Other","Kuala Lumpur, Malaysia","2026-02-10T00:00:00.000+0000","https://bakerhughes.wd5.myworkdayjobs.com/BakerHughes/job/MY-KUL-KUALA-LUMPUR-21ST-FLOOR-MENARA-TAN--TAN/Remote-Professional-General_R160344/apply"
"United States of America","Baker Hughes","Field Specialist (Upstream Chemicals) - Pecos, TX","Other","Carlsbad, United States of America","2026-02-10T00:00:00.000+0000","https://bakerhughes.wd5.myworkdayjobs.com/BakerHughes/job/US-NM-Carlsbad-233-Carrasco-Road/Field-Specialist--Upstream-Chemicals----Pecos--TX_R154919-1/apply"
"Algeria","Baker Hughes","Aero Senior Field Service Engineer","Engineering","Boufarik, Algeria","2026-02-10T00:00:00.000+0000","https://bakerhughes.wd5.myworkdayjobs.com/BakerHughes/job/DZ-BOUFARIK-WILAYA-DE-BLIDA-ZONE-DACTIVITE-DE-GUEROUAOU/Aero-Senior-Field-Service-Engineer_R160852-2/apply"
"Italy","Baker Hughes","Emerging Talent: ASPIRE - Supply Chain (Italy) 2026 Opportunities","Projects & Contracts","Florence, Italy","2026-02-11T00:00:00.000+0000","https://bakerhughes.wd5.myworkdayjobs.com/BakerHughes/job/IT-FI-FLORENCE-VIA-FELICE-MATTEUCCI-2/Emerging-Talent--ASPIRE---Supply-Chain--Italy--2026-Opportunities_R156075/apply"
"Germany","Baker Hughes","Emerging Talent – Function Development/Modelling and Simulation Intern 2026 Opportunities (Celle)","HR & Training","Celle, Germany","2026-02-11T00:00:00.000+0000","https://bakerhughes.wd5.myworkdayjobs.com/BakerHughes/job/DE-CELLE-BAKER-HUGHES-STRASSE-1/University-Internship---Function-Development-Modelling-and-Simulation-2026-Opportunities--Celle-_R158057/apply"
"Slovakia","Baker Hughes","Emerging Talent – Engineering Intern 2026 Opportunities (Nové Mesto)","HR & Training","Slovakia","2026-02-11T00:00:00.000+0000","https://bakerhughes.wd5.myworkdayjobs.com/BakerHughes/job/SK-NOVE-MESTO-NAD-VAHOM-TRENCIANSKA-15/Emerging-Talent---Engineering-Intern-2026-Opportunities--Nov-Mesto-_R158469/apply"
"Italy","Baker Hughes","Emerging Talent – Sales and Commercial Intern 2026 Opportunities (Florence)","Finance & Commercial","Florence, Italy","2026-02-11T00:00:00.000+0000","https://bakerhughes.wd5.myworkdayjobs.com/BakerHughes/job/IT-FI-FLORENCE-VIA-FELICE-MATTEUCCI-2/Emerging-Talent---Sales-and-Commercial-Intern-2026-Opportunities--Florence-_R158403/apply"
"Italy","Baker Hughes","Emerging Talent– Manufacturing Intern 2026 Opportunities (Massa)","HR & Training","Avenza, Italy","2026-02-11T00:00:00.000+0000","https://bakerhughes.wd5.myworkdayjobs.com/BakerHughes/job/IT-MS-AVENZA--VIALE-DOMENICO-ZACCAGNA-12/Emerging-Talent--Manufacturing-Intern-2026-Opportunities--Massa-_R158412/apply"
"UK","Baker Hughes","Aero Senior Field Service Engineer","Engineering","London, UK","2026-02-10T00:00:00.000+0000","https://bakerhughes.wd5.myworkdayjobs.com/BakerHughes/job/GB-OTHER-UNITED-KINGDOM/Aero-Senior-Field-Service-Engineer_R160853-1/apply"
"Germany","Baker Hughes","Emerging Talent - Praktikum, Bachelor- und Masterarbeit– Firmware, Software und Informatik 2026 (Celle)","IT & Digital","Celle, Germany","2026-02-11T00:00:00.000+0000","https://bakerhughes.wd5.myworkdayjobs.com/BakerHughes/job/DE-CELLE-BAKER-HUGHES-STRASSE-1/Praktikum--Bachelor--und-Masterarbeit--Firmware--Software-und-Informatik-2026--Celle-_R158066/apply"
"Germany","Baker Hughes","Emerging Talent - Praktikum, Bachelor- und Masterarbeit– Elektrotechnik und Elektronik 2026 (Celle)","HR & Training","Celle, Germany","2026-02-11T00:00:00.000+0000","https://bakerhughes.wd5.myworkdayjobs.com/BakerHughes/job/DE-CELLE-BAKER-HUGHES-STRASSE-1/Praktikum--Bachelor--und-Masterarbeit--Elektrotechnik-und-Elektronik-2026--Celle-_R158058/apply"
"Germany","Baker Hughes","Emerging Talent – Geology, Geosciences or Geophysics Intern 2026 Opportunities (Celle)","Geosciences","Celle, Germany","2026-02-11T00:00:00.000+0000","https://bakerhughes.wd5.myworkdayjobs.com/BakerHughes/job/DE-CELLE-BAKER-HUGHES-STRASSE-1/University-Internship---Geology--Geosciences-or-Geophysics-2026-Opportunities--Celle-_R158056/apply"
"Italy","Baker Hughes","Emerging Talent: ASPIRE – Finance Italy 2026 Opportunities","Finance & Commercial","Florence, Italy","2026-02-11T00:00:00.000+0000","https://bakerhughes.wd5.myworkdayjobs.com/BakerHughes/job/IT-FI-FLORENCE-VIA-FELICE-MATTEUCCI-2/Emerging-Talent--ASPIRE---Finance-Italy-2026-Opportunities_R156974/apply"
"Italy","Baker Hughes","Emerging Talent – Manufacturing Intern 2026 Opportunities (Vibo)","HR & Training","Vibo Valentia, Italy","2026-02-11T00:00:00.000+0000","https://bakerhughes.wd5.myworkdayjobs.com/BakerHughes/job/IT-VV-VIBO-VALENTIA-VIA-LE-MARINATE/Emerging-Talent---Manufacturing-Intern-2026-Opportunities--Vibo-_R158419-1/apply"
"Italy","Baker Hughes","Emerging Talent – Business System Intern 2026 Opportunities (Florence)","HR & Training","Florence, Italy","2026-02-11T00:00:00.000+0000","https://bakerhughes.wd5.myworkdayjobs.com/BakerHughes/job/IT-FI-FLORENCE-VIA-FELICE-MATTEUCCI-2/Emerging-Talent---Business-System-Intern-2026-Opportunities--Florence-_R159849/apply"
"Germany","Baker Hughes","Emerging Talent - Praktikum, Bachelor- und Masterarbeit – System- und Datenanalyse 2026 (Celle)","IT & Digital","Celle, Germany","2026-02-11T00:00:00.000+0000","https://bakerhughes.wd5.myworkdayjobs.com/BakerHughes/job/DE-CELLE-BAKER-HUGHES-STRASSE-1/Werkstudent-fr-System--und-Datenanalyse-2026--Celle-_R158064/apply"
"Italy","Baker Hughes","Emerging Talent – Communications Intern 2026 Opportunities (Florence)","HR & Training","Florence, Italy","2026-02-11T00:00:00.000+0000","https://bakerhughes.wd5.myworkdayjobs.com/BakerHughes/job/IT-FI-FLORENCE-VIA-FELICE-MATTEUCCI-2/Emerging-Talent---Communications-Intern-2026-Opportunities--Florence-_R158406/apply"
"United States of America","Baker Hughes","Gas Turbine Mechanic","Other","Houston, United States of America","2026-02-10T00:00:00.000+0000","https://bakerhughes.wd5.myworkdayjobs.com/BakerHughes/job/US-TX-HOUSTON-17619-ALDINE-WESTFIELD-ROAD/Gas-Turbine-Mechanic_R160898/apply"
"Italy","Baker Hughes","Emerging Talent: ASPIRE - Digital Technology (Italy) 2026 Opportunities","IT & Digital","Florence, Italy","2026-02-11T00:00:00.000+0000","https://bakerhughes.wd5.myworkdayjobs.com/BakerHughes/job/IT-FI-FLORENCE-VIA-FELICE-MATTEUCCI-2/Emerging-Talent--ASPIRE---Digital-Technology--Italy--2026-Opportunities_R159914/apply"
"Brazil","Baker Hughes","Aero Senior Field Service Engineer","Engineering","Macae, Brazil","2026-02-11T00:00:00.000+0000","https://bakerhughes.wd5.myworkdayjobs.com/BakerHughes/job/BR-RJ-MACAE-ESTRADA-DE-FAZENDA-SAO-JOSE-DO-MUTUM-200/Aero-Senior-Field-Service-Engineer_R160956/apply"
"Azerbaijan","Baker Hughes","Wireline General Field Engineer","Drilling & Wells","Baku, Azerbaijan","2026-02-13T00:00:00.000+0000","https://bakerhughes.wd5.myworkdayjobs.com/BakerHughes/job/AZ-Baku-Baku-15th-Km-of-the-Baku-Salyan-Highway-1F-Garadag-District/Wireline-General-Field-Engineer_R160347/apply"
"Guyana","Baker Hughes","Offshore Lab Technician","Operations & Maintenance","Georgetown, Guyana","2026-02-12T00:00:00.000+0000","https://bakerhughes.wd5.myworkdayjobs.com/BakerHughes/job/GY-Demerara-Georgetown-Tract-X-Land-of-Canaan-on-the-Eastern-Bank-of-the-Demerara-Riv/Offshore-Lab-Technician_R161047/apply"
"Italy","Baker Hughes","Emerging Talent - Sourcing Intern 2026 Opportunities (Florence)","HR & Training","Florence, Italy","2026-02-11T00:00:00.000+0000","https://bakerhughes.wd5.myworkdayjobs.com/BakerHughes/job/IT-FI-FLORENCE-VIA-FELICE-MATTEUCCI-2/Emerging-Talent---Sourcing-Intern-2026-Opportunities--Florence-_R158134/apply"
"Guyana","Baker Hughes","Field Engineer - Fall Co-op Internship (Georgetown, GY) 2026 Opportunities","Engineering","Georgetown, Guyana","2026-02-12T00:00:00.000+0000","https://bakerhughes.wd5.myworkdayjobs.com/BakerHughes/job/GY-Demerara-Georgetown-Tract-X-Land-of-Canaan-on-the-Eastern-Bank-of-the-Demerara-Riv/Field-Engineer---Fall-Co-op-Internship--Georgetown--GY--2026-Opportunities_R155927/apply"
"Saudi Arabia","Baker Hughes","Field Specialist - Drilling Services Measuring while Drilling","Drilling & Wells","Dhahran, Saudi Arabia","2026-02-12T00:00:00.000+0000","https://bakerhughes.wd5.myworkdayjobs.com/BakerHughes/job/SA-DHAHRAN-ABQAIQ-HIGHWAY/Field-Specialist---Drilling-Services-Measuring-while-Drilling_R160424/apply"
"United States of America","Baker Hughes","Rotor Shop Machinist","Other","Houston, United States of America","2026-02-12T00:00:00.000+0000","https://bakerhughes.wd5.myworkdayjobs.com/BakerHughes/job/US-TX-HOUSTON-17619-ALDINE-WESTFIELD-ROAD/Rotor-Shop-Machinist_R149451-1/apply"
"","Baker Hughes","Field Service Engineer – Reciprocating Compressor","Engineering","","2026-02-12T00:00:00.000+0000","https://bakerhughes.wd5.myworkdayjobs.com/BakerHughes/job/IN-HARYANA-GURUGRAM-10th-Floor-Tower-10B-DLF-Cyber-City-DLF-Phase-2-Sec-24/Field-Service-Engineer---Reciprocating-Compressor_R108019/apply"
"Guyana","Baker Hughes","LEAD - Field Engineer (Georgetown, Guyana) 2026 Opportunities","Management & Administration","Georgetown, Guyana","2026-02-03T00:00:00.000+0000","https://bakerhughes.wd5.myworkdayjobs.com/BakerHughes/job/GY-Demerara-Georgetown-Tract-X-Land-of-Canaan-on-the-Eastern-Bank-of-the-Demerara-Riv/LEAD---Field-Engineer--Georgetown--Guyana--2026-Opportunities_R157801/apply"
"Norway","Baker Hughes","Service Delivery Coordinator-Wellbore Intervention","Drilling & Wells","Tananger, Norway","2026-02-13T00:00:00.000+0000","https://bakerhughes.wd5.myworkdayjobs.com/BakerHughes/job/NO-ROGALAND-TANANGER-Kontinentalveien-8-N-4056/Service-Delivery-Coordinator_R159272/apply"
"UK","Baker Hughes","Manufacturing Intern","Other","Newcastle-Upon-Tyne, UK","2026-02-17T00:00:00.000+0000","https://bakerhughes.wd5.myworkdayjobs.com/BakerHughes/job/GB-NEWCASTLE-UPON-TYNE-WINCOMBLEE-ROAD-WELLSTREAM-HOUSE/Manufacturing-Intern_R157685-1/apply"
"United States of America","Baker Hughes","Wireline Field Operator","Drilling & Wells","Buckhannon, United States of America","2026-02-16T00:00:00.000+0000","https://bakerhughes.wd5.myworkdayjobs.com/BakerHughes/job/US-WV-BUCKHANNON-180-CHILDERS-RUN-CROSSING/Wireline-Field-Operator_R158498/apply"
"Poland","Baker Hughes","Senior / Lead Engineer, Product Development & New Technology (multiple positions)","R&D & Technology","Warsaw, Poland","2026-02-18T00:00:00.000+0000","https://bakerhughes.wd5.myworkdayjobs.com/BakerHughes/job/PL-PDK-WARSAW-ALEJA-KRAKOWSKA-110114-BLD-3014613/Senior---Lead-Engineer--Product-Development---New-Technology--multiple-positions-_R160466/apply"
"Saudi Arabia","Baker Hughes","Field Operator - Pressure Pumping","Operations & Maintenance","Dhahran, Saudi Arabia","2025-12-24T07:39:30.358+0000",""
"UAE","Baker Hughes","Baker Hughes – UAE National Talent pool","HR & Training","UAE","2026-02-11T00:00:00.000+0000",""
"Italy","Baker Hughes","Digital Services Product Growth Manager","IT & Digital","Florence, Italy","2026-02-17T00:00:00.000+0000","https://bakerhughes.wd5.myworkdayjobs.com/BakerHughes/job/IT-FI-FLORENCE-VIA-FELICE-MATTEUCCI-2/Digital-Services-Product-Growth-Manager_R159967/apply"
"USA","Baker Hughes","R109188 CNC Machinist","Other","Houston, USA","2024-02-14T00:00:00.000+0000",""
"Australia","Baker Hughes","Workshop Mechanic - Process & Pipeline Services","Operations & Maintenance","Welshpool, Australia","2024-06-04T00:00:00.000+0000",""
"Malaysia","Baker Hughes","Payroll Accounting Senior Analyst","Finance & Commercial","Kuala Lumpur, Malaysia","2024-10-09T00:00:00.000+0000",""
"China","Baker Hughes","Mechanical Field Service Engineer","Operations & Maintenance","Beijing, China","2024-08-20T00:00:00.000+0000",""
"China","Baker Hughes","Sales Manager","Sales & Marketing","Beijing, China","2024-06-03T00:00:00.000+0000",""
"China","Baker Hughes","Control Field Service Engineer","Engineering","Beijing, China","2024-08-20T00:00:00.000+0000",""
"China","Baker Hughes","Valves Sales Specialist - Nuclear Industry","Sales & Marketing","Beijing, China","2024-09-03T00:00:00.000+0000",""
"Singapore","Baker Hughes","Valve Assembly Technician","Operations & Maintenance","Singapore","2024-09-10T00:00:00.000+0000",""
"Italy","Baker Hughes","Project Manager","Projects & Contracts","Milan, Italy","2024-09-27T00:00:00.000+0000",""
"Italy","Baker Hughes","Estimating and Proposal Manager","Projects & Contracts","Milan, Italy","2024-09-27T14:57:24.280+0000",""
"Vietnam","Baker Hughes","Field Service Engineer Light Well Intervention (LWI)","Engineering","Vietnam","2024-10-15T00:00:00.000+0000",""
"Vietnam","Baker Hughes","Field Service Engineer – Wellheads","Engineering","Vietnam","2024-10-15T00:00:00.000+0000",""
"Vietnam","Baker Hughes","Field Service Engineer – Completions","Drilling & Wells","Vietnam","2024-10-15T00:00:00.000+0000",""
"Vietnam","Baker Hughes","Field Service Engineer – Controls","Engineering","Vietnam","2024-10-15T00:00:00.000+0000",""
"New Zealand","Baker Hughes","Materials Engineer","Projects & Contracts","Upper Hutt, New Zealand","2024-10-29T00:00:00.000+0000",""
"Papua New Guinea","Baker Hughes","APAC-OFSE- Warehouse & Yard Associate, REG Supply Chain - PNG","Projects & Contracts","Papua New Guinea","2025-01-20T00:00:00.000+0000",""
"Taiwan","Baker Hughes","Machinery Diagnostics Service Engineer - Industrial Solutions","Engineering","Taiwan","2025-01-07T00:00:00.000+0000",""
"China","Baker Hughes","Reliability Engineer- Drilling Services","Drilling & Wells","Ürümqi, China","2024-11-21T00:00:00.000+0000",""
"China","Baker Hughes","Field Specialist - Pressure Pumping","Other","Tianjin, China","2024-11-29T00:00:00.000+0000",""
"Thailand","Baker Hughes","Cementing Field Specialist","Drilling & Wells","Thailand","2025-07-08T00:00:00.000+0000",""
"Australia","Baker Hughes","General Field Operator – Wireline / E-Line","Drilling & Wells","Gidgealpa, Australia","2025-01-31T00:00:00.000+0000",""
"Australia","Baker Hughes","General Field Engineer – Wireline / E-Line","Drilling & Wells","Gidgealpa, Australia","2025-01-31T00:00:00.000+0000",""
"Australia","Baker Hughes","Senior Field Engineer – Wireline / E-Line","Drilling & Wells","Gidgealpa, Australia","2025-01-31T00:00:00.000+0000",""
"Australia","Baker Hughes","Senior Field Operator – Wireline / E-Line","Drilling & Wells","Gidgealpa, Australia","2025-01-31T00:00:00.000+0000",""
"Australia","Baker Hughes","General Field Specialist – Wireline / E-Line","Drilling & Wells","Gidgealpa, Australia","2025-01-31T00:00:00.000+0000",""
"Italy","Baker Hughes","Lead Compressor Design Engineer","Management & Administration","Florence, Italy","2025-02-14T00:00:00.000+0000",""
"Italy","Baker Hughes","Shop Operator","Operations & Maintenance","Florence, Italy","2025-02-18T00:00:00.000+0000",""
"Malaysia","Baker Hughes","InterCompany Analyst","Other","Kuala Lumpur, Malaysia","2025-03-11T00:00:00.000+0000",""
"France","Baker Hughes","Forum Emploi UIMM","Other","Le Creusot, France","2025-03-11T00:00:00.000+0000",""
"China","Baker Hughes","AMO Technician","Operations & Maintenance","Tianjin, China","2025-03-18T00:00:00.000+0000",""
"Malaysia","Baker Hughes","Senior Internal Auditor","Finance & Commercial","Kuala Lumpur, Malaysia","2025-04-09T00:00:00.000+0000",""
"Malaysia","Baker Hughes","Tax Analyst (Corporate tax)","Finance & Commercial","Kuala Lumpur, Malaysia","2025-04-09T00:00:00.000+0000",""
"Malaysia","Baker Hughes","Tax Analyst (Indirect tax)","Finance & Commercial","Kuala Lumpur, Malaysia","2025-04-09T00:00:00.000+0000",""
"Malaysia","Baker Hughes","Global Tax Analyst (Mandarin speaker)","Finance & Commercial","Kuala Lumpur, Malaysia","2025-04-09T00:00:00.000+0000",""
"China","Baker Hughes","Masoneilan Product Manager - China","Management & Administration","Suzhou, China","2025-04-16T00:00:00.000+0000",""
"Indonesia","Baker Hughes","Area Sales Representative - Completions & Well Intervention","Drilling & Wells","Jakarta, Indonesia","2025-04-29T00:00:00.000+0000",""
"Australia","Baker Hughes","R146646 Workshop Technician","Operations & Maintenance","Jandakot, Australia","2025-05-14T00:00:00.000+0000",""
"South Korea","Baker Hughes","HSE Manager","HSE & Environment","South Korea","2025-05-16T00:00:00.000+0000",""
"Singapore","Baker Hughes","Project Execution Account Manager","Projects & Contracts","Singapore","2025-05-20T00:00:00.000+0000",""
"Malaysia","Baker Hughes","Lead Diagnostic Engineer","Management & Administration","Kuala Lumpur, Malaysia","2025-06-04T00:00:00.000+0000",""
"Malaysia","Baker Hughes","Lead Sales Specialist - Valves","Sales & Marketing","Kuala Lumpur, Malaysia","2025-06-04T00:00:00.000+0000",""
"UAE","Baker Hughes","Service Delivery Coordinator - Wellbore Intervention","Drilling & Wells","Abu Dhabi, UAE","2025-06-05T00:00:00.000+0000",""
"South Korea","Baker Hughes","Project Manager - Valves","Projects & Contracts","South Korea","2025-06-05T00:00:00.000+0000",""
"India","Baker Hughes","Cased Hole Geoscientist","R&D & Technology","Mumbai, India","2025-06-05T00:00:00.000+0000",""
"France","Baker Hughes","Dessinateur(trice) Projeteur(se) (F/H)","Other","Le Creusot, France","2025-06-17T00:00:00.000+0000",""
"UAE","Baker Hughes","Assembly, Maintenance, and Overhaul Technician - UAE National","Operations & Maintenance","Abu Dhabi, UAE","2025-06-25T00:00:00.000+0000",""
"Iraq","Baker Hughes","Field Specialist - Artificial Lift","Other","الرميله الشماليه, Iraq","2025-07-10T00:00:00.000+0000",""
"France","Baker Hughes","Superviseur(se) mécanique (F/H)","Other","Le Creusot, France","2025-07-16T00:00:00.000+0000",""
"Australia","Baker Hughes","Field Specialist - Wellbore Intervention/Fishing","Drilling & Wells","Jandakot, Australia","2025-07-18T00:00:00.000+0000",""
"Vietnam","Baker Hughes","Lead Design Engineer","Management & Administration","Vietnam","2025-09-18T00:00:00.000+0000",""
"Vietnam","Baker Hughes","Lead Engineer – Subsea Distribution Systems","Drilling & Wells","Vietnam","2025-09-18T00:00:00.000+0000",""
"Indonesia","Baker Hughes","Service Delivery Technical Manager","Management & Administration","Jakarta, Indonesia","2025-09-23T10:26:55.788+0000",""
"Indonesia","Baker Hughes","Service Delivery Coordinator – Gravel Pack & Sand Control Tools","Management & Administration","Jakarta, Indonesia","2025-09-26T00:00:00.000+0000",""
"Japan","Baker Hughes","Sales Specialist - Panametrics","Sales & Marketing","Chuo City, Japan","2025-10-05T00:00:00.000+0000",""
"Malaysia","Baker Hughes","Consortium Interface Manager - Subsea Projects","Drilling & Wells","Kuala Lumpur, Malaysia","2025-10-10T00:00:00.000+0000",""
"Australia","Baker Hughes","Service Delivery Coordinator – Wireline Services","Drilling & Wells","Australia","2025-11-03T00:00:00.000+0000",""
"Italy","Baker Hughes","Field Service Control Systems Engineer","Engineering","Florence, Italy","2026-02-05T00:00:00.000+0000","https://bakerhughes.wd5.myworkdayjobs.com/BakerHughes/job/IT-FI-FLORENCE-VIA-FELICE-MATTEUCCI-2/Field-Service-Control-Systems-Engineer_R158660/apply"
"Indonesia","Baker Hughes","Field Supervisor I - Wellbore Intervention","Drilling & Wells","Jakarta, Indonesia","2026-02-19T00:00:00.000+0000","https://bakerhughes.wd5.myworkdayjobs.com/BakerHughes/job/DNU-ID-JW-JAKARTA-JI-RA-KARTINI-KAV-8-CILANDAK-BARAT/Field-Supervisor-I---Wellbore-Intervention_R153901/apply"
"United States of America","Baker Hughes","Gas Turbines Repair Engineers","Engineering","Channelview, United States of America","2026-02-19T00:00:00.000+0000","https://bakerhughes.wd5.myworkdayjobs.com/BakerHughes/job/US-TX-Jacintoport-Blvd-Channelview/Repair-Engineers--Turbo-Machinery-Components_R151434/apply"
"Poland","Baker Hughes","Emerging Talent: Engineering Intern 2026 Opportunities (Warsaw)","HR & Training","Warsaw, Poland","2026-02-11T00:00:00.000+0000","https://bakerhughes.wd5.myworkdayjobs.com/BakerHughes/job/PL-PDK-WARSAW-ALEJA-KRAKOWSKA-110114-BLD-3014613/Emerging-Talent--Engineering-Intern-2026-Opportunities--Warsaw-_R158192-1/apply"
"UK","Baker Hughes","Service Delivery Coordinator-Wellbore Intervention","Drilling & Wells","Aberdeen, UK","2026-02-20T00:00:00.000+0000","https://bakerhughes.wd5.myworkdayjobs.com/BakerHughes/job/GB-AC-ABERDEEN-KIRKHILL-ROAD/Service-Delivery-Coordinator_R159273/apply"
"Canada","Baker Hughes","Account Manager (Upstream Chemicals)","Sales & Marketing","Virden, Canada","2026-02-20T00:00:00.000+0000","https://bakerhughes.wd5.myworkdayjobs.com/BakerHughes/job/CA-MB-VIRDEN-190-COMMONWEALTH-DR/Account-Manager--Upstream-Chemicals-_R161085/apply"
"Italy","Baker Hughes","Lead Infrastructure Solution Architect","IT & Digital","Florence, Italy","2026-02-23T00:00:00.000+0000","https://bakerhughes.wd5.myworkdayjobs.com/BakerHughes/job/IT-FI-FLORENCE-VIA-FELICE-MATTEUCCI-2/Lead-Infrastructure-Solution-Architect_R160524-1/apply"
"Indonesia","Baker Hughes","Manufacturing Quality Engineer","Engineering","Batam, Indonesia","2026-02-18T00:00:00.000+0000","https://bakerhughes.wd5.myworkdayjobs.com/BakerHughes/job/ID-SM-BATAM-JALAN-KERAPU-NO-1415/Manufacturing-Quality-Engineer_R160882-1/apply"
"Singapore","Baker Hughes","Product Delivery Manager","Management & Administration","Singapore","2026-02-18T12:49:57.516+0000",""
"Kuwait","Baker Hughes","Field Specialist - Artificial Lift","Other","Al Ahmadi, Kuwait","2026-02-19T00:00:00.000+0000","https://bakerhughes.wd5.myworkdayjobs.com/BakerHughes/job/KW-AL-AHMADI-BLDG-NO-13-14-15--16-EAST-AHMADI/Field-Specialist---Artificial-Lift_R160762/apply"
"United States of America","Baker Hughes","LTSA Lead Project Manager","Projects & Contracts","Houston, United States of America","2026-02-20T00:00:00.000+0000","https://bakerhughes.wd5.myworkdayjobs.com/BakerHughes/job/US-TX-HOUSTON-575-N-DAIRY-ASHFORD-RD-ENERGY-CENTER-II-EC2/LTSA-Lead-Project-Manager_R160889/apply"
"Czechia","Baker Hughes","Zkušební technik/Test engineer (m,ž)","Engineering","Pilsen, Czechia","2026-02-19T00:00:00.000+0000","https://bakerhughes.wd5.myworkdayjobs.com/BakerHughes/job/CZ-DOUDLEVCE-PILSEN-EDVARDA-BENESE-56439/Zkuebn-technik-Test-engineer_R157083/apply"
"Czechia","Baker Hughes","Pracovník výroby generátorů - navíječ (m/ž)","Other","Pilsen, Czechia","2026-02-10T00:00:00.000+0000","https://bakerhughes.wd5.myworkdayjobs.com/BakerHughes/job/CZ-DOUDLEVCE-PILSEN-EDVARDA-BENESE-56439/Assembler-Generator-winder_R149704/apply"
"Czechia","Baker Hughes","Inženýr systémové kvality (m,ž)","Other","Pilsen, Czechia","2026-02-19T00:00:00.000+0000","https://bakerhughes.wd5.myworkdayjobs.com/BakerHughes/job/CZ-DOUDLEVCE-PILSEN-EDVARDA-BENESE-56439/Inenr-systmov-kvality--m--_R160896/apply"
"Czechia","Baker Hughes","Zkušební technik/Test engineer (m,ž)","Engineering","Pilsen, Czechia","2026-02-19T00:00:00.000+0000","https://bakerhughes.wd5.myworkdayjobs.com/BakerHughes/job/CZ-DOUDLEVCE-PILSEN-EDVARDA-BENESE-56439/Zkuebn-technik-Test-engineer--m--_R157081/apply"
"Czechia","Baker Hughes","Finanční kontrolor (m,ž)","Other","Pilsen, Czechia","2026-02-23T00:00:00.000+0000","https://bakerhughes.wd5.myworkdayjobs.com/BakerHughes/job/CZ-DOUDLEVCE-PILSEN-EDVARDA-BENESE-56439/Finann-kontrolor--m--_R161207/apply"
"Australia","Baker Hughes","ARMO Mech Gen","Other","Welshpool, Australia","2026-02-26T00:00:00.000+0000","https://bakerhughes.wd5.myworkdayjobs.com/BakerHughes/job/AU-WA-WELSHPOOL-108-POOLE-STREET/ARMO-Mech-Gen_R161205/apply"
"UK","Baker Hughes","Mechanical Field Specialist - Power Transmission Equipment","Operations & Maintenance","Worcester, UK","2026-02-26T00:00:00.000+0000","https://bakerhughes.wd5.myworkdayjobs.com/BakerHughes/job/GB-England-Worcester-1st-Floor-Rear-Vinegar-House-39-Foregate-Street/Mechanical-Field-Specialist---Power-Transmission-Equipment_R161156/apply"
"Mexico","Baker Hughes","Heavy Duty Gas Turbines Specialist","Other","Veracruz, Mexico","2026-02-24T00:00:00.000+0000","https://bakerhughes.wd5.myworkdayjobs.com/BakerHughes/job/MX-OTHER-MEXICO/Heavy-Duty-Gas-Turbines-Specialist_R161040/apply"
"China","Baker Hughes","ASPIRE Associate - Supply Chain","Projects & Contracts","Shanghai, China","2025-12-04T00:00:00.000+0000","https://bakerhughes.wd5.myworkdayjobs.com/BakerHughes/job/CN-SHANGHAI-1-HUA-TUO-RD/ASPIRE-Associate---Supply-Chain_R156523/apply"
"Mexico","Baker Hughes","Steam Turbines Specialist","Other","Veracruz, Mexico","2026-02-24T00:00:00.000+0000","https://bakerhughes.wd5.myworkdayjobs.com/BakerHughes/job/MX-OTHER-MEXICO/Field-Specialist-III_R161008-1/apply"
"United States of America","Baker Hughes","ARMO Mechanic II","Other","Broussard, United States of America","2026-02-25T00:00:00.000+0000","https://bakerhughes.wd5.myworkdayjobs.com/BakerHughes/job/US-LA-BROUSSARD-1046-ALLIER-ROAD/ARMO-Mechanic-II_R160500/apply"
"Malaysia","Baker Hughes","South East Asia – Installation Manger Leader","Management & Administration","Kuala Lumpur, Malaysia","2026-02-26T00:00:00.000+0000","https://bakerhughes.wd5.myworkdayjobs.com/BakerHughes/job/MY-KUL-KUALA-LUMPUR-21ST-FLOOR-MENARA-TAN--TAN/South-East-Asia---Installation-Manger-Leader_R160665/apply"
"Italy","Baker Hughes","Lead Mechanical Field Service Engineer - Centrifugal Compressors","Operations & Maintenance","Florence, Italy","2026-02-25T00:00:00.000+0000","https://bakerhughes.wd5.myworkdayjobs.com/BakerHughes/job/IT-FI-FLORENCE-VIA-FELICE-MATTEUCCI-2/Lead-Mechanical-Field-Service-Engineer---Centrifugal-Compressors_R160617/apply"
"Italy","Baker Hughes","Emerging Talent – Digital Technology Intern 2026 Opportunities (Florence)","IT & Digital","Florence, Italy","2026-02-11T00:00:00.000+0000","https://bakerhughes.wd5.myworkdayjobs.com/BakerHughes/job/IT-FI-FLORENCE-VIA-FELICE-MATTEUCCI-2/Emerging-Talent---Digital-Technology-Intern-2026-Opportunities--Florence-_R158411/apply"
"China","Baker Hughes","Assembly Operator","Operations & Maintenance","Suzhou, China","2026-02-27T00:00:00.000+0000","https://bakerhughes.wd5.myworkdayjobs.com/BakerHughes/job/CN-SUZHOU-81-SUHONG-ZHONG-ROAD/Assembly-Operator_R152694/apply"
"Canada","Baker Hughes","Wireline Tractor Field Specialist (Altus Intervention) - Bonnyville, AB CA","Drilling & Wells","Bonnyville, Canada","2026-02-25T00:00:00.000+0000","https://bakerhughes.wd5.myworkdayjobs.com/BakerHughes/job/CA-AB-BONNYVILLE-111-45521-660-HIGHWAY/Wireline-Tractor-Field-Specialist--Altus-Intervention----Bonnyville--AB-CA_R161171/apply"
"Italy","Baker Hughes","Lead Project Planning Specialist","Projects & Contracts","Florence, Italy","2026-02-25T00:00:00.000+0000","https://bakerhughes.wd5.myworkdayjobs.com/BakerHughes/job/IT-FI-FLORENCE-VIA-FELICE-MATTEUCCI-2/Lead-Project-Planning-Specialist_R160663/apply"
"Canada","Baker Hughes","Reliability Specialist","Other","Leduc, Canada","2026-02-25T00:00:00.000+0000","https://bakerhughes.wd5.myworkdayjobs.com/BakerHughes/job/CA-AB-LEDUC-7018-45-STREET/Reliability-Specialist_R161097/apply"
"Malaysia","Baker Hughes","Lead Audit Specialist - Internal Control","IT & Digital","Kuala Lumpur, Malaysia","2026-02-27T00:00:00.000+0000","https://bakerhughes.wd5.myworkdayjobs.com/BakerHughes/job/MY-KUL-KUALA-LUMPUR-21ST-FLOOR-MENARA-TAN--TAN/Lead-Audit-Specialist---Internal-Control_R159083/apply"
"United States of America","Baker Hughes","Finished Fuels and Additives Product Portfolio Manager (Downstream Chemicals Leader)","Management & Administration","Sugar Land, United States of America","2026-02-27T00:00:00.000+0000","https://bakerhughes.wd5.myworkdayjobs.com/BakerHughes/job/US-TX-SUGAR-LAND-12645-WEST-AIRPORT-BLVD/Finished-Fuels-and-Additives-Product-Portfolio-Manager--Downstream-Chemicals-Leader-_R161099/apply"
"Germany","Baker Hughes","Werkstudent für System- und Datenanalyse 2025 (Celle)","Other","Celle, Germany","2026-02-27T00:00:00.000+0000","https://bakerhughes.wd5.myworkdayjobs.com/BakerHughes/job/DE-CELLE-BAKER-HUGHES-STRASSE-1/Werkstudent-fr-System--und-Datenanalyse-2025--Celle-_R158060/apply"
"Italy","Baker Hughes","Emerging Talent – AI and Computer engineering Intern 2026 Opportunities (Florence)","IT & Digital","Florence, Italy","2026-02-27T00:00:00.000+0000","https://bakerhughes.wd5.myworkdayjobs.com/BakerHughes/job/IT-FI-FLORENCE-VIA-FELICE-MATTEUCCI-2/Emerging-Talent---AI-and-Computer-engineering-Intern-2026-Opportunities--Florence-_R161407/apply"
"United States of America","Baker Hughes","Sales Professional - Account Management","Sales & Marketing","Baton Rouge, United States of America","2026-02-27T00:00:00.000+0000","https://bakerhughes.wd5.myworkdayjobs.com/BakerHughes/job/US-LA-OTHER-LOUISIANA/Sales-Professional---Account-Management_R160911/apply"
"UAE","Baker Hughes","Emerging Talent: LEAD - Field Engineer (UAE Nationals Only) 2026 Opportunities","HR & Training","Abu Dhabi, UAE","2026-02-11T00:00:00.000+0000","https://bakerhughes.wd5.myworkdayjobs.com/BakerHughes/job/AE-ABU-DHABI-AL-GHAITH-YARD-MUSSAFAH-INDUSTRIAL-16th-STREET/Emerging-Talent--LEAD---Field-Engineer--UAE--2026-Opportunities_R158336/apply"
"France","Baker Hughes","Emerging Talent: ASPIRE - Supply Chain (France) 2026 Opportunities","Projects & Contracts","Conde-Sur-Noireau, France","2026-02-11T00:00:00.000+0000","https://bakerhughes.wd5.myworkdayjobs.com/BakerHughes/job/FR-NOR-CONDE-SUR-NOIREAU-3-RUE-SAINT-PIERRE/Emerging-Talent--ASPIRE---Supply-Chain--France--2026-Opportunities_R156071/apply"
"Colombia","Baker Hughes","Aprendiz Sena","Other","Neiva, Colombia","2025-09-19T00:00:00.000+0000","https://bakerhughes.wd5.myworkdayjobs.com/BakerHughes/job/CO-NEIVA-CALLE-40--7P-400-COND-INDUS/Aprendiz-Sena_R147833/apply"
"Mexico","Baker Hughes","Control Systems Specialist","Other","Veracruz, Mexico","2026-02-27T00:00:00.000+0000","https://bakerhughes.wd5.myworkdayjobs.com/BakerHughes/job/MX-OTHER-MEXICO/Control-Systems-Specialist_R161408/apply"
"France","Baker Hughes","Ingénieur(e) Qualité Fournisseurs Nucléaire (F/H)","Other","Conde-Sur-Noireau, France","2026-03-01T00:00:00.000+0000","https://bakerhughes.wd5.myworkdayjobs.com/BakerHughes/job/FR-NOR-CONDE-SUR-NOIREAU-3-RUE-SAINT-PIERRE/Ingnieur-e--Qualit-Fournisseurs-Nuclaire--F-H-_R161355/apply"
"UK","Baker Hughes","Engineering Intern","Engineering","Worcester, UK","2026-03-02T00:00:00.000+0000","https://bakerhughes.wd5.myworkdayjobs.com/BakerHughes/job/GB-England-Worcester-1st-Floor-Rear-Vinegar-House-39-Foregate-Street/Engineering-Intern_R157501/apply"
"United States of America","Baker Hughes","Quality Assurance Engineer","Engineering","Minden, United States of America","2026-02-28T00:00:00.000+0000","https://bakerhughes.wd5.myworkdayjobs.com/BakerHughes/job/US-NV-MINDEN-1631-BENTLY-PARKWAY-SOUTH/Quality-Assurance-Engineer_R159225/apply"
"Italy","Baker Hughes","Modules Technology & ITO Leader","R&D & Technology","Avenza, Italy","2026-02-24T00:00:00.000+0000","https://bakerhughes.wd5.myworkdayjobs.com/BakerHughes/job/IT-MS-AVENZA--VIALE-DOMENICO-ZACCAGNA-12/Modules-Technology---ITO-Leader_R158625/apply"
"UK","Baker Hughes","Emerging Talent Apprenticeship Programme 2026 (Montrose)","HR & Training","Montrose, UK","2026-02-27T00:00:00.000+0000","https://bakerhughes.wd5.myworkdayjobs.com/BakerHughes/job/GB-AN-MONTROSE-CHARLETON-ROAD/Emerging-Talent-Apprenticeship-Programme-2026--Montrose-_R161358/apply"
"UK","Baker Hughes","Emerging Talent Apprenticeship Programme 2026 (Aberdeen)","HR & Training","Aberdeen, UK","2026-02-27T00:00:00.000+0000","https://bakerhughes.wd5.myworkdayjobs.com/BakerHughes/job/GB-AC-ABERDEEN-BAKER-HUGHES-BUILDING/Emerging-Talent-Apprenticeship-Programme-2026--Aberdeen-_R161359/apply"
"China","Baker Hughes","Indirect Sourcing Specialist","Other","Changzhou, China","2026-03-02T00:00:00.000+0000","https://bakerhughes.wd5.myworkdayjobs.com/BakerHughes/job/CN-CHANGZHOU-NO-8-XI-HU-ROAD-BUILDING-9A/Indirect-Sourcing-Specialist_R161055/apply"
"Mexico","Baker Hughes","Incident Response Analyst LATAM","Other","Mexico City, Mexico","2025-08-14T00:00:00.000+0000","https://bakerhughes.wd5.myworkdayjobs.com/BakerHughes/job/MX-DF-MEXICO-CITY-AVENIDA-ANTONIO-DOVALI-JAIME-70/Incident-Response-Analyst-LATAM_R148352-1/apply"
"Italy","Baker Hughes","Aero Supplier Quality Engineer – Gas Technology Services","R&D & Technology","Florence, Italy","2026-01-23T00:00:00.000+0000","https://bakerhughes.wd5.myworkdayjobs.com/BakerHughes/job/IT-FI-FLORENCE-VIA-FELICE-MATTEUCCI-2/Aero-Supplier-Quality-Engineer---Gas-Technology-Services_R156547-1/apply"
"Germany","Baker Hughes","Emerging Talent - Praktikum, Bachelor- und Masterarbeit– Maschinenbau und Mechatronik 2026 (Celle)","HR & Training","Celle, Germany","2026-02-11T00:00:00.000+0000","https://bakerhughes.wd5.myworkdayjobs.com/BakerHughes/job/DE-CELLE-BAKER-HUGHES-STRASSE-1/Praktikum--Bachelor--und-Masterarbeit--Maschinenbau-und-Mechatronik-2026--Celle-_R158055/apply"
"Saudi Arabia","Baker Hughes","Welder","Other","Dammam, Saudi Arabia","2026-01-22T00:00:00.000+0000","https://bakerhughes.wd5.myworkdayjobs.com/BakerHughes/job/SA-DAMMAM-2nd-Industrial-City-Modon-facility-Plot-No-005TS00036-PO-Box-31952/Welder_R152299/apply"
"United States of America","Baker Hughes","Manufacturing Equipment Operator - Midland, TX","Operations & Maintenance","Midland, United States of America","2025-08-27T00:00:00.000+0000","https://bakerhughes.wd5.myworkdayjobs.com/BakerHughes/job/US-TX-MIDLAND-2309-EAST-INTERSTATE-20/Manufacturing-Equipment-Operator---Midland--TX_R153647-1/apply"
"Italy","Baker Hughes","Mechanical Field Service Engineer Reciprocating Compressor","Operations & Maintenance","Florence, Italy","2026-03-03T00:00:00.000+0000","https://bakerhughes.wd5.myworkdayjobs.com/BakerHughes/job/IT-FI-FLORENCE-VIA-FELICE-MATTEUCCI-2/Mechanical-Field-Service-Engineer-Reciprocating-Compressor_R145519/apply"
"Kazakhstan","Baker Hughes","HSE Specialist","HSE & Environment","Astana, Kazakhstan","2026-03-03T00:00:00.000+0000","https://bakerhughes.wd5.myworkdayjobs.com/BakerHughes/job/KZ-ATY-ASTANA-151-KABANBAY-BATYR-AVE-YESIL-DISTRICT/HSE-Specialist_R161144/apply"
"Italy","Baker Hughes","Emerging Talent – Manufacturing Intern 2026 Opportunities (Florence)","HR & Training","Florence, Italy","2026-02-11T00:00:00.000+0000","https://bakerhughes.wd5.myworkdayjobs.com/BakerHughes/job/IT-FI-FLORENCE-VIA-FELICE-MATTEUCCI-2/Emerging-Talent---Manufacturing-Intern-2026-Opportunities--Florence-_R158416/apply"
"Czechia","Baker Hughes","Obráběč kovů - drážkování rotoru (m,ž)","Other","Pilsen, Czechia","2026-03-04T00:00:00.000+0000","https://bakerhughes.wd5.myworkdayjobs.com/BakerHughes/job/CZ-DOUDLEVCE-PILSEN-EDVARDA-BENESE-56439/Obrb-kov---drkovn-rotoru--m--_R157117/apply"
"Mexico","Baker Hughes","Control and Instrumentation Specialist","Operations & Maintenance","Ciudad del Carmen, Mexico","2026-03-04T00:00:00.000+0000","https://bakerhughes.wd5.myworkdayjobs.com/BakerHughes/job/MX-CMP-CIUDAD-DEL-CARMEN-CARRETERA-FEDERAL-180-EN-EL-POLIGONO/Field-Specialist---Control-and-Instrumentation-Compresores-Centrifugos-y-Turbinas-de-Gas_R135103/apply"
"Czechia","Baker Hughes","Zámečník (m,ž)","Other","Pilsen, Czechia","2026-03-03T00:00:00.000+0000","https://bakerhughes.wd5.myworkdayjobs.com/BakerHughes/job/CZ-DOUDLEVCE-PILSEN-EDVARDA-BENESE-56439/Zmenk--m--_R161306/apply"
"Kenya","Baker Hughes","ESP Technician","Operations & Maintenance","Nairobi, Kenya","2026-03-03T00:00:00.000+0000","https://bakerhughes.wd5.myworkdayjobs.com/BakerHughes/job/KE-OTHER-KENYA/ESP-Technician_R161552/apply"
"United States of America","Baker Hughes","CNC Machinist","Other","Skaneateles, United States of America","2026-02-10T00:00:00.000+0000","https://bakerhughes.wd5.myworkdayjobs.com/BakerHughes/job/US-NY-SKANEATELES-721-VISIONS-DRIVE/CNC-Machinist_R159963/apply"
"UK","Baker Hughes","Lead Project Quality Engineer","Projects & Contracts","Nailsea, UK","2026-03-02T00:00:00.000+0000","https://bakerhughes.wd5.myworkdayjobs.com/BakerHughes/job/GB-SO-NAILSEA-2-HIGH-STREET/Lead-Project-Quality-Engineer_R154980-1/apply"
"Italy","Baker Hughes","Emerging Talent – Computer Vision Engineering Intern 2026 Opportunities (Florence)","HR & Training","Florence, Italy","2026-03-04T00:00:00.000+0000","https://bakerhughes.wd5.myworkdayjobs.com/BakerHughes/job/IT-FI-FLORENCE-VIA-FELICE-MATTEUCCI-2/Emerging-Talent---Computer-Vision-Engineering-Intern-2026-Opportunities--Florence-_R161610/apply"
"Italy","Baker Hughes","Emerging Talent – Robotics Engineering Intern 2026 Opportunities (Florence)","HR & Training","Florence, Italy","2026-03-04T00:00:00.000+0000","https://bakerhughes.wd5.myworkdayjobs.com/BakerHughes/job/IT-FI-FLORENCE-VIA-FELICE-MATTEUCCI-2/Emerging-Talent---Robotics-Engineering-Intern-2026-Opportunities--Florence-_R161611/apply"
"India","Baker Hughes","Teamcenter PLM Solution Architect","Other","Hyderabad, India","2026-02-19T00:00:00.000+0000","https://bakerhughes.wd5.myworkdayjobs.com/BakerHughes/job/IN-TG-HYDERABAD-SKYVIEW-BUILDING/Teamcenter-PLM-Solution-Architect_R150076-1/apply"
"Indonesia","Baker Hughes","Production Technologist","Operations & Maintenance","Jakarta, Indonesia","2026-02-05T00:00:00.000+0000","https://bakerhughes.wd5.myworkdayjobs.com/BakerHughes/job/ID-JW-JAKARTA-JI-RA-KARTINI-KAV-8-CILANDAK-BARAT/Production-Technologist_R151947-1/apply"
"Indonesia","Baker Hughes","Finance Senior Specialist-Indonesia and Singapore Controller","Finance & Commercial","Batam, Indonesia","2026-03-05T00:00:00.000+0000","https://bakerhughes.wd5.myworkdayjobs.com/BakerHughes/job/ID-SM-BATAM-JALAN-KERAPU-NO-1415/Finance-Senior-Specialist-Indonesia-and-Singapore-Controller_R161293-1/apply"
"United States of America","Baker Hughes","Wireline Field Operator - Mt Pleasant, MI","Drilling & Wells","Mount Pleasant, United States of America","2026-03-06T00:00:00.000+0000","https://bakerhughes.wd5.myworkdayjobs.com/BakerHughes/job/US-MI-MOUNT-PLEASANT-2222-ENTERPRISE-DRIVE/Wireline-Field-Operator---Northeast--USA_R158499-1/apply"
"United States of America","Baker Hughes","Field Specialist – Junior Control Gas Turbine Specialist","Other","Austin, United States of America","2026-03-06T00:00:00.000+0000","https://bakerhughes.wd5.myworkdayjobs.com/BakerHughes/job/US-TX-OTHER-TEXAS/Field-Specialist---Junior-Control-Gas-Turbine-Specialist_R161738/apply"
"Italy","Baker Hughes","Services Senior Team leader - Resource Management","Management & Administration","Florence, Italy","2026-03-06T00:00:00.000+0000","https://bakerhughes.wd5.myworkdayjobs.com/BakerHughes/job/IT-FI-FLORENCE-VIA-FELICE-MATTEUCCI-2/Services-Senior-Team-leader---Resource-Management_R161452/apply"
"China","Baker Hughes","Senior Supplier Quality Engineer","Engineering","Suzhou, China","2026-03-06T00:00:00.000+0000","https://bakerhughes.wd5.myworkdayjobs.com/BakerHughes/job/CN-SUZHOU-81-SUHONG-ZHONG-ROAD/Senior-Supplier-Quality-Engineer_R161226/apply"
"Czechia","Baker Hughes","Technolog/Process Engineer (m/ž)","Operations & Maintenance","Pilsen, Czechia","2026-03-06T00:00:00.000+0000","https://bakerhughes.wd5.myworkdayjobs.com/BakerHughes/job/CZ-DOUDLEVCE-PILSEN-EDVARDA-BENESE-56439/Technolog-Process-Engineer--m--_R161554/apply"
"China","Baker Hughes","Supplier Quality Engineering Manager","Management & Administration","Suzhou, China","2026-03-06T00:00:00.000+0000","https://bakerhughes.wd5.myworkdayjobs.com/BakerHughes/job/CN-SUZHOU-81-SUHONG-ZHONG-ROAD/Supplier-Quality-Engineering-Manager_R161227/apply"
"Australia","Baker Hughes","ARMO Mechanic GEN","Other","Jandakot, Australia","2026-03-05T00:00:00.000+0000","https://bakerhughes.wd5.myworkdayjobs.com/BakerHughes/job/AU-WA-JANDAKOT-631-KAREL-AVENUE/ARMO-Mechanic-GEN_R161368/apply"
"Kazakhstan","Baker Hughes","Chemical Process Technician","Operations & Maintenance","Konyrkuduk, Kazakhstan","2026-03-05T00:00:00.000+0000","https://bakerhughes.wd5.myworkdayjobs.com/BakerHughes/job/KZ-ATY-KONYRKUDUK-CO-TCO-TENGIZCHEVROIL/Chemical-Process-Technician_R161711/apply"
"United States of America","Baker Hughes","Assembly Operator","Operations & Maintenance","Pittsburgh, United States of America","2026-03-06T00:00:00.000+0000","https://bakerhughes.wd5.myworkdayjobs.com/BakerHughes/job/US-PA-Turtle-Creek-601-Braddock-Avenue/Assembly-Operator_R159796/apply"
"Guyana","Baker Hughes","Junior Field Control Gas Turbine Specialist","Other","Georgetown, Guyana","2026-03-06T00:00:00.000+0000","https://bakerhughes.wd5.myworkdayjobs.com/BakerHughes/job/GY-Demerara-Georgetown-Tract-X-Land-of-Canaan-on-the-Eastern-Bank-of-the-Demerara-Riv/Junior-Field-Control-Gas-Turbine-Specialist_R161874/apply"
"Canada","Baker Hughes","Junior Field Control Gas Turbine Specialist","Other","Calgary, Canada","2026-03-06T00:00:00.000+0000","https://bakerhughes.wd5.myworkdayjobs.com/BakerHughes/job/CA-AB-OTHER-ALBERTA/Junior-Field-Control-Gas-Turbine-Specialist_R161474/apply"
"United States of America","Baker Hughes","Principal Engineer - FPGA","Engineering","Skaneateles, United States of America","2026-03-05T00:00:00.000+0000","https://bakerhughes.wd5.myworkdayjobs.com/BakerHughes/job/US-NY-SKANEATELES-721-VISIONS-DRIVE/Electrical-Engineer---FPGA_R156053-1/apply"
"United States of America","Baker Hughes","Field Specialist III - UC_FLD-H","Other","Big Spring, United States of America","2026-03-04T00:00:00.000+0000","https://bakerhughes.wd5.myworkdayjobs.com/BakerHughes/job/US-TX-BIG-SPRING-6401-WEST-I-20/Field-Specialist-III---UC-FLD-H_R161108/apply"
"France","Baker Hughes","Ingénieur Projet Qualité Fournisseurs – Nucléaire (F/H)","Other","Conde-Sur-Noireau, France","2026-03-04T00:00:00.000+0000","https://bakerhughes.wd5.myworkdayjobs.com/BakerHughes/job/FR-NOR-CONDE-SUR-NOIREAU-3-RUE-SAINT-PIERRE/Ingnieur-Projet-Qualit-Fournisseurs---Nuclaire--F-H-_R161221/apply"
"United States of America","Baker Hughes","Field Service Engineer – Mechanical (Rotating Equipment)","Operations & Maintenance","Houston, United States of America","2026-03-04T00:00:00.000+0000","https://bakerhughes.wd5.myworkdayjobs.com/BakerHughes/job/US-TX-HOUSTON-575-N-DAIRY-ASHFORD-RD-ENERGY-CENTER-II-EC2/Aero-Senior-Field-Service-Engineer_R161002/apply"
"United States of America","Baker Hughes","Field Service Engineer - Controls Systems","Engineering","Houston, United States of America","2026-03-04T00:00:00.000+0000","https://bakerhughes.wd5.myworkdayjobs.com/BakerHughes/job/US-TX-HOUSTON-575-N-DAIRY-ASHFORD-RD-ENERGY-CENTER-II-EC2/Field-Service-Engineer---Controls-Systems_R161078-1/apply"
"United States of America","Baker Hughes","Technician Chemical","Operations & Maintenance","Kilgore, United States of America","2026-03-05T00:00:00.000+0000","https://bakerhughes.wd5.myworkdayjobs.com/BakerHughes/job/US-TX-KILGORE-2510-WOODBINE/Technician-Chemical_R161125-1/apply"
"United States of America","Baker Hughes","Engineer, Product Design and Engineering – Mechanical","Operations & Maintenance","Lufkin, United States of America","2026-03-04T00:00:00.000+0000","https://bakerhughes.wd5.myworkdayjobs.com/BakerHughes/job/US-TX-LUFKIN-409-ELLIS-AVENUE/Engineer--Product-Design-and-Engineering---Mechanical_R161700/apply"
"Italy","Baker Hughes","Emerging Talent – Engineering Intern 2026 Opportunities (Porto Recanati)","HR & Training","Porto Recanati, Italy","2026-03-06T00:00:00.000+0000","https://bakerhughes.wd5.myworkdayjobs.com/BakerHughes/job/IT-MC-PORTO-RECANATI-VIA-SCOSSICCI/Emerging-Talent---Engineering-Intern-2026-Opportunities--Porto-Recanati-_R161733/apply"
"Poland","Baker Hughes","Billing Assistant","Management & Administration","Rzeszow, Poland","2026-03-06T00:00:00.000+0000","https://bakerhughes.wd5.myworkdayjobs.com/BakerHughes/job/PL-PDK-RZESZOW-HANASIEWICZA-19/Billing-Assistant_R159565-1/apply"
"Germany","Baker Hughes","Ausbildung Mechatroniker (d/w/m)","Other","Wunstorf, Germany","2026-03-05T00:00:00.000+0000","https://bakerhughes.wd5.myworkdayjobs.com/BakerHughes/job/DE-NI-WUNSTORF-NIELS-BOHR-STR-7/Ausbildung-Mechatroniker--d-w-m-_R153445/apply"
"Czechia","Baker Hughes","Zámečník do svařovny (m/ž)","Other","Pilsen, Czechia","2026-03-05T00:00:00.000+0000","https://bakerhughes.wd5.myworkdayjobs.com/BakerHughes/job/CZ-DOUDLEVCE-PILSEN-EDVARDA-BENESE-56439/Zmenk-do-svaovny--m--_R157113/apply"
"Italy","Baker Hughes","Staff Software Engineer","IT & Digital","Florence, Italy","2026-03-06T00:00:00.000+0000","https://bakerhughes.wd5.myworkdayjobs.com/BakerHughes/job/IT-FI-FLORENCE-VIA-FELICE-MATTEUCCI-2/Staff-Software-Engineer_R161732/apply"
"Mexico","Baker Hughes","Especialista de Campo Sensores IPS","Other","Ciudad Del Carmen, Mexico","2026-03-09T00:00:00.000+0000","https://bakerhughes.wd5.myworkdayjobs.com/BakerHughes/job/MX-CMP-CIUDAD-DEL-CARMEN-CARRETERA-FEDERAL-189/Especialista-de-Campo-Sensores-IPS_R161873/apply"
"Mexico","Baker Hughes","Centrifugal Compressors Specialist","Other","Veracruz, Mexico","2026-03-04T00:00:00.000+0000","https://bakerhughes.wd5.myworkdayjobs.com/BakerHughes/job/MX-OTHER-MEXICO/Centrifugal-Compressors-Specialist_R161041/apply"
"India","Baker Hughes","Project Management Specialist - Project Planning","Projects & Contracts","Pune, India","2026-02-17T00:00:00.000+0000","https://bakerhughes.wd5.myworkdayjobs.com/BakerHughes/job/IN-MH-Pune-Cummins-India-Office-Campus-8th-floor-Survey-No-21-Balewadi/Project-Management-Specialist---Project-Planning_R160771-1/apply"
"Kenya","Baker Hughes","Service Delivery Coordinator – Wireline Services","Drilling & Wells","Nairobi, Kenya","2026-03-11T00:00:00.000+0000","https://bakerhughes.wd5.myworkdayjobs.com/BakerHughes/job/KE-Nairobi-Nairobi-The-Address-Building-off-Waiyaki-Way/Service-Delivery-Coordinator---Wireline-Services_R161945-1/apply"
"United States of America","Baker Hughes","Paralegal, Global Labor & Employment Law","Legal & Compliance","Houston, United States of America","2026-03-09T00:00:00.000+0000","https://bakerhughes.wd5.myworkdayjobs.com/BakerHughes/job/US-TX-HOUSTON-17021-ALDINE-WESTFIELD/Paralegal--Global-Labor---Employment-Law_R160730-1/apply"
"United States of America","Baker Hughes","CDL Delivery / Treater Driver","Other","Austin, United States of America","2026-02-07T00:00:00.000+0000","https://bakerhughes.wd5.myworkdayjobs.com/BakerHughes/job/US-TX-OTHER-TEXAS/CDL-Delivery---Treater-Driver_R160748/apply"
"Kenya","Baker Hughes","Field Operator - Wireline","Drilling & Wells","Nairobi, Kenya","2026-03-10T00:00:00.000+0000","https://bakerhughes.wd5.myworkdayjobs.com/BakerHughes/job/KE-Nairobi-Nairobi-The-Address-Building-off-Waiyaki-Way/Field-Operator---Wireline_R161947/apply"
"Kenya","Baker Hughes","Field Engineer - Wireline","Drilling & Wells","Nairobi, Kenya","2026-03-10T00:00:00.000+0000","https://bakerhughes.wd5.myworkdayjobs.com/BakerHughes/job/KE-Nairobi-Nairobi-The-Address-Building-off-Waiyaki-Way/Field-Engineer---Wireline_R161946/apply"
"United States of America","Baker Hughes","Solution Architect – SAP Sales & Commercial","Finance & Commercial","Houston, United States of America","2026-02-24T00:00:00.000+0000","https://bakerhughes.wd5.myworkdayjobs.com/BakerHughes/job/US-TX-HOUSTON-575-N-DAIRY-ASHFORD-RD-ENERGY-CENTER-II-EC2/Solution-Architect---SAP-Sales---Commercial_R160614/apply"
"Czechia","Baker Hughes","Zkušební technik vysokého napětí (m,ž)","Other","Pilsen, Czechia","2026-02-19T00:00:00.000+0000","https://bakerhughes.wd5.myworkdayjobs.com/BakerHughes/job/CZ-DOUDLEVCE-PILSEN-EDVARDA-BENESE-56439/Zkuebn-technik-vysokho-napt--m--_R160210/apply"
"UK","Baker Hughes","Material Planning Process Leader","Operations & Maintenance","Aberdeen, UK","2026-03-09T00:00:00.000+0000","https://bakerhughes.wd5.myworkdayjobs.com/BakerHughes/job/GB-AC-ABERDEEN-BAKER-HUGHES-BUILDING/Material-Planning-Process-Leader_R161158/apply"
"United States of America","Baker Hughes","Services Specialist - Resource Management","Other","Broussard, United States of America","2026-03-04T00:00:00.000+0000","https://bakerhughes.wd5.myworkdayjobs.com/BakerHughes/job/US-LA-BROUSSARD-1064-BAKER-HUGHES-DR/Services-Specialist---Resource-Management_R161123/apply"
"Czechia","Baker Hughes","Quality Engineer (m,ž)","Engineering","Pilsen, Czechia","2026-02-19T00:00:00.000+0000","https://bakerhughes.wd5.myworkdayjobs.com/BakerHughes/job/CZ-DOUDLEVCE-PILSEN-EDVARDA-BENESE-56439/Quality-Engineer--m--_R160209/apply"
"United States of America","Baker Hughes","R&D Electrical Engineering Technologist","Operations & Maintenance","Skaneateles, United States of America","2026-03-11T00:00:00.000+0000","https://bakerhughes.wd5.myworkdayjobs.com/BakerHughes/job/US-NY-SKANEATELES-721-VISIONS-DRIVE/R-D-Electrical-Engineering-Technologist_R161821/apply"
"United States of America","Baker Hughes","Field Specialist - Global Rotator (AccessESP) – Global Remote","Other","Austin, United States of America","2026-03-12T00:00:00.000+0000","https://bakerhughes.wd5.myworkdayjobs.com/BakerHughes/job/US-TX-OTHER-TEXAS/Field-Specialist---Global-Rotator--AccessESP----Global-Remote_R161702/apply"
"Vietnam","Baker Hughes","Well Systems Mechanical Engineer - Project","Operations & Maintenance","Ho Chi Minh, Vietnam","2026-03-13T00:00:00.000+0000","https://bakerhughes.wd5.myworkdayjobs.com/BakerHughes/job/VN-HO-CHI-MINH-285-CACH-MANG-THANG-TAM-STREET/Well-Systems-Mechanical-Engineer---Project_R155698/apply"
"United States of America","Baker Hughes","OIC ISC - Global S&OP Leader","Management & Administration","Sugar Land, United States of America","2026-03-11T00:00:00.000+0000","https://bakerhughes.wd5.myworkdayjobs.com/BakerHughes/job/US-TX-SUGAR-LAND-12645-WEST-AIRPORT-BLVD/OIC-ISC---Global-S-OP-Leader_R161335/apply"
"United States of America","Baker Hughes","Refinery Account Representative (Downstream Chemicals) - Sunray, TX","Sales & Marketing","Austin, United States of America","2026-03-12T00:00:00.000+0000","https://bakerhughes.wd5.myworkdayjobs.com/BakerHughes/job/US-TX-OTHER-TEXAS/Account-Representative--Downstream-Chemicals----Sunray--TX_R144572/apply"
"Czechia","Baker Hughes","Process Engineer for Energy Systems (m,ž)","Operations & Maintenance","Pilsen, Czechia","2026-02-22T00:00:00.000+0000","https://bakerhughes.wd5.myworkdayjobs.com/BakerHughes/job/CZ-DOUDLEVCE-PILSEN-EDVARDA-BENESE-56439/Procesn-inenr-pro-energetick-systmy--m--_R160175/apply"
"UK","Baker Hughes","Lead Quality Specialist – Manufacturing Improvement (Black Belt)","Management & Administration","Nailsea, UK","2026-03-10T00:00:00.000+0000","https://bakerhughes.wd5.myworkdayjobs.com/BakerHughes/job/GB-SO-NAILSEA-2-HIGH-STREET/Lead-Quality-Specialist---Manufacturing-Improvement_R159035/apply"
"Kenya","Baker Hughes","Cementing Technical Engineer","Drilling & Wells","Nairobi, Kenya","2026-03-10T00:00:00.000+0000","https://bakerhughes.wd5.myworkdayjobs.com/BakerHughes/job/KE-OTHER-KENYA/Cementing-Technical-Engineer_R161314-1/apply"
"United States of America","Baker Hughes","Project Manager","Projects & Contracts","Pittsburgh, United States of America","2026-03-10T00:00:00.000+0000","https://bakerhughes.wd5.myworkdayjobs.com/BakerHughes/job/US-PA-Turtle-Creek-601-Braddock-Avenue/Project-Manager_R161301/apply"
"India","Baker Hughes","Aero derivative Mechanical Design Engineer","Operations & Maintenance","Bangalore, India","2026-03-10T00:00:00.000+0000","https://bakerhughes.wd5.myworkdayjobs.com/BakerHughes/job/IN-KA-BANGALORE-NEON-BUILDING-WEST-TOWER/Aero-derivative-Mechanical-Design-Engineer_R159691/apply"
"Brazil","Baker Hughes","Junior Electrical/Control Field Service Specialist","Operations & Maintenance","Campinas, Brazil","2026-03-12T00:00:00.000+0000","https://bakerhughes.wd5.myworkdayjobs.com/BakerHughes/job/BR-OTHER-BRAZIL/Junior-Electrical-Control-Field-Service-Specialist_R162032/apply"
"United States of America","Baker Hughes","Sourcing Specialist - Commodity Management","Other","Minden, United States of America","2026-03-12T00:00:00.000+0000","https://bakerhughes.wd5.myworkdayjobs.com/BakerHughes/job/US-NV-MINDEN-1631-BENTLY-PARKWAY-SOUTH/Sourcing-Specialist---Commodity-Management_R161734-1/apply"
"United States of America","Baker Hughes","Services Specialist-Project Management","Projects & Contracts","Houston, United States of America","2026-03-13T00:00:00.000+0000","https://bakerhughes.wd5.myworkdayjobs.com/BakerHughes/job/US-TX-HOUSTON-575-N-DAIRY-ASHFORD-RD-ENERGY-CENTER-II-EC2/Services-Specialist-Project-Management_R161602/apply"
"UK","Baker Hughes","Mechanical Fitter","Operations & Maintenance","Aberdeen, UK","2026-03-13T00:00:00.000+0000","https://bakerhughes.wd5.myworkdayjobs.com/BakerHughes/job/GB-AC-ABERDEEN-BRIDGE-OF-DON-INDUSTRIAL-ESTATE/Mechanical-Fitter_R161719/apply"
"United States of America","Baker Hughes","Sales Senior Specialist - Technical Sales","Sales & Marketing","Denver, United States of America","2026-03-13T00:00:00.000+0000","https://bakerhughes.wd5.myworkdayjobs.com/BakerHughes/job/US-CO-Denver-4601-DTC-Blvd-Suite-900/Sales-Senior-Specialist---Technical-Sales_R161864/apply"
"United States of America","Baker Hughes","Services Professional - Reliability Engineering","Engineering","Midland, United States of America","2026-03-13T00:00:00.000+0000","https://bakerhughes.wd5.myworkdayjobs.com/BakerHughes/job/US-TX-MIDLAND-2101-MARKET-STREET/Services-Professional---Reliability-Engineering_R161988/apply"
"United States of America","Baker Hughes","Lead Operations Specialist","Operations & Maintenance","Pleasanton, United States of America","2026-03-13T00:00:00.000+0000","https://bakerhughes.wd5.myworkdayjobs.com/BakerHughes/job/US-TX-Pleasanton-495-Shale-Rd/Lead-Operations-Specialist_R161860-1/apply"
"Italy","Baker Hughes","Emerging Talent – Data Analyst 2026 Opportunities (Florence)","IT & Digital","Florence, Italy","2026-03-13T00:00:00.000+0000","https://bakerhughes.wd5.myworkdayjobs.com/BakerHughes/job/IT-FI-FLORENCE-VIA-FELICE-MATTEUCCI-2/Emerging-Talent---Data-Analyst-2026-Opportunities--Florence-_R162107/apply"
"France","Baker Hughes","TotalEnergies Strategic Account Leader","Sales & Marketing","Courbevoie, France","2026-03-13T00:00:00.000+0000","https://bakerhughes.wd5.myworkdayjobs.com/BakerHughes/job/FR-OTHER-FRANCE/TotalEnergies-Strategic-Account-Leader_R159344/apply"
"Mexico","Baker Hughes","Aeroderivatives GTS Turbines Specialist","Other","Veracruz, Mexico","2026-03-13T00:00:00.000+0000","https://bakerhughes.wd5.myworkdayjobs.com/BakerHughes/job/MX-OTHER-MEXICO/Aeroderivatives-GTS-Turbines-Specialist_R161701/apply"
"France","Baker Hughes","Technicien(ne) Services Après-vente (F/H)","Other","Fougerolles, France","2026-03-15T00:00:00.000+0000","https://bakerhughes.wd5.myworkdayjobs.com/BakerHughes/job/FR-BFC-FOUGEROLLES-2-4-RUE-DE-FONTAINE/Technicien-ne--Services-Aprs-vente--F-H-_R156146/apply"
"United States of America","Baker Hughes","Sales Sr. Advisor","Sales & Marketing","Chicago, United States of America","2026-03-18T00:00:00.000+0000","https://bakerhughes.wd5.myworkdayjobs.com/BakerHughes/job/US-IL-OTHER-Chicago/Sales-Sr-Advisor_R161855/apply"
"Malaysia","Baker Hughes","Contract Performance Manager","Projects & Contracts","Kuala Lumpur, Malaysia","2026-03-19T00:00:00.000+0000","https://bakerhughes.wd5.myworkdayjobs.com/BakerHughes/job/MY-KUL-KUALA-LUMPUR-21ST-FLOOR-MENARA-TAN--TAN/Contract-Performance-Manager_R162133/apply"
"Singapore","Baker Hughes","Lead Engineer, Well Systems","Management & Administration","Singapore, Singapore","2026-03-19T00:00:00.000+0000","https://bakerhughes.wd5.myworkdayjobs.com/BakerHughes/job/SG-SINGAPORE-2-BENOI-ROAD/Lead-Engineer--Product-Design-and-Engineering---Mechanical_R162043-1/apply"
"Norway","Baker Hughes","12-month Emerging Talent – Purchasing Intern 2026 Opportunities (Norway)","HR & Training","Stavanger, Norway","2026-03-18T00:00:00.000+0000","https://bakerhughes.wd5.myworkdayjobs.com/BakerHughes/job/NO-STAVANGER-SOTHAMMARGEILEN-1/Emerging-Talent---Purchasing-Intern-2026-Opportunities--Norway-_R158422/apply"
"UK","Baker Hughes","12-month Emerging Talent – Quality Intern 2026 Opportunities (Nailsea)","HR & Training","Nailsea, UK","2026-03-18T00:00:00.000+0000","https://bakerhughes.wd5.myworkdayjobs.com/BakerHughes/job/GB-SO-NAILSEA-2-HIGH-STREET/Emerging-Talent---Quality-Intern-2026-Opportunities--Nailsea-_R159892/apply"
"Norway","Baker Hughes","12-month Emerging Talent – Quality Intern 2026 Opportunities (Norway)","HR & Training","Stavanger, Norway","2026-03-18T00:00:00.000+0000","https://bakerhughes.wd5.myworkdayjobs.com/BakerHughes/job/NO-STAVANGER-SOTHAMMARGEILEN-1/Emerging-Talent---Quality-Intern-2026-Opportunities--Norway-_R158421/apply"
"Guyana","Baker Hughes","Technical Services Representative","Other","Georgetown, Guyana","2026-03-17T00:00:00.000+0000","https://bakerhughes.wd5.myworkdayjobs.com/BakerHughes/job/GY-Demerara-Georgetown-Tract-X-Land-of-Canaan-on-the-Eastern-Bank-of-the-Demerara-Riv/Technical-Services-Representative_R161048/apply"
"Singapore","Baker Hughes","Technician Machinist","Operations & Maintenance","Singapore, Singapore","2026-03-18T00:00:00.000+0000","https://bakerhughes.wd5.myworkdayjobs.com/BakerHughes/job/SG-SINGAPORE-273-JALAN-AHMAD-IBRAHIM/Technician-Machinist_R162236/apply"
"Vietnam","Baker Hughes","Subsea Controls Engineer","Drilling & Wells","Ho Chi Minh, Vietnam","2026-03-18T00:00:00.000+0000","https://bakerhughes.wd5.myworkdayjobs.com/BakerHughes/job/VN-HO-CHI-MINH-285-CACH-MANG-THANG-TAM-STREET/Subsea-Controls-Engineer_R161991/apply"
"Thailand","Baker Hughes","Service Delivery Coordinator – Drilling & Completion Fluids","Drilling & Wells","Thailand","2026-03-18T00:00:00.000+0000","https://bakerhughes.wd5.myworkdayjobs.com/BakerHughes/job/TH-CHATUCHAK-SHINAWATRA-TOWER-III/Service-Delivery-Coordinator---Drilling---Completion-Fluids_R150623-1/apply"
"United States of America","Baker Hughes","Specialized Application Engineer - Nuclear","Engineering","Pasadena, United States of America","2026-03-17T00:00:00.000+0000","https://bakerhughes.wd5.myworkdayjobs.com/BakerHughes/job/US-TX-10575-Red-Bluff-Road/Specialized-Application-Engineer---Nuclear_R158465-1/apply"
"Türkiye","Baker Hughes","Assembly, Maintenance and Overhaul Mechanic - Turkey Nationals","Operations & Maintenance","Instanbul, Türkiye","2026-03-18T00:00:00.000+0000","https://bakerhughes.wd5.myworkdayjobs.com/BakerHughes/job/TR-INSTANBUL-ESKI-BUYUKDERE-CAD-NO-27/Assembly--Maintenance-and-Overhaul-Mechanic---Turkey-Nationals_R159092/apply"
"United States of America","Baker Hughes","Finance Advisor – Financial Reporting","Finance & Commercial","Houston, United States of America","2026-03-18T00:00:00.000+0000","https://bakerhughes.wd5.myworkdayjobs.com/BakerHughes/job/US-TX-HOUSTON-575-N-DAIRY-ASHFORD-RD-ENERGY-CENTER-II-EC2/Finance-Advisor---Financial-Reporting_R160734-1/apply"
"United States of America","Baker Hughes","Solutions Architect - SAP CPQ","Other","Houston, United States of America","2026-03-18T00:00:00.000+0000","https://bakerhughes.wd5.myworkdayjobs.com/BakerHughes/job/US-TX-HOUSTON-575-N-DAIRY-ASHFORD-RD-ENERGY-CENTER-II-EC2/Digital-Technology-Advisor---Solution-Architecture-CPQ_R160607-1/apply"
"Italy","Baker Hughes","Services Specialist - Materials Management","Projects & Contracts","Florence, Italy","2026-03-18T00:00:00.000+0000","https://bakerhughes.wd5.myworkdayjobs.com/BakerHughes/job/IT-FI-FLORENCE-VIA-FELICE-MATTEUCCI-2/Services-Specialist---Materials-Management_R161499/apply"
"Indonesia","Baker Hughes","Lead Sales Specialist - Drill Bits","Drilling & Wells","Balikpapan, Indonesia","2026-02-19T00:00:00.000+0000","https://bakerhughes.wd5.myworkdayjobs.com/BakerHughes/job/ID-East-Kalimantan-Balikpapan-Jl-Mulawarman-RT-009-Kelurahan-Teritip-Balikpapan-Timur-Kota/Lead-Sales-Specialist---Drill-Bits_R153751-1/apply"
"Malaysia","Baker Hughes","Sales Experienced Professional - Proposals","Sales & Marketing","Kuala Lumpur, Malaysia","2026-03-16T00:00:00.000+0000","https://bakerhughes.wd5.myworkdayjobs.com/BakerHughes/job/MY-KUL-KUALA-LUMPUR-21ST-FLOOR-MENARA-TAN--TAN/Sales-Experienced-Professional---Proposals_R161154/apply"
"Cameroon","Baker Hughes","Field Specialist Directional Driller LWD/DD","Drilling & Wells","Douala, Cameroon","2026-03-16T00:00:00.000+0000","https://bakerhughes.wd5.myworkdayjobs.com/BakerHughes/job/CM-DOUALA-PLATEAUX-JOSS--DERRIERE-HOTEL-LA-FALAISE-BONANJO/Field-Specialist-Directional-Driller-LWD-DD_R161949/apply"
"Italy","Baker Hughes","Manufacturing Engineer (d/f/m)","Engineering","Talamona, Italy","2026-03-17T00:00:00.000+0000","https://bakerhughes.wd5.myworkdayjobs.com/BakerHughes/job/IT-SO-TALAMONA-VIA-ROMA-32/Manufacturing-Engineer--d-f-m-_R154748/apply"
"UK","Baker Hughes","Electronics Technician","Operations & Maintenance","Nailsea, UK","2026-03-17T00:00:00.000+0000","https://bakerhughes.wd5.myworkdayjobs.com/BakerHughes/job/GB-SO-NAILSEA-2-HIGH-STREET/Electronics-Technician_R160540/apply"
"Cameroon","Baker Hughes","Field Specialist GEN - DRS","Other","Douala, Cameroon","2026-03-16T00:00:00.000+0000","https://bakerhughes.wd5.myworkdayjobs.com/BakerHughes/job/CM-DOUALA-PLATEAUX-JOSS--DERRIERE-HOTEL-LA-FALAISE-BONANJO/R161284-Field-Specialist-GEN---DRS_R161950/apply"
"Azerbaijan","Baker Hughes","Tendering Advisor - Pressure Pumping","Sales & Marketing","Baku, Azerbaijan","2026-03-17T00:00:00.000+0000","https://bakerhughes.wd5.myworkdayjobs.com/BakerHughes/job/AZ-Baku-Baku-15th-Km-of-the-Baku-Salyan-Highway-1F-Garadag-District/Tendering-Advisor---Pressure-Pumping_R161691/apply"
"Kazakhstan","Baker Hughes","Field Specialist - Logging / Measurement while Drilling","Drilling & Wells","Aksay, Kazakhstan","2026-03-17T00:00:00.000+0000","https://bakerhughes.wd5.myworkdayjobs.com/BakerHughes/job/KZ-Aksai-Aksay-Industrial-Zone-Building-99H-Burlin-Region-West-Kazakhstan-Oblast/Field-Specialist---Logging---Measurement-while-Drilling_R162036/apply"
"UK","Baker Hughes","Service Controls Project Manager","Projects & Contracts","Nailsea, UK","2026-03-17T00:00:00.000+0000","https://bakerhughes.wd5.myworkdayjobs.com/BakerHughes/job/GB-SO-NAILSEA-2-HIGH-STREET/Service-Controls-Project-Manager_R158895/apply"
"Czechia","Baker Hughes","Administrativní podpora Engineeringu – BOM Team (m,ž)","Management & Administration","Pilsen, Czechia","2026-03-16T00:00:00.000+0000","https://bakerhughes.wd5.myworkdayjobs.com/BakerHughes/job/CZ-DOUDLEVCE-PILSEN-EDVARDA-BENESE-56439/Administrativn-podpora-Engineeringu---BOM-Team--m--_R160174/apply"
"Czechia","Baker Hughes","Technicko administrativní podpora Engineeringu – technická dokumentace","Management & Administration","Pilsen, Czechia","2026-03-16T00:00:00.000+0000","https://bakerhughes.wd5.myworkdayjobs.com/BakerHughes/job/CZ-DOUDLEVCE-PILSEN-EDVARDA-BENESE-56439/Technicko-administrativn-podpora-Engineeringu---technick-dokumentace_R160173/apply"
"Norway","Baker Hughes","ARMO Mechanic","Other","Tananger, Norway","2026-03-06T00:00:00.000+0000","https://bakerhughes.wd5.myworkdayjobs.com/BakerHughes/job/NO-ROGALAND-TANANGER-Kontinentalveien-8-N-4056/ARMO-Mechanic_R160758/apply"
"Australia","Baker Hughes","Regional Sales Manager – BRUSH Power Generation","Sales & Marketing","Jandakot, Australia","2026-03-16T00:00:00.000+0000","https://bakerhughes.wd5.myworkdayjobs.com/BakerHughes/job/AU-WA-OTHER-WESTERN-AUSTRALIA/Regional-Sales-Manager---BRUSH-Power-Generation_R160806/apply"
"Australia","Baker Hughes","Services Specialist - Applications Engineering","Engineering","Perth, Australia","2026-03-16T00:00:00.000+0000","https://bakerhughes.wd5.myworkdayjobs.com/BakerHughes/job/AU-WA-PERTH-LEVEL-14-216-ST-GEORGES-TERRACE/Services-Specialist---Applications-Engineering_R161748/apply"
"India","Baker Hughes","Pneumatic Components Design Engineer","Engineering","Coimbatore, India","2026-03-16T00:00:00.000+0000","https://bakerhughes.wd5.myworkdayjobs.com/BakerHughes/job/IN-Tamil-Nadu-Coimbatore-SF-No-608-Chettipalayam-Road-Eachanari-Post-Consolidation/Electronic-Hardware-Design-Engineer_R160414/apply"
"Italy","Baker Hughes","Emerging Talent – HSE Intern 2026 Opportunities (Florence)","HSE & Environment","Florence, Italy","2026-03-16T00:00:00.000+0000","https://bakerhughes.wd5.myworkdayjobs.com/BakerHughes/job/IT-FI-FLORENCE-VIA-FELICE-MATTEUCCI-2/Emerging-Talent---HSE-Intern-2026-Opportunities--Florence-_R162173/apply"
"United States of America","Baker Hughes","Senior Associate - BD, Capital Solutions","Other","Houston, United States of America","2026-03-16T00:00:00.000+0000","https://bakerhughes.wd5.myworkdayjobs.com/BakerHughes/job/US-TX-HOUSTON-575-N-DAIRY-ASHFORD-RD-ENERGY-CENTER-II-EC2/Senior-Associate---BD--Capital-Solutions_R161006-1/apply"
"UK","Baker Hughes","12-month Emerging Talent – Sourcing Intern 2026 Opportunities (Nailsea)","HR & Training","Nailsea, UK","2026-03-18T00:00:00.000+0000","https://bakerhughes.wd5.myworkdayjobs.com/BakerHughes/job/GB-SO-NAILSEA-2-HIGH-STREET/Emerging-Talent---Sourcing-Intern-2026-Opportunities--Nailsea-_R159881/apply"
"United States of America","Baker Hughes","R&D Optical Engineer","R&D & Technology","Skaneateles, United States of America","2026-03-18T00:00:00.000+0000","https://bakerhughes.wd5.myworkdayjobs.com/BakerHughes/job/US-NY-SKANEATELES-721-VISIONS-DRIVE/R-D-Optical-Engineer_R161823-1/apply"
"Poland","Baker Hughes","Senior Engineer, Disciplinary Engineering and Science - Electrical","Operations & Maintenance","Warsaw, Poland","2026-03-18T00:00:00.000+0000","https://bakerhughes.wd5.myworkdayjobs.com/BakerHughes/job/PL-PDK-WARSAW-ALEJA-KRAKOWSKA-110114-BLD-3014613/Senior-Engineer--Disciplinary-Engineering-and-Science---Electrical_R159999/apply"
"Malaysia","Baker Hughes","Senior Production Technologist","Operations & Maintenance","Kuala Lumpur, Malaysia","2026-02-05T00:00:00.000+0000","https://bakerhughes.wd5.myworkdayjobs.com/BakerHughes/job/MY-KUL-KUALA-LUMPUR-21ST-FLOOR-MENARA-TAN--TAN/Senior-Production-Technologist_R158482/apply"
"Malaysia","Baker Hughes","Sourcing Professional - Buying/Procurement","Projects & Contracts","Kuala Lumpur, Malaysia","2026-03-18T00:00:00.000+0000","https://bakerhughes.wd5.myworkdayjobs.com/BakerHughes/job/MY-KUL-KUALA-LUMPUR-21ST-FLOOR-MENARA-TAN--TAN/Sourcing-Professional---Buying-Procurement_R162237/apply"
"Mexico","Baker Hughes","ITC Program Manager","Management & Administration","Veracruz, Mexico","2026-03-18T00:00:00.000+0000","https://bakerhughes.wd5.myworkdayjobs.com/BakerHughes/job/MX-OTHER-MEXICO/ITC-Program-Manager_R157901/apply"
"United States of America","Baker Hughes","IT Sourcing Category Manager – Software & Cloud","IT & Digital","Houston, United States of America","2026-03-18T00:00:00.000+0000","https://bakerhughes.wd5.myworkdayjobs.com/BakerHughes/job/US-TX-HOUSTON-575-N-DAIRY-ASHFORD-RD-ENERGY-CENTER-II-EC2/IT-Sourcing-Category-Manager---Software---Cloud_R161596-1/apply"
"United States of America","Baker Hughes","Field Specialist - Fishing Services","Other","Pleasanton, United States of America","2026-03-18T00:00:00.000+0000","https://bakerhughes.wd5.myworkdayjobs.com/BakerHughes/job/US-TX-PLEASANTON-6938-FARM-TO-MARKET-ROAD-1784/Field-Specialist---Fishing-Services_R161854/apply"
"Australia","Baker Hughes","AMO Technician - Electromechanical II","Operations & Maintenance","Roma, Australia","2026-03-19T00:00:00.000+0000","https://bakerhughes.wd5.myworkdayjobs.com/BakerHughes/job/AU-Queensland-Roma-126-Corfe-Street/AMO-Technician---Electromechanical-II_R161750/apply"
"Australia","Baker Hughes","AMO Technician - Electro Mech II","Operations & Maintenance","Roma, Australia","2026-03-19T00:00:00.000+0000","https://bakerhughes.wd5.myworkdayjobs.com/BakerHughes/job/AU-Queensland-Roma-126-Corfe-Street/AMO-Technician---Electro-Mech-II_R161753/apply"
"Australia","Baker Hughes","AMO Technician - Electromechanical II","Operations & Maintenance","Roma, Australia","2026-03-19T00:00:00.000+0000","https://bakerhughes.wd5.myworkdayjobs.com/BakerHughes/job/AU-Queensland-Roma-126-Corfe-Street/AMO-Technician---Electromechanical-II_R161751/apply"
"UK","Baker Hughes","​​Lead System Engineer  (Generator, Motor, PRISMIC, Synchronous Condenser)​","HR & Training","Ashby de la Zouch, UK","2026-02-11T00:00:00.000+0000","https://bakerhughes.wd5.myworkdayjobs.com/BakerHughes/job/GB-Ashby-de-la-Zouch-Power-House-Excelsior-Road/XMLNAME---Lead-System-Engineer---Generator--Motor--PRISMIC--Synchronous-Condenser--_R158903/apply"
"UK","Baker Hughes","Lead Engineer, Mechanical, Customer Order Engineering - Customer Application Engineering (Subsea Wellhead Casing Solution)","Drilling & Wells","Aberdeen, UK","2026-03-19T00:00:00.000+0000","https://bakerhughes.wd5.myworkdayjobs.com/BakerHughes/job/GB-AC-ABERDEEN-BAKER-HUGHES-BUILDING/Customer-Application-Engineer_R162288/apply"
"Italy","Baker Hughes","Mechanical Field Service Engineer for ITP","Operations & Maintenance","Florence, Italy","2026-02-12T00:00:00.000+0000","https://bakerhughes.wd5.myworkdayjobs.com/BakerHughes/job/IT-FI-FLORENCE-VIA-FELICE-MATTEUCCI-2/Mechanical-Field-Service-Engineer-for-ITP_R158505/apply"
"Singapore","Baker Hughes","Lead Engineer, Mechanical, Customer Order Engineering - Customer Application Engineering (Subsea Wellhead Casing Solution)","Drilling & Wells","Singapore, Singapore","2026-03-19T00:00:00.000+0000","https://bakerhughes.wd5.myworkdayjobs.com/BakerHughes/job/SG-SINGAPORE-2-BENOI-ROAD/Engineering-Specialist---Customer-Application-Engineering_R160590/apply"
"Czechia","Baker Hughes","Quality Engineer (ž/m)","Engineering","Pilsen, Czechia","2026-02-22T00:00:00.000+0000","https://bakerhughes.wd5.myworkdayjobs.com/BakerHughes/job/CZ-DOUDLEVCE-PILSEN-EDVARDA-BENESE-56439/Inenr-kvality---Engineering----m-_R157088/apply"
"Australia","Baker Hughes","AMO Technician - Electromechanical II","Operations & Maintenance","Roma, Australia","2026-03-19T00:00:00.000+0000","https://bakerhughes.wd5.myworkdayjobs.com/BakerHughes/job/AU-Queensland-Roma-126-Corfe-Street/AMO-Technician---Electromechanical-II_R161752/apply"
"Germany","Baker Hughes","Emerging Talent - Werkstudent:in, Praktikum und Bachelorarbeit – Engineering & Technology 2026 (Wunstorf)","IT & Digital","Wunstorf, Germany","2026-03-20T00:00:00.000+0000","https://bakerhughes.wd5.myworkdayjobs.com/BakerHughes/job/DE-NI-WUNSTORF-NIELS-BOHR-STR-7/Emerging-Talent---Praktikum-und-Bachelorarbeit--Engineering---Technology-2026--Wunstorf-_R161159/apply"
"Norway","Baker Hughes","Lead Software Engineer – Control Systems","IT & Digital","Stord, Norway","2026-03-23T00:00:00.000+0000","https://bakerhughes.wd5.myworkdayjobs.com/BakerHughes/job/NO-STORD-ELDOYANE-175/Lead-Software-Engineer---Control-Systems_R161642/apply"
"Norway","Baker Hughes","Lead Electrical Engineering","Operations & Maintenance","Stord, Norway","2026-03-23T00:00:00.000+0000","https://bakerhughes.wd5.myworkdayjobs.com/BakerHughes/job/NO-STORD-ELDOYANE-175/Lead-Electrical-Engineering_R161643/apply"
"United States of America","Baker Hughes","Field Specialist","Other","Pleasanton, United States of America","2026-03-24T00:00:00.000+0000","https://bakerhughes.wd5.myworkdayjobs.com/BakerHughes/job/US-TX-Pleasanton-495-Shale-Rd/Field-Specialist_R162412/apply"
"Italy","Baker Hughes","Emerging Talent – Market Analyst Intern 2026 Opportunities (Bari)","HR & Training","Bari, Italy","2026-03-24T00:00:00.000+0000","https://bakerhughes.wd5.myworkdayjobs.com/BakerHughes/job/IT-BA-BARI-STRADA-PROVINCIALE-PER-MODUGNO-10C613/Emerging-Talent---Market-Analyst-Intern-2026-Opportunities--Bari-_R162411/apply"
"Italy","Baker Hughes","Machining Shop Operator","Operations & Maintenance","Florence, Italy","2026-03-24T00:00:00.000+0000","https://bakerhughes.wd5.myworkdayjobs.com/BakerHughes/job/IT-FI-FLORENCE-VIA-FELICE-MATTEUCCI-2/Machining-Shop-Operator_R147885/apply"
"Australia","Baker Hughes","Field Specialist IV - Logging While Drilling & Directional Driller","Drilling & Wells","Brisbane, Australia","2026-03-25T00:00:00.000+0000","https://bakerhughes.wd5.myworkdayjobs.com/BakerHughes/job/AU-QLD-BRISBANE-69-ANN-STREET/Field-Specialist-IV---Logging-While-Drilling---Directional-Driller_R162255/apply"
"Czechia","Baker Hughes","Technolog/Process Engineer (m/ž)","Operations & Maintenance","Pilsen, Czechia","2026-03-24T00:00:00.000+0000","https://bakerhughes.wd5.myworkdayjobs.com/BakerHughes/job/CZ-DOUDLEVCE-PILSEN-EDVARDA-BENESE-56439/Technolog-Process-Engineer--m--_R162172/apply"
"Australia","Baker Hughes","Field Specialist IV - Logging While Drilling & Directional Driller","Drilling & Wells","Jandakot, Australia","2026-03-25T00:00:00.000+0000","https://bakerhughes.wd5.myworkdayjobs.com/BakerHughes/job/AU-WA-JANDAKOT-631-KAREL-AVENUE/Field-Specialist-IV---Logging-While-Drilling---Directional-Driller_R162257/apply"
"Australia","Baker Hughes","Field Specialist IV - Logging While Drilling & Directional Driller","Drilling & Wells","Jandakot, Australia","2026-03-25T00:00:00.000+0000","https://bakerhughes.wd5.myworkdayjobs.com/BakerHughes/job/AU-WA-JANDAKOT-631-KAREL-AVENUE/Field-Specialist-IV---Logging-While-Drilling---Directional-Driller_R162256/apply"
"Gabon","Baker Hughes","Field Specialist GEN - DRS","Other","Port Gentil, Gabon","2026-03-24T00:00:00.000+0000","https://bakerhughes.wd5.myworkdayjobs.com/BakerHughes/job/GA-PORT-GENTIL-Route-de-Sogara-Parcelle-No-160-Section-PA/General-Field-Specialist---Drilling-Services_R161759/apply"
"Czechia","Baker Hughes","Obráběč kovů - karuselář (m,ž)","Other","Pilsen, Czechia","2026-02-04T00:00:00.000+0000","https://bakerhughes.wd5.myworkdayjobs.com/BakerHughes/job/CZ-DOUDLEVCE-PILSEN-EDVARDA-BENESE-56439/Obrb-kov---karusel--m--_R157027/apply"
"Italy","Baker Hughes","Lead Services Specialist - Resource Management","Management & Administration","Florence, Italy","2026-03-20T00:00:00.000+0000","https://bakerhughes.wd5.myworkdayjobs.com/BakerHughes/job/IT-FI-FLORENCE-VIA-FELICE-MATTEUCCI-2/Lead-Services-Specialist---Resource-Management_R158975/apply"
"Italy","Baker Hughes","Global Product Manager","Management & Administration","Florence, Italy","2026-03-05T00:00:00.000+0000","https://bakerhughes.wd5.myworkdayjobs.com/BakerHughes/job/IT-FI-FLORENCE-VIA-FELICE-MATTEUCCI-2/Global-Product-Manager_R159968-1/apply"
"UK","Baker Hughes","Lead Procurement Specialist","Projects & Contracts","Nailsea, UK","2026-03-24T00:00:00.000+0000","https://bakerhughes.wd5.myworkdayjobs.com/BakerHughes/job/GB-SO-NAILSEA-2-HIGH-STREET/Lead-Procurement-Specialist_R162381/apply"
"United States of America","Baker Hughes","Global Sr. Field Advisor – Downstream Chemicals Service Delivery","Other","Sugar Land, United States of America","2026-03-24T00:00:00.000+0000","https://bakerhughes.wd5.myworkdayjobs.com/BakerHughes/job/US-TX-SUGAR-LAND-12645-WEST-AIRPORT-BLVD/Global-Sr-Field-Advisor---Downstream-Chemicals-Service-Delivery_R162199/apply"
"Gabon","Baker Hughes","Field Specialist - GEN LWD/DD","Other","Port Gentil, Gabon","2026-03-24T00:00:00.000+0000","https://bakerhughes.wd5.myworkdayjobs.com/BakerHughes/job/GA-PORT-GENTIL-Route-de-Sogara-Parcelle-No-160-Section-PA/General-Field-Specialist---LWD-DD_R161282/apply"
"Italy","Baker Hughes","Emerging Talent – Procurement Intern 2026 Opportunities (Bari)","Projects & Contracts","Bari, Italy","2026-03-24T00:00:00.000+0000","https://bakerhughes.wd5.myworkdayjobs.com/BakerHughes/job/IT-BA-BARI-STRADA-PROVINCIALE-PER-MODUGNO-10C613/Emerging-Talent---Procurement-Intern-2026-Opportunities--Bari-_R162410/apply"
"Canada","Baker Hughes","Senior Sales Manager – Software Sales","IT & Digital","Calgary, Canada","2026-02-18T00:00:00.000+0000","https://bakerhughes.wd5.myworkdayjobs.com/BakerHughes/job/CA-AB-OTHER-ALBERTA/Senior-Sales-Manager---Software-Sales_R159183/apply"
"Poland","Baker Hughes","Senior Engineer, Product Design and Engineering - Embedded Software","IT & Digital","Warsaw, Poland","2026-03-25T00:00:00.000+0000","https://bakerhughes.wd5.myworkdayjobs.com/BakerHughes/job/PL-PDK-WARSAW-ALEJA-KRAKOWSKA-110114-BLD-3014613/Senior-Engineer--Product-Design-and-Engineering---Embedded-Software_R161632-1/apply"
"UK","Baker Hughes","Site Labourer","R&D & Technology","Aberdeen, UK","2026-03-25T00:00:00.000+0000","https://bakerhughes.wd5.myworkdayjobs.com/BakerHughes/job/GB-AC-ABERDEEN-BRIDGE-OF-DON-INDUSTRIAL-ESTATE/Site-Labourer_R160626/apply"
"Kenya","Baker Hughes","Applications Engineer","Engineering","Nairobi, Kenya","2026-03-25T00:00:00.000+0000","https://bakerhughes.wd5.myworkdayjobs.com/BakerHughes/job/KE-OTHER-KENYA/Well-Planner_R162371/apply"
"Singapore","Baker Hughes","Senior Project Manager","Projects & Contracts","Singapore, Singapore","2026-03-25T00:00:00.000+0000","https://bakerhughes.wd5.myworkdayjobs.com/BakerHughes/job/SG-SINGAPORE-2-BENOI-ROAD/Senior-Project-Manager_R162207/apply"
"UK","Baker Hughes","Project Engineering Manager","Projects & Contracts","Nailsea, UK","2026-03-18T00:00:00.000+0000","https://bakerhughes.wd5.myworkdayjobs.com/BakerHughes/job/GB-SO-NAILSEA-2-HIGH-STREET/Project-Engineering-Manager_R161633/apply"
"United States of America","Baker Hughes","ASPIRE – IET GTS (United States) 2026 Opportunities","Other","Houston, United States of America","2026-03-20T00:00:00.000+0000","https://bakerhughes.wd5.myworkdayjobs.com/BakerHughes/job/US-TX-HOUSTON-575-N-DAIRY-ASHFORD-RD-ENERGY-CENTER-II-EC2/ASPIRE---IET-GTS--United-States--2026-Opportunities_R157803-1/apply"
"Brazil","Baker Hughes","Field Specialist - Mechanical Gas Turbine / Compressors - Brazil","Operations & Maintenance","Macae, Brazil","2026-03-19T00:00:00.000+0000","https://bakerhughes.wd5.myworkdayjobs.com/BakerHughes/job/BR-RJ-MACAE-ESTRADA-DE-FAZENDA-SAO-JOSE-DO-MUTUM-200/Field-Specialist---Mechanical-Gas-Turbine---Compressors---Brazil_R161361/apply"
"India","Baker Hughes","Field Service Engineer - Mechanical Aero Derivative Gas Turbine","Operations & Maintenance","Gurgaon, India","2025-06-18T00:00:00.000+0000","https://bakerhughes.wd5.myworkdayjobs.com/BakerHughes/job/IN-HARYANA-GURUGRAM-10th-Floor-Tower-10B-DLF-Cyber-City-DLF-Phase-2-Sec-24/Field-Service-Engineer---Mechanical-Aero-Derivative-Gas-Turbine_R125383/apply"
"India","Baker Hughes","Field Service Engineer - Instrumentation & Controls (Mark VIe/Mark VI/ Mark V)","Operations & Maintenance","Gurgaon, India","2026-02-12T00:00:00.000+0000","https://bakerhughes.wd5.myworkdayjobs.com/BakerHughes/job/IN-HARYANA-GURUGRAM-10th-Floor-Tower-10B-DLF-Cyber-City-DLF-Phase-2-Sec-24/Field-Service-Engineer---Instrumentation---Controls--Mark-VIe-Mark-VI--Mark-V-_R139460/apply"
"Hungary","Baker Hughes","Lean Engineer","Engineering","Fot, Hungary","2026-03-20T00:00:00.000+0000","https://bakerhughes.wd5.myworkdayjobs.com/BakerHughes/job/HU-PE-FOT-EAST-GATE-BUSINESS-PARK/Manufacturing-Engineer-Manager---LEAN_R160220/apply"
"India","Baker Hughes","Field Specialist Instrumentation and Control","Operations & Maintenance","Gurgaon, India","2026-03-17T00:00:00.000+0000","https://bakerhughes.wd5.myworkdayjobs.com/BakerHughes/job/IN-HARYANA-GURUGRAM-10th-Floor-Tower-10B-DLF-Cyber-City-DLF-Phase-2-Sec-24/Field-Specialist-Instrumentation-and-Control_R162217/apply"
"India","Baker Hughes","Field Service Engineer - Centrifugal Compressor","Engineering","Gurgaon, India","2026-02-18T00:00:00.000+0000","https://bakerhughes.wd5.myworkdayjobs.com/BakerHughes/job/IN-HARYANA-GURUGRAM-10th-Floor-Tower-10B-DLF-Cyber-City-DLF-Phase-2-Sec-24/Field-Service-Engineer---Centrifugal-Compressor_R69642/apply"
"India","Baker Hughes","Digital Technology Senior Specialist - Identity Management Engineering","IT & Digital","Bangalore, India","2026-03-18T00:00:00.000+0000","https://bakerhughes.wd5.myworkdayjobs.com/BakerHughes/job/IN-KA-BANGALORE-NEON-BUILDING-WEST-TOWER/Digital-Technology-Senior-Specialist---Identity-Management-Engineering_R161549-1/apply"
"India","Baker Hughes","Field Service Engineer – Heavy Duty Gas Turbine","Engineering","Gurgaon, India","2026-02-12T00:00:00.000+0000","https://bakerhughes.wd5.myworkdayjobs.com/BakerHughes/job/IN-HARYANA-GURUGRAM-10th-Floor-Tower-10B-DLF-Cyber-City-DLF-Phase-2-Sec-24/Field-Service-Engineer---Heavy-Duty-Gas-Turbine_R90095/apply"
"Italy","Baker Hughes","Saldatore di Officina","Other","Vibo Valentia, Italy","2026-02-23T00:00:00.000+0000","https://bakerhughes.wd5.myworkdayjobs.com/BakerHughes/job/IT-VV-VIBO-VALENTIA-VIA-LE-MARINATE/Saldatore-di-Officina_R160642/apply"
"Italy","Baker Hughes","Digital and Technical Program Manager","IT & Digital","Florence, Italy","2026-03-20T00:00:00.000+0000","https://bakerhughes.wd5.myworkdayjobs.com/BakerHughes/job/IT-FI-FLORENCE-VIA-FELICE-MATTEUCCI-2/Digital-and-Technical-Program-Manager_R155554/apply"
"Brazil","Baker Hughes","Field Specialist - Controls - Gas Turbine / Compressors","Other","Macae, Brazil","2026-03-19T00:00:00.000+0000","https://bakerhughes.wd5.myworkdayjobs.com/BakerHughes/job/BR-RJ-MACAE-ESTRADA-DE-FAZENDA-SAO-JOSE-DO-MUTUM-200/Field-Specialist---Controls---Gas-Turbine---Compressors_R161362/apply"
"United States of America","Baker Hughes","Transformation OFSE Financing Sr. Advisor","Other","Houston, United States of America","2026-03-19T00:00:00.000+0000","https://bakerhughes.wd5.myworkdayjobs.com/BakerHughes/job/US-TX-HOUSTON-575-N-DAIRY-ASHFORD-RD-ENERGY-CENTER-II-EC2/Transformation-OFSE-Financing-Sr-Advisor_R161414-1/apply"
"United States of America","Baker Hughes","Field Specialist I - PT","Other","Harrisburg, United States of America","2026-03-19T00:00:00.000+0000","https://bakerhughes.wd5.myworkdayjobs.com/BakerHughes/job/US-PA-OTHER-PENNSYLVANIA/Field-Specialist-I---PT_R160984/apply"
"Czechia","Baker Hughes","Dělník v cívkárně (m/ž)","Other","Pilsen, Czechia","2026-03-19T00:00:00.000+0000","https://bakerhughes.wd5.myworkdayjobs.com/BakerHughes/job/CZ-DOUDLEVCE-PILSEN-EDVARDA-BENESE-56439/Worker-in-coil-shop-Dlnk-v-cvkrn_R150103/apply"
"United States of America","Baker Hughes","Lead Operations Specialist","Operations & Maintenance","Pleasanton, United States of America","2026-03-19T00:00:00.000+0000","https://bakerhughes.wd5.myworkdayjobs.com/BakerHughes/job/US-TX-Pleasanton-495-Shale-Rd/Lead-Operations-Specialist_R162200/apply"
"United States of America","Baker Hughes","Lead Operations Specialist","Operations & Maintenance","Pleasanton, United States of America","2026-03-19T00:00:00.000+0000","https://bakerhughes.wd5.myworkdayjobs.com/BakerHughes/job/US-TX-Pleasanton-495-Shale-Rd/Lead-Operations-Specialist_R162205/apply"
"UK","Baker Hughes","Product Delivery Manager- Procurement","Projects & Contracts","Nailsea, UK","2026-03-23T00:00:00.000+0000","https://bakerhughes.wd5.myworkdayjobs.com/BakerHughes/job/GB-SO-NAILSEA-2-HIGH-STREET/Sourcing-Senior-Team-leader---Buying-Procurement_R160964/apply"
"United States of America","Baker Hughes","Sales Advisor - Software Sales","IT & Digital","Houston, United States of America","2026-03-23T00:00:00.000+0000","https://bakerhughes.wd5.myworkdayjobs.com/BakerHughes/job/US-TX-HOUSTON-575-N-DAIRY-ASHFORD-RD-ENERGY-CENTER-II-EC2/Sales-Advisor---Software-Sales_R161916-1/apply"
"United States of America","Baker Hughes","Field Specialist III","Other","Austin, United States of America","2026-02-17T00:00:00.000+0000","https://bakerhughes.wd5.myworkdayjobs.com/BakerHughes/job/US-TX-OTHER-TEXAS/Field-Specialist-III_R160890/apply"
"Vietnam","Baker Hughes","Mechanical Design Engineer - Subsea","Drilling & Wells","Ho Chi Minh, Vietnam","2026-03-24T00:00:00.000+0000","https://bakerhughes.wd5.myworkdayjobs.com/BakerHughes/job/VN-HO-CHI-MINH-285-CACH-MANG-THANG-TAM-STREET/Mechanical-Design-Engineer---Subsea_R162399/apply"
"Italy","Baker Hughes","Digital Technology Senior Specialist - Project Manager","Projects & Contracts","Florence, Italy","2026-03-24T00:00:00.000+0000","https://bakerhughes.wd5.myworkdayjobs.com/BakerHughes/job/IT-FI-FLORENCE-VIA-FELICE-MATTEUCCI-2/Digital-Technology-Senior-Specialist---Project-Manager_R161551/apply"
"Australia","Baker Hughes","Services Specialist - Applications Engineering","Engineering","Brisbane, Australia","2026-03-24T00:00:00.000+0000","https://bakerhughes.wd5.myworkdayjobs.com/BakerHughes/job/AU-QLD-BRISBANE-69-ANN-STREET/Services-Specialist---Applications-Engineering_R161749/apply"
"UK","Baker Hughes","Software Quality Assurance","IT & Digital","Nailsea, UK","2026-03-24T00:00:00.000+0000","https://bakerhughes.wd5.myworkdayjobs.com/BakerHughes/job/GB-SO-NAILSEA-2-HIGH-STREET/Software-Quality-Assurance_R161634/apply"
"Kenya","Baker Hughes","Mud Engineer","Drilling & Wells","Nairobi, Kenya","2026-03-25T00:00:00.000+0000","https://bakerhughes.wd5.myworkdayjobs.com/BakerHughes/job/KE-Nairobi-Nairobi-The-Address-Building-off-Waiyaki-Way/Mud-Engineer_R162446/apply"
"India","Baker Hughes","Senior Full Stack Developer (Node + Angular)","IT & Digital","Mumbai, India","2026-02-04T00:00:00.000+0000","https://bakerhughes.wd5.myworkdayjobs.com/BakerHughes/job/IN-MH-MUMBAI-HIRANANDANI-BUSINESS-PARK-POWAI/Senior-Node-JS-Full-Stack-Developer_R160400/apply"
"United States of America","Baker Hughes","Machinery Diagnostics Field Engineer (East Region, US)","Engineering","Springfield, United States of America","2026-02-17T00:00:00.000+0000","https://bakerhughes.wd5.myworkdayjobs.com/BakerHughes/job/US-IL-OTHER-ILLINOIS/Machinery-Diagnostics-Field-Engineer--East-Region--US-_R160742/apply"
"India","Baker Hughes","Workday Adaptive Planning Specialist","Projects & Contracts","Mumbai, India","2026-03-19T00:00:00.000+0000","https://bakerhughes.wd5.myworkdayjobs.com/BakerHughes/job/IN-MH-MUMBAI-HIRANANDANI-BUSINESS-PARK-POWAI/Workday-Adaptive-Planning-Specialist_R159545-1/apply"
"United States of America","Baker Hughes","Director Enterprise Architecture","Management & Administration","Houston, United States of America","2026-03-17T00:00:00.000+0000","https://bakerhughes.wd5.myworkdayjobs.com/BakerHughes/job/US-TX-HOUSTON-575-N-DAIRY-ASHFORD-RD-ENERGY-CENTER-II-EC2/Director-Enterprise-Architecture_R158104/apply"
"Poland","Baker Hughes","Senior  Controls Engineer","Engineering","Warsaw, Poland","2026-03-03T00:00:00.000+0000","https://bakerhughes.wd5.myworkdayjobs.com/BakerHughes/job/PL-PDK-WARSAW-ALEJA-KRAKOWSKA-110114-BLD-3014613/Senior--Controls-Engineer_R157287-1/apply"
"Japan","Baker Hughes","Plant Leader - Valves","Management & Administration","Kariwa, Japan","2026-02-03T00:00:00.000+0000","https://bakerhughes.wd5.myworkdayjobs.com/BakerHughes/job/JP-KARIWA-800-OOAZA-TOKAICHI-KARIWAMURA/Plant-Leader---Valves_R159136-1/apply"
"United States of America","Baker Hughes","Regional Sales Manager, Masoneilan Products","Sales & Marketing","Harrisburg, United States of America","2026-03-18T00:00:00.000+0000","https://bakerhughes.wd5.myworkdayjobs.com/BakerHughes/job/US-PA-OTHER-PENNSYLVANIA/Regional-Sales-Manager--Masoneilan-Products_R160756-1/apply"
"United States of America","Baker Hughes","Lead Product Service Engineer - Centrifugal compressors","Management & Administration","Houston, United States of America","2026-02-23T00:00:00.000+0000","https://bakerhughes.wd5.myworkdayjobs.com/BakerHughes/job/US-TX-HOUSTON-575-N-DAIRY-ASHFORD-RD-ENERGY-CENTER-II-EC2/Lead-Product-Service-Engineer---Centrifugal-compressors_R144648-1/apply"
"China","Baker Hughes","Lead Project Management Specialist - Operation Leadership","Projects & Contracts","Beijing, China","2026-03-18T00:00:00.000+0000","https://bakerhughes.wd5.myworkdayjobs.com/BakerHughes/job/CN-BEIJING-12-TAIYANGGONG-MIDDLE-RD-CHAOYANG-DISTRICT/Lead-Project-Management-Specialist---Operation-Leadership_R159677-1/apply"
"Italy","Baker Hughes","Lead Engineer, Disciplinary Engineering and Science - Mathematics & Data Science","IT & Digital","Florence, Italy","2026-03-12T00:00:00.000+0000","https://bakerhughes.wd5.myworkdayjobs.com/BakerHughes/job/IT-FI-FLORENCE-VIA-FELICE-MATTEUCCI-2/Lead-Engineer--Disciplinary-Engineering-and-Science---Mathematics---Data-Science_R159600/apply"
"Italy","Baker Hughes","Junior Field Specialist","Other","Florence, Italy","2026-03-02T00:00:00.000+0000","https://bakerhughes.wd5.myworkdayjobs.com/BakerHughes/job/IT-FI-FLORENCE-VIA-FELICE-MATTEUCCI-2/Field-Specialist-I_R160158/apply"
"United States of America","Baker Hughes","Field Specialist - Power Transmission","Other","Montgomery, United States of America","2026-02-18T00:00:00.000+0000","https://bakerhughes.wd5.myworkdayjobs.com/BakerHughes/job/US-AL-OTHER-ALABAMA/Field-Specialist---Power-Transmission_R158314-1/apply"
"UK","Baker Hughes","Lead Quality Specialist - QA Engineering","Management & Administration","Newcastle-Upon-Tyne, UK","2026-03-25T00:00:00.000+0000","https://bakerhughes.wd5.myworkdayjobs.com/BakerHughes/job/GB-NEWCASTLE-UPON-TYNE-WINCOMBLEE-ROAD-WELLSTREAM-HOUSE/Lead-Quality-Specialist---QA-Engineering_R160105/apply"
"China","Baker Hughes","Product Marketing Specialist","Sales & Marketing","Suzhou, China","2026-02-11T00:00:00.000+0000","https://bakerhughes.wd5.myworkdayjobs.com/BakerHughes/job/CN-SUZHOU-81-SUHONG-ZHONG-ROAD/Product-Marketing-Specialist_R160132/apply"
"United States of America","Baker Hughes","Senior Sales Manager – Proposal (Digital) Cordant","IT & Digital","Houston, United States of America","2026-02-03T00:00:00.000+0000","https://bakerhughes.wd5.myworkdayjobs.com/BakerHughes/job/US-TX-HOUSTON-575-N-DAIRY-ASHFORD-RD-ENERGY-CENTER-II-EC2/Senior-Sales-Manager---Proposal--Digital--Cordant_R159720/apply"
"Germany","Baker Hughes","Customer Advocate (d/f/m) Fixed-Term (2 years)","Sales & Marketing","Wunstorf, Germany","2026-02-18T00:00:00.000+0000","https://bakerhughes.wd5.myworkdayjobs.com/BakerHughes/job/DE-NI-WUNSTORF-NIELS-BOHR-STR-7/Customer-Advocate--d-f-m--Fixed-Term--2-years-_R159817-1/apply"
"Australia","Baker Hughes","Services Specialist - Commissioning","Other","Jandakot, Australia","2026-03-03T00:00:00.000+0000","https://bakerhughes.wd5.myworkdayjobs.com/BakerHughes/job/AU-WA-JANDAKOT-631-KAREL-AVENUE/Services-Specialist---Commissioning_R159050/apply"
"Malaysia","Baker Hughes","Manufacturing Professional - Materials Planning and Execution","Projects & Contracts","Kuala Lumpur, Malaysia","2026-03-26T00:00:00.000+0000","https://bakerhughes.wd5.myworkdayjobs.com/BakerHughes/job/MY-KUL-KUALA-LUMPUR-21ST-FLOOR-MENARA-TAN--TAN/Manufacturing-Professional---Materials-Planning-and-Execution_R161704-1/apply"
"United States of America","Baker Hughes","Chief IP Counsel - Oilfield Services & Equipment","Management & Administration","Houston, United States of America","2026-03-25T00:00:00.000+0000","https://bakerhughes.wd5.myworkdayjobs.com/BakerHughes/job/US-TX-HOUSTON-575-N-DAIRY-ASHFORD-RD-ENERGY-CENTER-II-EC2/Chief-IP-Counsel---Oilfield-Services---Equipment_R162440-1/apply"
"United States of America","Baker Hughes","Head of Enterprise Systems Delivery","Management & Administration","Houston, United States of America","2026-03-25T00:00:00.000+0000","https://bakerhughes.wd5.myworkdayjobs.com/BakerHughes/job/US-TX-HOUSTON-575-N-DAIRY-ASHFORD-RD-ENERGY-CENTER-II-EC2/Head-of-Enterprise-Systems-Delivery_R160615/apply"
"UK","Baker Hughes","Emerging Talent - Learning & Development Administration Apprentice 2026 (Newcastle)","HR & Training","Newcastle-Upon-Tyne, UK","2026-03-25T00:00:00.000+0000","https://bakerhughes.wd5.myworkdayjobs.com/BakerHughes/job/GB-NEWCASTLE-UPON-TYNE-WINCOMBLEE-ROAD-WELLSTREAM-HOUSE/Emerging-Talent-Learning---Development--L-D--Apprentice-Programme-2026--Newcastle-_R162213/apply"
"United States of America","Baker Hughes","Lead Engineer, Product Performance Engineering - Mechanical","Operations & Maintenance","Claremore, United States of America","2026-03-25T00:00:00.000+0000","https://bakerhughes.wd5.myworkdayjobs.com/BakerHughes/job/US-OK-CLAREMORE-200-W-STUART-ROOSA-DR/Lead-Engineer--Product-Performance-Engineering---Mechanical_R159085-1/apply"
"Indonesia","Baker Hughes","University Internship - Manufacturing Intern (Machining) 2026 Opportunities (Indonesia)","Other","Batam, Indonesia","2026-03-26T00:00:00.000+0000","https://bakerhughes.wd5.myworkdayjobs.com/BakerHughes/job/ID-SM-BATAM-JALAN-KERAPU-NO-1415/University-Internship---Manufacturing-Intern--Machining--2026-Opportunities--Indonesia-_R161685/apply"
"UK","Baker Hughes","Controls Engineer","Engineering","Ashby de la Zouch, UK","2026-02-25T00:00:00.000+0000","https://bakerhughes.wd5.myworkdayjobs.com/BakerHughes/job/GB-Ashby-de-la-Zouch-Power-House-Excelsior-Road/Controls-Software-Engineer_R158846/apply"
"UK","Baker Hughes","Controls Engineer","Engineering","Ashby de la Zouch, UK","2026-02-12T00:00:00.000+0000","https://bakerhughes.wd5.myworkdayjobs.com/BakerHughes/job/GB-Ashby-de-la-Zouch-Power-House-Excelsior-Road/Controls-Engineer_R158848/apply"
"India","Baker Hughes","Senior Cyber Security Engineer","Engineering","Gurgaon, India","2026-03-23T00:00:00.000+0000","https://bakerhughes.wd5.myworkdayjobs.com/BakerHughes/job/IN-HARYANA-GURUGRAM-10th-Floor-Tower-10B-DLF-Cyber-City-DLF-Phase-2-Sec-24/Senior-Cyber-Security-Engineer_R150273/apply"
"Netherlands","Baker Hughes","Field Engineer I - PPS_FLD-G","Engineering","Son En Breugel, Netherlands","2026-02-06T00:00:00.000+0000","https://bakerhughes.wd5.myworkdayjobs.com/BakerHughes/job/NL-SON-EN-BREUGEL-EKKERSRIJT-2052/Field-Engineer-I---PPS-FLD-G_R160038/apply"
"Norway","Baker Hughes","Wireline Field Engineer","Drilling & Wells","Tananger, Norway","2026-03-26T00:00:00.000+0000","https://bakerhughes.wd5.myworkdayjobs.com/BakerHughes/job/NO-ROGALAND-TANANGER-Kontinentalveien-8-N-4056/Wireline-Field-Engineer_R150580-1/apply"
"United States of America","Baker Hughes","Industrial Maintenance Technician","Operations & Maintenance","Claremore, United States of America","2026-02-05T00:00:00.000+0000","https://bakerhughes.wd5.myworkdayjobs.com/BakerHughes/job/US-OK-CLAREMORE-2210-E-L-ANDERSON-BLVD/R151319-Account-Manager--Upstream-Chemicals----Ft-McMurray--AB_R153877-1/apply"
"Italy","Baker Hughes","QC NDT Coordinator","Management & Administration","Avenza, Italy","2026-03-25T00:00:00.000+0000","https://bakerhughes.wd5.myworkdayjobs.com/BakerHughes/job/IT-MS-AVENZA--VIALE-DOMENICO-ZACCAGNA-12/QC-NDT-Coordinator_R156573/apply"
"UK","Baker Hughes","Senior Sales Manager PMS","Sales & Marketing","Ashby de la Zouch, UK","2026-03-23T00:00:00.000+0000","https://bakerhughes.wd5.myworkdayjobs.com/BakerHughes/job/GB-Ashby-de-la-Zouch-Power-House-Excelsior-Road/Senior-Sales-Manager-PMS_R159259/apply"
"United States of America","Baker Hughes","Field/Site Account Specialist - Sales Enabler","Sales & Marketing","Austin, United States of America","2026-02-20T00:00:00.000+0000","https://bakerhughes.wd5.myworkdayjobs.com/BakerHughes/job/US-TX-OTHER-TEXAS/Field-Site-Account-Specialist---Sales-Enabler_R156954-1/apply"
"Canada","Baker Hughes","Account Manager (Upstream Chemicals)","Sales & Marketing","Edson, Canada","2026-03-13T00:00:00.000+0000","https://bakerhughes.wd5.myworkdayjobs.com/BakerHughes/job/CA-AB-EDSON-5825-2ND-AVENUE/Account-Manager--Upstream-Chemicals--_R161863/apply"
"United States of America","Baker Hughes","Field Service Winder Engineer","Engineering","Austin, United States of America","2026-01-21T00:00:00.000+0000","https://bakerhughes.wd5.myworkdayjobs.com/BakerHughes/job/US-TX-OTHER-TEXAS/Field-Service-Winder-Engineer_R160330/apply"
"Kenya","Baker Hughes","Solids Control Supervisor","Management & Administration","Nairobi, Kenya","2026-03-26T00:00:00.000+0000","https://bakerhughes.wd5.myworkdayjobs.com/BakerHughes/job/KE-Nairobi-Nairobi-The-Address-Building-off-Waiyaki-Way/Solids-Control-Supervisor_R162493/apply"
"China","Baker Hughes","Emerging Talent: ASPIRE- Sales & Commercial (China) 2026 Opportunities","Finance & Commercial","Shanghai, China","2026-03-26T00:00:00.000+0000","https://bakerhughes.wd5.myworkdayjobs.com/BakerHughes/job/CN-SHANGHAI-1-HUA-TUO-RD/Early-Career--ASPIRE--Sales---Commercial--China--2026-Opportunities_R157790/apply"
"Indonesia","Baker Hughes","University Internship - Manufacturing Intern (Digital Transformation) 2026 Opportunities (Indonesia)","IT & Digital","Batam, Indonesia","2026-03-26T00:00:00.000+0000","https://bakerhughes.wd5.myworkdayjobs.com/BakerHughes/job/ID-SM-BATAM-JALAN-KERAPU-NO-1415/University-Internship---Manufacturing-Intern--Digital-Transformation--2026-Opportunities--Indonesia-_R161662/apply"
"Malaysia","Baker Hughes","University Internship - Finance & Accounting 2026 Opportunities (Malaysia)","Finance & Commercial","Kuala Lumpur, Malaysia","2026-03-26T00:00:00.000+0000","https://bakerhughes.wd5.myworkdayjobs.com/BakerHughes/job/MY-KUL-KUALA-LUMPUR-21ST-FLOOR-MENARA-TAN--TAN/University-Internship---Finance---Accounting-2026-Opportunities--Malaysia-_R154616/apply"
"Italy","Baker Hughes","Assembly Shop Operator","Operations & Maintenance","Florence, Italy","2026-03-26T00:00:00.000+0000","https://bakerhughes.wd5.myworkdayjobs.com/BakerHughes/job/IT-FI-FLORENCE-VIA-FELICE-MATTEUCCI-2/Assembly-Shop-Operator_R147560/apply"
"India","Baker Hughes","Workday Configuration Analyst – Core and Advanced Compensation","HR & Training","Bangalore, India","2026-03-25T00:00:00.000+0000","https://bakerhughes.wd5.myworkdayjobs.com/BakerHughes/job/IN-KA-BANGALORE-NEON-BUILDING-WEST-TOWER/Workday-Configuration-Analyst---Core---Advanced-Compensation_R159546/apply"
"United States of America","Baker Hughes","Petrochemical and Process Fouling Control Technical Support Specialist","Operations & Maintenance","Sugar Land, United States of America","2026-02-09T00:00:00.000+0000","https://bakerhughes.wd5.myworkdayjobs.com/BakerHughes/job/US-TX-SUGAR-LAND-12645-WEST-AIRPORT-BLVD/Petrochemical-and-Process-Fouling-Control-Technical-Support-Specialist_R159735/apply"
"United States of America","Baker Hughes","Commercial Governance leader","Finance & Commercial","Houston, United States of America","2025-12-16T00:00:00.000+0000","https://bakerhughes.wd5.myworkdayjobs.com/BakerHughes/job/US-TX-HOUSTON-575-N-DAIRY-ASHFORD-RD-ENERGY-CENTER-II-EC2/Commercial-Governance-leader_R158767-1/apply"
"China","Baker Hughes","Enterprise Sales Leader, China (Cordant Solutions)","Sales & Marketing","Shanghai, China","2026-02-06T00:00:00.000+0000","https://bakerhughes.wd5.myworkdayjobs.com/BakerHughes/job/CN-SHANGHAI-1-HUA-TUO-RD/Enterprise-Sales-Leader--China--Cordant-Solutions-_R159291-1/apply"
"Germany","Baker Hughes","Service Delivery Coordinator - Field Services Operations (d/f/m)","Operations & Maintenance","Celle, Germany","2026-02-25T00:00:00.000+0000","https://bakerhughes.wd5.myworkdayjobs.com/BakerHughes/job/DE-CELLE-BAKER-HUGHES-STRASSE-1/Service-Delivery-Coordinator---Field-Services-Operations--d-f-m-_R160384-1/apply"
"Singapore","Baker Hughes","Manufacturing Manager - Production Planning & Scheduling","Operations & Maintenance","Singapore, Singapore","2026-03-27T00:00:00.000+0000","https://bakerhughes.wd5.myworkdayjobs.com/BakerHughes/job/SG-SINGAPORE-273-JALAN-AHMAD-IBRAHIM/Manufacturing-Manager---Production-Planning---Scheduling_R162400/apply"
"Saudi Arabia","Baker Hughes","Logging While Drilling Remote Operation Engineer","Drilling & Wells","Dhahran, Saudi Arabia","2026-03-26T00:00:00.000+0000","https://bakerhughes.wd5.myworkdayjobs.com/BakerHughes/job/SA-DHAHRAN-ABQAIQ-HIGHWAY/Logging-While-Drilling-Remote-Operation-Engineer_R162500/apply"
"Italy","Baker Hughes","Project Management Advisor - Project Leadership","Projects & Contracts","Florence, Italy","2026-03-27T00:00:00.000+0000","https://bakerhughes.wd5.myworkdayjobs.com/BakerHughes/job/IT-FI-FLORENCE-VIA-FELICE-MATTEUCCI-2/Project-Management-Advisor---Project-Leadership_R160993-1/apply"
"United States of America","Baker Hughes","Site Manager - Downstream Chemicals","Management & Administration","Corpus Christi, United States of America","2026-03-26T00:00:00.000+0000","https://bakerhughes.wd5.myworkdayjobs.com/BakerHughes/job/US-TX-CORPUS-CHRISTI-341-LANTANA-STREET/Site-Manager---Downstream-Chemicals_R162229/apply"
"United States of America","Baker Hughes","Account Manager","Sales & Marketing","Midland, United States of America","2026-03-26T00:00:00.000+0000","https://bakerhughes.wd5.myworkdayjobs.com/BakerHughes/job/US-TX-MIDLAND-2309-EAST-INTERSTATE-20/Account-Manager_R161650/apply"
"Singapore","Baker Hughes","Senior Engineer –Premium Connections and Casing (PCC) Lead","Management & Administration","Singapore, Singapore","2026-03-27T00:00:00.000+0000","https://bakerhughes.wd5.myworkdayjobs.com/BakerHughes/job/SG-SINGAPORE-2-BENOI-ROAD/Senior-Engineer--Premium-Connections-and-Casing--PCC--Lead_R162246/apply"
"Singapore","Baker Hughes","Lead Engineer, Mechanical, Customer Order Engineering - Customer Project Engineering (Subsea Wellhead Casing Solution)","Drilling & Wells","Singapore, Singapore","2026-03-27T00:00:00.000+0000","https://bakerhughes.wd5.myworkdayjobs.com/BakerHughes/job/SG-SINGAPORE-2-BENOI-ROAD/Lead-Engineer--Mechanical--Customer-Order-Engineering---Customer-Project-Engineering--Subsea-Wellhead-Casing-Solution-_R160968/apply"
"Nigeria","Baker Hughes","Integrated Solutions Well Engineer","Engineering","Port Harcourt, Nigeria","2026-03-27T00:00:00.000+0000","https://bakerhughes.wd5.myworkdayjobs.com/BakerHughes/job/NG-PORT-HARCOURT-125-TRANS-AMADI/Integrated-Solutions-Well-Engineer_R159440/apply"
"UK","Baker Hughes","Senior Test Engineer - Electrical","Operations & Maintenance","Leicester, UK","2026-03-27T00:00:00.000+0000","https://bakerhughes.wd5.myworkdayjobs.com/BakerHughes/job/GB-LEICESTER-Unit-8-Waterside-Road/Senior-Test-Engineer---Electrical_R162497/apply"
"UK","Baker Hughes","Senior Engineer -Subsea Chokes and Valves","Drilling & Wells","Montrose, UK","2026-03-27T00:00:00.000+0000","https://bakerhughes.wd5.myworkdayjobs.com/BakerHughes/job/GB-AN-MONTROSE-CHARLETON-ROAD/Senior-Engineer--Subsea-Chokes-and-Valves_R161990-1/apply"
"India","Baker Hughes","Sales Specialist – West Region, India","Sales & Marketing","Navi Mumbai, India","2026-03-27T00:00:00.000+0000","https://bakerhughes.wd5.myworkdayjobs.com/BakerHughes/job/IN-NAVI-MUMBAI-TTC-INDUSTRIAL-AREA-AIROLI-MAHARASHTRA/Sales-Specialist---EPC-OEM--West-Region--India-_R161910/apply"
"Malaysia","Baker Hughes","Statutory Senior Analyst","Other","Kuala Lumpur, Malaysia","2026-03-27T00:00:00.000+0000","https://bakerhughes.wd5.myworkdayjobs.com/BakerHughes/job/MY-KUL-KUALA-LUMPUR-21ST-FLOOR-MENARA-TAN--TAN/Statutory-Senior-Analyst_R155089-1/apply"
"United States of America","Baker Hughes","Indirect Sourcing Specialist - Commodity Management","Other","Minden, United States of America","2026-03-27T00:00:00.000+0000","https://bakerhughes.wd5.myworkdayjobs.com/BakerHughes/job/US-NV-MINDEN-1631-BENTLY-PARKWAY-SOUTH/Sourcing-Specialist---Commodity-Management_R162481/apply"
"United States of America","Baker Hughes","Electrical Technician","Operations & Maintenance","Pittsburgh, United States of America","2026-03-27T00:00:00.000+0000","https://bakerhughes.wd5.myworkdayjobs.com/BakerHughes/job/US-PA-Turtle-Creek-601-Braddock-Avenue/Electrical-Technician_R159795/apply"
"United States of America","Baker Hughes","Electromechanical Assembly Technician – Rotating Equipment","Operations & Maintenance","Pittsburgh, United States of America","2026-03-27T00:00:00.000+0000","https://bakerhughes.wd5.myworkdayjobs.com/BakerHughes/job/US-PA-Turtle-Creek-601-Braddock-Avenue/Winding-Technician_R159797/apply"
"UK","Baker Hughes","Upstream Chemicals - Portfolio Manager, Production Optimization","Operations & Maintenance","Liverpool, UK","2026-03-28T00:00:00.000+0000","https://bakerhughes.wd5.myworkdayjobs.com/BakerHughes/job/GB-MY-LIVERPOOL-Stockpit-Road/Upstream-Chemicals---Portfolio-Manager--Production-Optimization_R159329-1/apply"
"Canada","Baker Hughes","Digital Sales Leader (Metals & Minerals / Fertilizers)","IT & Digital","Toronto, Canada","2026-03-27T00:00:00.000+0000","https://bakerhughes.wd5.myworkdayjobs.com/BakerHughes/job/CA-ON-OTHER-ONTARIO/Digital-Sales-Leader--Metals---Minerals---Fertilizers-_R161909/apply"
"Brazil","Baker Hughes","Assistente Administrativo - Exclusivo para PCDs","Management & Administration","Niterói, Brazil","2026-03-27T00:00:00.000+0000","https://bakerhughes.wd5.myworkdayjobs.com/BakerHughes/job/BR-RJ-NITSHORE-RUA-FELICIANO-SODRE-215/Assistente-Administrativo---Exclusivo-para-PCDs_R159439/apply"
"Italy","Baker Hughes","Sales Specialist - Proposals","Sales & Marketing","Florence, Italy","2026-03-27T00:00:00.000+0000","https://bakerhughes.wd5.myworkdayjobs.com/BakerHughes/job/IT-FI-FLORENCE-VIA-FELICE-MATTEUCCI-2/Sales-Specialist---Proposals_R161699-1/apply"
"China","Baker Hughes","University Internship - Project Management Intern 2026 Opportunities (China)","Projects & Contracts","Shanghai, China","2026-03-19T00:00:00.000+0000","https://bakerhughes.wd5.myworkdayjobs.com/BakerHughes/job/CN-SHANGHAI-1-HUA-TUO-RD/University-Internship---Project-Management-2026-Opportunities--China-_R162056-1/apply"
"Czechia","Baker Hughes","Dílenské plánování výroby (m,ž)","Other","Pilsen, Czechia","2026-02-23T00:00:00.000+0000","https://bakerhughes.wd5.myworkdayjobs.com/BakerHughes/job/CZ-DOUDLEVCE-PILSEN-EDVARDA-BENESE-56439/Dlensk-plnovn-vroby--m--_R157105/apply"
"UAE","Baker Hughes","Services Team leader - Resource Management","Management & Administration","Abu Dhabi, UAE","2026-03-30T00:00:00.000+0000","https://bakerhughes.wd5.myworkdayjobs.com/BakerHughes/job/AE-ABU-DHABI-AL-GHAITH-YARD-MUSSAFAH-INDUSTRIAL-16th-STREET/Services-Team-leader---Resource-Management_R161148-1/apply"
"UK","Baker Hughes","Lead Project Planner","Projects & Contracts","Nailsea, UK","2026-03-30T00:00:00.000+0000","https://bakerhughes.wd5.myworkdayjobs.com/BakerHughes/job/GB-SO-NAILSEA-2-HIGH-STREET/Lead-Project-Planner_R162287/apply"
"Australia","Baker Hughes","Field Supervisor - Process & Pipeline Services","Operations & Maintenance","Welshpool, Australia","2026-03-30T00:00:00.000+0000","https://bakerhughes.wd5.myworkdayjobs.com/BakerHughes/job/AU-WA-WELSHPOOL-108-POOLE-STREET/Field-Supervisor---Process---Pipeline-Services_R149921/apply"
"Italy","Baker Hughes","Rotating Equipment Instructor/Services Specialist- Training Academy","Operations & Maintenance","Florence, Italy","2026-03-30T00:00:00.000+0000","https://bakerhughes.wd5.myworkdayjobs.com/BakerHughes/job/IT-FI-FLORENCE-VIA-FELICE-MATTEUCCI-2/Services-Experienced-Professional---Training-Academy_R161698-1/apply"
"Singapore","Baker Hughes","Lead Project Quality Engineer (Connection)","Projects & Contracts","Singapore, Singapore","2026-03-13T00:00:00.000+0000","https://bakerhughes.wd5.myworkdayjobs.com/BakerHughes/job/SG-SINGAPORE-2-BENOI-ROAD/Lead-Project-Quality-Engineer--Connection-_R161647/apply"
"Thailand","Baker Hughes","Field Specialist - Upstream Chemical","Other","Thailand","2026-03-27T00:00:00.000+0000","https://bakerhughes.wd5.myworkdayjobs.com/BakerHughes/job/TH-CHATUCHAK-SHINAWATRA-TOWER-III/Field-Specialist-IV---UC-FLD-I_R159456-1/apply"
"Malaysia","Baker Hughes","Statutory Senior Analyst - NAM","Other","Kuala Lumpur, Malaysia","2026-03-27T00:00:00.000+0000","https://bakerhughes.wd5.myworkdayjobs.com/BakerHughes/job/MY-KUL-KUALA-LUMPUR-21ST-FLOOR-MENARA-TAN--TAN/Statutory-Senior-Analyst---NAM_R159924/apply"
"Malaysia","Baker Hughes","Statutory Senior Analyst - LATM","Other","Kuala Lumpur, Malaysia","2026-03-27T00:00:00.000+0000","https://bakerhughes.wd5.myworkdayjobs.com/BakerHughes/job/MY-KUL-KUALA-LUMPUR-21ST-FLOOR-MENARA-TAN--TAN/Statutory-Senior-Analyst---LATM_R159923/apply"
"Singapore","Baker Hughes","Environmental Health & Safety Senior Specialist - Services and Projects","HSE & Environment","Singapore, Singapore","2026-03-30T00:00:00.000+0000","https://bakerhughes.wd5.myworkdayjobs.com/BakerHughes/job/SG-SINGAPORE-10-LOK-YANG-WAY/Environmental-Health---Safety-Senior-Specialist---Services-and-Projects_R162279-1/apply"
"UK","Baker Hughes","Lead Customer Application Engineer- Mechanical","Operations & Maintenance","Newcastle-Upon-Tyne, UK","2026-03-30T00:00:00.000+0000","https://bakerhughes.wd5.myworkdayjobs.com/BakerHughes/job/GB-NEWCASTLE-UPON-TYNE-WINCOMBLEE-ROAD-WELLSTREAM-HOUSE/Pipe-Systems-Tendering-Engineer_R160662/apply"
"Italy","Baker Hughes","Lead Engineer – NTI/NPI Manifold, Distribution, and Connection","Management & Administration","Florence, Italy","2026-03-30T00:00:00.000+0000","https://bakerhughes.wd5.myworkdayjobs.com/BakerHughes/job/IT-FI-FLORENCE-VIA-FELICE-MATTEUCCI-2/Lead-Engineer---NTI-NPI-Manifold--Distribution--and-Connection_R158556/apply"
"Poland","Baker Hughes","Senior Systems Engineer","Engineering","Warsaw, Poland","2026-03-30T00:00:00.000+0000","https://bakerhughes.wd5.myworkdayjobs.com/BakerHughes/job/PL-PDK-WARSAW-ALEJA-KRAKOWSKA-110114-BLD-3014613/Senior-Systems-Engineer_R161635-1/apply"
"Algeria","Baker Hughes","Junior Control Field Specialist","Other","Algiers, Algeria","2026-03-30T00:00:00.000+0000","https://bakerhughes.wd5.myworkdayjobs.com/BakerHughes/job/DZ-OTHER-ALGERIA/Junior-Control-Field-Specialist_R162473/apply"
"Vietnam","Baker Hughes","Applications Engineer, DCF","Engineering","Ho Chi Minh, Vietnam","2026-03-25T00:00:00.000+0000","https://bakerhughes.wd5.myworkdayjobs.com/BakerHughes/job/VN-Ho-Chi-Minh-Ho-Chi-Minh-5th-floor-of-Cantavil-An-Phu-Complex-at-No-01/Applications-Engineer--DCF_R157337/apply"
"Italy","Baker Hughes","Maintenance Operator Specialist","Operations & Maintenance","Talamona, Italy","2026-03-26T00:00:00.000+0000","https://bakerhughes.wd5.myworkdayjobs.com/BakerHughes/job/IT-SO-TALAMONA-VIA-ROMA-32/Maintenance-Operator-Specialist_R161553/apply"
"India","Baker Hughes","Sales Specialist – EPC/OEM - West Region, India)","Sales & Marketing","Navi Mumbai, India","2026-03-26T00:00:00.000+0000","https://bakerhughes.wd5.myworkdayjobs.com/BakerHughes/job/IN-NAVI-MUMBAI-TTC-INDUSTRIAL-AREA-AIROLI-MAHARASHTRA/Sales-Specialist---EPC-OEM---West-Region--India-_R161911/apply"
"Canada","Baker Hughes","Systems and  Instrumentation (S&I) Field Services Specialist","Operations & Maintenance","Leduc, Canada","2026-03-12T00:00:00.000+0000","https://bakerhughes.wd5.myworkdayjobs.com/BakerHughes/job/CA-AB-LEDUC-3905-71-AVENUE/Systems-and--Instrumentation--S-I--Field-Services-Specialist_R161598/apply"
"Italy","Baker Hughes","Junior Field Specialist","Other","Florence, Italy","2026-03-02T00:00:00.000+0000","https://bakerhughes.wd5.myworkdayjobs.com/BakerHughes/job/IT-FI-FLORENCE-VIA-FELICE-MATTEUCCI-2/Field-Specialist-I---SVS---CC-FLD-F_R160159/apply"
"Czechia","Baker Hughes","Specialista na optimalizaci kvality produktů a snižování nákladů (m,ž)","Other","Pilsen, Czechia","2026-02-25T00:00:00.000+0000","https://bakerhughes.wd5.myworkdayjobs.com/BakerHughes/job/CZ-DOUDLEVCE-PILSEN-EDVARDA-BENESE-56439/Engineering-Quality-Leader-with-active-Czech-and-English_R144488/apply"
"United States of America","Baker Hughes","Material Portfolio Manager","Projects & Contracts","Houston, United States of America","2026-03-23T00:00:00.000+0000","https://bakerhughes.wd5.myworkdayjobs.com/BakerHughes/job/US-TX-HOUSTON-17619-ALDINE-WESTFIELD-ROAD/Material-Portfolio-Manager_R161450-1/apply"
"United States of America","Baker Hughes","Service Technician","Operations & Maintenance","Pasadena, United States of America","2026-02-13T00:00:00.000+0000","https://bakerhughes.wd5.myworkdayjobs.com/BakerHughes/job/US-TX-10575-Red-Bluff-Road/Service-Technician_R160927/apply"
"Vietnam","Baker Hughes","Service Delivery Coordinator – Drilling & Completion Fluids","Drilling & Wells","Ho Chi Minh, Vietnam","2026-03-02T00:00:00.000+0000","https://bakerhughes.wd5.myworkdayjobs.com/BakerHughes/job/VN-Ho-Chi-Minh-Ho-Chi-Minh-5th-floor-of-Cantavil-An-Phu-Complex-at-No-01/Service-Delivery-Coordinator---Drilling---Completion-Fluids_R153367-1/apply"
"Germany","Baker Hughes","Senior Marketing Manager - Market Development (Marine Gear Systems) (d/f/m)","Sales & Marketing","Other, Germany","2026-02-23T00:00:00.000+0000","https://bakerhughes.wd5.myworkdayjobs.com/BakerHughes/job/DE-OTHER-GERMANY/Senior-Marketing-Manager---Market-Development--Marine-Gear-Systems---d-f-m-_R159072-1/apply"
"United States of America","Baker Hughes","Field Service Electrical Engineer","Operations & Maintenance","Houston, United States of America","2026-02-18T00:00:00.000+0000","https://bakerhughes.wd5.myworkdayjobs.com/BakerHughes/job/US-TX-HOUSTON-575-N-DAIRY-ASHFORD-RD-ENERGY-CENTER-II-EC2/Field-Service-Electrical-Engineer_R144123/apply"
"Brazil","Baker Hughes","Assistente Administrativo (Vaga Exclusiva PCD)","Management & Administration","Macaé, Brazil","2026-03-12T00:00:00.000+0000","https://bakerhughes.wd5.myworkdayjobs.com/BakerHughes/job/BR-RJ-MACAE-BELA-VISTA-AREA-19-1600/Assistente-Administrativo--Vaga-Exclusiva-PCD-_R160006/apply"
"United States of America","Baker Hughes","Machine Maintenance Technician","Operations & Maintenance","Minden, United States of America","2026-03-05T00:00:00.000+0000","https://bakerhughes.wd5.myworkdayjobs.com/BakerHughes/job/US-NV-MINDEN-1631-BENTLY-PARKWAY-SOUTH/Machine-Maintenance-Technician_R161145-1/apply"
"Australia","Baker Hughes","Field Specialist Intelligent Production System","Operations & Maintenance","Jandakot, Australia","2026-03-03T00:00:00.000+0000","https://bakerhughes.wd5.myworkdayjobs.com/BakerHughes/job/AU-WA-JANDAKOT-631-KAREL-AVENUE/Field-Specialist-Intelligent-Production-System_R160087/apply"
"India","Baker Hughes","Aero derivative Mechanical Design Engineer","Operations & Maintenance","Bangalore, India","2026-03-11T00:00:00.000+0000","https://bakerhughes.wd5.myworkdayjobs.com/BakerHughes/job/IN-KA-BANGALORE-NEON-BUILDING-WEST-TOWER/Aero-derivative-Mechanical-Design-Engineer_R155983-1/apply"
"France","Baker Hughes","Ingénieur(e) Support Technique sites Clients (spécialité moteurs électriques et variateurs) (F/H)","Sales & Marketing","Le Creusot, France","2026-02-10T00:00:00.000+0000","https://bakerhughes.wd5.myworkdayjobs.com/BakerHughes/job/FR-BFC-LE-CREUSOT-480-ALLEE-GUSTAVE-EIFFEL/Ingnieur-e--Support-Technique-sites-Clients--spcialit-moteurs-lectriques-et-variateurs---F-H-_R148661/apply"
"Netherlands","Baker Hughes","Field Specialist- PPS","Other","Son En Breugel, Netherlands","2026-02-06T00:00:00.000+0000","https://bakerhughes.wd5.myworkdayjobs.com/BakerHughes/job/NL-SON-EN-BREUGEL-EKKERSRIJT-2052/Field-Specialist--PPS_R160036/apply"
"United States of America","Baker Hughes","Senior Turbomachinery Controls Engineer","Engineering","Houston, United States of America","2026-03-17T00:00:00.000+0000","https://bakerhughes.wd5.myworkdayjobs.com/BakerHughes/job/US-TX-HOUSTON-575-N-DAIRY-ASHFORD-RD-ENERGY-CENTER-II-EC2/Senior-Turbomachinery-Controls-Engineer_R162046-1/apply"
"United States of America","Baker Hughes","Services Professional - Commissioning","Other","Shorewood, United States of America","2026-02-19T00:00:00.000+0000","https://bakerhughes.wd5.myworkdayjobs.com/BakerHughes/job/US-IL-SHOREWOOD-1002-GENEVA-STREET/Services-Professional---Commissioning_R160743/apply"
"United States of America","Baker Hughes","Machinery Diagnostics Field Engineer","Engineering","Baton Rouge, United States of America","2026-02-18T00:00:00.000+0000","https://bakerhughes.wd5.myworkdayjobs.com/BakerHughes/job/US-LA-OTHER-LOUISIANA/Machinery-Diagnostics-Field-Engineer_R154657-1/apply"
"Peru","Baker Hughes","Sr. Contract Performance Manager","Projects & Contracts","Lima, Peru","2025-08-01T00:00:00.000+0000","https://bakerhughes.wd5.myworkdayjobs.com/BakerHughes/job/PE-OTHER-PERU/Sr-Contract-Performance-Manager_R151773-1/apply"
"United States of America","Baker Hughes","Laboratory Specialist General","R&D & Technology","Tomball, United States of America","2026-03-30T00:00:00.000+0000","https://bakerhughes.wd5.myworkdayjobs.com/BakerHughes/job/US-TX-TOMBALL-11211-FM-2920/Laboratory-Specialist-General_R162240/apply"
"Italy","Baker Hughes","Emerging Talent – Engineering Intern 2026 Opportunities (Florence)","HR & Training","Florence, Italy","2026-04-01T00:00:00.000+0000","https://bakerhughes.wd5.myworkdayjobs.com/BakerHughes/job/IT-FI-FLORENCE-VIA-FELICE-MATTEUCCI-2/Emerging-Talent---Engineering-Intern-2026-Opportunities--Florence-_R158404/apply"
"UK","Baker Hughes","12 month Emerging Talent – Software Development Intern 2026 Opportunities (Cramlington)","IT & Digital","Cramlington, UK","2026-04-01T00:00:00.000+0000","https://bakerhughes.wd5.myworkdayjobs.com/BakerHughes/job/GB-NU-CRAMLINGTON-ATLEY-WAY-NORTH-NELSON-INDUSTRIAL-ESTATE/XMLNAME-12-month-Emerging-Talent---Software-Development-Intern-2026-Opportunities--Cramlington-_R162705-1/apply"
"United States of America","Baker Hughes","FS Spec III - INT","Other","Bossier City, United States of America","2026-04-01T00:00:00.000+0000","https://bakerhughes.wd5.myworkdayjobs.com/BakerHughes/job/US-LA-BOSSIER-CITY-4907-HAZEL-JONES-DR/FS-Spec-III---INT_R162407/apply"
"UK","Baker Hughes","12 month Emerging Talent – Software Intern 2026 Opportunities (Cramlington)","IT & Digital","Cramlington, UK","2026-04-01T00:00:00.000+0000","https://bakerhughes.wd5.myworkdayjobs.com/BakerHughes/job/GB-NU-CRAMLINGTON-ATLEY-WAY-NORTH-NELSON-INDUSTRIAL-ESTATE/XMLNAME-12-month-Emerging-Talent---Software-Intern-2026-Opportunities--Cramlington-_R162706/apply"
"France","Baker Hughes","Usineur CN F/H","Other","Fougerolles, France","2026-04-01T00:00:00.000+0000","https://bakerhughes.wd5.myworkdayjobs.com/BakerHughes/job/FR-BFC-FOUGEROLLES-2-4-RUE-DE-FONTAINE/Usineur-CN-F-H_R158142/apply"
"Germany","Baker Hughes","Emerging Talent - Working Student/Intern - Computational Imaging (PyTorch) 2026 (Garching)","HR & Training","Garching, Germany","2026-04-01T00:00:00.000+0000","https://bakerhughes.wd5.myworkdayjobs.com/BakerHughes/job/DE-BY-GARCHING-SCHLEISSHEIMER-STRABE-92/Emerging-Talent---Working-Student-Intern---Computational-Imaging--PyTorch--2026--Garching-_R162413/apply"
"France","Baker Hughes","Global Nuclear Supplier Quality Lead (F/H)","Management & Administration","Conde-Sur-Noireau, France","2026-03-31T00:00:00.000+0000","https://bakerhughes.wd5.myworkdayjobs.com/BakerHughes/job/FR-NOR-CONDE-SUR-NOIREAU-3-RUE-SAINT-PIERRE/Global-Nuclear-Supplier-Quality-Lead--F-H-_R160517/apply"
"India","Baker Hughes","Field Operator II","Operations & Maintenance","Taloja, India","2026-03-31T00:00:00.000+0000","https://bakerhughes.wd5.myworkdayjobs.com/BakerHughes/job/IN-TALOJA-SRV-NO-991A3--991A2-PT-VILAGE-VAVANJE-RAIGAD-DIS/Field-Operator-II_R161081/apply"
"India","Baker Hughes","Senior Team Leader – Procurement and Sourcing Management","Projects & Contracts","Pune, India","2026-03-31T00:00:00.000+0000","https://bakerhughes.wd5.myworkdayjobs.com/BakerHughes/job/IN-MH-Pune-Cummins-India-Office-Campus-8th-floor-Survey-No-21-Balewadi/Sourcing-Senior-Specialist---Buying-Procurement_R160666-1/apply"
"India","Baker Hughes","Services Professional - ARMO Maintenance Engineer","Operations & Maintenance","Taloja, India","2026-03-30T00:00:00.000+0000","https://bakerhughes.wd5.myworkdayjobs.com/BakerHughes/job/IN-TALOJA-SRV-NO-991A3--991A2-PT-VILAGE-VAVANJE-RAIGAD-DIS/Services-Professional---ARMO-Maintenance-Engineer_R162554/apply"
"Mozambique","Baker Hughes","Mozambique Enterprise Growth Market Leader","Management & Administration","Maputo, Mozambique","2026-03-31T00:00:00.000+0000","https://bakerhughes.wd5.myworkdayjobs.com/BakerHughes/job/MZ-OTHER-MOZAMBIQUE/Mozambique-Enterprise-Growth-Market-Leader_R157010/apply"
"Australia","Baker Hughes","Operator - Warehouse II","Operations & Maintenance","Berrimah, Australia","2026-03-31T00:00:00.000+0000","https://bakerhughes.wd5.myworkdayjobs.com/BakerHughes/job/AU-NT-BERRIMAH-EAST-ARM-WHARF/Operator---Warehouse-II_R161718/apply"
"UK","Baker Hughes","Operator - Manufacturing Equipment","Operations & Maintenance","Newcastle-Upon-Tyne, UK","2026-03-31T00:00:00.000+0000","https://bakerhughes.wd5.myworkdayjobs.com/BakerHughes/job/GB-NEWCASTLE-UPON-TYNE-WINCOMBLEE-ROAD-WELLSTREAM-HOUSE/Operator---Manufacturing-Equipment_R161070/apply"
"Colombia","Baker Hughes","Early Career Program: Field Engineering I - Colombia 2026","Engineering","Villavicencio, Colombia","2026-03-31T00:00:00.000+0000","https://bakerhughes.wd5.myworkdayjobs.com/BakerHughes/job/CO-Villavicencio-Vereda-San-Luis-de-Ocoa-Kilometro-57-via-Acacias-margen-izquierda/Early-Career-Program--Field-Engineering-I---Colombia-2026_R162707/apply"
"Oman","Baker Hughes","Field Service Engineer - Heavy-Duty Gas Turbine","Engineering","Muscat, Oman","2026-04-01T00:00:00.000+0000","https://bakerhughes.wd5.myworkdayjobs.com/BakerHughes/job/OM-MUSCAT-OMAN-AIRPORTS-MANAGEMENT-COMPANY/Field-Service-Engineer---Heavy-Duty-Gas-Turbine_R161802/apply"
"Italy","Baker Hughes","Control Field Service Engineer","Engineering","Florence, Italy","2026-04-01T00:00:00.000+0000","https://bakerhughes.wd5.myworkdayjobs.com/BakerHughes/job/IT-FI-FLORENCE-VIA-FELICE-MATTEUCCI-2/Control-Field-Service-Engineer_R155974/apply"
"United States of America","Baker Hughes","CDL Delivery Driver (Upstream Chemicals)","Other","Pleasanton, United States of America","2026-04-01T00:00:00.000+0000","https://bakerhughes.wd5.myworkdayjobs.com/BakerHughes/job/US-TX-PLEASANTON-6938-FARM-TO-MARKET-ROAD-1784/CDL-Delivery-Driver--Upstream-Chemicals-_R162378/apply"
"United States of America","Baker Hughes","Account Manager - Drilling Services","Drilling & Wells","Houston, United States of America","2026-04-01T00:00:00.000+0000","https://bakerhughes.wd5.myworkdayjobs.com/BakerHughes/job/US-TX-HOUSTON-2001-RANKIN-ROAD/Account-Manager---Drilling-Services_R162561/apply"
"UK","Baker Hughes","Sourcing Analyst","Other","Ashby de la Zouch, UK","2026-04-01T00:00:00.000+0000","https://bakerhughes.wd5.myworkdayjobs.com/BakerHughes/job/GB-Ashby-de-la-Zouch-Power-House-Excelsior-Road/Sourcing-Analyst_R160894/apply"
"France","Baker Hughes","Préparateur(trice) Pièces Repair (F/H)","Other","Fougerolles, France","2026-03-31T00:00:00.000+0000","https://bakerhughes.wd5.myworkdayjobs.com/BakerHughes/job/FR-BFC-FOUGEROLLES-2-4-RUE-DE-FONTAINE/Prparateur-trice--Pices-Repair--F-H-_R162390/apply"
"Saudi Arabia","Baker Hughes","Field Services Engineer - Heavy Duty Gas Turbine","Engineering","Dammam, Saudi Arabia","2026-04-01T00:00:00.000+0000","https://bakerhughes.wd5.myworkdayjobs.com/BakerHughes/job/SA-DAMMAM-CO-MEDBIT-LTD/Field-Services-Engineer---Heavy-Duty-Gas-Turbine_R158109/apply"
"Mozambique","Baker Hughes","R158405 Controls Field Specialist – Gas Tech Service","Other","Maputo, Mozambique","2026-04-01T00:00:00.000+0000","https://bakerhughes.wd5.myworkdayjobs.com/BakerHughes/job/MZ-Maputo-Maputo-Rua-Dos-Desportistas-Maputo-Business-Tower-12th-Floor-nr-480/R158405-Controls-Field-Specialist---Gas-Tech-Service_R162780/apply"
"Italy","Baker Hughes","Quality Specialist - Quality Management","Other","Florence, Italy","2026-03-23T00:00:00.000+0000","https://bakerhughes.wd5.myworkdayjobs.com/BakerHughes/job/IT-FI-FLORENCE-VIA-FELICE-MATTEUCCI-2/Quality-Specialist---Quality-Management_R161299-1/apply"
"Nigeria","Baker Hughes","Aero Turbine Field Specialist","Other","Port Harcourt, Nigeria","2026-04-01T00:00:00.000+0000","https://bakerhughes.wd5.myworkdayjobs.com/BakerHughes/job/NG-PORT-HARCOURT-PLOT-7-TRANS-AMADI/Field-Service-Specialist--Heavy-Duty-Gas-Turbine_R158836/apply"
"Malaysia","Baker Hughes","Principal / Senior Principal Front End Systems Engineer","Engineering","Kuala Lumpur, Malaysia","2026-04-02T00:00:00.000+0000","https://bakerhughes.wd5.myworkdayjobs.com/BakerHughes/job/MY-KUL-KUALA-LUMPUR-21ST-FLOOR-MENARA-TAN--TAN/Principal---Senior-Principal-Front-End-Systems-Engineer_R158737/apply"
"UK","Baker Hughes","Lead Electronics & Electrical Engineer","Operations & Maintenance","Nailsea, UK","2026-03-12T00:00:00.000+0000","https://bakerhughes.wd5.myworkdayjobs.com/BakerHughes/job/GB-SO-NAILSEA-2-HIGH-STREET/Electronics---Electrical-Engineer_R156335-1/apply"
"Italy","Baker Hughes","Emerging Talent – Engineering Intern 2026 Opportunities (Bari)","HR & Training","Bari, Italy","2026-04-02T00:00:00.000+0000","https://bakerhughes.wd5.myworkdayjobs.com/BakerHughes/job/IT-BA-BARI-STRADA-PROVINCIALE-PER-MODUGNO-10C613/Emerging-Talent---Engineering-Intern-2026-Opportunities--Bari-_R162788/apply"
"India","Baker Hughes","Senior Site Reliability Engineer- Cloud Platform","IT & Digital","Kochi, India","2025-04-01T00:00:00.000+0000","https://bakerhughes.wd5.myworkdayjobs.com/BakerHughes/job/IN-KOCHI-OFFICE-NO-210-BUILDING-SCK-01-SMART-CITY/Senior-Site-Reliability-Engineer--Cloud-Platform_R142209/apply"
"Thailand","Baker Hughes","People & Culture Senior Specialist","HR & Training","Thailand","2026-04-02T00:00:00.000+0000","https://bakerhughes.wd5.myworkdayjobs.com/BakerHughes/job/TH-CHATUCHAK-SHINAWATRA-TOWER-III/People---Culture-Senior-Specialist_R162430-1/apply"
"Nigeria","Baker Hughes","Sales Specialist - Drilling & Completion Fluid","Drilling & Wells","Port Harcourt, Nigeria","2026-03-27T00:00:00.000+0000","https://bakerhughes.wd5.myworkdayjobs.com/BakerHughes/job/NG-PORT-HARCOURT-125-TRANS-AMADI/Sales-Specialist---Drilling---Completion-Fluid_R161926-1/apply"
"Thailand","Baker Hughes","Field Specialist – Drilling & Completion Fluids","Drilling & Wells","Thailand","2026-04-02T00:00:00.000+0000","https://bakerhughes.wd5.myworkdayjobs.com/BakerHughes/job/TH-SONGKHLA-12010-M-1-SONGKHLA-RANODE-ROAD/Field-Specialist---Drilling---Completion-Fluids_R158909/apply"
"Thailand","Baker Hughes","Lead Sales Specialist - Drilling & Completion Fluids","Drilling & Wells","Thailand","2026-04-02T00:00:00.000+0000","https://bakerhughes.wd5.myworkdayjobs.com/BakerHughes/job/TH-CHATUCHAK-SHINAWATRA-TOWER-III/Lead-Sales-and-Service-Delivery-Specialist---Drilling---Completion-Fluids_R155822-1/apply"
"Brazil","Baker Hughes","Sales Analyst – Subsea Equipment and Services (SPS & Flexible Pipes)","Drilling & Wells","Rio de Janeiro, Brazil","2026-04-01T00:00:00.000+0000","https://bakerhughes.wd5.myworkdayjobs.com/BakerHughes/job/BR-RJ-RIO-DE-JANEIRO-VENTURA-AV-REPUBLICA-DO-CHILE-330/Sales-Analyst---Subsea-Equipment-and-Services--SPS---Flexible-Pipes-_R162650/apply"
"Mexico","Baker Hughes","Aeroderivatives turbines Specialist","Other","Veracruz, Mexico","2026-04-01T00:00:00.000+0000","https://bakerhughes.wd5.myworkdayjobs.com/BakerHughes/job/MX-OTHER-MEXICO/Aeroderivatives-turbines-Specialist_R161009-1/apply"
"United States of America","Baker Hughes","Customer Care Representative I – Quoting & Pricing","Finance & Commercial","Midland, United States of America","2026-04-01T00:00:00.000+0000","https://bakerhughes.wd5.myworkdayjobs.com/BakerHughes/job/US-TX-MIDLAND-2101-MARKET-STREET/Customer-Care-Representative-I---Quoting---Pricing_R161105-1/apply"
"Italy","Baker Hughes","Lead Engineer - Subsea Distribution Systems","Drilling & Wells","Florence, Italy","2026-04-02T00:00:00.000+0000","https://bakerhughes.wd5.myworkdayjobs.com/BakerHughes/job/IT-FI-FLORENCE-VIA-FELICE-MATTEUCCI-2/Senior-Engineer---Subsea-Distribution-Systems_R158821/apply"
"India","Baker Hughes","Lead Engineer, Customer Order Engineering - Automation & Control","IT & Digital","Hyderabad, India","2026-04-02T00:00:00.000+0000","https://bakerhughes.wd5.myworkdayjobs.com/BakerHughes/job/IN-TG-HYDERABAD-SKYVIEW-BUILDING/Senior-Engineer--Customer-Order-Engineering---Automation---Control_R160022-1/apply"
"Italy","Baker Hughes","Emerging Talent – Sales and Operations Planning Intern 2026 Opportunities (Florence)","Operations & Maintenance","Florence, Italy","2026-03-31T00:00:00.000+0000","https://bakerhughes.wd5.myworkdayjobs.com/BakerHughes/job/IT-FI-FLORENCE-VIA-FELICE-MATTEUCCI-2/Emerging-Talent---Sales-and-Operations-Planning-Intern-2026-Opportunities--Florence-_R162033/apply"
"United States of America","Baker Hughes","Account Manager – Upstream Chemicals - Delaware Basin","Sales & Marketing","Pecos, United States of America","2026-03-31T00:00:00.000+0000","https://bakerhughes.wd5.myworkdayjobs.com/BakerHughes/job/US-TX-PECOS-2316-W-ELDER/Account-Manager---Upstream-Chemicals---Delaware-Basin_R159453/apply"
"UK","Baker Hughes","Manufacturing Operator","Operations & Maintenance","Newcastle-Upon-Tyne, UK","2026-03-31T00:00:00.000+0000","https://bakerhughes.wd5.myworkdayjobs.com/BakerHughes/job/GB-NEWCASTLE-UPON-TYNE-WINCOMBLEE-ROAD-WELLSTREAM-HOUSE/Manufacturing-Operator_R160795/apply"
"UK","Baker Hughes","Manufacturing Excellence Leader","Management & Administration","Nailsea, UK","2026-03-31T00:00:00.000+0000","https://bakerhughes.wd5.myworkdayjobs.com/BakerHughes/job/GB-SO-NAILSEA-2-HIGH-STREET/Manufacturing-Manager---Prod-Process-and-Equip_R159029-1/apply"
"Angola","Baker Hughes","6 month Emerging Talent - HR Intern 2026 Opportunities (Angola)","HR & Training","Luanda, Angola","2026-03-31T00:00:00.000+0000","https://bakerhughes.wd5.myworkdayjobs.com/BakerHughes/job/AO-LA-LUANDA-BOAVISTA-SONILS-OILFIELD-SERVICE-CENTER/XMLNAME-6-month-Emerging-Talent---HR-Intern-2026-Opportunities--Angola-_R162699/apply"
"UK","Baker Hughes","12 month Emerging Talent – Advanced Manufacturing Engineer Intern 2026 Opportunities (Newcastle)","HR & Training","Newcastle-Upon-Tyne, UK","2026-03-31T00:00:00.000+0000","https://bakerhughes.wd5.myworkdayjobs.com/BakerHughes/job/GB-NEWCASTLE-UPON-TYNE-WINCOMBLEE-ROAD-WELLSTREAM-HOUSE/XMLNAME-12-month-Emerging-Talent---Advanced-Manufacturing-Engineer-Intern-2026-Opportunities--Newcastle-_R162698/apply"
"China","Baker Hughes","Sourcing Senior Specialist - Sourcing Management","Other","Shanghai, China","2026-03-30T00:00:00.000+0000","https://bakerhughes.wd5.myworkdayjobs.com/BakerHughes/job/CN-OTHER-SHANGHAI/Sourcing-Senior-Specialist---Sourcing-Management_R160767/apply"
"UK","Baker Hughes","Senior Service Support Test Engineer","Engineering","Leicester, UK","2026-03-30T00:00:00.000+0000","https://bakerhughes.wd5.myworkdayjobs.com/BakerHughes/job/GB-LEICESTER-Unit-8-Waterside-Road/Senior-Service-Support-Test-Engineer_R162634/apply"
"Poland","Baker Hughes","Lead Engineer, Product Design and Engineering - Automation Control Software","IT & Digital","Warsaw, Poland","2026-03-20T00:00:00.000+0000","https://bakerhughes.wd5.myworkdayjobs.com/BakerHughes/job/PL-PDK-WARSAW-ALEJA-KRAKOWSKA-110114-BLD-3014613/Lead-Engineer--Product-Design-and-Engineering---Automation-Control-Software_R162047-1/apply"
"UK","Baker Hughes","Lead Systems Services Engineer","Management & Administration","Nailsea, UK","2026-03-30T00:00:00.000+0000","https://bakerhughes.wd5.myworkdayjobs.com/BakerHughes/job/GB-SO-NAILSEA-2-HIGH-STREET/Lead-Systems-Services-Engineer_R159995/apply"
"Czechia","Baker Hughes","Project Management Specialist - Project Leadership (m,ž)","Projects & Contracts","Pilsen, Czechia","2026-03-30T00:00:00.000+0000","https://bakerhughes.wd5.myworkdayjobs.com/BakerHughes/job/CZ-DOUDLEVCE-PILSEN-EDVARDA-BENESE-56439/Project-Management-Specialist---Project-Leadership--m--_R160176/apply"
"United States of America","Baker Hughes","Specialized Application Engineer - Nuclear","Engineering","Pasadena, United States of America","2026-03-30T00:00:00.000+0000","https://bakerhughes.wd5.myworkdayjobs.com/BakerHughes/job/US-TX-10575-Red-Bluff-Road/Specialized-Application-Engineer---Nuclear_R161770-1/apply"
"UAE","Baker Hughes","Field Service Engineer - Centrifugal Compressor","Engineering","Abu Dhabi, UAE","2026-03-31T00:00:00.000+0000","https://bakerhughes.wd5.myworkdayjobs.com/BakerHughes/job/AE-ABU-DHABI-AL-GHAITH-YARD-MUSSAFAH-INDUSTRIAL-16th-STREET/Field-Service-Engineer---Centrifugal-Compressor_R161803/apply"
"United States of America","Baker Hughes","Field Specialist IV","Other","Houston, United States of America","2026-03-31T00:00:00.000+0000","https://bakerhughes.wd5.myworkdayjobs.com/BakerHughes/job/US-TX-HOUSTON-6500-BRITTMOORE-RD/Field-Specialist-IV_R162428/apply"
"Norway","Baker Hughes","Field Engineer - CASED HOLE WLE Intervention","Engineering","Stavanger, Norway","2026-03-31T00:00:00.000+0000","https://bakerhughes.wd5.myworkdayjobs.com/BakerHughes/job/NO-Rogaland-Stavanger-Lagerveien-30/Field-Engineer---CASED-HOLE-WLE-Intervention_R162488-1/apply"
"Norway","Baker Hughes","Field Engineer - CASED HOLE WLE Intervention","Engineering","Stavanger, Norway","2026-03-31T00:00:00.000+0000","https://bakerhughes.wd5.myworkdayjobs.com/BakerHughes/job/NO-Rogaland-Stavanger-Lagerveien-30/Field-Engineer---CASED-HOLE-WLE-Intervention_R162524/apply"
"Brazil","Baker Hughes","Manufacturing Manager - Operations Management","Operations & Maintenance","Niteroi, Brazil","2026-03-31T00:00:00.000+0000","https://bakerhughes.wd5.myworkdayjobs.com/BakerHughes/job/BR-RJ-NITEROI-PRACA-ALCIDES-PEREIRA/Manufacturing-Manager---Operations-Management_R161720/apply"
"United States of America","Baker Hughes","Lead Field Specialist","Management & Administration","Sugar Land, United States of America","2026-03-31T00:00:00.000+0000","https://bakerhughes.wd5.myworkdayjobs.com/BakerHughes/job/US-TX-SUGAR-LAND-12645-WEST-AIRPORT-BLVD/Lead-Field-Specialist_R159467-1/apply"
"France","Baker Hughes","Ingénieur(e) matériaux et procédés confirmé(e) (F/H)","Other","Le Creusot, France","2026-02-10T00:00:00.000+0000","https://bakerhughes.wd5.myworkdayjobs.com/BakerHughes/job/FR-BFC-LE-CREUSOT-480-ALLEE-GUSTAVE-EIFFEL/Ingnieur-e--matriaux-et-procds-confirm-e---F-H-_R159285/apply"
"Czechia","Baker Hughes","Quality Engineer (ž/m)","Engineering","Czechia","2026-04-01T00:00:00.000+0000","https://bakerhughes.wd5.myworkdayjobs.com/BakerHughes/job/CZ-Other-Czech-Republic/Quality-Engineer---m-_R162689-1/apply"
"Nigeria","Baker Hughes","Control Field Specialist - Industrial & Energy Technology (IET)","R&D & Technology","Port Harcourt, Nigeria","2026-04-01T00:00:00.000+0000","https://bakerhughes.wd5.myworkdayjobs.com/BakerHughes/job/NG-PORT-HARCOURT-PLOT-7-TRANS-AMADI/Control-Field-Specialist---Industrial---Energy-Technology--IET-_R159662/apply"
"Saudi Arabia","Baker Hughes","Well Site Team Leader","Drilling & Wells","Dhahran, Saudi Arabia","2026-03-09T00:00:00.000+0000","https://bakerhughes.wd5.myworkdayjobs.com/BakerHughes/job/SA-DHAHRAN-ABQAIQ-HIGHWAY/Well-Site-Team-Leader_R155908/apply"
"Italy","Baker Hughes","Operatore della transizione energetica (d/f/m)","Operations & Maintenance","Talamona, Italy","2026-02-24T00:00:00.000+0000","https://bakerhughes.wd5.myworkdayjobs.com/BakerHughes/job/IT-SO-TALAMONA-VIA-ROMA-32/Shop-Operator--d-f-m-_R148566-1/apply"
"Netherlands","Baker Hughes","AMO Mechanic","Other","Son En Breugel, Netherlands","2026-04-01T00:00:00.000+0000","https://bakerhughes.wd5.myworkdayjobs.com/BakerHughes/job/NL-SON-EN-BREUGEL-EKKERSRIJT-2052/AMO-Mechanic_R162280/apply"
"Egypt","Baker Hughes","Senior Sales Team Leader - Drill Bits","Drilling & Wells","Egypt","2026-04-01T00:00:00.000+0000","https://bakerhughes.wd5.myworkdayjobs.com/BakerHughes/job/EG-CAIRO-PLOT-NO-41-AND-41A-EIN-EL-SOKHNA-ROAD--KATTAMEYA/Senior-Sales-Team-Leader---Drill-Bits_R161365/apply"
"Italy","Baker Hughes","Shop/Plan Operator-Specialist","Operations & Maintenance","Bari, Italy","2026-03-27T00:00:00.000+0000","https://bakerhughes.wd5.myworkdayjobs.com/BakerHughes/job/IT-BA-BARI-STRADA-PROVINCIALE-PER-MODUGNO-10C613/Shop-Plan-Operator-Specialist_R162525-1/apply"
"UK","Baker Hughes","Senior Electronic Engineer","Engineering","Nailsea, UK","2026-04-01T00:00:00.000+0000","https://bakerhughes.wd5.myworkdayjobs.com/BakerHughes/job/GB-SO-NAILSEA-2-HIGH-STREET/Senior-Electronic-Engineer_R160000/apply"
"Italy","Baker Hughes","Shop/Plan Operator-Specialist","Operations & Maintenance","Bari, Italy","2026-03-27T00:00:00.000+0000","https://bakerhughes.wd5.myworkdayjobs.com/BakerHughes/job/IT-BA-BARI-STRADA-PROVINCIALE-PER-MODUGNO-10C613/Shop-Plan-Operator-Specialist_R162346-1/apply"
"United States of America","Baker Hughes","Engineering Senior Specialist - Customer Application Engineering","Sales & Marketing","Lufkin, United States of America","2026-04-01T00:00:00.000+0000","https://bakerhughes.wd5.myworkdayjobs.com/BakerHughes/job/US-TX-LUFKIN-409-ELLIS-AVENUE/Engineering-Senior-Specialist---Customer-Application-Engineering_R161208/apply"
"Italy","Baker Hughes","Manufacturing Engineering Specialist - Testing Digital and Data Acquisition","IT & Digital","Florence, Italy","2026-03-17T00:00:00.000+0000","https://bakerhughes.wd5.myworkdayjobs.com/BakerHughes/job/IT-FI-FLORENCE-VIA-FELICE-MATTEUCCI-2/Manufacturing-Engineering-Specialist---Testing-Digital-and-Data-Acquisition_R161600/apply"
"Italy","Baker Hughes","Environmental Health & Safety Manager - Fixed Facilities","HSE & Environment","Florence, Italy","2026-04-01T00:00:00.000+0000","https://bakerhughes.wd5.myworkdayjobs.com/BakerHughes/job/IT-FI-FLORENCE-VIA-FELICE-MATTEUCCI-2/Environmental-Health---Safety-Manager---Fixed-Facilities_R161974-1/apply"
"Türkiye","Baker Hughes","Mechanical -Control Field Service Engineer","Operations & Maintenance","Ankara, Türkiye","2026-04-01T00:00:00.000+0000","https://bakerhughes.wd5.myworkdayjobs.com/BakerHughes/job/TR-OTHER-TURKEY/Mechanical--Control-Field-Service-Engineer_R162763/apply"
"Mexico","Baker Hughes","IT Commodity Manager / Software and Cloud","IT & Digital","Mexico City, Mexico","2026-04-01T00:00:00.000+0000","https://bakerhughes.wd5.myworkdayjobs.com/BakerHughes/job/MX-DF-MEXICO-CITY-AVENIDA-ANTONIO-DOVALI-JAIME-70/IT-Commodity-Manager---Software-and-Cloud_R161597/apply"
"Italy","Baker Hughes","Aero Senior Field Service Engineer","Engineering","Florence, Italy","2026-02-10T00:00:00.000+0000","https://bakerhughes.wd5.myworkdayjobs.com/BakerHughes/job/IT-FI-FLORENCE-VIA-FELICE-MATTEUCCI-2/Aero-Senior-Field-Service-Engineer_R160849-2/apply"
"Italy","Baker Hughes","Mechanical Field Service Engineer - Heavy Duty/Aero Gas Turbine Specialist","Operations & Maintenance","Florence, Italy","2026-02-03T00:00:00.000+0000","https://bakerhughes.wd5.myworkdayjobs.com/BakerHughes/job/IT-FI-FLORENCE-VIA-FELICE-MATTEUCCI-2/Mechanical-Field-Service-Engineer---Heavy-Duty-Aero-Gas-Turbine-Specialist_R155975-1/apply"
"Italy","Baker Hughes","Services Experienced Professional - Parts Services","Other","Florence, Italy","2026-03-06T00:00:00.000+0000","https://bakerhughes.wd5.myworkdayjobs.com/BakerHughes/job/IT-FI-FLORENCE-VIA-FELICE-MATTEUCCI-2/Services-Experienced-Professional---Parts-Services_R161451/apply"
"Slovakia","Baker Hughes","Inžinier technickej prípravy výroby","Other","Slovakia","2026-03-20T00:00:00.000+0000","https://bakerhughes.wd5.myworkdayjobs.com/BakerHughes/job/SK-NOVE-MESTO-NAD-VAHOM-TRENCIANSKA-15/Manufacturing-Professional---Prod-Process-and-Equip_R162136-1/apply"
"UK","Baker Hughes","Senior Systems Engineer","Engineering","London, UK","2026-04-02T00:00:00.000+0000","https://bakerhughes.wd5.myworkdayjobs.com/BakerHughes/job/GB-LONDON-245-HAMMERSMITH-ROAD/Senior-Systems-Engineer_R162642-1/apply"
"India","Baker Hughes","Lead Cordant Technical Support Engineer","Management & Administration","Pune, India","2026-04-02T00:00:00.000+0000","https://bakerhughes.wd5.myworkdayjobs.com/BakerHughes/job/IN-MH-Pune-Cummins-India-Office-Campus-8th-floor-Survey-No-21-Balewadi/Lead-Cordant-Technical-Support-Engineer_R155313-1/apply"
"India","Baker Hughes","Staff Cyber Security Architect","Other","Gurgaon, India","2026-04-02T00:00:00.000+0000","https://bakerhughes.wd5.myworkdayjobs.com/BakerHughes/job/IN-HARYANA-GURUGRAM-10th-Floor-Tower-10B-DLF-Cyber-City-DLF-Phase-2-Sec-24/Staff-Cyber-Security-Architect_R151833/apply"
"Italy","Baker Hughes","Lead Engineer, Product Design and Engineering - Mechanical","Operations & Maintenance","Florence, Italy","2026-03-26T00:00:00.000+0000","https://bakerhughes.wd5.myworkdayjobs.com/BakerHughes/job/IT-FI-FLORENCE-VIA-FELICE-MATTEUCCI-2/Lead-Engineer--Product-Design-and-Engineering---Mechanical_R162291-1/apply"
"Brazil","Baker Hughes","Sourcing Specialist - Supplier Quality Engineering","Engineering","Niteroi, Brazil","2026-04-02T00:00:00.000+0000","https://bakerhughes.wd5.myworkdayjobs.com/BakerHughes/job/BR-RJ-NITEROI-PRACA-ALCIDES-PEREIRA/Sourcing-Specialist---Supplier-Quality-Engineering_R162292/apply"
"Italy","Baker Hughes","Manufacturing Professional - Equipment Maintenance","Operations & Maintenance","Bari, Italy","2026-04-02T00:00:00.000+0000","https://bakerhughes.wd5.myworkdayjobs.com/BakerHughes/job/IT-BA-BARI-STRADA-PROVINCIALE-PER-MODUGNO-10C613/Manufacturing-Professional---Equipment-Maintenance_R162339/apply"
"UK","Baker Hughes","Parts Project Engineer","Projects & Contracts","Ashby de la Zouch, UK","2026-03-25T00:00:00.000+0000","https://bakerhughes.wd5.myworkdayjobs.com/BakerHughes/job/GB-Ashby-de-la-Zouch-Power-House-Excelsior-Road/Parts-Project-Engineer_R161146/apply"
"Brazil","Baker Hughes","Design Engineer","Engineering","Rio de Janeiro, Brazil","2026-04-02T00:00:00.000+0000","https://bakerhughes.wd5.myworkdayjobs.com/BakerHughes/job/BR-RJ-RIO-DE-JANEIRO-RETIC-ILHA-DO-FUNDAO-R36-2757/Plein-Design-Engineer_R162380-1/apply"
"UK","Baker Hughes","Warehouse & Yard Associate","Projects & Contracts","Montrose, UK","2026-04-02T00:00:00.000+0000","https://bakerhughes.wd5.myworkdayjobs.com/BakerHughes/job/GB-AN-MONTROSE-CHARLETON-ROAD/Warehouse---Yard-Associate_R162645-1/apply"
"Czechia","Baker Hughes","Projektový manažer (m,ž)","Other","Pilsen, Czechia","2026-04-02T00:00:00.000+0000","https://bakerhughes.wd5.myworkdayjobs.com/BakerHughes/job/CZ-DOUDLEVCE-PILSEN-EDVARDA-BENESE-56439/Projektov-manaer--m--_R161152/apply"
"Czechia","Baker Hughes","Projektový manažer (m,ž)","Other","Pilsen, Czechia","2026-04-02T00:00:00.000+0000","https://bakerhughes.wd5.myworkdayjobs.com/BakerHughes/job/CZ-DOUDLEVCE-PILSEN-EDVARDA-BENESE-56439/Projektov-manaer--m--_R161150/apply"
"United States of America","Baker Hughes","FP&A Operations Analyst","Operations & Maintenance","Houston, United States of America","2026-04-02T00:00:00.000+0000","https://bakerhughes.wd5.myworkdayjobs.com/BakerHughes/job/US-TX-HOUSTON-575-N-DAIRY-ASHFORD-RD-ENERGY-CENTER-II-EC2/FP-A-Operations-Analyst_R162672/apply"
"United States of America","Baker Hughes","Controls Field Service Engineers","Engineering","Houston, United States of America","2026-04-02T00:00:00.000+0000","https://bakerhughes.wd5.myworkdayjobs.com/BakerHughes/job/US--Remote/Controls-Field-Service-Engineers_R150079/apply"
"United States of America","Baker Hughes","Gear Repair Specialist","Other","Lufkin, United States of America","2026-04-02T00:00:00.000+0000","https://bakerhughes.wd5.myworkdayjobs.com/BakerHughes/job/US-TX-LUFKIN-409-ELLIS-AVENUE/Gear-Repair-Specialist_R162686/apply"
"United States of America","Baker Hughes","Senior Legal Counsel, International Trade Compliance - Houston, TX","Legal & Compliance","Houston, United States of America","2026-02-18T00:00:00.000+0000","https://bakerhughes.wd5.myworkdayjobs.com/BakerHughes/job/US-TX-HOUSTON-575-N-DAIRY-ASHFORD-RD-ENERGY-CENTER-II-EC2/Senior-Legal-Counsel--International-Trade-Compliance---Houston--TX_R151326-1/apply"
"France","Baker Hughes","Gestionnaire Logistique Réception et Magasin (F/H)","Other","Fougerolles, France","2026-02-17T00:00:00.000+0000","https://bakerhughes.wd5.myworkdayjobs.com/BakerHughes/job/FR-BFC-FOUGEROLLES-2-4-RUE-DE-FONTAINE/Gestionnaire-Logistique-Rception-et-Magasin--F-H-_R160986/apply"
"Netherlands","Baker Hughes","Procurement Specialist","Projects & Contracts","Son En Breugel, Netherlands","2026-03-30T00:00:00.000+0000","https://bakerhughes.wd5.myworkdayjobs.com/BakerHughes/job/NL-SON-EN-BREUGEL-EKKERSRIJT-2052/Procurement-Specialist--Dutch-Speaker-_R159787/apply"
"Italy","Baker Hughes","Reciprocating Compressors Application Engineer","Engineering","Florence, Italy","2026-03-16T00:00:00.000+0000","https://bakerhughes.wd5.myworkdayjobs.com/BakerHughes/job/IT-FI-FLORENCE-VIA-FELICE-MATTEUCCI-2/Reciprocating-Compressors-Application-Engineer_R160994-1/apply"
"India","Baker Hughes","Senior Specialist- Cyber Security Architecture","Other","Pune, India","2026-04-03T00:00:00.000+0000","https://bakerhughes.wd5.myworkdayjobs.com/BakerHughes/job/IN-MH-Pune-Cummins-India-Office-Campus-8th-floor-Survey-No-21-Balewadi/Senior-Specialist--Cyber-Security-Architecture_R162607/apply"
"India","Baker Hughes","Senior Data Technical Product Manager","IT & Digital","Mumbai, India","2026-04-03T00:00:00.000+0000","https://bakerhughes.wd5.myworkdayjobs.com/BakerHughes/job/IN-MH-MUMBAI-HIRANANDANI-BUSINESS-PARK-POWAI/Senior-Data-Technical-Product-Manager_R147951-1/apply"
"Italy","Baker Hughes","Operatore di officina","Operations & Maintenance","Vibo Valentia, Italy","2026-04-02T00:00:00.000+0000","https://bakerhughes.wd5.myworkdayjobs.com/BakerHughes/job/IT-VV-VIBO-VALENTIA-VIA-LE-MARINATE/Operatore-di-officina_R160236/apply"
"United States of America","Baker Hughes","Specialized Application Engineer - Nuclear","Engineering","Pasadena, United States of America","2026-04-02T00:00:00.000+0000","https://bakerhughes.wd5.myworkdayjobs.com/BakerHughes/job/US-TX-10575-Red-Bluff-Road/Specialized-Application-Engineer---Nuclear_R161769-1/apply"
"Czechia","Baker Hughes","Administrativní pracovník QA (m,ž)","Management & Administration","Pilsen, Czechia","2026-04-02T00:00:00.000+0000","https://bakerhughes.wd5.myworkdayjobs.com/BakerHughes/job/CZ-DOUDLEVCE-PILSEN-EDVARDA-BENESE-56439/Administrativn-pracovnk-QA--m--_R161994/apply"
"United States of America","Baker Hughes","Assembler - Mechanical II","Operations & Maintenance","Minden, United States of America","2026-04-02T00:00:00.000+0000","https://bakerhughes.wd5.myworkdayjobs.com/BakerHughes/job/US-NV-MINDEN-1631-BENTLY-PARKWAY-SOUTH/Assembler---Mechanical-II_R162518/apply"
"United States of America","Baker Hughes","Assembler - Mechanical II","Operations & Maintenance","Minden, United States of America","2026-04-02T00:00:00.000+0000","https://bakerhughes.wd5.myworkdayjobs.com/BakerHughes/job/US-NV-MINDEN-1631-BENTLY-PARKWAY-SOUTH/Assembler---Mechanical-II_R162517/apply"
"United States of America","Baker Hughes","Systems and Instrumentation Field Engineer","Operations & Maintenance","Denver, United States of America","2026-04-02T00:00:00.000+0000","https://bakerhughes.wd5.myworkdayjobs.com/BakerHughes/job/US-CO-OTHER-COLORADO/Systems-and-Instrumentation-Field-Engineer_R162676/apply"
"Italy","Baker Hughes","GTS Digital Community Manager","IT & Digital","Florence, Italy","2026-04-03T00:00:00.000+0000","https://bakerhughes.wd5.myworkdayjobs.com/BakerHughes/job/IT-FI-FLORENCE-VIA-FELICE-MATTEUCCI-2/GTS-Digital-Community-Manager_R159676/apply"
"South Korea","Baker Hughes","University Internship - Engineering & Technology 2026 Opportunities (Korea)","R&D & Technology","Seongnam, South Korea","2026-04-03T00:00:00.000+0000","https://bakerhughes.wd5.myworkdayjobs.com/BakerHughes/job/KR-SEONGNAM-GLOBAL-RD-CENTER-22-DAEWANGPANGYO-RO-712-BEON-GIL--BLD-B/R162605-University-Internship---Engineering---Technology-2026-Opportunities--Korea-_R162605/apply"
"Malaysia","Baker Hughes","University Internships – Sustainability 2026 Opportunities (Malaysia)","Other","Kuala Lumpur, Malaysia","2026-04-03T00:00:00.000+0000","https://bakerhughes.wd5.myworkdayjobs.com/BakerHughes/job/MY-KUL-KUALA-LUMPUR-21ST-FLOOR-MENARA-TAN--TAN/University-Internships---Sustainability-2026-Opportunities--Malaysia-_R157002/apply"
"Italy","Baker Hughes","Europe Strategic CPS Integrated Energy Solutions Architect","Other","Florence, Italy","2026-02-25T00:00:00.000+0000","https://bakerhughes.wd5.myworkdayjobs.com/BakerHughes/job/IT-FI-FLORENCE-VIA-FELICE-MATTEUCCI-2/Europe-Strategic-CPS-Integrated-Energy-Solutions-Architect_R144332/apply"
"UK","Baker Hughes","Procurement Specialist","Projects & Contracts","Nailsea, UK","2026-04-07T00:00:00.000+0000","https://bakerhughes.wd5.myworkdayjobs.com/BakerHughes/job/GB-SO-NAILSEA-2-HIGH-STREET/Procurement-Specialist_R162813/apply"
"United States of America","Baker Hughes","Territory Sales Manager - Non-Destructive Testing Systems","Sales & Marketing","Albany, United States of America","2026-04-07T00:00:00.000+0000","https://bakerhughes.wd5.myworkdayjobs.com/BakerHughes/job/US-NY-OTHER-NEW-YORK/Territory-Sales-Manager---Non-Destructive-Testing-Systems_R142356/apply"
"Mexico","Baker Hughes","ARMO Mechanic II","Other","Ciudad del Carmen, Mexico","2026-04-07T00:00:00.000+0000","https://bakerhughes.wd5.myworkdayjobs.com/BakerHughes/job/MX-CMP-CIUDAD-DEL-CARMEN-CARRETERA-FEDERAL-180-EN-EL-POLIGONO/ARMO-Mechanic-II_R161533/apply"
"Italy","Baker Hughes","Emerging Talent – Engineering Internship 2026 Opportunities (Florence)","HR & Training","Florence, Italy","2026-04-07T00:00:00.000+0000","https://bakerhughes.wd5.myworkdayjobs.com/BakerHughes/job/IT-FI-FLORENCE-VIA-FELICE-MATTEUCCI-2/Emerging-Talent---Engineering-Internship-2026-Opportunities--Florence-_R162949/apply"
"United States of America","Baker Hughes","Lead Account Manager - Upstream Chemicals (Big Spring)","Sales & Marketing","Big Spring, United States of America","2026-04-07T00:00:00.000+0000","https://bakerhughes.wd5.myworkdayjobs.com/BakerHughes/job/US-TX-BIG-SPRING-6401-WEST-I-20/Lead-Account-Manager---Upstream-Chemicals--Big-Spring----_R161107/apply"
"Iraq","Baker Hughes","Senior ESP Field Specialist","Other","Al Basrah, Iraq","2026-04-07T00:00:00.000+0000","https://bakerhughes.wd5.myworkdayjobs.com/BakerHughes/job/IQ-AL-BASRAH-CO-BAKER-HUGHES-OPERATIONS-BASE/Senior-ESP-Field-Specialist_R152882/apply"
"Italy","Baker Hughes","Project Management Senior Specialist","Projects & Contracts","Florence, Italy","2026-04-07T00:00:00.000+0000","https://bakerhughes.wd5.myworkdayjobs.com/BakerHughes/job/IT-FI-FLORENCE-VIA-FELICE-MATTEUCCI-2/Project-Management-Senior-Specialist_R161302/apply"
"United States of America","Baker Hughes","Cabinet Engineer","Engineering","Minden, United States of America","2026-04-07T00:00:00.000+0000","https://bakerhughes.wd5.myworkdayjobs.com/BakerHughes/job/US-NV-MINDEN-1631-BENTLY-PARKWAY-SOUTH/Cabinet-Engineer_R162673/apply"
"Malaysia","Baker Hughes","Contract Performance Manager","Projects & Contracts","Jalan Tun Razak, Malaysia","2026-03-03T00:00:00.000+0000","https://bakerhughes.wd5.myworkdayjobs.com/BakerHughes/job/MY-KUL-KUALA-LUMPUR-19th-FLOOR-MENARA-TAN--TAN/Contract-Performance-Manager_R159646/apply"
"China","Baker Hughes","AMO Technician","Operations & Maintenance","China","2026-04-08T00:00:00.000+0000","https://bakerhughes.wd5.myworkdayjobs.com/BakerHughes/job/CN-Xinjiang-Urumqi-China-Xinjiang-Pilot-Free-Trade-Zone-No-7187-Dongping-Ave-Sanping-Farm-Toutunhe-District/AMO-Technician_R160465/apply"
"Indonesia","Baker Hughes","Senior Control Field Service Engineer","Engineering","Jakarta, Indonesia","2026-04-08T00:00:00.000+0000","https://bakerhughes.wd5.myworkdayjobs.com/BakerHughes/job/ID-OTHER-INDONESIA/Senior-Control-Field-Service-Engineer_R159659-1/apply"
"Italy","Baker Hughes","Electrical Application Engineering","Operations & Maintenance","Florence, Italy","2026-04-07T00:00:00.000+0000","https://bakerhughes.wd5.myworkdayjobs.com/BakerHughes/job/IT-FI-FLORENCE-VIA-FELICE-MATTEUCCI-2/Electrical-Application-Engineering_R159611/apply"
"Spain","Baker Hughes","Technical Customer Success Manager","Sales & Marketing","Madrid, Spain","2026-04-07T00:00:00.000+0000","https://bakerhughes.wd5.myworkdayjobs.com/BakerHughes/job/ES-MADRID-CALLE-SAN-MAXIMO-NO-31/Technical-Customer-Success-Manager_R160356/apply"
"Kenya","Baker Hughes","Field Engineer - LWD/DD","Engineering","Nairobi, Kenya","2026-04-07T00:00:00.000+0000","https://bakerhughes.wd5.myworkdayjobs.com/BakerHughes/job/KE-Nairobi-Nairobi-The-Address-Building-off-Waiyaki-Way/Field-Engineer---LWD-DD_R162491/apply"
"India","Baker Hughes","Power System Engineer (Modeling Engineer)","Engineering","Hyderabad, India","2026-04-07T00:00:00.000+0000","https://bakerhughes.wd5.myworkdayjobs.com/BakerHughes/job/IN-TG-HYDERABAD-SKYVIEW-BUILDING/Power-System-Engineer--Modeling-Engineer-_R162622/apply"
"UK","Baker Hughes","Product Manufacturing Engineer","Engineering","Montrose, UK","2026-04-07T00:00:00.000+0000","https://bakerhughes.wd5.myworkdayjobs.com/BakerHughes/job/GB-AN-MONTROSE-CHARLETON-ROAD/Product-Manufacturing-Engineer_R162646/apply"
"Czechia","Baker Hughes","Emerging Talent: ASPIRE - Supply Chain (Czech Republic) 2026 Graduate Opportunities","Projects & Contracts","Pilsen, Czechia","2026-04-07T00:00:00.000+0000","https://bakerhughes.wd5.myworkdayjobs.com/BakerHughes/job/CZ-DOUDLEVCE-PILSEN-EDVARDA-BENESE-56439/Emerging-Talent--ASPIRE---Supply-Chain--Czech-Republic--2026-Opportunities_R156067/apply"
"Brazil","Baker Hughes","Customer Care Representative","Sales & Marketing","Campinas, Brazil","2026-04-07T00:00:00.000+0000","https://bakerhughes.wd5.myworkdayjobs.com/BakerHughes/job/BR-SP-CAMPINAS-RODOVIA-SP-101-KM-38/Customer-Care-Representative_R162679/apply"
"UK","Baker Hughes","SD Product & Equipment Specialist","Other","Aberdeen, UK","2026-04-07T00:00:00.000+0000","https://bakerhughes.wd5.myworkdayjobs.com/BakerHughes/job/GB-AC-ABERDEEN-BAKER-HUGHES-BUILDING/SD-Product---Equipment-Specialist_R162745-1/apply"
"UK","Baker Hughes","SD Performance & Continuous Improvement Specialist","Other","Aberdeen, UK","2026-04-07T00:00:00.000+0000","https://bakerhughes.wd5.myworkdayjobs.com/BakerHughes/job/GB-AC-ABERDEEN-BAKER-HUGHES-BUILDING/SD-Performance---Continuous-Improvement-Specialist_R162744-1/apply"
"India","Baker Hughes","Senior Software Engineer (C#, WPF)","IT & Digital","Bangalore, India","2026-04-07T00:00:00.000+0000","https://bakerhughes.wd5.myworkdayjobs.com/BakerHughes/job/IN-KA-BANGALORE-NEON-BUILDING-WEST-TOWER/Senior-Software-Engineer--C---WPF-_R160978/apply"
"United States of America","Baker Hughes","Solutions Architect- Production Solutions, Americas","Operations & Maintenance","Houston, United States of America","2026-04-07T00:00:00.000+0000","https://bakerhughes.wd5.myworkdayjobs.com/BakerHughes/job/US-TX-HOUSTON-575-N-DAIRY-ASHFORD-RD-ENERGY-CENTER-II-EC2/Solutions-Architect--Production-Solutions--Americas_R162747/apply"
"China","Baker Hughes","Sales Senior Manager - Sales","Sales & Marketing","Shanghai, China","2026-04-08T00:00:00.000+0000","https://bakerhughes.wd5.myworkdayjobs.com/BakerHughes/job/CN-SHANGHAI-1-HUA-TUO-RD/Sales-Senior-Manager---Sales_R162886/apply"
"China","Baker Hughes","Lead Engineer, Product Design and Engineering - Mechanical","Operations & Maintenance","Shanghai, China","2026-04-08T00:00:00.000+0000","https://bakerhughes.wd5.myworkdayjobs.com/BakerHughes/job/CN-SHANGHAI-1-HUA-TUO-RD/Lead-Engineer--Product-Design-and-Engineering---Mechanical_R161970/apply"
"India","Baker Hughes","Lead Engineer, Engineering Operations and Transformation - Manufacturing & Quality","Operations & Maintenance","Bangalore, India","2026-04-08T00:00:00.000+0000","https://bakerhughes.wd5.myworkdayjobs.com/BakerHughes/job/IN-KA-BANGALORE-NEON-BUILDING-WEST-TOWER/Lead-Engineer--Engineering-Operations-and-Transformation---Manufacturing---Quality_R161500/apply"
"Brazil","Baker Hughes","Field Specialist III","Other","Macaé, Brazil","2026-04-07T00:00:00.000+0000","https://bakerhughes.wd5.myworkdayjobs.com/BakerHughes/job/BR-RJ-MACAE-LAGOMAR-AV-ARAXA-240/Field-Specialist-III_R162737/apply"
"Mexico","Baker Hughes","Junior Mechanic Aero Derivative Gas Turbines","Other","Mexico City, Mexico","2026-04-07T00:00:00.000+0000","https://bakerhughes.wd5.myworkdayjobs.com/BakerHughes/job/MX-DF-MEXICO-CITY-AVENIDA-ANTONIO-DOVALI-JAIME-70/Junior-Mechanic-Aero-Derivative-Gas-Turbines_R161246/apply"
"UK","Baker Hughes","Account Manager","Sales & Marketing","Aberdeen, UK","2026-04-07T00:00:00.000+0000","https://bakerhughes.wd5.myworkdayjobs.com/BakerHughes/job/GB-AC-ABERDEEN-HOWE-MOSS-AVENUE/Account-Manager_R162416/apply"
"UK","Baker Hughes","Project Engineering Manager","Projects & Contracts","Nailsea, UK","2026-04-07T00:00:00.000+0000","https://bakerhughes.wd5.myworkdayjobs.com/BakerHughes/job/GB-SO-NAILSEA-2-HIGH-STREET/Project-Engineering-Manager_R158662-1/apply"
"India","Baker Hughes","Sales Manager – Proposal (Digital) Cordant","IT & Digital","Bangalore, India","2026-04-08T00:00:00.000+0000","https://bakerhughes.wd5.myworkdayjobs.com/BakerHughes/job/IN-KA-BANGALORE-NEON-BUILDING-WEST-TOWER/Sales-Manager---Proposal--Digital--Cordant-_R162520/apply"
"UAE","Baker Hughes","Assembly, Repair, Maintenance & Overhaul Mechanic","Operations & Maintenance","Abu Dhabi, UAE","2026-04-08T00:00:00.000+0000","https://bakerhughes.wd5.myworkdayjobs.com/BakerHughes/job/AE-ABU-DHABI-AL-GHAITH-YARD-MUSSAFAH-INDUSTRIAL-16th-STREET/Assembly--Repair--Maintenance---Overhaul-Mechanic_R153830/apply"
"Italy","Baker Hughes","Manufacturing Experienced Professional","Other","Talamona, Italy","2026-04-08T00:00:00.000+0000","https://bakerhughes.wd5.myworkdayjobs.com/BakerHughes/job/IT-SO-TALAMONA-VIA-ROMA-32/Manufacturing-Experienced-Professional_R162932-1/apply"
"Italy","Baker Hughes","Engineering Senior Specialist - Mechanical Component","Operations & Maintenance","Bari, Italy","2026-04-08T00:00:00.000+0000","https://bakerhughes.wd5.myworkdayjobs.com/BakerHughes/job/IT-BA-BARI-STRADA-PROVINCIALE-PER-MODUGNO-10C613/Engineering-Senior-Specialist---Mechanical-Component_R161995-1/apply"
"Malaysia","Baker Hughes","Digital Sales Representative WC APAC","IT & Digital","Kuala Lumpur, Malaysia","2026-02-12T00:00:00.000+0000","https://bakerhughes.wd5.myworkdayjobs.com/BakerHughes/job/MY-KUL-KUALA-LUMPUR-21ST-FLOOR-MENARA-TAN--TAN/Senior-Software-Sales-Manager---Oilfield-Services---Equipment_R159169-1/apply"
"Qatar","Baker Hughes","Senior Services Manager - Customer Service Management","Sales & Marketing","Doha, Qatar","2026-04-08T00:00:00.000+0000","https://bakerhughes.wd5.myworkdayjobs.com/BakerHughes/job/QA-DOHA-RAS-LAFFAN-INDUSTRIAL-CITY/Senior-Services-Manager---Customer-Service-Management_R160959-1/apply"
"India","Baker Hughes","Lead Manufacturing Engineer","Management & Administration","Pune, India","2026-04-08T00:00:00.000+0000","https://bakerhughes.wd5.myworkdayjobs.com/BakerHughes/job/IN-MH-Pune-Cummins-India-Office-Campus-8th-floor-Survey-No-21-Balewadi/Lead-Manufacturing-Engineer_R155508/apply"
"Saudi Arabia","Baker Hughes","Service Delivery Coordinator - Drilling Services (Saudi national)","Drilling & Wells","Dhahran, Saudi Arabia","2026-04-08T00:00:00.000+0000","https://bakerhughes.wd5.myworkdayjobs.com/BakerHughes/job/SA-DHAHRAN-ABQAIQ-HIGHWAY/Service-Delivery-Coordinator---Drilling-Services--Saudi-national-_R161132/apply"
"UAE","Baker Hughes","Lab Technician - Drilling and Completions Fluids","Drilling & Wells","Dubai, UAE","2026-04-08T00:00:00.000+0000","https://bakerhughes.wd5.myworkdayjobs.com/BakerHughes/job/AE-DUBAI-TECHNO-PARK/Lab-Technician---Drilling-and-Completions-Fluids_R157334-1/apply"
"India","Baker Hughes","Digital Technology Senior Specialist - Solution Architecture","IT & Digital","Hyderabad, India","2026-04-08T00:00:00.000+0000","https://bakerhughes.wd5.myworkdayjobs.com/BakerHughes/job/IN-TG-HYDERABAD-SKYVIEW-BUILDING/Digital-Technology-Senior-Specialist---Solution-Architecture_R160777/apply"
"India","Baker Hughes","Senior Specialist  - Infrastructure Architecture","IT & Digital","Pune, India","2026-04-08T00:00:00.000+0000","https://bakerhughes.wd5.myworkdayjobs.com/BakerHughes/job/IN-MH-Pune-Cummins-India-Office-Campus-8th-floor-Survey-No-21-Balewadi/Senior-Specialist----Infrastructure-Architecture_R162608/apply"
"Malaysia","Baker Hughes","Interface Manager","Management & Administration","Kuala Lumpur, Malaysia","2026-04-08T00:00:00.000+0000","https://bakerhughes.wd5.myworkdayjobs.com/BakerHughes/job/MY-OTHER-MALAYSIA/Senior-Engineer--Project-Engineering---Systems_R159409/apply"
"Italy","Baker Hughes","Lead Manufacturing Engineer  - Manuf Eng Specialist","Management & Administration","Talamona, Italy","2026-04-08T00:00:00.000+0000","https://bakerhughes.wd5.myworkdayjobs.com/BakerHughes/job/IT-SO-TALAMONA-VIA-ROMA-32/Lead-Manufacturing-Engineer----Manuf-Eng-Specialist_R162010-1/apply"
"Kenya","Baker Hughes","Field Superintendent - Integrated Solutions","Management & Administration","Nairobi, Kenya","2026-04-08T00:00:00.000+0000","https://bakerhughes.wd5.myworkdayjobs.com/BakerHughes/job/KE-Nairobi-Nairobi-The-Address-Building-off-Waiyaki-Way/Field-Superintendent---Integrated-Solutions_R161923/apply"
"Hungary","Baker Hughes","Manufacturing Engineer","Engineering","Fot, Hungary","2026-02-25T00:00:00.000+0000","https://bakerhughes.wd5.myworkdayjobs.com/BakerHughes/job/HU-PE-FOT-EAST-GATE-BUSINESS-PARK/Manufacturing-Engineer_R159597/apply"
"India","Baker Hughes","Software Engineering Manager (Java, Spring Boot, AWS)","IT & Digital","Bangalore, India","2026-04-08T00:00:00.000+0000","https://bakerhughes.wd5.myworkdayjobs.com/BakerHughes/job/IN-KA-BANGALORE-NEON-BUILDING-WEST-TOWER/Software-Engineering-Manager--Java--Spring-Boot--AWS-_R161973/apply"
"Malaysia","Baker Hughes","Manufacturing Professional - Materials Planning and Execution","Projects & Contracts","Jalan Tun Razak, Malaysia","2026-04-08T00:00:00.000+0000","https://bakerhughes.wd5.myworkdayjobs.com/BakerHughes/job/MY-KUL-KUALA-LUMPUR-19th-FLOOR-MENARA-TAN--TAN/Manufacturing-Professional---Materials-Planning-and-Execution_R162868/apply"
"UK","Baker Hughes","Senior Contracts Manager","Projects & Contracts","Aberdeen, UK","2026-04-08T00:00:00.000+0000","https://bakerhughes.wd5.myworkdayjobs.com/BakerHughes/job/GB-AC-ABERDEEN-BAKER-HUGHES-BUILDING/Senior-Contracts-Manager_R162794/apply"
"Malaysia","Baker Hughes","AP Assurance Analyst","Other","Kuala Lumpur, Malaysia","2026-04-08T00:00:00.000+0000","https://bakerhughes.wd5.myworkdayjobs.com/BakerHughes/job/MY-KUL-KUALA-LUMPUR-21ST-FLOOR-MENARA-TAN--TAN/AP-Assurance-Analyst_R162140/apply"
"Kenya","Baker Hughes","AMO Technician","Operations & Maintenance","Nairobi, Kenya","2026-04-03T00:00:00.000+0000","https://bakerhughes.wd5.myworkdayjobs.com/BakerHughes/job/KE-OTHER-KENYA/AMO-Technician_R162887/apply"
"Kenya","Baker Hughes","AMO Supervisor","Management & Administration","Nairobi, Kenya","2026-04-03T00:00:00.000+0000","https://bakerhughes.wd5.myworkdayjobs.com/BakerHughes/job/KE-OTHER-KENYA/AMO-Supervisor_R162888/apply"
"India","Baker Hughes","Workday Configuration Analyst - Talent","HR & Training","Bangalore, India","2026-04-06T00:00:00.000+0000","https://bakerhughes.wd5.myworkdayjobs.com/BakerHughes/job/IN-KA-BANGALORE-NEON-BUILDING-WEST-TOWER/Workday-Configuration-Analyst---Talent_R162700/apply"
"Indonesia","Baker Hughes","Sales Senior Specialist - Proposals","Sales & Marketing","Jakarta, Indonesia","2026-04-06T00:00:00.000+0000","https://bakerhughes.wd5.myworkdayjobs.com/BakerHughes/job/ID-JW-JAKARTA-JI-RA-KARTINI-KAV-8-CILANDAK-BARAT/Sales-Senior-Specialist---Proposals_R162466/apply"
"Qatar","Baker Hughes","Lead Engineer - Automation & Control, Service Engineering","IT & Digital","Doha, Qatar","2026-04-05T00:00:00.000+0000","https://bakerhughes.wd5.myworkdayjobs.com/BakerHughes/job/QA-DOHA-AL-GHARRAFA-STREET-AL-RAYYAN-EDUC-CITY/Lead-Engineer---Automation---Control--Service-Engineering_R156636-1/apply"
"Qatar","Baker Hughes","Lead Field Project Engineer - Interdisciplinary","Projects & Contracts","Doha, Qatar","2026-04-05T00:00:00.000+0000","https://bakerhughes.wd5.myworkdayjobs.com/BakerHughes/job/QA-DOHA-AL-GHARRAFA-STREET-AL-RAYYAN-EDUC-CITY/Lead-Field-Project-Engineer---Interdisciplinary_R156681-1/apply"
"United States of America","Baker Hughes","I&S New Energy Well Engineering CoE (Center of Excellence) Leader.","Management & Administration","The Woodlands, United States of America","2026-04-06T00:00:00.000+0000","https://bakerhughes.wd5.myworkdayjobs.com/BakerHughes/job/US-TX-THE-WOODLANDS-9110-GROGANS-MILL-ROAD/I-S-New-Energy-Projects-CoE--Center-of-Excellence--Leader_R160854/apply"
"UK","Baker Hughes","Warehouse Manager","Projects & Contracts","Nailsea, UK","2026-04-06T00:00:00.000+0000","https://bakerhughes.wd5.myworkdayjobs.com/BakerHughes/job/GB-SO-NAILSEA-2-HIGH-STREET/Warehouse-Manager_R161682/apply"
"Saudi Arabia","Baker Hughes","Coiled Tubing Drilling Field Specialist","Drilling & Wells","Dhahran, Saudi Arabia","2026-04-06T00:00:00.000+0000","https://bakerhughes.wd5.myworkdayjobs.com/BakerHughes/job/SA-DHAHRAN-ABQAIQ-HIGHWAY/Coiled-Tubing-Drilling-Field-Specialist_R158961/apply"
"Saudi Arabia","Baker Hughes","Thin Section Specialist","Other","Dhahran, Saudi Arabia","2026-04-06T00:00:00.000+0000","https://bakerhughes.wd5.myworkdayjobs.com/BakerHughes/job/SA-DHAHRAN-ABQAIQ-HIGHWAY/Thin-Section-Specialist_R158960/apply"
"United States of America","Baker Hughes","Sales Account Advisor - Wellbore Intervention","Drilling & Wells","Houston, United States of America","2026-03-31T00:00:00.000+0000","https://bakerhughes.wd5.myworkdayjobs.com/BakerHughes/job/US-TX-HOUSTON-2001-RANKIN-ROAD/Sales-Account-Advisor---Wellbore-Intervention_R161589/apply"
"Italy","Baker Hughes","Manufacturing Experienced Professional - Manuf Eng Specialist","Other","Massa, Italy","2026-04-06T00:00:00.000+0000","https://bakerhughes.wd5.myworkdayjobs.com/BakerHughes/job/IT-MS-MASSA--VIA-DORSALE-3/Manufacturing-Experienced-Professional---Manuf-Eng-Specialist_R162538-1/apply"
"UK","Baker Hughes","Sourcing Senior Manager","Management & Administration","Aberdeen, UK","2026-04-06T00:00:00.000+0000","https://bakerhughes.wd5.myworkdayjobs.com/BakerHughes/job/GB-AC-ABERDEEN-BAKER-HUGHES-BUILDING/Sourcing-Senior-Manager_R161573/apply"
"Italy","Baker Hughes","Manufacturing Engineer","Engineering","Avenza, Italy","2026-04-06T00:00:00.000+0000","https://bakerhughes.wd5.myworkdayjobs.com/BakerHughes/job/IT-MS-AVENZA--VIALE-DOMENICO-ZACCAGNA-12/Manufacturing-Engineer_R161241-1/apply"
"UK","Baker Hughes","Mechanical Fitter","Operations & Maintenance","Montrose, UK","2026-04-06T00:00:00.000+0000","https://bakerhughes.wd5.myworkdayjobs.com/BakerHughes/job/GB-AN-MONTROSE-CHARLETON-ROAD/Mechanical-Fitter_R158946/apply"
"United States of America","Baker Hughes","Sales Director - North American Land, Onshore Pipe","Sales & Marketing","Houston, United States of America","2026-04-03T00:00:00.000+0000","https://bakerhughes.wd5.myworkdayjobs.com/BakerHughes/job/US-TX-HOUSTON-2001-RANKIN-ROAD/Sales-Director---North-American-Land--Onshore-Pipe_R162427/apply"
"United States of America","Baker Hughes","Technical Support Engineer","Engineering","Houston, United States of America","2026-03-11T00:00:00.000+0000","https://bakerhughes.wd5.myworkdayjobs.com/BakerHughes/job/US-TX-HOUSTON-575-N-DAIRY-ASHFORD-RD-ENERGY-CENTER-II-EC2/Technical-Support-Engineer_R160177/apply"
"Indonesia","Baker Hughes","Cased Hole Petrophysicist Advisor","Geosciences","Jakarta, Indonesia","2026-04-06T00:00:00.000+0000","https://bakerhughes.wd5.myworkdayjobs.com/BakerHughes/job/ID-JW-JAKARTA-JI-RA-KARTINI-KAV-8-CILANDAK-BARAT/Cased-Hole-Petrophysicist-Advisor_R161567-1/apply"
"Italy","Baker Hughes","Regional Commercial Operation Sales Specialist","Finance & Commercial","Florence, Italy","2026-04-06T00:00:00.000+0000","https://bakerhughes.wd5.myworkdayjobs.com/BakerHughes/job/IT-FI-FLORENCE-VIA-FELICE-MATTEUCCI-2/Regional-Commercial-Operation-Sales-Specialist_R159603-1/apply"
"United States of America","Baker Hughes","Leucipa  Lead Data Engineer","IT & Digital","Houston, United States of America","2026-04-07T00:00:00.000+0000","https://bakerhughes.wd5.myworkdayjobs.com/BakerHughes/job/US-TX-HOUSTON-575-N-DAIRY-ASHFORD-RD-ENERGY-CENTER-II-EC2/Leucipa--Lead-Data-Engineer_R154667-1/apply"
"United States of America","Baker Hughes","Wireline Tractor Field Specialist (Altus Intervention)","Drilling & Wells","Midland, United States of America","2026-04-06T00:00:00.000+0000","https://bakerhughes.wd5.myworkdayjobs.com/BakerHughes/job/US-TX-MIDLAND-2707-S-COUNTY-ROAD-1208/Wireline-Tractor-Field-Specialist--Altus-Intervention-_R162931/apply"
"Brazil","Baker Hughes","Operador de Campo I","Other","Niteroi, Brazil","2026-03-12T00:00:00.000+0000","https://bakerhughes.wd5.myworkdayjobs.com/BakerHughes/job/BR-RJ-NITEROI-PRACA-ALCIDES-PEREIRA/Operador-de-Campo-I_R161673/apply"
"UK","Baker Hughes","Operations Leader –  Subsea Services","Drilling & Wells","Aberdeen, UK","2026-04-07T00:00:00.000+0000","https://bakerhughes.wd5.myworkdayjobs.com/BakerHughes/job/GB-AC-ABERDEEN-BRIDGE-OF-DON-INDUSTRIAL-ESTATE/Operations-Leader----Subsea-Services_R158878/apply"
"Brazil","Baker Hughes","Manufacturing Experienced Professional","Other","Macae, Brazil","2026-04-07T00:00:00.000+0000","https://bakerhughes.wd5.myworkdayjobs.com/BakerHughes/job/BR-RJ-MACAE-ESTRADA-DE-FAZENDA-SAO-JOSE-DO-MUTUM-200/Manufacturing-Experienced-Professional_R162211/apply"
"Australia","Baker Hughes","Services Senior Specialist - Service Delivery Coordination","Other","Brisbane, Australia","2026-04-09T00:00:00.000+0000","https://bakerhughes.wd5.myworkdayjobs.com/BakerHughes/job/AU-QLD-BRISBANE-69-ANN-STREET/Services-Senior-Specialist---Service-Delivery-Coordination_R162787/apply"
"United States of America","Baker Hughes","Sales Specialist - Lead Sales Development","Sales & Marketing","Houston, United States of America","2026-04-03T00:00:00.000+0000","https://bakerhughes.wd5.myworkdayjobs.com/BakerHughes/job/US-TX-HOUSTON-575-N-DAIRY-ASHFORD-RD-ENERGY-CENTER-II-EC2/Sales-Specialist---Lead-Sales-Development_R161917/apply"
"Singapore","Baker Hughes","Product Delivery Manager","Management & Administration","Singapore, Singapore","2026-04-03T00:00:00.000+0000","https://bakerhughes.wd5.myworkdayjobs.com/BakerHughes/job/SG-SINGAPORE-2-BENOI-ROAD/Product-Delivery-Manager_R159586/apply"
"Nigeria","Baker Hughes","Emerging Talent – Sourcing Intern 2026 Opportunities (Nigeria)","HR & Training","Nigeria - Remote, Nigeria","2026-04-03T00:00:00.000+0000","https://bakerhughes.wd5.myworkdayjobs.com/BakerHughes/job/NG-OTHER-NIGERIA/Emerging-Talent---Sourcing-Intern-2026-Opportunities--Nigeria-_R158342/apply"
"Singapore","Baker Hughes","Technician Machinist II","Operations & Maintenance","Singapore, Singapore","2026-04-07T00:00:00.000+0000","https://bakerhughes.wd5.myworkdayjobs.com/BakerHughes/job/SG-SINGAPORE-273-JALAN-AHMAD-IBRAHIM/Technician-Machinist-II_R162402/apply"
"Malaysia","Baker Hughes","Services Experienced Professional - Technical Support","Other","Shah Alam, Malaysia","2026-04-07T00:00:00.000+0000","https://bakerhughes.wd5.myworkdayjobs.com/BakerHughes/job/MY-Shah-Alam-Lot-8-Jalan-Kecapi-332-Shah-Alam/Services-Experienced-Professional---Technical-Support_R161825/apply"
"Malaysia","Baker Hughes","Services Experienced Professional - Technical Support","Other","Shah Alam, Malaysia","2026-04-07T00:00:00.000+0000","https://bakerhughes.wd5.myworkdayjobs.com/BakerHughes/job/MY-Shah-Alam-Lot-8-Jalan-Kecapi-332-Shah-Alam/Services-Experienced-Professional---Technical-Support_R161826/apply"
"Vietnam","Baker Hughes","Field Specialist II - DRS","Other","Vietnam - Remote, Vietnam","2026-04-07T00:00:00.000+0000","https://bakerhughes.wd5.myworkdayjobs.com/BakerHughes/job/VN-OTHER-VIETNAM/Field-Specialist-II---DRS_R162567/apply"
"United States of America","Baker Hughes","Refinery Site Manager (Downstream Chemicals) - Lemont, IL","Management & Administration","Shorewood, United States of America","2026-03-05T00:00:00.000+0000","https://bakerhughes.wd5.myworkdayjobs.com/BakerHughes/job/US-IL-SHOREWOOD-1002-GENEVA-STREET/Refinery-Site-Manager--Downstream-Chemicals----Lemont--IL_R156952/apply"
"United States of America","Baker Hughes","Regional Sales Manager – Power Generation","Sales & Marketing","Houston, United States of America","2026-04-03T00:00:00.000+0000","https://bakerhughes.wd5.myworkdayjobs.com/BakerHughes/job/US-TX-HOUSTON-575-N-DAIRY-ASHFORD-RD-ENERGY-CENTER-II-EC2/Regional-Sales-Manager---Power-Generation_R162685/apply"
"United States of America","Baker Hughes","CDL Driver Class A plus Hazmat. Treater / Delivery Driver","Other","Jena, United States of America","2026-03-31T00:00:00.000+0000","https://bakerhughes.wd5.myworkdayjobs.com/BakerHughes/job/US-LA-JENA-160-BALDRIDGE-ROAD/CDL-Driver-Class-A-plus-Hazmat-Treater---Delivery-Driver_R157193/apply"
"United States of America","Baker Hughes","Sr Quality Manager Lean Sensei - Operational Excellence","Management & Administration","Houston, United States of America","2026-04-03T00:00:00.000+0000","https://bakerhughes.wd5.myworkdayjobs.com/BakerHughes/job/US-TX-HOUSTON-575-N-DAIRY-ASHFORD-RD-ENERGY-CENTER-II-EC2/Sr-Quality-Manager-Lean-Sensei---Operational-Excellence_R159307/apply"
"United States of America","Baker Hughes","Junior Field Services Engineer","Engineering","Columbus, United States of America","2026-04-03T00:00:00.000+0000","https://bakerhughes.wd5.myworkdayjobs.com/BakerHughes/job/US-OH-OTHER-OHIO/Junior-Field-Services-Engineer_R153126/apply"
"Brazil","Baker Hughes","Analista de Documentação","Management & Administration","Macae, Brazil","2026-04-01T00:00:00.000+0000","https://bakerhughes.wd5.myworkdayjobs.com/BakerHughes/job/BR-RJ-MACAE-ESTRADA-DE-FAZENDA-SAO-JOSE-DO-MUTUM-200/Analista-de-Documentao_R162502/apply"
"South Korea","Baker Hughes","Project manager - Aftermarket","Projects & Contracts","Seongnam, South Korea","2026-04-06T00:00:00.000+0000","https://bakerhughes.wd5.myworkdayjobs.com/BakerHughes/job/KR-SEONGNAM-GLOBAL-RD-CENTER-22-DAEWANGPANGYO-RO-712-BEON-GIL--BLD-B/Project-manager---Aftermarket_R161850/apply"
"India","Baker Hughes","Senior Staff Software Engineer","IT & Digital","Bangalore, India","2026-04-06T00:00:00.000+0000","https://bakerhughes.wd5.myworkdayjobs.com/BakerHughes/job/IN-KA-BANGALORE-NEON-BUILDING-WEST-TOWER/Senior-Staff-Software-Engineer_R154008-1/apply"
"UK","Baker Hughes","Slickline Operator","Operations & Maintenance","Portlethen, UK","2026-04-06T00:00:00.000+0000","https://bakerhughes.wd5.myworkdayjobs.com/BakerHughes/job/GB-Scotland-Portlethen-Sites-2-3--4-Badentoy-Crescent-Badentoy-Industrial-Estate/Slickline-Operator_R162367/apply"
"UK","Baker Hughes","Slickline Operator","Operations & Maintenance","Portlethen, UK","2026-04-06T00:00:00.000+0000","https://bakerhughes.wd5.myworkdayjobs.com/BakerHughes/job/GB-Scotland-Portlethen-Sites-2-3--4-Badentoy-Crescent-Badentoy-Industrial-Estate/Slickline-Operator_R162894/apply"
"India","Baker Hughes","Field Specialist III- LWD","Other","Navi Mumbai, India","2026-04-07T00:00:00.000+0000","https://bakerhughes.wd5.myworkdayjobs.com/BakerHughes/job/IN-NAVI-MUMBAI-TTC-INDUSTRIAL-AREA-AIROLI-MAHARASHTRA/Field-Specialist-III--LWD_R162555/apply"
"Japan","Baker Hughes","Services Coordinator - Waygate Technology","R&D & Technology","Chuo-Ku, Japan","2026-04-07T00:00:00.000+0000","https://bakerhughes.wd5.myworkdayjobs.com/BakerHughes/job/JP-CHUO-KU-4-16-13-TSUKISHIMA/Services-Coordinator---Waygate-Technology_R162364/apply"
"India","Baker Hughes","SENIOR ENGINEER SERVICES ENGINEERING - AUTOMATION & CONTROLS","IT & Digital","Bangalore, India","2026-04-07T00:00:00.000+0000","https://bakerhughes.wd5.myworkdayjobs.com/BakerHughes/job/IN-KA-BANGALORE-NEON-BUILDING-WEST-TOWER/SENIOR-ENGINEER-SERVICES-ENGINEERING---AUTOMATION---CONTROLS_R162469/apply"
"Czechia","Baker Hughes","Dílenské plánování výroby (m,ž)","Other","Pilsen, Czechia","2026-02-23T00:00:00.000+0000","https://bakerhughes.wd5.myworkdayjobs.com/BakerHughes/job/CZ-DOUDLEVCE-PILSEN-EDVARDA-BENESE-56439/Dlensk-plnovn-vroby--m--_R157122/apply"
"United States of America","Baker Hughes","Digital Technical Pre-Sales Leader","IT & Digital","Houston, United States of America","2026-04-07T00:00:00.000+0000","https://bakerhughes.wd5.myworkdayjobs.com/BakerHughes/job/US-TX-HOUSTON-575-N-DAIRY-ASHFORD-RD-ENERGY-CENTER-II-EC2/Digital-Technical-Pre-Sales-Leader_R159200/apply"
"India","Baker Hughes","Services Professional - ARMO Management","Other","Gandhinagar, India","2026-04-07T00:00:00.000+0000","https://bakerhughes.wd5.myworkdayjobs.com/BakerHughes/job/IN-GANDHINAGAR-B8-GIDC-SECTOR-25/Services-Professional---ARMO-Management_R161402/apply"
"Italy","Baker Hughes","Sourcing Professional - Commodity Management","Other","Florence, Italy","2026-04-07T00:00:00.000+0000","https://bakerhughes.wd5.myworkdayjobs.com/BakerHughes/job/IT-FI-FLORENCE-VIA-FELICE-MATTEUCCI-2/Sourcing-Professional---Commodity-Management_R161975-1/apply"
"India","Baker Hughes","Field Specialist III -LWD","Other","Navi Mumbai, India","2026-04-07T00:00:00.000+0000","https://bakerhughes.wd5.myworkdayjobs.com/BakerHughes/job/IN-NAVI-MUMBAI-TTC-INDUSTRIAL-AREA-AIROLI-MAHARASHTRA/Field-Specialist-III--LWD_R162556-1/apply"
"United States of America","Baker Hughes","Field Specialist","Other","Pleasanton, United States of America","2026-04-06T00:00:00.000+0000","https://bakerhughes.wd5.myworkdayjobs.com/BakerHughes/job/US-TX-Pleasanton-495-Shale-Rd/Field-Specialist_R162203-1/apply"
"Brazil","Baker Hughes","Systems Engineer - Tendering & FEED","Sales & Marketing","Rio de Janeiro, Brazil","2026-03-11T00:00:00.000+0000","https://bakerhughes.wd5.myworkdayjobs.com/BakerHughes/job/BR-RJ-RIO-DE-JANEIRO-RETIC-ILHA-DO-FUNDAO-R36-2757/Systems-Engineer---Tendering---FEED_R157014-1/apply"
"Mexico","Baker Hughes","Senior Cloud Security Engineer","IT & Digital","Mexico City, Mexico","2026-04-06T00:00:00.000+0000","https://bakerhughes.wd5.myworkdayjobs.com/BakerHughes/job/MX-DF-MEXICO-CITY-AVENIDA-ANTONIO-DOVALI-JAIME-70/Lead-Cloud-Security-Engineer_R127297-1/apply"
"United States of America","Baker Hughes","Mechanic II","Other","Midland, United States of America","2026-04-06T00:00:00.000+0000","https://bakerhughes.wd5.myworkdayjobs.com/BakerHughes/job/US-TX-MIDLAND-2065-MARKET-STREET/Mechanic-II_R161098/apply"
"United States of America","Baker Hughes","Engineering Professional - Testing","Engineering","Lufkin, United States of America","2026-04-06T00:00:00.000+0000","https://bakerhughes.wd5.myworkdayjobs.com/BakerHughes/job/US-TX-LUFKIN-409-ELLIS-AVENUE/Engineering-Professional---Testing_R162030-1/apply"
"UAE","Baker Hughes","Services Experienced Professional - Contract Performance Management","Projects & Contracts","Abu Dhabi, UAE","2026-04-07T00:00:00.000+0000","https://bakerhughes.wd5.myworkdayjobs.com/BakerHughes/job/AE-ABU-DHABI-AL-GHAITH-HOLDING-TOWER-AIRPORT-ROAD/Services-Experienced-Professional---Contract-Performance-Mgmt_R161153/apply"
"Italy","Baker Hughes","Lead Engineer, Systems, Service Engineering","Management & Administration","Florence, Italy","2026-03-17T00:00:00.000+0000","https://bakerhughes.wd5.myworkdayjobs.com/BakerHughes/job/IT-FI-FLORENCE-VIA-FELICE-MATTEUCCI-2/Lead-Engineer--Systems--Service-Engineering_R161267-1/apply"
"Italy","Baker Hughes","Lead Logistics Specialist - Logistics","Projects & Contracts","Avenza, Italy","2026-04-07T00:00:00.000+0000","https://bakerhughes.wd5.myworkdayjobs.com/BakerHughes/job/IT-MS-AVENZA--VIALE-DOMENICO-ZACCAGNA-12/Lead-Logistics-Specialist---Logistics_R159962-1/apply"
"Egypt","Baker Hughes","Emerging Talent: LEAD - Field Engineer (Egypt) 2026 Opportunities","HR & Training","Egypt","2026-04-07T00:00:00.000+0000","https://bakerhughes.wd5.myworkdayjobs.com/BakerHughes/job/EG-CAIRO-PLOT-NO-41-AND-41A-EIN-EL-SOKHNA-ROAD--KATTAMEYA/Emerging-Talent--LEAD---Field-Engineer--Egypt--2026-Opportunities_R158347/apply"
"Congo","Baker Hughes","Field Specialist - Artificial Lift System","Other","Pointe Noire, Congo","2026-04-08T00:00:00.000+0000","https://bakerhughes.wd5.myworkdayjobs.com/BakerHughes/job/CG-POINTE-NOIRE-64-AVENUE-JEAN-MARIE-MAVOUNGGOU/Field-Specialist---Artificial-Lift-System_R162967/apply"
"United States of America","Baker Hughes","LEAD - Field Engineer (Houston, TX) 2026 Opportunities","Management & Administration","Houston, United States of America","2026-04-08T00:00:00.000+0000","https://bakerhughes.wd5.myworkdayjobs.com/BakerHughes/job/US-TX-HOUSTON-2001-RANKIN-ROAD/LEAD---Field-Engineer--Beaumont--TX--2026-Opportunities_R156263/apply"
"Canada","Baker Hughes","Operations Excellence Manager","Operations & Maintenance","Fort Mcmurray, Canada","2026-04-08T00:00:00.000+0000","https://bakerhughes.wd5.myworkdayjobs.com/BakerHughes/job/CA-AB-FORT-MCMURRAY--3-360-MACKENZIE-BLVD/Operations-Excellence-Manager_R163007/apply"
"Egypt","Baker Hughes","Service Delivery Manager - Oilfield Chemicals","Management & Administration","Egypt","2026-04-08T00:00:00.000+0000","https://bakerhughes.wd5.myworkdayjobs.com/BakerHughes/job/EG-CAIRO-PLOT-NO-41-AND-41A-EIN-EL-SOKHNA-ROAD--KATTAMEYA/Service-Delivery-Manager---Oilfield-Chemicals_R156425/apply"
"United States of America","Baker Hughes","Field Operator 3","Operations & Maintenance","Houston, United States of America","2026-04-08T00:00:00.000+0000","https://bakerhughes.wd5.myworkdayjobs.com/BakerHughes/job/US-TX-HOUSTON-4101-OATES-RD/Field-Operator-3_R162771/apply"
"United States of America","Baker Hughes","Field Operator II","Operations & Maintenance","Broussard, United States of America","2026-04-08T00:00:00.000+0000","https://bakerhughes.wd5.myworkdayjobs.com/BakerHughes/job/US-LA-BROUSSARD-1064-BAKER-HUGHES-DR/Field-Operator-II_R162193/apply"
"United States of America","Baker Hughes","Machinery Diagnostics Filed Engineer","Engineering","Austin, United States of America","2026-04-08T00:00:00.000+0000","https://bakerhughes.wd5.myworkdayjobs.com/BakerHughes/job/US-TX-OTHER-TEXAS/Machinery-Diagnostics-Filed-Engineer_R162483/apply"
"United States of America","Baker Hughes","NAO Drilling Services ISC Fulfilment FPA Business Partner","Drilling & Wells","Houston, United States of America","2026-04-08T00:00:00.000+0000","https://bakerhughes.wd5.myworkdayjobs.com/BakerHughes/job/US-TX-HOUSTON-2001-RANKIN-ROAD/NAO-Drilling-Services-ISC-Fulfilment-FPA-Business-Partner_R162964/apply"
"Trinidad & Tobago","Baker Hughes","Sales Advisor","Sales & Marketing","Port of Spain, Trinidad & Tobago","2026-04-08T00:00:00.000+0000","https://bakerhughes.wd5.myworkdayjobs.com/BakerHughes/job/TT-Saint-George-Port-of-Spain-5th-Floor-Savannah-East-No-11-Queens-Park-East/Sales-Advisor_R162566/apply"
"United States of America","Baker Hughes","OIC Global Sales Enablement","Sales & Marketing","Sugar Land, United States of America","2026-04-08T00:00:00.000+0000","https://bakerhughes.wd5.myworkdayjobs.com/BakerHughes/job/US-TX-SUGAR-LAND-12645-WEST-AIRPORT-BLVD/OIC-Global-Sales-Enablement_R162234/apply"
"United States of America","Baker Hughes","Field Specialist - ESP (Artificial Lift) - Midland TX, Andrews TX,  Big Spring TX, & Carlsbad, NM","Other","Midland, United States of America","2026-04-08T00:00:00.000+0000","https://bakerhughes.wd5.myworkdayjobs.com/BakerHughes/job/US-TX-MIDLAND-2101-MARKET-STREET/Field-Specialist---ESP--Artificial-Lift----Midland-TX--Andrews-TX---Big-Spring-TX----Carlsbad--NM_R155525-1/apply"
"Mexico","Baker Hughes","Ingenieros de Aplicaciones para cementación","Other","Ciudad Del Carmen, Mexico","2026-04-08T00:00:00.000+0000","https://bakerhughes.wd5.myworkdayjobs.com/BakerHughes/job/MX-CMP-CIUDAD-DEL-CARMEN-CARRETERA-FEDERAL-189/Ingenieros-de-Aplicaciones-para-cementacin_R161518/apply"
"Peru","Baker Hughes","Field Specialist Compressor","Other","Lima, Peru","2026-02-27T00:00:00.000+0000","https://bakerhughes.wd5.myworkdayjobs.com/BakerHughes/job/PE-OTHER-PERU/Field-Specialist-Compressor_R126507/apply"
"Mexico","Baker Hughes","Junior Control Systems Engineer FSE- GTS","Engineering","Veracruz, Mexico","2026-04-08T00:00:00.000+0000","https://bakerhughes.wd5.myworkdayjobs.com/BakerHughes/job/MX-OTHER-MEXICO/Junior-Control-Systems-Engineer-FSE--GTS_R161475/apply"
"United States of America","Baker Hughes","Sourcing Senior Specialist","Other","Houston, United States of America","2026-04-08T00:00:00.000+0000","https://bakerhughes.wd5.myworkdayjobs.com/BakerHughes/job/US-TX-HOUSTON-575-N-DAIRY-ASHFORD-RD-ENERGY-CENTER-II-EC2/Sourcing-Senior-Specialist-_R162720/apply"
"United States of America","Baker Hughes","Outage Project Engineer","Projects & Contracts","Houston, United States of America","2026-04-08T00:00:00.000+0000","https://bakerhughes.wd5.myworkdayjobs.com/BakerHughes/job/US-TX-HOUSTON-575-N-DAIRY-ASHFORD-RD-ENERGY-CENTER-II-EC2/Outage-Project-Engineer_R160741-1/apply"
"Hungary","Baker Hughes","Engineering Professional - Customer Project Engineering","Projects & Contracts","Fot, Hungary","2026-04-08T00:00:00.000+0000","https://bakerhughes.wd5.myworkdayjobs.com/BakerHughes/job/HU-PE-FOT-EAST-GATE-BUSINESS-PARK/Engineering-Professional---Customer-Project-Engineering_R162606-1/apply"
"Italy","Baker Hughes","Senior Engineer, Disciplinary Engineering and Science - Materials Science","Projects & Contracts","San Donato Milanese, Italy","2026-04-08T00:00:00.000+0000","https://bakerhughes.wd5.myworkdayjobs.com/BakerHughes/job/IT-MI-SAN-DONATO-MILANESE-VIA-XXV-APRILE-2/Senior-Engineer--Disciplinary-Engineering-and-Science---Materials-Science_R162643/apply"
"United States of America","Baker Hughes","Senior Project Installation Manager","Projects & Contracts","Houston, United States of America","2026-04-08T00:00:00.000+0000","https://bakerhughes.wd5.myworkdayjobs.com/BakerHughes/job/US-TX-HOUSTON-575-N-DAIRY-ASHFORD-RD-ENERGY-CENTER-II-EC2/Senior-Project-Installation-Manager_R161262/apply"
"South Africa","Baker Hughes","Embedded Software Development Engineer","IT & Digital","South Africa","2026-04-08T00:00:00.000+0000","https://bakerhughes.wd5.myworkdayjobs.com/BakerHughes/job/ZA-Century-City-Cape-Town-The-Matrix-2G-and-2F-1-Bridgeway/Embedded-Software-Development-Engineer_R148394/apply"
"Brazil","Baker Hughes","Senior Tender Manager (Team Leader)","Sales & Marketing","Rio de Janeiro, Brazil","2026-04-08T00:00:00.000+0000","https://bakerhughes.wd5.myworkdayjobs.com/BakerHughes/job/BR-RJ-RIO-DE-JANEIRO-RETIC-ILHA-DO-FUNDAO-R36-2757/Senior-Tender-Manager--Team-Leader-_R162460/apply"
"United States of America","Baker Hughes","Area Operations Manager - Downstream Chemicals","Operations & Maintenance","Anchorage, United States of America","2026-04-08T00:00:00.000+0000","https://bakerhughes.wd5.myworkdayjobs.com/BakerHughes/job/US-AK-ANCHORAGE-795-EAST-94TH-AVENUE/Area-Operations-Manager---Downstream-Chemicals_R162860/apply"
"India","Baker Hughes","Advance Process Control and Optimization Delivery Lead","Operations & Maintenance","Mumbai, India","2026-04-08T00:00:00.000+0000","https://bakerhughes.wd5.myworkdayjobs.com/BakerHughes/job/IN-MH-MUMBAI-HIRANANDANI-BUSINESS-PARK-POWAI/Advance-Process-Control-and-Optimization-Delivery-Lead_R162600/apply"
"UK","Baker Hughes","Project Quality Specialist","Projects & Contracts","Newcastle-Upon-Tyne, UK","2026-04-08T00:00:00.000+0000","https://bakerhughes.wd5.myworkdayjobs.com/BakerHughes/job/GB-NEWCASTLE-UPON-TYNE-WINCOMBLEE-ROAD-WELLSTREAM-HOUSE/Project-Quality-Specialist_R160106/apply"
"Saudi Arabia","Baker Hughes","Field Specialist - Directional Drilling","Drilling & Wells","Dhahran, Saudi Arabia","2026-04-08T00:00:00.000+0000","https://bakerhughes.wd5.myworkdayjobs.com/BakerHughes/job/SA-DHAHRAN-ABQAIQ-HIGHWAY/Field-Specialist---Directional-Drilling_R161427/apply"
"Saudi Arabia","Baker Hughes","Shop Operator - Rotor Repairs","Operations & Maintenance","Dammam, Saudi Arabia","2026-04-08T00:00:00.000+0000","https://bakerhughes.wd5.myworkdayjobs.com/BakerHughes/job/SA-DAMMAM-2nd-Industrial-City-Modon-facility-Plot-No-005TS00036-PO-Box-31952/Shop-Operator---Gas-Tech-Services_R162543/apply"
"United States of America","Baker Hughes","ACCOUNT MANAGER-DRILLING SERVICES-MIDLAND,TX","Drilling & Wells","Midland, United States of America","2026-03-31T00:00:00.000+0000","https://bakerhughes.wd5.myworkdayjobs.com/BakerHughes/job/US-TX-MIDLAND-2105-MARKET-STREET/ACCOUNT-MANAGER-DRILLING-SERVICES-MIDLAND-TX_R162515/apply"
"Italy","Baker Hughes","GTS Site Manager","Management & Administration","Florence, Italy","2026-04-08T00:00:00.000+0000","https://bakerhughes.wd5.myworkdayjobs.com/BakerHughes/job/IT-FI-FLORENCE-VIA-FELICE-MATTEUCCI-2/GTS-Site-Manager_R156398/apply"
"India","Baker Hughes","Lead Quality Assurance Engineering Specialist","Management & Administration","Bangalore, India","2026-04-08T00:00:00.000+0000","https://bakerhughes.wd5.myworkdayjobs.com/BakerHughes/job/IN-KA-BANGALORE-NEON-BUILDING-WEST-TOWER/Lead-Quality-Assurance-Engineering-Specialist_R162394/apply"
"Brazil","Baker Hughes","Senior Tender Manager","Sales & Marketing","Rio de Janeiro, Brazil","2026-04-08T00:00:00.000+0000","https://bakerhughes.wd5.myworkdayjobs.com/BakerHughes/job/BR-RJ-RIO-DE-JANEIRO-RETIC-ILHA-DO-FUNDAO-R36-2757/Senior-Tender-Manager_R162461/apply"
"Kenya","Baker Hughes","Solids Control Operator","Operations & Maintenance","Nairobi, Kenya","2026-04-08T00:00:00.000+0000","https://bakerhughes.wd5.myworkdayjobs.com/BakerHughes/job/KE-Nairobi-Nairobi-The-Address-Building-off-Waiyaki-Way/Field-Operator---OFS-Drilling-and-Completions-Fluids_R162494/apply"
"Italy","Baker Hughes","Sr Services Manager - Contract Performance Mgmt","Projects & Contracts","Florence, Italy","2026-04-03T00:00:00.000+0000","https://bakerhughes.wd5.myworkdayjobs.com/BakerHughes/job/IT-FI-FLORENCE-VIA-FELICE-MATTEUCCI-2/Sr-Services-Manager---Contract-Performance-Mgmt_R159661-1/apply"
"India","Baker Hughes","Digital Technology Specialist - Technical Product Management","IT & Digital","Bangalore, India","2026-04-09T00:00:00.000+0000","https://bakerhughes.wd5.myworkdayjobs.com/BakerHughes/job/IN-KA-BANGALORE-NEON-BUILDING-WEST-TOWER/Digital-Technology-Specialist---Technical-Product-Management_R162451/apply"
"Italy","Baker Hughes","Sourcing Senior Team leader - Buying/Procurement","Projects & Contracts","Florence, Italy","2026-04-08T00:00:00.000+0000","https://bakerhughes.wd5.myworkdayjobs.com/BakerHughes/job/IT-FI-FLORENCE-VIA-FELICE-MATTEUCCI-2/Sourcing-Senior-Team-leader---Buying-Procurement_R160768-1/apply"
"Italy","Baker Hughes","Manufacturing Professional - Manuf Eng Specialist","Other","Talamona, Italy","2026-04-09T00:00:00.000+0000","https://bakerhughes.wd5.myworkdayjobs.com/BakerHughes/job/IT-SO-TALAMONA-VIA-ROMA-32/Manufacturing-Professional---Manuf-Eng-Specialist_R161870-1/apply"
"Italy","Baker Hughes","Senior Engineer, Product Design and Engineering - Mechanical","Operations & Maintenance","Florence, Italy","2026-04-09T00:00:00.000+0000","https://bakerhughes.wd5.myworkdayjobs.com/BakerHughes/job/IT-FI-FLORENCE-VIA-FELICE-MATTEUCCI-2/Senior-Engineer--Product-Design-and-Engineering---Mechanical_R161490-1/apply"
"UK","Baker Hughes","Emerging Talent – Engineering Intern 2026 Opportunities (Ashby)","HR & Training","Ashby de la Zouch, UK","2026-04-09T00:00:00.000+0000","https://bakerhughes.wd5.myworkdayjobs.com/BakerHughes/job/GB-Ashby-de-la-Zouch-Power-House-Excelsior-Road/Emerging-Talent---Engineering-Intern-2026-Opportunities--Ashby-_R159894/apply"
"UAE","Baker Hughes","Sales Specialist - Commercial Excellence","Finance & Commercial","Dubai, UAE","2026-04-09T00:00:00.000+0000","https://bakerhughes.wd5.myworkdayjobs.com/BakerHughes/job/AE-DUBAI-TECHNO-PARK/Sales-Specialist---Commercial-Excellence_R162048/apply"
"Norway","Baker Hughes","Remote Data Engineer","IT & Digital","Tananger, Norway","2026-04-09T00:00:00.000+0000","https://bakerhughes.wd5.myworkdayjobs.com/BakerHughes/job/NO-ROGALAND-TANANGER-Kontinentalveien-8-N-4056/Remote-Data-Engineer_R157834-1/apply"
"France","Baker Hughes","Ingénieur(e) de service terrain (F/H)","Other","Dardilly, France","2026-04-07T00:00:00.000+0000","https://bakerhughes.wd5.myworkdayjobs.com/BakerHughes/job/FR-Auvergne-Rhne-Alpes-Dardilly-15-chemin-du-Plateau/Ingnieur-e--de-service-terrain--F-H-_R161818/apply"
"India","Baker Hughes","Shop/Plan Operator-Entry","Operations & Maintenance","Coimbatore, India","2026-04-09T00:00:00.000+0000","https://bakerhughes.wd5.myworkdayjobs.com/BakerHughes/job/IN-Tamil-Nadu-Coimbatore-SF-No-608-Chettipalayam-Road-Eachanari-Post-Consolidation/Shop-Plan-Operator-Entry_R162976/apply"
"India","Baker Hughes","Lead Engineer, Customer Order Engineering - Mechanical","Operations & Maintenance","Coimbatore, India","2026-04-09T00:00:00.000+0000","https://bakerhughes.wd5.myworkdayjobs.com/BakerHughes/job/IN-Tamil-Nadu-Coimbatore-SF-No-608-Chettipalayam-Road-Eachanari-Post-Consolidation/Lead-Engineer--Customer-Order-Engineering---Mechanical_R161882-1/apply"
"Italy","Baker Hughes","Senior Systems Engineer - Digital Services","IT & Digital","Florence, Italy","2026-04-09T00:00:00.000+0000","https://bakerhughes.wd5.myworkdayjobs.com/BakerHughes/job/IT-FI-FLORENCE-VIA-FELICE-MATTEUCCI-2/Senior-Systems-Engineer---Digital-Services_R161266-1/apply"
"India","Baker Hughes","Field Specialist-I","Other","Taloja, India","2026-04-09T00:00:00.000+0000","https://bakerhughes.wd5.myworkdayjobs.com/BakerHughes/job/IN-TALOJA-SRV-NO-991A3--991A2-PT-VILAGE-VAVANJE-RAIGAD-DIS/Field-Specialist-I_R161079-1/apply"
"India","Baker Hughes","Field Specialist II","Other","Taloja, India","2026-04-09T00:00:00.000+0000","https://bakerhughes.wd5.myworkdayjobs.com/BakerHughes/job/IN-TALOJA-SRV-NO-991A3--991A2-PT-VILAGE-VAVANJE-RAIGAD-DIS/Field-Specialist-II_R161080/apply"
"UAE","Baker Hughes","Sourcing Specialist - Commodity Management","Other","Jebel Ali, UAE","2026-04-09T00:00:00.000+0000","https://bakerhughes.wd5.myworkdayjobs.com/BakerHughes/job/AE-DUBAI-JEBEL-ALI-PLOT-MO0531-ROAD-N302/Sourcing-Specialist---Commodity-Management_R160951/apply"
"Czechia","Baker Hughes","Material Handler/ Operator-Intermediate","Operations & Maintenance","Pilsen, Czechia","2026-04-09T00:00:00.000+0000","https://bakerhughes.wd5.myworkdayjobs.com/BakerHughes/job/CZ-DOUDLEVCE-PILSEN-EDVARDA-BENESE-56439/Material-Handler--Operator-Intermediate_R162170/apply"
"Italy","Baker Hughes","Field Specialist I - SVS - CC_FLD-F","Other","Florence, Italy","2026-04-09T00:00:00.000+0000","https://bakerhughes.wd5.myworkdayjobs.com/BakerHughes/job/IT-FI-FLORENCE-VIA-FELICE-MATTEUCCI-2/Field-Specialist-I---SVS---CC-FLD-F_R160161-1/apply"
"Italy","Baker Hughes","Field Specialist I - SVS - CC_FLD-F","Other","Florence, Italy","2026-04-09T00:00:00.000+0000","https://bakerhughes.wd5.myworkdayjobs.com/BakerHughes/job/IT-FI-FLORENCE-VIA-FELICE-MATTEUCCI-2/Field-Specialist-I---SVS---CC-FLD-F_R160162/apply"
"United States of America","Baker Hughes","Field Specialist III - LWD/DD","Other","Midland, United States of America","2026-04-09T00:00:00.000+0000","https://bakerhughes.wd5.myworkdayjobs.com/BakerHughes/job/US-TX-MIDLAND-2105-MARKET-STREET/Field-Specialist-III---LWD-DD_R160303/apply"
"United States of America","Baker Hughes","Enterprise Customer Experience Director","Sales & Marketing","Houston, United States of America","2026-04-09T00:00:00.000+0000","https://bakerhughes.wd5.myworkdayjobs.com/BakerHughes/job/US-TX-HOUSTON-575-N-DAIRY-ASHFORD-RD-ENERGY-CENTER-II-EC2/Enterprise-Customer-Experience-Director_R159349-1/apply"
"Italy","Baker Hughes","Field Specialist I - SVS - CC_FLD-F","Other","Florence, Italy","2026-04-09T00:00:00.000+0000","https://bakerhughes.wd5.myworkdayjobs.com/BakerHughes/job/IT-FI-FLORENCE-VIA-FELICE-MATTEUCCI-2/Field-Specialist-I---SVS---CC-FLD-F_R160160-1/apply"
"UK","Baker Hughes","Commercial Development Manager","Finance & Commercial","London, UK","2026-04-09T00:00:00.000+0000","https://bakerhughes.wd5.myworkdayjobs.com/BakerHughes/job/GB-LONDON-245-HAMMERSMITH-ROAD/Commercial-Development-Manager_R161741/apply"
"United States of America","Baker Hughes","Warehouse Operator","Operations & Maintenance","Houston, United States of America","2026-04-09T00:00:00.000+0000","https://bakerhughes.wd5.myworkdayjobs.com/BakerHughes/job/US-TX-HOUSTON-13717-WEST-HARDY-ROAD/Warehouse-Operator_R158436/apply"
