"Country","Company","Title","Category","Location","Date Posted","Link"
"United States","Halliburton","Sales Representative - Industrial Minerals","Sales & Marketing","Houston, TX , United States","","https://careers.halliburton.com/en/job/houston/sales-representative-industrial-minerals/543/93472155440"
"Brazil","Halliburton","Brasil-RJ-Macaé: Business Development - Testing and Subsea","Operations","Macaé, Rio de Janeiro , Brazil","","https://careers.halliburton.com/en/job/macae/brasil-rj-macae-business-development-testing-and-subsea/543/93472155424"
"United States","Halliburton","Material Coordinator (I-III)","Manufacturing & Supply Chain","Duncan, OK , United States","","https://careers.halliburton.com/en/job/duncan/material-coordinator-i-iii/543/93472155408"
"Canada","Halliburton","MWD Associate Field Professional - Field Prof. II - Sperry Drilling Services","Operations","Nisku, Alberta , Canada","","https://careers.halliburton.com/en/job/nisku/mwd-associate-field-professional-field-prof-ii-sperry-drilling-services/543/93465271632"
"Canada","Halliburton","Well Control Specialist (II - III - IV) - Boots & Coots","Operations","Calgary, Alberta , Canada","","https://careers.halliburton.com/en/job/calgary/well-control-specialist-ii-iii-iv-boots-and-coots/543/93461614704"
"United States","Halliburton","Assembly & Repair Technician (I-III) Artificial Lift-207563","Operations","Oklahoma City, OK , United States","","https://careers.halliburton.com/en/job/oklahoma-city/assembly-and-repair-technician-i-iii-artificial-lift-207563/543/93461614688"
"United States","Halliburton","Nightshift Bulk Material Operator I-II - Cement - 207696","Operations","Montgomery, PA , United States","","https://careers.halliburton.com/en/job/montgomery/nightshift-bulk-material-operator-i-ii-cement-207696/543/93461614672"
"Ecuador","Halliburton","Ecuador-Francisco de Orellana-Supervisor de Control de Sólidos II-Baroid","Operations","Coca, Provincia del Azuay , Ecuador","","https://careers.halliburton.com/en/job/coca/ecuador-francisco-de-orellana-supervisor-de-control-de-solidos-ii-baroid/543/92584513280"
"United States","Halliburton","US Odessa: Operator Assistant Trainee - Frac/Acid","Operations","Odessa, TX , United States","","https://careers.halliburton.com/en/job/odessa/us-odessa-operator-assistant-trainee-frac-acid/543/93455744896"
"United States","Halliburton","Service Operator I-II - Service Specialist - Frac/Acid","Operations","Odessa, TX , United States","","https://careers.halliburton.com/en/job/odessa/service-operator-i-ii-service-specialist-frac-acid/543/93455744880"
"United States","Halliburton","US Odessa: Operator Assistant II - Frac/Acid","Operations","Odessa, TX , United States","","https://careers.halliburton.com/en/job/odessa/us-odessa-operator-assistant-ii-frac-acid/543/93455744848"
"United Kingdom","Halliburton","Customer Service Specialist","Manufacturing & Supply Chain","Arbroath, Scotland , United Kingdom","","https://careers.halliburton.com/en/job/arbroath/customer-service-specialist/543/93455744816"
"Canada","Halliburton","Electronic Technician II - Electro-Mechanical Technician - 207557","Maintenance","Clairmont, Alberta , Canada","","https://careers.halliburton.com/en/job/clairmont/electronic-technician-ii-electro-mechanical-technician-207557/543/93434826688"
"Kuwait","Halliburton","Kwait - Ahmadi: MPD Consultant Commuter - Testing and Subsea","Operations","Al Ahmadi, Al Aḩmadī , Kuwait","","https://careers.halliburton.com/en/job/al-ahmadi/kwait-ahmadi-mpd-consultant-commuter-testing-and-subsea/543/88640522688"
"Norway","Halliburton","LEAD ENGINEER - SERVICES & PROJECT EXECUTION","Engineering/Science/Technology","Notodden, Vestfold og Telemark , Norway","","https://careers.halliburton.com/en/job/notodden/lead-engineer-services-and-project-execution/543/93449941616"
"Norway","Halliburton","PROJECT ENGINEER - SERVICES","Engineering/Science/Technology","Notodden, Vestfold og Telemark , Norway","","https://careers.halliburton.com/en/job/notodden/project-engineer-services/543/93449941600"
"Romania","Halliburton","Romania_Ploiesti Internship","Administrative Services","Ploieşti, Prahova , Romania","","https://careers.halliburton.com/en/job/ploiesti/romania-ploiesti-internship/543/92601259984"
"Saudi Arabia","Halliburton","Svc Leader-HWO","Operations","Khobar, Eastern Province , Saudi Arabia","","https://careers.halliburton.com/en/job/khobar/svc-leader-hwo/543/93449941568"
"Singapore","Halliburton","Intern","Administrative Services","Singapore, Singapore , Singapore","","https://careers.halliburton.com/en/job/singapore/intern/543/93449941552"
"Russia","Halliburton","Svc Spec III-Completions","Operations","Aksaitovo, Bashkortostan Republic , Russia","","https://careers.halliburton.com/en/job/aksaitovo/svc-spec-iii-completions/543/92115903744"
"Russia","Halliburton","Svc Spec II-Completions","Operations","Aksaitovo, Bashkortostan Republic , Russia","","https://careers.halliburton.com/en/job/aksaitovo/svc-spec-ii-completions/543/91823997008"
"Kazakhstan","Halliburton","Tech Prof-Cementing, Assoc","Engineering/Science/Technology|Operations","Atyrau, Atyraū Oblysy , Kazakhstan","","https://careers.halliburton.com/en/job/atyrau/tech-prof-cementing-assoc/543/92717382976"
"Romania","Halliburton","Svc Operator II-Cementing","Operations","Ploieşti, Prahova , Romania","","https://careers.halliburton.com/en/job/ploiesti/svc-operator-ii-cementing/543/91823996992"
"Qatar","Halliburton","Field Prof, L&P","Engineering/Science/Technology","Doha, Baladīyat ad Dawḩah , Qatar","","https://careers.halliburton.com/en/job/doha/field-prof-l-and-p/543/93449941424"
"United Arab Emirates","Halliburton","Service Operator II-Slickline","Operations","Abu Dhabi, Abu Dhabi Emirate , United Arab Emirates","","https://careers.halliburton.com/en/job/abu-dhabi/service-operator-ii-slickline/543/91611418160"
"Malaysia","Halliburton","HPM Project Services & Materials Coordinator","Operations","Kuala Lumpur, Kuala Lumpur , Malaysia","","https://careers.halliburton.com/en/job/kuala-lumpur/hpm-project-services-and-materials-coordinator/543/93449941392"
"Malaysia","Halliburton","Planning & Control Analyst","Engineering/Science/Technology","Kuala Lumpur, Kuala Lumpur , Malaysia","","https://careers.halliburton.com/en/job/kuala-lumpur/planning-and-control-analyst/543/93449941360"
"Vietnam","Halliburton","Procurement Specialist - Procurement Specialist, Sr","Procurement, Materials, & Logistics","Ho Chi Minh City, Ho Chi Minh , Vietnam","","https://careers.halliburton.com/en/job/ho-chi-minh-city/procurement-specialist-procurement-specialist-sr/543/93449941344"
"Singapore","Halliburton","MSL - Intern","Administrative Services","Singapore, Singapore , Singapore","","https://careers.halliburton.com/en/job/singapore/msl-intern/543/92666279248"
"Thailand","Halliburton","Accountant","Finance & Accounting","Bangkok, Bangkok , Thailand","","https://careers.halliburton.com/en/job/bangkok/accountant/543/87506906400"
"Singapore","Halliburton","R&D Mechanical Engineer, Associate - R&D Mechanical Engineer","Engineering/Science/Technology","Singapore, Singapore , Singapore","","https://careers.halliburton.com/en/job/singapore/r-and-d-mechanical-engineer-associate-r-and-d-mechanical-engineer/543/93449941264"
"United States","Halliburton","Houston, Texas /Oslo, Norway: Head of Developer Experience","Engineering/Science/Technology","Houston, TX , United States","","https://careers.halliburton.com/en/job/houston/houston-texas-oslo-norway-head-of-developer-experience/543/93434826544"
"Ecuador","Halliburton","Ecuador-Francisco de Orellana- Especialista de Recursos-Wireline and Perforating","Operations","Coca, Provincia del Azuay , Ecuador","","https://careers.halliburton.com/en/job/coca/ecuador-francisco-de-orellana-especialista-de-recursos-wireline-and-perforating/543/93395380560"
"United States","Halliburton","R&D Mechanical Engineer - Senior R&D Mechanical Engineer - Completion Tools","Engineering/Science/Technology","Spring, TX , United States","","https://careers.halliburton.com/en/job/spring/r-and-d-mechanical-engineer-senior-r-and-d-mechanical-engineer-completion-tools/543/93434826656"
"United States","Halliburton","R&D Mechanical Engineer  - Testing and Subsea","Engineering/Science/Technology","Carrollton, TX , United States","","https://careers.halliburton.com/en/job/carrollton/r-and-d-mechanical-engineer-testing-and-subsea/543/93434826624"
"United States","Halliburton","R&M Electrical Technician (I - II - III) - Sperry Drilling","Maintenance","Houston, TX , United States","","https://careers.halliburton.com/en/job/houston/r-and-m-electrical-technician-i-ii-iii-sperry-drilling/543/93434826608"
"United States","Halliburton","Service Coordinator - Cementing","Operations|Training & Development","Odessa, TX , United States","","https://careers.halliburton.com/en/job/odessa/service-coordinator-cementing/543/93434826592"
"United States","Halliburton","Senior Developer Advocate","Engineering/Science/Technology","Houston, TX , United States","","https://careers.halliburton.com/en/job/houston/senior-developer-advocate/543/93434826576"
"United States","Halliburton","Head of Architecture","Engineering/Science/Technology","Houston, TX , United States","","https://careers.halliburton.com/en/job/houston/head-of-architecture/543/93434826560"
"United States","Halliburton","Tech Advisor-Software Dev, Sr","Engineering/Science/Technology","Houston, TX , United States","","https://careers.halliburton.com/en/job/houston/tech-advisor-software-dev-sr/543/93426745408"
"United States","Halliburton","Maint-Prof, Sr-L&P","Operations","New Iberia, LA , United States","","https://careers.halliburton.com/en/job/new-iberia/maint-prof-sr-l-and-p/543/93426745392"
"United States","Halliburton","Well Control Specialist (II - III - IV) - Boots & Coots","Operations","Houston, TX , United States","","https://careers.halliburton.com/en/job/houston/well-control-specialist-ii-iii-iv-boots-and-coots/543/93426745376"
"United States","Halliburton","Head of Product Accelerators","Engineering/Science/Technology","Houston, TX , United States","","https://careers.halliburton.com/en/job/houston/head-of-product-accelerators/543/93422447424"
"United States","Halliburton","Natural Gas Treatment Engineer (Senior - Principal - Advisor) Power Generation","Engineering/Science/Technology","Houston, TX , United States","","https://careers.halliburton.com/en/job/houston/natural-gas-treatment-engineer-senior-principal-advisor-power-generation/543/93422447408"
"United States","Halliburton","Assembly & Repair Technician I - Artificial Lift","Operations","Tulsa, OK , United States","","https://careers.halliburton.com/en/job/tulsa/assembly-and-repair-technician-i-artificial-lift/543/93422447392"
"Performance Advisor","Halliburton","HAL2","Khobar, Eastern Province , Saudi Arabia","Sr, Performance Advisor","Engineering/Science/Technology",""
"Saudi Arabia","Halliburton","Planning & Control Analyst","Engineering/Science/Technology","Khobar, Eastern Province , Saudi Arabia","","https://careers.halliburton.com/en/job/khobar/planning-and-control-analyst/543/93422447360"
"Saudi Arabia","Halliburton","Well Site Supervisor II","Operations","Khobar, Eastern Province , Saudi Arabia","","https://careers.halliburton.com/en/job/khobar/well-site-supervisor-ii/543/93422447344"
"Saudi Arabia","Halliburton","Well Site Supervisor I","Operations","Khobar, Eastern Province , Saudi Arabia","","https://careers.halliburton.com/en/job/khobar/well-site-supervisor-i/543/93422447328"
"Saudi Arabia","Halliburton","Superintendent","Operations","Khobar, Eastern Province , Saudi Arabia","","https://careers.halliburton.com/en/job/khobar/superintendent/543/93422447312"
"Suriname","Halliburton","Suriname - Paramaribo: Well Engineer - Project Management","Operations","Paramaribo, Distrikt Paramaribo , Suriname","","https://careers.halliburton.com/en/job/paramaribo/suriname-paramaribo-well-engineer-project-management/543/93422447280"
"United States","Halliburton","LS30-ESG-Field Prof-General, L&P Seismic","Operations","New Iberia, LA , United States","","https://careers.halliburton.com/en/job/new-iberia/ls30-esg-field-prof-general-l-and-p-seismic/543/93127733008"
"United States","Halliburton","Associate Mechanical Assembler - Senior Mechanical Assembler","Manufacturing & Supply Chain","Alvarado, TX , United States","","https://careers.halliburton.com/en/job/alvarado/associate-mechanical-assembler-senior-mechanical-assembler/543/93395380624"
"Mexico","Halliburton","Reforma, Chiapas, Mexico - Supervisor de Slickline - Wireline and Perforating","Operations","Reforma, Reforma, Chiapas , Mexico","","https://careers.halliburton.com/en/job/reforma/reforma-chiapas-mexico-supervisor-de-slickline-wireline-and-perforating/543/93384546032"
"United States","Halliburton","Senior Manager, Network and Perimeter Security","Information Technology","Houston, TX , United States","","https://careers.halliburton.com/en/job/houston/senior-manager-network-and-perimeter-security/543/93416836864"
"United States","Halliburton","IT Manager - Senior IT Manager","Information Technology","Houston, TX , United States","","https://careers.halliburton.com/en/job/houston/it-manager-senior-it-manager/543/91911719376"
"United States","Halliburton","R&M Electrical Technician (I - II - III) - Sperry Drilling","Maintenance","Houston, TX , United States","","https://careers.halliburton.com/en/job/houston/r-and-m-electrical-technician-i-ii-iii-sperry-drilling/543/93416836832"
"Saudi Arabia","Halliburton","Svc Operator I-HWO","Operations","Khobar, Eastern Province , Saudi Arabia","","https://careers.halliburton.com/en/job/khobar/svc-operator-i-hwo/543/93416836800"
"United States","Halliburton","US Lafayette: HR Specialist I - HR Specialist II","Human Resources","Lafayette, LA , United States","","https://careers.halliburton.com/en/job/lafayette/us-lafayette-hr-specialist-i-hr-specialist-ii/543/93416836784"
"India","Halliburton","Technical Professional- Data Science/ Senior/ Principal","Engineering/Science/Technology","Pune, Maharashtra , India","","https://careers.halliburton.com/en/job/pune/technical-professional-data-science-senior-principal/543/92153002768"
"Saudi Arabia","Halliburton","Internship Program","Administrative Services","Khobar, Eastern Province , Saudi Arabia","","https://careers.halliburton.com/en/job/khobar/internship-program/543/93411301008"
"Saudi Arabia","Halliburton","Quality Assurance / Quality Control Inspector","Manufacturing & Supply Chain|Quality","Jubail, Eastern Province , Saudi Arabia","","https://careers.halliburton.com/en/job/jubail/quality-assurance-quality-control-inspector/543/93411300992"
"Azerbaijan","Halliburton","Unit Mgr-SDL, Sr","Engineering/Science/Technology","Baku, Baku City , Azerbaijan","","https://careers.halliburton.com/en/job/baku/unit-mgr-sdl-sr/543/93411300960"
"Saudi Arabia","Halliburton","Senior Quality Assurance / Quality Control Coordinator","Quality","Khobar, Eastern Province , Saudi Arabia","","https://careers.halliburton.com/en/job/khobar/senior-quality-assurance-quality-control-coordinator/543/93411300944"
"Saudi Arabia","Halliburton","Internship Program","Administrative Services","Khobar, Eastern Province , Saudi Arabia","","https://careers.halliburton.com/en/job/khobar/internship-program/543/93411300928"
"Saudi Arabia","Halliburton","Material Coordinator III","Manufacturing & Supply Chain","Jubail, Eastern Province , Saudi Arabia","","https://careers.halliburton.com/en/job/jubail/material-coordinator-iii/543/93411300912"
"Saudi Arabia","Halliburton","Internship Program","Administrative Services","Khobar, Eastern Province , Saudi Arabia","","https://careers.halliburton.com/en/job/khobar/internship-program/543/93411300896"
"Saudi Arabia","Halliburton","Operator Asst I-HWO","Operations","Khobar, Eastern Province , Saudi Arabia","","https://careers.halliburton.com/en/job/khobar/operator-asst-i-hwo/543/93411300880"
"Norway","Halliburton","EXTERNAL R&M Electrical Tech I","Maintenance","Stavanger, Rogaland , Norway","","https://careers.halliburton.com/en/job/stavanger/external-r-and-m-electrical-tech-i/543/93411300864"
"Norway","Halliburton","R&M Electrical Tech II","Maintenance","Stavanger, Rogaland , Norway","","https://careers.halliburton.com/en/job/stavanger/r-and-m-electrical-tech-ii/543/93411300848"
"Egypt","Halliburton","Tech Prof-Completions, Assoc","Engineering/Science/Technology","Cairo, Cairo Governorate , Egypt","","https://careers.halliburton.com/en/job/cairo/tech-prof-completions-assoc/543/93411300832"
"China","Halliburton","CN-Tianjin-AL14-ESG-Test Technician I-207583","Operations","Tianjin, Tianjin Municipality , China","","https://careers.halliburton.com/en/job/tianjin/cn-tianjin-al14-esg-test-technician-i-207583/543/93411300816"
"United Kingdom","Halliburton","Mgr, PSL Business Segment Ops","Operations","Aberdeen, Scotland , United Kingdom","","https://careers.halliburton.com/en/job/aberdeen/mgr-psl-business-segment-ops/543/93411300800"
"Saudi Arabia","Halliburton","Service Specialist I - Plug & Perforating","Operations","Khobar, Eastern Province , Saudi Arabia","","https://careers.halliburton.com/en/job/khobar/service-specialist-i-plug-and-perforating/543/93411300768"
"Saudi Arabia","Halliburton","Service Supervisor I-Slickline","Operations","Khobar, Eastern Province , Saudi Arabia","","https://careers.halliburton.com/en/job/khobar/service-supervisor-i-slickline/543/93411300752"
"Saudi Arabia","Halliburton","Service Operator I-Slickline","Operations","Khobar, Eastern Province , Saudi Arabia","","https://careers.halliburton.com/en/job/khobar/service-operator-i-slickline/543/93411300736"
"Saudi Arabia","Halliburton","Sr. Field Professional -Logging and Perforating Cased Hole","Operations","Khobar, Eastern Province , Saudi Arabia","","https://careers.halliburton.com/en/job/khobar/sr-field-professional-logging-and-perforating-cased-hole/543/93411300720"
"Saudi Arabia","Halliburton","Service Supervisor I-Slickline","Operations","Khobar, Eastern Province , Saudi Arabia","","https://careers.halliburton.com/en/job/khobar/service-supervisor-i-slickline/543/93411300704"
"China","Halliburton","FF09-ESG-Tool Tech I","Operations","Tianjin, Tianjin Municipality , China","","https://careers.halliburton.com/en/job/tianjin/ff09-esg-tool-tech-i/543/93411300656"
"Saudi Arabia","Halliburton","Operator Assistant II-Logging & Perforating","Operations","Khobar, Eastern Province , Saudi Arabia","","https://careers.halliburton.com/en/job/khobar/operator-assistant-ii-logging-and-perforating/543/93411300640"
"Saudi Arabia","Halliburton","Sr. Field professional, -Logging & Perforating","Engineering/Science/Technology","Khobar, Eastern Province , Saudi Arabia","","https://careers.halliburton.com/en/job/khobar/sr-field-professional-logging-and-perforating/543/93411300608"
"Italy","Halliburton","Italy-Ortona_Internship","Engineering/Science/Technology|Administrative Services","Ortona, Abruzzo , Italy","","https://careers.halliburton.com/en/job/ortona/italy-ortona-internship/543/92717382912"
"Pakistan","Halliburton","Accountant","Finance & Accounting","Islamabad, Islamabad , Pakistan","","https://careers.halliburton.com/en/job/islamabad/accountant/543/93411290992"
"China","Halliburton","Operator Asst I-Sand Control","Operations","Tianjin, Tianjin Municipality , China","","https://careers.halliburton.com/en/job/tianjin/operator-asst-i-sand-control/543/93411290976"
"Malaysia","Halliburton","Procurement Specialist-Senior","Procurement, Materials, & Logistics","Kuala Lumpur, Kuala Lumpur , Malaysia","","https://careers.halliburton.com/en/job/kuala-lumpur/procurement-specialist-senior/543/93411290960"
"New Zealand","Halliburton","Associate HSE Coordinator - HSE Coordinator","HSE","New Plymouth, Taranaki , New Zealand","","https://careers.halliburton.com/en/job/new-plymouth/associate-hse-coordinator-hse-coordinator/543/93411290944"
"China","Halliburton","Production Planner","Manufacturing & Supply Chain","Tianjin, Tianjin Municipality , China","","https://careers.halliburton.com/en/job/tianjin/production-planner/543/93411290928"
"Guyana","Halliburton","DEEP Program Guyana 2026","Engineering/Science/Technology","Georgetown, Demerara-Mahaica Region , Guyana","","https://careers.halliburton.com/en/job/georgetown/deep-program-guyana-2026/543/93400009136"
"Argentina","Halliburton","DEEP Program Argentina 2026","Operations","Neuquén, Neuquen , Argentina","","https://careers.halliburton.com/en/job/neuquen/deep-program-argentina-2026/543/93400009120"
"Bolivia","Halliburton","Deep Program Bolivia 2026","Operations","Santa Cruz, Departamento de Santa Cruz , Bolivia","","https://careers.halliburton.com/en/job/santa-cruz/deep-program-bolivia-2026/543/93400009104"
"DEEP Program Ecuador 2026","Halliburton","HAL3","Coca, Provincia del Azuay , Ecuador","DEEP Program Ecuador 2026","Operations",""
"Malaysia","Halliburton","Manager, Service Delivery Centre (Real-Estate Services)","Real Estate Services","Kuala Lumpur, Kuala Lumpur , Malaysia","","https://careers.halliburton.com/en/job/kuala-lumpur/manager-service-delivery-centre-real-estate-services/543/92334712960"
"United States","Halliburton","Associate Mechanical Assembler - Mechanical Assembler (Gun Loading Shop)","Manufacturing & Supply Chain","Alvarado, TX , United States","","https://careers.halliburton.com/en/job/alvarado/associate-mechanical-assembler-mechanical-assembler-gun-loading-shop/543/93395380688"
"Colombia","Halliburton","Colombia - Cundinamarca - Cota - Tecnico de laboratorio quimico - Baroid","Engineering/Science/Technology","Siberia, Cota, Cundinamarca , Colombia","","https://careers.halliburton.com/en/job/siberia/colombia-cundinamarca-cota-tecnico-de-laboratorio-quimico-baroid/543/93395380592"
"Suriname","Halliburton","Suriname - Paramaribo: Technician, Sperry Drilling Svcs.","Maintenance","Paramaribo, Distrikt Paramaribo , Suriname","","https://careers.halliburton.com/en/job/paramaribo/suriname-paramaribo-technician-sperry-drilling-svcs/543/93395380528"
"United Kingdom","Halliburton","Machine Learning Geoscientist Internship","Engineering/Science/Technology|Administrative Services","Abingdon, Oxfordshire, England , United Kingdom","","https://careers.halliburton.com/en/job/abingdon/machine-learning-geoscientist-internship/543/93395380480"
"Guyana","Halliburton","Guyana - Georgetown: Service Supervisor III - Coiled Tubing - Production Solutions","Operations","Georgetown, Demerara-Mahaica Region , Guyana","","https://careers.halliburton.com/en/job/georgetown/guyana-georgetown-service-supervisor-iii-coiled-tubing-production-solutions/543/93384545968"
"Guyana","Halliburton","Guyana - Georgetown: Operator Assistant Coiled Tubing - Production Solutions","Operations","Georgetown, Demerara-Mahaica Region , Guyana","","https://careers.halliburton.com/en/job/georgetown/guyana-georgetown-operator-assistant-coiled-tubing-production-solutions/543/93384545936"
"Suriname","Halliburton","Suriname - Paramaribo: Inventory Planner","Procurement, Materials, & Logistics","Paramaribo, Distrikt Paramaribo , Suriname","","https://careers.halliburton.com/en/job/paramaribo/suriname-paramaribo-inventory-planner/543/93299280448"
"United States","Halliburton","Field Prof-General, L&P Seismic","Operations","New Iberia, LA , United States","","https://careers.halliburton.com/en/job/new-iberia/field-prof-general-l-and-p-seismic/543/92701187008"
"United States","Halliburton","Shop Tool Tech I - Completion Tools - 207566","Operations","New Iberia, LA , United States","","https://careers.halliburton.com/en/job/new-iberia/shop-tool-tech-i-completion-tools-207566/543/93388227312"
"Guyana","Halliburton","Guyana - Georgetown: Service Coordinator, Production Solutions","Operations|Training & Development","Georgetown, Demerara-Mahaica Region , Guyana","","https://careers.halliburton.com/en/job/georgetown/guyana-georgetown-service-coordinator-production-solutions/543/93384546016"
"Mexico","Halliburton","Reforma, Chiapas, Mexico - Supervisor de Slickline - Wireline and Perforating-207572","Operations","Reforma, Reforma, Chiapas , Mexico","","https://careers.halliburton.com/en/job/reforma/reforma-chiapas-mexico-supervisor-de-slickline-wireline-and-perforating-207572/543/93384546000"
"Canada","Halliburton","Directional Drilling Field Professional I - Sperry - 206503","Operations","Nisku, Alberta , Canada","","https://careers.halliburton.com/en/job/nisku/directional-drilling-field-professional-i-sperry-206503/543/92088100720"
"United Kingdom","Halliburton","Manufacturing Operator","Operations","Arbroath, Scotland , United Kingdom","","https://careers.halliburton.com/en/job/arbroath/manufacturing-operator/543/93378856832"
"Norway","Halliburton","R&M Mechanical Tech I","Maintenance","Stavanger, Rogaland , Norway","","https://careers.halliburton.com/en/job/stavanger/r-and-m-mechanical-tech-i/543/93378856816"
"Suriname","Halliburton","Suriname - Paramaribo: Field Service Manager - Wireline and Perforating","Operations","Paramaribo, Distrikt Paramaribo , Suriname","","https://careers.halliburton.com/en/job/paramaribo/suriname-paramaribo-field-service-manager-wireline-and-perforating/543/93299280480"
"Saudi Arabia","Halliburton","Service Specialist I-Frac Acid","Operations","Khobar, Eastern Province , Saudi Arabia","","https://careers.halliburton.com/en/job/khobar/service-specialist-i-frac-acid/543/93373257808"
"Saudi Arabia","Halliburton","Service Operator II-Frac Acid","Operations","Khobar, Eastern Province , Saudi Arabia","","https://careers.halliburton.com/en/job/khobar/service-operator-ii-frac-acid/543/93373257792"
"Saudi Arabia","Halliburton","Service Supervisor-I-Frac Acid","Operations","Khobar, Eastern Province , Saudi Arabia","","https://careers.halliburton.com/en/job/khobar/service-supervisor-i-frac-acid/543/93373257776"
"Saudi Arabia","Halliburton","Service Operator I-Frac Acid","Operations","Khobar, Eastern Province , Saudi Arabia","","https://careers.halliburton.com/en/job/khobar/service-operator-i-frac-acid/543/93373257760"
"Saudi Arabia","Halliburton","Service Leader-Frac Acid","Operations","Khobar, Eastern Province , Saudi Arabia","","https://careers.halliburton.com/en/job/khobar/service-leader-frac-acid/543/93373257744"
"Saudi Arabia","Halliburton","Service Supervisor II-Frac Acid","Operations","Khobar, Eastern Province , Saudi Arabia","","https://careers.halliburton.com/en/job/khobar/service-supervisor-ii-frac-acid/543/93373257728"
"Saudi Arabia","Halliburton","Service Operator I-Frac Acid - Entry Level Engineers Program","Operations","Khobar, Eastern Province , Saudi Arabia","","https://careers.halliburton.com/en/job/khobar/service-operator-i-frac-acid-entry-level-engineers-program/543/93373257712"
"Malaysia","Halliburton","Service Leader (Completion Tools)","Operations","Long Miri, Sarawak , Malaysia","","https://careers.halliburton.com/en/job/long-miri/service-leader-completion-tools/543/93373257696"
"Thailand","Halliburton","Talent Acquisition Intern","Human Resources|Administrative Services","Ban Bo Phawong, Nakhon Sawan , Thailand","","https://careers.halliburton.com/en/job/ban-bo-phawong/talent-acquisition-intern/543/93373257680"
"Thailand","Halliburton","Mechanic Technician I-II","Maintenance","Ban Bo Phawong, Nakhon Sawan , Thailand","","https://careers.halliburton.com/en/job/ban-bo-phawong/mechanic-technician-i-ii/543/93373257664"
"Thailand","Halliburton","Electronic Technician I-II","Maintenance","Ban Bo Phawong, Nakhon Sawan , Thailand","","https://careers.halliburton.com/en/job/ban-bo-phawong/electronic-technician-i-ii/543/93373257648"
"Azerbaijan","Halliburton","Account Leader, Sr","Sales & Marketing","Baku, Baku City , Azerbaijan","","https://careers.halliburton.com/en/job/baku/account-leader-sr/543/92834335072"
"Thailand","Halliburton","Mechanic Technician II-III","Maintenance","Ban Bo Phawong, Nakhon Sawan , Thailand","","https://careers.halliburton.com/en/job/ban-bo-phawong/mechanic-technician-ii-iii/543/93373257616"
"Thailand","Halliburton","Foreman-Supervisor (Maintenance)","Maintenance","Ban Bo Phawong, Nakhon Sawan , Thailand","","https://careers.halliburton.com/en/job/ban-bo-phawong/foreman-supervisor-maintenance/543/93373257600"
"Australia","Halliburton","Mechanic Technician","Maintenance","Moomba, South Australia , Australia","","https://careers.halliburton.com/en/job/moomba/mechanic-technician/543/86791004304"
"Australia","Halliburton","Mechanic Technician I","Maintenance","Perth, Western Australia , Australia","","https://careers.halliburton.com/en/job/perth/mechanic-technician-i/543/88037816784"
"Japan","Halliburton","Operator Assistant I (Cementing)","Operations","Niigata, Niigata , Japan","","https://careers.halliburton.com/en/job/niigata/operator-assistant-i-cementing/543/93373257552"
"Vietnam","Halliburton","Account Manager I-III","Sales & Marketing","Ho Chi Minh City, Ho Chi Minh , Vietnam","","https://careers.halliburton.com/en/job/ho-chi-minh-city/account-manager-i-iii/543/93373257536"
"Malaysia","Halliburton","R&M Electrical Tech III-Supervisor","Maintenance","Kampong Kemaman, Terengganu , Malaysia","","https://careers.halliburton.com/en/job/kampong-kemaman/r-and-m-electrical-tech-iii-supervisor/543/93373257520"
"Singapore","Halliburton","Procurement Specialist Associate - Procurement Specialist Senior","Procurement, Materials, & Logistics","Singapore, Singapore , Singapore","","https://careers.halliburton.com/en/job/singapore/procurement-specialist-associate-procurement-specialist-senior/543/93373257504"
"China","Halliburton","Senior Maintenance Technician","Manufacturing & Supply Chain","Tianjin, Tianjin Municipality , China","","https://careers.halliburton.com/en/job/tianjin/senior-maintenance-technician/543/93373257488"
"India","Halliburton","Technical Professional Associate/ Pinnacle Geosciences","Engineering/Science/Technology","Mumbai, Maharashtra , India","","https://careers.halliburton.com/en/job/mumbai/technical-professional-associate-pinnacle-geosciences/543/92872692160"
"Saudi Arabia","Halliburton","Technician-Logging & Perforating, Principle","Operations","Khobar, Eastern Province , Saudi Arabia","","https://careers.halliburton.com/en/job/khobar/technician-logging-and-perforating-principle/543/93341972336"
"Saudi Arabia","Halliburton","Sr. Field Professional - Logging & Perforation Cased Hole","Engineering/Science/Technology","Khobar, Eastern Province , Saudi Arabia","","https://careers.halliburton.com/en/job/khobar/sr-field-professional-logging-and-perforation-cased-hole/543/93341972320"
"Saudi Arabia","Halliburton","Service Operator I-Slickline","Operations","Khobar, Eastern Province , Saudi Arabia","","https://careers.halliburton.com/en/job/khobar/service-operator-i-slickline/543/93341972304"
"Saudi Arabia","Halliburton","Service Coordnator, Logging & Perforating Maintenance","Operations","Khobar, Eastern Province , Saudi Arabia","","https://careers.halliburton.com/en/job/khobar/service-coordnator-logging-and-perforating-maintenance/543/93341972288"
"Kuwait","Halliburton","Logistics Specialist","Procurement, Materials, & Logistics","Al Ahmadi, Al Aḩmadī , Kuwait","","https://careers.halliburton.com/en/job/al-ahmadi/logistics-specialist/543/93336190544"
"Saudi Arabia","Halliburton","Project Manager","Operations","Khobar, Eastern Province , Saudi Arabia","","https://careers.halliburton.com/en/job/khobar/project-manager/543/93336190528"
"Well Site Supervisor I","Halliburton","HAL4","Khobar, Eastern Province , Saudi Arabia","Well Site Supervisor I","Operations",""
"Egypt","Halliburton","ESG-Field Prof, Assoc-L&P","Engineering/Science/Technology","Cairo, Cairo Governorate , Egypt","","https://careers.halliburton.com/en/job/cairo/esg-field-prof-assoc-l-and-p/543/93313872480"
"Trinidad and Tobago","Halliburton","Trinidad - San Fernando: Technical Professional,  Pipeline and Process Services","Operations","San Fernando, San Fernando , Trinidad and Tobago","","https://careers.halliburton.com/en/job/san-fernando/trinidad-san-fernando-technical-professional-pipeline-and-process-services/543/93299280496"
"United States","Halliburton","Bulk Material Operator (I-III) - Cementing","Operations","Duncan, OK , United States","","https://careers.halliburton.com/en/job/duncan/bulk-material-operator-i-iii-cementing/543/93283723728"
"United States","Halliburton","Well Control Specialist (II - III - IV) - Boots & Coots","Operations","Houston, TX , United States","","https://careers.halliburton.com/en/job/houston/well-control-specialist-ii-iii-iv-boots-and-coots/543/93283723680"
"United States","Halliburton","Well Control Specialist (II - III - IV) - Boots & Coots","Operations","Houston, TX , United States","","https://careers.halliburton.com/en/job/houston/well-control-specialist-ii-iii-iv-boots-and-coots/543/93283723632"
"Brazil","Halliburton","Brasil - Rio de Janeiro - Macaé: Programa de Estágio Técnico 2026","Administrative Services","Macaé, Rio de Janeiro , Brazil","","https://careers.halliburton.com/en/job/macae/brasil-rio-de-janeiro-macae-programa-de-estagio-tecnico-2026/543/93277034240"
"France","Halliburton","Associate Technical Professional , Completions","Engineering/Science/Technology","France , France","","https://careers.halliburton.com/en/job/france/associate-technical-professional-completions/543/84986952816"
"France","Halliburton","Associate Technical Professional, cementing","Engineering/Science/Technology","France , France","","https://careers.halliburton.com/en/job/france/associate-technical-professional-cementing/543/84986952832"
"Indonesia","Halliburton","Negara_Brunei Intern","Engineering/Science/Technology|Administrative Services","Negara, Bali , Indonesia","","https://careers.halliburton.com/en/job/negara/negara-brunei-intern/543/93266940768"
"United States","Halliburton","Electrical Engineer (Senior - Principal)","Engineering/Science/Technology","Texas, US , United States","","https://careers.halliburton.com/en/job/texas/electrical-engineer-senior-principal/543/93244815552"
"Romania","Halliburton","Accountant","Finance & Accounting","Bucharest, București , Romania","","https://careers.halliburton.com/en/job/bucharest/accountant/543/88298558832"
"Thailand","Halliburton","K397-ESG-Laborer, Foreman","Operations","Ban Bo Phawong, Nakhon Sawan , Thailand","","https://careers.halliburton.com/en/job/ban-bo-phawong/k397-esg-laborer-foreman/543/93261156224"
"Norway","Halliburton","Vedlikeholdsmekaniker - Completion Tools MLT Workshop Bryne","Operations","Stavanger, Rogaland , Norway","","https://careers.halliburton.com/en/job/stavanger/vedlikeholdsmekaniker-completion-tools-mlt-workshop-bryne/543/89824708432"
"Malaysia","Halliburton","Technical Professional-Principal (Completions)","Engineering/Science/Technology","Kuala Lumpur, Kuala Lumpur , Malaysia","","https://careers.halliburton.com/en/job/kuala-lumpur/technical-professional-principal-completions/543/93261156176"
"China","Halliburton","R505-ESG-Account Rep, Bus Dev, Sr","Sales & Marketing","Beijing, Beijing Municipality , China","","https://careers.halliburton.com/en/job/beijing/r505-esg-account-rep-bus-dev-sr/543/93261156144"
"Brazil","Halliburton","Brazil - Rio de Janeiro - Ilha do Fundão: Intern (LSS)","Engineering/Science/Technology|Administrative Services","Rio de Janeiro, Rio de Janeiro , Brazil","","https://careers.halliburton.com/en/job/rio-de-janeiro/brazil-rio-de-janeiro-ilha-do-fundao-intern-lss/543/93227242416"
"Australia","Halliburton","Materials Control Specialist","Procurement, Materials, & Logistics","Roma, Queensland , Australia","","https://careers.halliburton.com/en/job/roma/materials-control-specialist/543/93249460832"
"Norway","Halliburton","Vedlikeholdsmekaniker -  Liner Hanger Workshop (ELH) - Completion Tools","Operations","Stavanger, Rogaland , Norway","","https://careers.halliburton.com/en/job/stavanger/vedlikeholdsmekaniker-liner-hanger-workshop-elh-completion-tools/543/93244815504"
"Argentina","Halliburton","Argentina - Neuquén: Applications Engineer - Drill Bits Svcs","Engineering/Science/Technology","Argentina , Argentina","","https://careers.halliburton.com/en/job/argentina/argentina-neuquen-applications-engineer-drill-bits-svcs/543/93244815456"
"United States","Halliburton","Crane Operator - B&C (I - III)","Operations","Duncan, OK , United States","","https://careers.halliburton.com/en/job/duncan/crane-operator-b-and-c-i-iii/543/93237306176"
"United States","Halliburton","Senior Technical Professional (Manufacturing)","Manufacturing & Supply Chain","Spring, TX , United States","","https://careers.halliburton.com/en/job/spring/senior-technical-professional-manufacturing/543/93237306160"
"United States","Halliburton","Mechanic Technician (I-III) - Maintenance","Maintenance","Williston, ND , United States","","https://careers.halliburton.com/en/job/williston/mechanic-technician-i-iii-maintenance/543/93233314368"
"United States","Halliburton","Electronics Technician - Senior Electronics Technician - Artificial Lift","Manufacturing & Supply Chain","Odessa, TX , United States","","https://careers.halliburton.com/en/job/odessa/electronics-technician-senior-electronics-technician-artificial-lift/543/93233314352"
"United States","Halliburton","Technical Professional - Principal Technical Professional - Elect/Electronics","Engineering/Science/Technology","Alvarado, TX , United States","","https://careers.halliburton.com/en/job/alvarado/technical-professional-principal-technical-professional-elect-electronics/543/93233314336"
"United States","Halliburton","Sustaining Engineering Team Lead","Manufacturing & Supply Chain","Duncan, OK , United States","","https://careers.halliburton.com/en/job/duncan/sustaining-engineering-team-lead/543/93233314320"
"United States","Halliburton","Operator Assistant Trainee","Operations","Duncan, OK , United States","","https://careers.halliburton.com/en/job/duncan/operator-assistant-trainee/543/91652522640"
"United States","Halliburton","Employee Assistance Professional (Embedded) - (Representative - Senior)","Human Resources","Houston, TX , United States","","https://careers.halliburton.com/en/job/houston/employee-assistance-professional-embedded-representative-senior/543/93233314272"
"United Kingdom","Halliburton","Aberdeen - Demand Planning","Procurement, Materials, & Logistics","Aberdeen, Scotland , United Kingdom","","https://careers.halliburton.com/en/job/aberdeen/aberdeen-demand-planning/543/89824708400"
"India","Halliburton","Credit and Risk- Account Analyst/ Representative/ Sr. Representative","Cust Fin Svcs","Bengaluru, Karnataka , India","","https://careers.halliburton.com/en/job/bengaluru/credit-and-risk-account-analyst-representative-sr-representative/543/93221527504"
"United States","Halliburton","Stockpoint Truck Driver - Senior Stockpoint Truck Driver - Baroid","Operations","Westlake, Calcasieu, LA , United States","","https://careers.halliburton.com/en/job/westlake/stockpoint-truck-driver-senior-stockpoint-truck-driver-baroid/543/93221527680"
"Norway","Halliburton","Summer Internship - Oslo - Multidisciplinary Engineering & Technology Intern","Administrative Services","Oslo, Oslo County , Norway","","https://careers.halliburton.com/en/job/oslo/summer-internship-oslo-multidisciplinary-engineering-and-technology-intern/543/93221527664"
"United Kingdom","Halliburton","Mechanical Assembler - Arbroath","Manufacturing & Supply Chain","Arbroath, Scotland , United Kingdom","","https://careers.halliburton.com/en/job/arbroath/mechanical-assembler-arbroath/543/93221527616"
"Malaysia","Halliburton","Field Service Specialist Assoc-II","Engineering/Science/Technology","Kuala Lumpur, Kuala Lumpur , Malaysia","","https://careers.halliburton.com/en/job/kuala-lumpur/field-service-specialist-assoc-ii/543/93221527600"
"Australia","Halliburton","Service Operator I-Slickline - Service Supervisor I-Slickline","Operations","Perth, Western Australia , Australia","","https://careers.halliburton.com/en/job/perth/service-operator-i-slickline-service-supervisor-i-slickline/543/93221527584"
"Malaysia","Halliburton","Field Professional, Senior-General (LWD)","Engineering/Science/Technology","Kuala Lumpur, Kuala Lumpur , Malaysia","","https://careers.halliburton.com/en/job/kuala-lumpur/field-professional-senior-general-lwd/543/93221527568"
"Thailand","Halliburton","Bit Repair Technician","Manufacturing & Supply Chain","Ban Bo Phawong, Nakhon Sawan , Thailand","","https://careers.halliburton.com/en/job/ban-bo-phawong/bit-repair-technician/543/93221527536"
"Thailand","Halliburton","Country Manager/Area Reliability (Wireline)","Operations","Ban Bo Phawong, Nakhon Sawan , Thailand","","https://careers.halliburton.com/en/job/ban-bo-phawong/country-manager-area-reliability-wireline/543/93221527488"
"India","Halliburton","Senior Accountant - Principal Accountant - Accounting Supervisor","Finance & Accounting","Bengaluru, Karnataka , India","","https://careers.halliburton.com/en/job/bengaluru/senior-accountant-principal-accountant-accounting-supervisor/543/82655027056"
"India","Halliburton","Contract Specialist","Law","Mumbai, Maharashtra , India","","https://careers.halliburton.com/en/job/mumbai/contract-specialist/543/93143748368"
"Thailand","Halliburton","Field Service Representative - Fluid Performance","Operations","Ban Bo Phawong, Nakhon Sawan , Thailand","","https://careers.halliburton.com/en/job/ban-bo-phawong/field-service-representative-fluid-performance/543/89824708384"
"United States","Halliburton","Human Resource Specialist II - HRBP II","Human Resources","Zanesville, OH , United States","","https://careers.halliburton.com/en/job/zanesville/human-resource-specialist-ii-hrbp-ii/543/93210050928"
"United States","Halliburton","Material Coordinator I - Artificial Lift","Manufacturing & Supply Chain","Andrews, TX , United States","","https://careers.halliburton.com/en/job/andrews/material-coordinator-i-artificial-lift/543/93205259120"
"Nigeria","Halliburton","Account Rep, Bus Dev","Support Services","Port Harcourt, Rivers State , Nigeria","","https://careers.halliburton.com/en/job/port-harcourt/account-rep-bus-dev/543/93205258880"
"United States","Halliburton","Laboratory Technician-Chemistry (Associate to Senior)","Engineering/Science/Technology","Victoria, Victoria, TX , United States","","https://careers.halliburton.com/en/job/victoria/laboratory-technician-chemistry-associate-to-senior/543/93205258800"
"II - Sperry Drilling Svcs","Halliburton","HAL5","Cunduacán, Tabasco , Mexico","Cunduacán, Tabasco, Mexico - Field Engineer MWD, II - Sperry Drilling Svcs","Operations",""
"Nigeria","Halliburton","Operator Asst I-Slickline","Operations","Port Harcourt, Rivers State , Nigeria","","https://careers.halliburton.com/en/job/port-harcourt/operator-asst-i-slickline/543/93198611296"
"Nigeria","Halliburton","Technical Sales Advisor","Sales & Marketing","Port Harcourt, Rivers State , Nigeria","","https://careers.halliburton.com/en/job/port-harcourt/technical-sales-advisor/543/93198611280"
"Panama","Halliburton","Panama-Especialista de Recursos Humanos","Human Resources","Panama City, Provincia de Panamá , Panama","","https://careers.halliburton.com/en/job/panama-city/panama-especialista-de-recursos-humanos/543/92345570256"
"United States","Halliburton","Executive Assistant - Principal Executive Assistant","Administrative Services","Houston, TX , United States","","https://careers.halliburton.com/en/job/houston/executive-assistant-principal-executive-assistant/543/93194730240"
"Algeria","Halliburton","Fld Svc Rep-Drilling Fluids II","Operations","Hassi Messaoud, Ouargla Province , Algeria","","https://careers.halliburton.com/en/job/hassi-messaoud/fld-svc-rep-drilling-fluids-ii/543/89259231888"
"Norway","Halliburton","Senior Real Estate Projects Coordinator","Real Estate Services","Stavanger, Rogaland , Norway","","https://careers.halliburton.com/en/job/stavanger/senior-real-estate-projects-coordinator/543/90875064048"
"United States","Halliburton","Senior Marketing Specialist - Completion Tools","Sales & Marketing|Marketing","Houston, TX , United States","","https://careers.halliburton.com/en/job/houston/senior-marketing-specialist-completion-tools/543/93194730176"
"Suriname","Halliburton","Suriname - Paramaribo: Entry Level Technician, Sperry Drilling Svcs.","Maintenance","Paramaribo, Distrikt Paramaribo , Suriname","","https://careers.halliburton.com/en/job/paramaribo/suriname-paramaribo-entry-level-technician-sperry-drilling-svcs/543/87902009328"
"Suriname","Halliburton","Suriname- Paramaribo: Technical Planner I - Completion Tools","Operations","Paramaribo, Distrikt Paramaribo , Suriname","","https://careers.halliburton.com/en/job/paramaribo/suriname-paramaribo-technical-planner-i-completion-tools/543/93188883744"
"Egypt","Halliburton","Account Rep, Bus Dev","Sales & Marketing","Cairo, Cairo Governorate , Egypt","","https://careers.halliburton.com/en/job/cairo/account-rep-bus-dev/543/93188883728"
"Suriname","Halliburton","Suriname- Paramaribo-Maintenance Tech, Assoc","Maintenance","Paramaribo, Distrikt Paramaribo , Suriname","","https://careers.halliburton.com/en/job/paramaribo/suriname-paramaribo-maintenance-tech-assoc/543/93188883712"
"Saudi Arabia","Halliburton","Assistant operators - Under Balanced Drilling","Operations","Khobar, Eastern Province , Saudi Arabia","","https://careers.halliburton.com/en/job/khobar/assistant-operators-under-balanced-drilling/543/89646888928"
"Saudi Arabia","Halliburton","Tech Prof-HWO, Assoc","Engineering/Science/Technology","Khobar, Eastern Province , Saudi Arabia","","https://careers.halliburton.com/en/job/khobar/tech-prof-hwo-assoc/543/93188883664"
"Saudi Arabia","Halliburton","Fld Svc Rep-Fluid Perf I","Operations","Khobar, Eastern Province , Saudi Arabia","","https://careers.halliburton.com/en/job/khobar/fld-svc-rep-fluid-perf-i/543/93188883648"
"Egypt","Halliburton","R&M Electrical Tech II","Maintenance","Cairo, Cairo Governorate , Egypt","","https://careers.halliburton.com/en/job/cairo/r-and-m-electrical-tech-ii/543/93182948896"
"Saudi Arabia","Halliburton","Service Leader-Surface Well Testing","Operations","Khobar, Eastern Province , Saudi Arabia","","https://careers.halliburton.com/en/job/khobar/service-leader-surface-well-testing/543/93182948880"
"United Kingdom","Halliburton","LG818-ESG-Software QA","Engineering/Science/Technology","Abingdon, Oxfordshire, England , United Kingdom","","https://careers.halliburton.com/en/job/abingdon/lg818-esg-software-qa/543/93182948864"
"Thailand","Halliburton","Material Coordinator II-III","Manufacturing & Supply Chain","Ban Bo Phawong, Nakhon Sawan , Thailand","","https://careers.halliburton.com/en/job/ban-bo-phawong/material-coordinator-ii-iii/543/93182948848"
"Saudi Arabia","Halliburton","Service Specialist II- Under Balanced Drilling","Operations","Khobar, Eastern Province , Saudi Arabia","","https://careers.halliburton.com/en/job/khobar/service-specialist-ii-under-balanced-drilling/543/89900576016"
"Saudi Arabia","Halliburton","Service Specialist III-Under Balanced Drilling","Operations","Khobar, Eastern Province , Saudi Arabia","","https://careers.halliburton.com/en/job/khobar/service-specialist-iii-under-balanced-drilling/543/89646888944"
"Australia","Halliburton","Mechanic Technician II - Mechanic Technician III","Maintenance","Moomba, South Australia , Australia","","https://careers.halliburton.com/en/job/moomba/mechanic-technician-ii-mechanic-technician-iii/543/93182948800"
"Saudi Arabia","Halliburton","Service Specialist I - Under Balanced Drilling","Operations","Khobar, Eastern Province , Saudi Arabia","","https://careers.halliburton.com/en/job/khobar/service-specialist-i-under-balanced-drilling/543/89824708320"
"United Kingdom","Halliburton","Field Prof-MLT, Sr","Operations","Aberdeen, Scotland , United Kingdom","","https://careers.halliburton.com/en/job/aberdeen/field-prof-mlt-sr/543/93182948768"
"Thailand","Halliburton","R&M Mechanical Tech I-II","Maintenance","Ban Bo Phawong, Nakhon Sawan , Thailand","","https://careers.halliburton.com/en/job/ban-bo-phawong/r-and-m-mechanical-tech-i-ii/543/93182948752"
"Vietnam","Halliburton","Operator Assistant I-Operator (Cementing)","Operations","Ho Chi Minh City, Ho Chi Minh , Vietnam","","https://careers.halliburton.com/en/job/ho-chi-minh-city/operator-assistant-i-operator-cementing/543/93182937360"
"China","Halliburton","PP04-ESG-Svc Operator II-Pipeline/Proces","Operations","Tianjin, Tianjin Municipality , China","","https://careers.halliburton.com/en/job/tianjin/pp04-esg-svc-operator-ii-pipeline-proces/543/93182937328"
"China","Halliburton","A166-ESG-Materials Control Spec, Assoc","Procurement, Materials, & Logistics","Tianjin, Tianjin Municipality , China","","https://careers.halliburton.com/en/job/tianjin/a166-esg-materials-control-spec-assoc/543/90817910928"
"Malaysia","Halliburton","Technical Professional, Senior - Principal (Completions)","Engineering/Science/Technology","Kuala Lumpur, Kuala Lumpur , Malaysia","","https://careers.halliburton.com/en/job/kuala-lumpur/technical-professional-senior-principal-completions/543/93182937296"
"Thailand","Halliburton","R&M Electrical Tech I-III","Maintenance","Ban Bo Phawong, Nakhon Sawan , Thailand","","https://careers.halliburton.com/en/job/ban-bo-phawong/r-and-m-electrical-tech-i-iii/543/93182937280"
"United States","Halliburton","Production Welder - Senior Production Welder","Manufacturing & Supply Chain","Lafayette, LA , United States","","https://careers.halliburton.com/en/job/lafayette/production-welder-senior-production-welder/543/93167029376"
"Colombia","Halliburton","Huila - Neiva - Operador de estimulación y fractura - Production Solutions","Operations","Neiva, Departamento del Huila , Colombia","","https://careers.halliburton.com/en/job/neiva/huila-neiva-operador-de-estimulacion-y-fractura-production-solutions/543/93167029344"
"Brazil","Halliburton","Brazil-RJ-Macaé: Directional Drilling Technical Advisor - Sperry Drilling Svcs","Operations","Macaé, Rio de Janeiro , Brazil","","https://careers.halliburton.com/en/job/macae/brazil-rj-macae-directional-drilling-technical-advisor-sperry-drilling-svcs/543/93155568608"
"Norway","Halliburton","Field Engineer-Tool Specialist- Sperry Drilling","Engineering/Science/Technology","Stavanger, Rogaland , Norway","","https://careers.halliburton.com/en/job/stavanger/field-engineer-tool-specialist-sperry-drilling/543/93155568592"
"Norway","Halliburton","Senior Field Engineer LWD (MWD/LWD)","Engineering/Science/Technology","Stavanger, Rogaland , Norway","","https://careers.halliburton.com/en/job/stavanger/senior-field-engineer-lwd-mwd-lwd/543/93155568576"
"Brazil","Halliburton","BR-Rio de Janeiro: Payroll Specialist (F&A)","Finance & Accounting","Rio de Janeiro, Rio de Janeiro , Brazil","","https://careers.halliburton.com/en/job/rio-de-janeiro/br-rio-de-janeiro-payroll-specialist-f-and-a/543/93116799456"
"United States","Halliburton","Surface Facilities Assurance (Supervisor - Manager - Sr Manager)  - Project Management","Operations","Houston, TX , United States","","https://careers.halliburton.com/en/job/houston/surface-facilities-assurance-supervisor-manager-sr-manager-project-management/543/93155568528"
"Brazil","Halliburton","Brazil - Rio de Janeiro - Macaé: Especialista de serviços elevação artificial - Artificial Lift","Engineering/Science/Technology","Macaé, Rio de Janeiro , Brazil","","https://careers.halliburton.com/en/job/macae/brazil-rio-de-janeiro-macae-especialista-de-servicos-elevacao-artificial-artificial-lift/543/93149581584"
"Mexico","Halliburton","Ciudad del Carmen, Campeche - Becario Administrativo","Administrative Services","Ciudad del Carmen, Campeche , Mexico","","https://careers.halliburton.com/en/job/ciudad-del-carmen/ciudad-del-carmen-campeche-becario-administrativo/543/91799405072"
"Norway","Halliburton","Sr. Completion Engineer - Completion Tools","Engineering/Science/Technology","Stavanger, Rogaland , Norway","","https://careers.halliburton.com/en/job/stavanger/sr-completion-engineer-completion-tools/543/93149581664"
"United Kingdom","Halliburton","QA/QC Inspector - Arbroath","Quality","Arbroath, Scotland , United Kingdom","","https://careers.halliburton.com/en/job/arbroath/qa-qc-inspector-arbroath/543/91658092336"
"India","Halliburton","Consultant-Sr. Consultant-Principal Consultant","Support Services","Mumbai, Maharashtra , India","","https://careers.halliburton.com/en/job/mumbai/consultant-sr-consultant-principal-consultant/543/93149581552"
"Singapore","Halliburton","R&D Mechanical Engineer, Associate - R&D Mechanical Engineer","Engineering/Science/Technology","Singapore, Singapore , Singapore","","https://careers.halliburton.com/en/job/singapore/r-and-d-mechanical-engineer-associate-r-and-d-mechanical-engineer/543/93132183216"
"United States","Halliburton","Lead Software Architect - Power Generation","Engineering/Science/Technology","Texas, US , United States","","https://careers.halliburton.com/en/job/texas/lead-software-architect-power-generation/543/93127732944"
"United States","Halliburton","Controls Systems Engineer - Power Generation","Engineering/Science/Technology","Texas, US , United States","","https://careers.halliburton.com/en/job/texas/controls-systems-engineer-power-generation/543/93127732896"
"Heavy Truck Driver - Baroid","Halliburton","HAL6","Belle Fourche, SD , United States","Heavy Truck Driver - Baroid","Transportation",""
"United States","Halliburton","Service Supervisor I-III - Cement","Operations","Lafayette, LA , United States","","https://careers.halliburton.com/en/job/lafayette/service-supervisor-i-iii-cement/543/93116799424"
"France","Halliburton","Project Manager - Digital Engineering Transformation","Engineering/Science/Technology","Pau, Nouvelle-Aquitaine , France","","https://careers.halliburton.com/en/job/pau/project-manager-digital-engineering-transformation/543/91939815520"
"United Kingdom","Halliburton","Aberdeen, United Kingdom Internship","Engineering/Science/Technology|Administrative Services","Aberdeen, Scotland , United Kingdom","","https://careers.halliburton.com/en/job/aberdeen/aberdeen-united-kingdom-internship/543/92041794736"
"India","Halliburton","Associate Technical Professional -Cementing","Engineering/Science/Technology|Operations","Mumbai, Maharashtra , India","","https://careers.halliburton.com/en/job/mumbai/associate-technical-professional-cementing/543/91682922992"
"China","Halliburton","PL53-ESG-Logistics Specialist, Assoc","Procurement, Materials, & Logistics","Tianjin, Tianjin Municipality , China","","https://careers.halliburton.com/en/job/tianjin/pl53-esg-logistics-specialist-assoc/543/93104208448"
"Kuwait","Halliburton","TG06-ESG-Svc Spec II-GBA","Operations","Al Ahmadi, Al Aḩmadī , Kuwait","","https://careers.halliburton.com/en/job/al-ahmadi/tg06-esg-svc-spec-ii-gba/543/93035633616"
"Kuwait","Halliburton","Service Operator-GBA","Operations","Al Ahmadi, Al Aḩmadī , Kuwait","","https://careers.halliburton.com/en/job/al-ahmadi/service-operator-gba/543/92878864752"
"Suriname","Halliburton","Suriname - Paramaribo: Materials Control Specialist Sr.","Procurement, Materials, & Logistics","Paramaribo, Distrikt Paramaribo , Suriname","","https://careers.halliburton.com/en/job/paramaribo/suriname-paramaribo-materials-control-specialist-sr/543/93029996240"
"Suriname","Halliburton","Suriname - Paramaribo: Materials Control Specialist","Procurement, Materials, & Logistics","Paramaribo, Distrikt Paramaribo , Suriname","","https://careers.halliburton.com/en/job/paramaribo/suriname-paramaribo-materials-control-specialist/543/93029996224"
"Suriname","Halliburton","Suriname - Paramaribo: Procurement Specialist Sr.","Procurement, Materials, & Logistics","Paramaribo, Distrikt Paramaribo , Suriname","","https://careers.halliburton.com/en/job/paramaribo/suriname-paramaribo-procurement-specialist-sr/543/93029996208"
"Suriname","Halliburton","Suriname - Paramaribo: Procurement Specialist","Procurement, Materials, & Logistics","Paramaribo, Distrikt Paramaribo , Suriname","","https://careers.halliburton.com/en/job/paramaribo/suriname-paramaribo-procurement-specialist/543/93029996192"
"Ecuador","Halliburton","Ecuador - Francisco de Orellana - Representante de Relaciones Comunitarias","Operations|Communications","Francisco de Orellana Canton, Provincia de Francisco de Orellana , Ecuador","","https://careers.halliburton.com/en/job/provincia-de-francisco-de-orellana/ecuador-francisco-de-orellana-representante-de-relaciones-comunitarias/543/91671982400"
"Turkey","Halliburton","Service Specialist I-Subsea Safety Systems - Ankara","Operations","Ankara, TR , Turkey","","https://careers.halliburton.com/en/job/ankara/service-specialist-i-subsea-safety-systems-ankara/543/87028029072"
"Turkey","Halliburton","Service Operator I-Subsea Safety Sys","Support Services","Ankara, TR , Turkey","","https://careers.halliburton.com/en/job/ankara/service-operator-i-subsea-safety-sys/543/88335893024"
"Turkey","Halliburton","FF13-ESG-Shop Leader","Operations","Ankara, TR , Turkey","","https://careers.halliburton.com/en/job/ankara/ff13-esg-shop-leader/543/87890331488"
"Turkey","Halliburton","Ankara - Tool Tech I","Operations","Ankara, TR , Turkey","","https://careers.halliburton.com/en/job/ankara/ankara-tool-tech-i/543/87890331504"
"Argentina","Halliburton","AR-Neuquén-Coord de Almacén y Materiales (Entry Level) - Supply Chain","Manufacturing & Supply Chain","Neuquén, Neuquen , Argentina","","https://careers.halliburton.com/en/job/neuquen/ar-neuquen-coord-de-almacen-y-materiales-entry-level-supply-chain/543/93001451632"
"Argentina","Halliburton","AR-Neuquén-Coord de Almacén y Materiales (Entry Level) - 	 Supply Chain","Manufacturing & Supply Chain","Neuquén, Neuquen , Argentina","","https://careers.halliburton.com/en/job/neuquen/ar-neuquen-coord-de-almacen-y-materiales-entry-level-supply-chain/543/93001451616"
"United States","Halliburton","Material Coordinator I - Material Coordinator III","Manufacturing & Supply Chain","Duncan, OK , United States","","https://careers.halliburton.com/en/job/duncan/material-coordinator-i-material-coordinator-iii/543/93001451600"
"Netherlands","Halliburton","Area Resource Specialist II","Operations","Emmen, Drenthe , Netherlands","","https://careers.halliburton.com/en/job/emmen/area-resource-specialist-ii/543/92994846976"
"United States","Halliburton","Nightshift Bulk Material Operator I-II - Cement","Operations","Zanesville, OH , United States","","https://careers.halliburton.com/en/job/zanesville/nightshift-bulk-material-operator-i-ii-cement/543/92994846928"
"United States","Halliburton","Senior Technical Instructor - Principal Technical Instructor - Maintenance","Human Resources","Duncan, OK , United States","","https://careers.halliburton.com/en/job/duncan/senior-technical-instructor-principal-technical-instructor-maintenance/543/92994846896"
"Norway","Halliburton","Service Operator - Completion Tools","Operations","Stavanger, Rogaland , Norway","","https://careers.halliburton.com/en/job/stavanger/service-operator-completion-tools/543/92987758640"
"Norway","Halliburton","Sommervikar, Vedlikeholdstekniker - Completion Tools","Operations","Stavanger, Rogaland , Norway","","https://careers.halliburton.com/en/job/stavanger/sommervikar-vedlikeholdstekniker-completion-tools/543/92987758608"
"Chile","Halliburton","Chile - Punta Arenas:  Técnico Electrónico","Maintenance","Punta Arenas, Region of Magallanes , Chile","","https://careers.halliburton.com/en/job/punta-arenas/chile-punta-arenas-tecnico-electronico/543/92612777344"
"United States","Halliburton","R500-ESG-Account Leader","Sales & Marketing","Houston, TX , United States","","https://careers.halliburton.com/en/job/houston/r500-esg-account-leader/543/92971848864"
"Canada","Halliburton","Technical Professional I-II - Sperry Well Design - 207284","Operations","Calgary, Alberta , Canada","","https://careers.halliburton.com/en/job/calgary/technical-professional-i-ii-sperry-well-design-207284/543/92971848816"
"United States","Halliburton","Associate Procurement Specialist - Senior Procurement Specialist","Procurement, Materials, & Logistics","Duncan, OK , United States","","https://careers.halliburton.com/en/job/duncan/associate-procurement-specialist-senior-procurement-specialist/543/92965540016"
"United States","Halliburton","Heavy Truck Driver - Senior Heavy Driver - 205217","Transportation","Zanesville, OH , United States","","https://careers.halliburton.com/en/job/zanesville/heavy-truck-driver-senior-heavy-driver-205217/543/90181406128"
"United States","Halliburton","Material Coordinator I - Artificial Lift - 207071","Manufacturing & Supply Chain","Odessa, TX , United States","","https://careers.halliburton.com/en/job/odessa/material-coordinator-i-artificial-lift-207071/543/92961611104"
"United States","Halliburton","Associate Metal Fabricator - Senior Metal Fabricator","Manufacturing & Supply Chain","Duncan, OK , United States","","https://careers.halliburton.com/en/job/duncan/associate-metal-fabricator-senior-metal-fabricator/543/92934226384"
"United States","Halliburton","US Duncan: Service Operator II - Frac/Acid","Operations","Duncan, OK , United States","","https://careers.halliburton.com/en/job/duncan/us-duncan-service-operator-ii-frac-acid/543/91652522672"
"United States","Halliburton","Operator Assistant II-Service Operator I - Frac/Acid","Operations","Duncan, OK , United States","","https://careers.halliburton.com/en/job/duncan/operator-assistant-ii-service-operator-i-frac-acid/543/91652522688"
"United States","Halliburton","US Zanesville: Operator Assistant II-Service Operator I - Frac/Acid","Operations","Zanesville, OH , United States","","https://careers.halliburton.com/en/job/zanesville/us-zanesville-operator-assistant-ii-service-operator-i-frac-acid/543/90311486800"
"United States","Halliburton","US Zanesville: Service Operator II - Frac/Acid","Operations","Zanesville, OH , United States","","https://careers.halliburton.com/en/job/zanesville/us-zanesville-service-operator-ii-frac-acid/543/90311486784"
"United States","Halliburton","Operator Assistant Trainee - Frac Acid","Operations","Zanesville, OH , United States","","https://careers.halliburton.com/en/job/zanesville/operator-assistant-trainee-frac-acid/543/92934226080"
"United States","Halliburton","Cementing Bulk Material Operator I","Operations","Odessa, TX , United States","","https://careers.halliburton.com/en/job/odessa/cementing-bulk-material-operator-i/543/92934226064"
"United Kingdom","Halliburton","Operator Asst I-Pipeline/Proces","Operations","Aberdeen, Scotland , United Kingdom","","https://careers.halliburton.com/en/job/aberdeen/operator-asst-i-pipeline-proces/543/92917596352"
"United Kingdom","Halliburton","Operator Asst I-Pipeline/Proces","Operations","Aberdeen, Scotland , United Kingdom","","https://careers.halliburton.com/en/job/aberdeen/operator-asst-i-pipeline-proces/543/92917596336"
"United Kingdom","Halliburton","Svc Supv III-Pipeline/Proc Svc","Operations","Aberdeen, Scotland , United Kingdom","","https://careers.halliburton.com/en/job/aberdeen/svc-supv-iii-pipeline-proc-svc/543/92917596320"
"United States","Halliburton","Associate Machine Operator - Senior Machine Operator","Manufacturing & Supply Chain","Duncan, OK , United States","","https://careers.halliburton.com/en/job/duncan/associate-machine-operator-senior-machine-operator/543/92917596288"
"Kuwait","Halliburton","Kuwait-Ahmadi: Technical Professional-GBA","Engineering/Science/Technology","Al Ahmadi, Al Aḩmadī , Kuwait","","https://careers.halliburton.com/en/job/al-ahmadi/kuwait-ahmadi-technical-professional-gba/543/92878864720"
"United States","Halliburton","Mechanical Technician (Associate-Senior)-206181","Engineering/Science/Technology","Conroe, TX , United States","","https://careers.halliburton.com/en/job/conroe/mechanical-technician-associate-senior-206181/543/91911719312"
"Norway","Halliburton","Technical Advisor - Completion Tools","Sales & Marketing","Stavanger, Rogaland , Norway","","https://careers.halliburton.com/en/job/stavanger/technical-advisor-completion-tools/543/92912008064"
"Cloud Domain Architect","Halliburton","HAL8","Houston, TX , United States","Cloud Domain Architect","Information Technology",""
"Norway","Halliburton","Tool Tech III","Operations","Stavanger, Rogaland , Norway","","https://careers.halliburton.com/en/job/stavanger/tool-tech-iii/543/92726622288"
"Canada","Halliburton","Mechanic Technician I-III - 206820","Maintenance","Clairmont, Alberta , Canada","","https://careers.halliburton.com/en/job/clairmont/mechanic-technician-i-iii-206820/543/92577903152"
"India","Halliburton","OTC (Order To Cash) Process Representative","Order To Cash","Bengaluru, Karnataka , India","","https://careers.halliburton.com/en/job/bengaluru/otc-order-to-cash-process-representative/543/90267172544"
"Singapore","Halliburton","Marketing Specialist - Senior Marketing Specialist","Sales & Marketing|Marketing","Singapore, Singapore , Singapore","","https://careers.halliburton.com/en/job/singapore/marketing-specialist-senior-marketing-specialist/543/92717372384"
"United States","Halliburton","Maint-Prof, Sr-L&P","Operations","New Iberia, LA , United States","","https://careers.halliburton.com/en/job/new-iberia/maint-prof-sr-l-and-p/543/92701186944"
"United States","Halliburton","Maintenance Foreman - Internal Equipment Maintenance","Maintenance","Golden Meadow, LA , United States","","https://careers.halliburton.com/en/job/golden-meadow/maintenance-foreman-internal-equipment-maintenance/543/92701186816"
"Brazil","Halliburton","Brazil - RJ - Macaé - Well Engineer","Engineering/Science/Technology","Macaé, Rio de Janeiro , Brazil","","https://careers.halliburton.com/en/job/macae/brazil-rj-macae-well-engineer/543/92694143680"
"Mexico","Halliburton","Reforma, Chiapas - Becario Administrativo","Administrative Services","Reforma, Reforma, Chiapas , Mexico","","https://careers.halliburton.com/en/job/reforma/reforma-chiapas-becario-administrativo/543/91414180752"
"Colombia","Halliburton","Cundinamarca - Cota: Inventory Planner- Supply Chain","Procurement, Materials, & Logistics","Siberia, Cota, Cundinamarca , Colombia","","https://careers.halliburton.com/en/job/siberia/cundinamarca-cota-inventory-planner-supply-chain/543/92661826016"
"United States","Halliburton","Field Service Representative III - Field Professional II - Baroid Mud Engineer","Operations","Houston, TX , United States","","https://careers.halliburton.com/en/job/houston/field-service-representative-iii-field-professional-ii-baroid-mud-engineer/543/92683847952"
"Thailand","Halliburton","Mechanic Technician I","Maintenance","Mueang Songkhla, Songkhla , Thailand","","https://careers.halliburton.com/en/job/songkhla/mechanic-technician-i/543/90285104160"
"Thailand","Halliburton","Electronic Technician I","Maintenance","Mueang Songkhla, Songkhla , Thailand","","https://careers.halliburton.com/en/job/songkhla/electronic-technician-i/543/90285104144"
"United States","Halliburton","Field Professional I-II - Baroid","Operations","Zanesville, OH , United States","","https://careers.halliburton.com/en/job/zanesville/field-professional-i-ii-baroid/543/92463822544"
"United States","Halliburton","LWD Field Professional II - LDW General Field Professional - Sperry - 206385","Operations","Broussard, Lafayette, LA , United States","","https://careers.halliburton.com/en/job/broussard/lwd-field-professional-ii-ldw-general-field-professional-sperry-206385/543/92666279216"
"United States","Halliburton","Maintenance Foreman - Internal Equipment Maintenance - 206375","Maintenance","New Iberia, LA , United States","","https://careers.halliburton.com/en/job/new-iberia/maintenance-foreman-internal-equipment-maintenance-206375/543/92666279200"
"United States","Halliburton","Associate HSE Coordinator - HSE Coordinator","HSE","Houston, TX , United States","","https://careers.halliburton.com/en/job/houston/associate-hse-coordinator-hse-coordinator/543/92661825952"
"Suriname","Halliburton","Suriname - Paramaribo: Field Professional Sr. - Wireline and Perforating","Operations","Paramaribo, Distrikt Paramaribo , Suriname","","https://careers.halliburton.com/en/job/paramaribo/suriname-paramaribo-field-professional-sr-wireline-and-perforating/543/92661825856"
"United States","Halliburton","Associate Field Professional-L&P Seismic","Operations","New Iberia, LA , United States","","https://careers.halliburton.com/en/job/new-iberia/associate-field-professional-l-and-p-seismic/543/89591141088"
"Brazil","Halliburton","Brazil - RJ - Macaé - Operations Consultant","Operations","Macaé, Rio de Janeiro , Brazil","","https://careers.halliburton.com/en/job/macae/brazil-rj-macae-operations-consultant/543/92655342432"
"United States","Halliburton","Bulk Material Operator I-III - Cement - 207067","Operations","Morgan City, LA , United States","","https://careers.halliburton.com/en/job/morgan-city/bulk-material-operator-i-iii-cement-207067/543/92651423504"
"Mexico","Halliburton","Accountant","Finance & Accounting","Reforma, Reforma, Chiapas , Mexico","","https://careers.halliburton.com/en/job/reforma/accountant/543/92651423488"
"Mexico","Halliburton","A010-ESG-Accountant","Finance & Accounting","Reforma, Reforma, Chiapas , Mexico","","https://careers.halliburton.com/en/job/reforma/a010-esg-accountant/543/92651423472"
"United States","Halliburton","Offshore Field Service Representative I-III - Baroid Mud Engineer","Operations","Broussard, Lafayette, LA , United States","","https://careers.halliburton.com/en/job/broussard/offshore-field-service-representative-i-iii-baroid-mud-engineer/543/92651423440"
"Suriname","Halliburton","Suriname - Paramaribo: Data Engineer - Sperry Drilling Svcs","Operations","Paramaribo, Distrikt Paramaribo , Suriname","","https://careers.halliburton.com/en/job/paramaribo/suriname-paramaribo-data-engineer-sperry-drilling-svcs/543/92627741984"
"Argentina","Halliburton","Argentina - Neuquén: Especialista Administrativo de Facilidades","Administrative Services","Neuquén, Neuquen , Argentina","","https://careers.halliburton.com/en/job/neuquen/argentina-neuquen-especialista-administrativo-de-facilidades/543/92645550960"
"Suriname","Halliburton","Suriname - Paramaribo: Tool Technician I - Testing and Subsea","Operations","Paramaribo, Distrikt Paramaribo , Suriname","","https://careers.halliburton.com/en/job/paramaribo/suriname-paramaribo-tool-technician-i-testing-and-subsea/543/92607062144"
"Suriname","Halliburton","Suriname- Paramaribo: Intern- Testing and Subsea","Operations|Administrative Services","Paramaribo, Distrikt Paramaribo , Suriname","","https://careers.halliburton.com/en/job/paramaribo/suriname-paramaribo-intern-testing-and-subsea/543/92607062128"
"Suriname","Halliburton","Suriname - Paramaribo - Service Planner I","Operations","Paramaribo, Distrikt Paramaribo , Suriname","","https://careers.halliburton.com/en/job/paramaribo/suriname-paramaribo-service-planner-i/543/92607062112"
"Argentina","Halliburton","X175-ESG- Especialista en Mantenimiento de Facilidades Real Estate","Real Estate Services","Neuquén, Neuquen , Argentina","","https://careers.halliburton.com/en/job/neuquen/x175-esg-especialista-en-mantenimiento-de-facilidades-real-estate/543/92607062080"
"Saudi Arabia","Halliburton","Operator Assistant I - Cementing","Operations","Khobar, Eastern Province , Saudi Arabia","","https://careers.halliburton.com/en/job/khobar/operator-assistant-i-cementing/543/92639675952"
"United Kingdom","Halliburton","Aberdeen - Logging Geologist-SDL, II","Engineering/Science/Technology","Aberdeen, Scotland , United Kingdom","","https://careers.halliburton.com/en/job/aberdeen/aberdeen-logging-geologist-sdl-ii/543/92639675920"
"India","Halliburton","Senior Payroll Specialist","Finance & Accounting","Bengaluru, Karnataka , India","","https://careers.halliburton.com/en/job/bengaluru/senior-payroll-specialist/543/91293532544"
"Brazil","Halliburton","Brazil - RJ - Macaé - HR Business Partner","Human Resources","Macaé, Rio de Janeiro , Brazil","","https://careers.halliburton.com/en/job/macae/brazil-rj-macae-hr-business-partner/543/92623316960"
"Brazil","Halliburton","Brasil - Rio de Janeiro - Macaé: Técnico em Mecânica","Maintenance","Macaé, Rio de Janeiro , Brazil","","https://careers.halliburton.com/en/job/macae/brasil-rio-de-janeiro-macae-tecnico-em-mecanica/543/92623316880"
"United States","Halliburton","Material Handler I - Baroid","Operations","Malvern, AR , United States","","https://careers.halliburton.com/en/job/malvern/material-handler-i-baroid/543/92623316816"
"Brazil","Halliburton","Brazil - BA - Catu: Assistente de Operações - Baroid","Operations","Pioneiros, São Paulo , Brazil","","https://careers.halliburton.com/en/job/pioneiros/brazil-ba-catu-assistente-de-operacoes-baroid/543/92623316592"
"United States","Halliburton","Field Service Representative III - Field Professional II - Fluid Performance","Operations","Monahans, TX , United States","","https://careers.halliburton.com/en/job/monahans/field-service-representative-iii-field-professional-ii-fluid-performance/543/92612777360"
"Argentina","Halliburton","Neuquén - Argentina - IT Help Desk Tech - Soporte a Usuarios","Information Technology","Neuquén, Neuquen , Argentina","","https://careers.halliburton.com/en/job/neuquen/neuquen-argentina-it-help-desk-tech-soporte-a-usuarios/543/92607062096"
"United Kingdom","Halliburton","Project Advisor-Systems Eng","Engineering/Science/Technology","Aberdeen, Scotland , United Kingdom","","https://careers.halliburton.com/en/job/aberdeen/project-advisor-systems-eng/543/92607062048"
"Colombia","Halliburton","Especialista en Logística y  Transporte","Procurement, Materials, & Logistics","Siberia, Cota, Cundinamarca , Colombia","","https://careers.halliburton.com/en/job/siberia/especialista-en-logistica-y-transporte/543/92584513264"
"Brazil","Halliburton","Brazil - Rio de Janeiro - Macaé: Especialista Controle de Materiais - Supply Chain","Procurement, Materials, & Logistics","Macaé, Rio de Janeiro , Brazil","","https://careers.halliburton.com/en/job/macae/brazil-rio-de-janeiro-macae-especialista-controle-de-materiais-supply-chain/543/92584513248"
"United States","Halliburton","US-Conroe-T803-ESG-Tech Prof-Software Develop Prin-206747","Engineering/Science/Technology","Conroe, TX , United States","","https://careers.halliburton.com/en/job/conroe/us-conroe-t803-esg-tech-prof-software-develop-prin-206747/543/92577903184"
"United States","Halliburton","Procurement Contracts Specialist - Senior Procurement Contracts Specialist","Procurement, Materials, & Logistics","Houston, TX , United States","","https://careers.halliburton.com/en/job/houston/procurement-contracts-specialist-senior-procurement-contracts-specialist/543/92574015984"
"United States","Halliburton","Technical Instructor, Prin","Human Resources","Houston, TX , United States","","https://careers.halliburton.com/en/job/houston/technical-instructor-prin/543/92574015936"
"Azerbaijan","Halliburton","HAL7","Baku, Baku City , Azerbaijan","Internship- Baku, Azerbaijan","Engineering/Science/Technology|Administrative Services",""
"Malaysia","Halliburton","Repair & Maintenance - Electrical Technician","Maintenance","Kampong Kemaman, Terengganu , Malaysia","","https://careers.halliburton.com/en/job/kampong-kemaman/repair-and-maintenance-electrical-technician/543/87772711424"
"Brazil","Halliburton","Brazil-RJ-Macaé: Managed Pressure Drilling Commuter - Testing and Subsea","Operations","Macaé, Rio de Janeiro , Brazil","","https://careers.halliburton.com/en/job/macae/brazil-rj-macae-managed-pressure-drilling-commuter-testing-and-subsea/543/85173746480"
"United States","Halliburton","Senior Tax Manager - State Income Tax","Tax","Houston, TX , United States","","https://careers.halliburton.com/en/job/houston/senior-tax-manager-state-income-tax/543/92889124912"
"Argentina","Halliburton","Argentina - Nueuquen - Ingeniero de Coiled Tubing","Operations","Neuquén, Neuquen , Argentina","","https://careers.halliburton.com/en/job/neuquen/argentina-nueuquen-ingeniero-de-coiled-tubing/543/92889124880"
"Brazil","Halliburton","Brazil-RJ-Macae: Assistente de Operações - Baroid","Operations","Macaé, Rio de Janeiro , Brazil","","https://careers.halliburton.com/en/job/macae/brazil-rj-macae-assistente-de-operacoes-baroid/543/92885018272"
"United States","Halliburton","Operations & Maintenance Assurance Manager  - Project Management","Engineering/Science/Technology","Houston, TX , United States","","https://careers.halliburton.com/en/job/houston/operations-and-maintenance-assurance-manager-project-management/543/92885018240"
"United States","Halliburton","Associate Machine Operator - Senior Machine Operator (Pump Lathes)","Manufacturing & Supply Chain","Duncan, OK , United States","","https://careers.halliburton.com/en/job/duncan/associate-machine-operator-senior-machine-operator-pump-lathes/543/92885018208"
"Norway","Halliburton","Technical Professional - Mechanical","Engineering/Science/Technology","Notodden, Vestfold og Telemark , Norway","","https://careers.halliburton.com/en/job/notodden/technical-professional-mechanical/543/92885018192"
"Bolivia","Halliburton","Bolivia - Santa Cruz: Hydraulic Fracturing Engineer - Production Enhancement","Operations","Santa Cruz, Departamento de Santa Cruz , Bolivia","","https://careers.halliburton.com/en/job/santa-cruz/bolivia-santa-cruz-hydraulic-fracturing-engineer-production-enhancement/543/91661809280"
"Norway","Halliburton","Princ Tech-Electro/Mechanical-207096","Support Services","Notodden, Vestfold og Telemark , Norway","","https://careers.halliburton.com/en/job/notodden/princ-tech-electro-mechanical-207096/543/92878864800"
"United States","Halliburton","Mechanic Technician (I - III) - Maintenance","Maintenance","Prudhoe Bay, AK , United States","","https://careers.halliburton.com/en/job/prudhoe-bay/mechanic-technician-i-iii-maintenance/543/91200984320"
"India","Halliburton","Technical Professional- Completions","Engineering/Science/Technology","Mumbai, Maharashtra , India","","https://careers.halliburton.com/en/job/mumbai/technical-professional-completions/543/92878864688"
"India","Halliburton","Completion Tools - Service Specialist- I/ II/ III","Operations","Kākināda, Andhra Pradesh , India","","https://careers.halliburton.com/en/job/kakinada/completion-tools-service-specialist-i-ii-iii/543/92878864672"
"India","Halliburton","Completion Tools - Service Specialist-II/ III/ Leader","Operations","Kākināda, Andhra Pradesh , India","","https://careers.halliburton.com/en/job/kakinada/completion-tools-service-specialist-ii-iii-leader/543/92878864656"
"Argentina","Halliburton","Argentina - Neuquén - Senior Transportation & Logistics Specialist - Supply Chain","Procurement, Materials, & Logistics","Neuquén, Neuquen , Argentina","","https://careers.halliburton.com/en/job/neuquen/argentina-neuquen-senior-transportation-and-logistics-specialist-supply-chain/543/92878864640"
"Norway","Halliburton","Senior ingeniør - Sement","Engineering/Science/Technology|Operations","Stavanger, Rogaland , Norway","","https://careers.halliburton.com/en/job/stavanger/senior-ingeni%c3%b8r-sement/543/92872692336"
"Norway","Halliburton","Quality Assurance & Control Inspector","Manufacturing & Supply Chain|Quality","Notodden, Vestfold og Telemark , Norway","","https://careers.halliburton.com/en/job/notodden/quality-assurance-and-control-inspector/543/92872692256"
"Thailand","Halliburton","Service Operator - Nitrogen","Operations","Ban Bo Phawong, Nakhon Sawan , Thailand","","https://careers.halliburton.com/en/job/ban-bo-phawong/service-operator-nitrogen/543/89540907856"
"China","Halliburton","Material Coordinator I","Manufacturing & Supply Chain","Tianjin, Tianjin Municipality , China","","https://careers.halliburton.com/en/job/tianjin/material-coordinator-i/543/92872692128"
"Malaysia","Halliburton","Attorney - Counsel","Law","Kuala Lumpur, Kuala Lumpur , Malaysia","","https://careers.halliburton.com/en/job/kuala-lumpur/attorney-counsel/543/92872692112"
"United States","Halliburton","Field Service Representative III - Field Professional II - Baroid Mud Engineer","Operations","Broussard, Lafayette, LA , United States","","https://careers.halliburton.com/en/job/broussard/field-service-representative-iii-field-professional-ii-baroid-mud-engineer/543/92861235152"
"United States","Halliburton","Accountant - Senior Accountant","Finance & Accounting","Duncan, OK , United States","","https://careers.halliburton.com/en/job/duncan/accountant-senior-accountant/543/92856780448"
"Bolivia","Halliburton","Bolivia-Santa Cruz-Pasante-HSE","Administrative Services","Santa Cruz, Departamento de Santa Cruz , Bolivia","","https://careers.halliburton.com/en/job/santa-cruz/bolivia-santa-cruz-pasante-hse/543/91622070496"
"United States","Halliburton","Laboratory Technician-Chemistry (Associate- Senior)","Engineering/Science/Technology","Bakersfield, CA , United States","","https://careers.halliburton.com/en/job/bakersfield/laboratory-technician-chemistry-associate-senior/543/92850316112"
"Brazil","Halliburton","Brazil - Remote: R&D Mechanical Engineer","Engineering/Science/Technology","Macaé, Rio de Janeiro , Brazil","","https://careers.halliburton.com/en/job/macae/brazil-remote-r-and-d-mechanical-engineer/543/92850316096"
"Netherlands","Halliburton","Service Operator II-Cementing","Operations","Emmen, Drenthe , Netherlands","","https://careers.halliburton.com/en/job/emmen/service-operator-ii-cementing/543/92846231936"
"Norway","Halliburton","Technical Sales Advisor - Business Development, PPS","Sales & Marketing","Stavanger, Rogaland , Norway","","https://careers.halliburton.com/en/job/stavanger/technical-sales-advisor-business-development-pps/543/92840109760"
"United States","Halliburton","Associate Machine Operator - Senior Machine Operator (Completions)","Manufacturing & Supply Chain","Lafayette, LA , United States","","https://careers.halliburton.com/en/job/lafayette/associate-machine-operator-senior-machine-operator-completions/543/92840109744"
"Norway","Halliburton","Sales Rep, Field - Business Development, PPS","Sales & Marketing","Stavanger, Rogaland , Norway","","https://careers.halliburton.com/en/job/stavanger/sales-rep-field-business-development-pps/543/92840109728"
"United States","Halliburton","Tech Prof-Completions, Sr.","Operations","Carrollton, TX , United States","","https://careers.halliburton.com/en/job/carrollton/tech-prof-completions-sr/543/92568301136"
"United Kingdom","Halliburton","Global Account Manager","Sales & Marketing","Abingdon, Oxfordshire, England , United Kingdom","","https://careers.halliburton.com/en/job/abingdon/global-account-manager/543/92726622272"
"Singapore","Halliburton","Intern","Administrative Services","Singapore, Singapore , Singapore","","https://careers.halliburton.com/en/job/singapore/intern/543/92834335024"
"Singapore","Halliburton","Material Conditioner - Material Conditioner Senior","Manufacturing & Supply Chain","Singapore, Singapore , Singapore","","https://careers.halliburton.com/en/job/singapore/material-conditioner-material-conditioner-senior/543/92834335008"
"Singapore","Halliburton","Project Manager-Systems Eng, Senior - Project Advisor- System Engineer","Engineering/Science/Technology","Singapore, Singapore , Singapore","","https://careers.halliburton.com/en/job/singapore/project-manager-systems-eng-senior-project-advisor-system-engineer/543/92834334992"
"Singapore","Halliburton","Associate Methods Analyst - Senior  Methods Analyst","Manufacturing & Supply Chain","Singapore, Singapore , Singapore","","https://careers.halliburton.com/en/job/singapore/associate-methods-analyst-senior-methods-analyst/543/92834334976"
"Singapore","Halliburton","R&D Mechanical Engineer Associate - R&D Mechanical Engineering Senior","Engineering/Science/Technology","Singapore, Singapore , Singapore","","https://careers.halliburton.com/en/job/singapore/r-and-d-mechanical-engineer-associate-r-and-d-mechanical-engineering-senior/543/92834334960"
"India","Halliburton","Procurement Specialist - Senior- Procurement Specialist - Bangalore","Procurement, Materials, & Logistics","Pune, Maharashtra , India","","https://careers.halliburton.com/en/job/pune/procurement-specialist-senior-procurement-specialist-bangalore/543/92562641456"
"Singapore","Halliburton","R&D Mechanical Engineer, Assoc","Engineering/Science/Technology","Singapore, Singapore , Singapore","","https://careers.halliburton.com/en/job/singapore/r-and-d-mechanical-engineer-assoc/543/90772178416"
"Algeria","Halliburton","Solutions Engineer II","Sales & Marketing","Algiers, Algiers Province , Algeria","","https://careers.halliburton.com/en/job/algiers/solutions-engineer-ii/543/91794447792"
"United States","Halliburton","HR Specialist II / Senior HR Specialist / HR Advisor","Human Resources","Duncan, OK , United States","","https://careers.halliburton.com/en/job/duncan/hr-specialist-ii-senior-hr-specialist-hr-advisor/543/92743794496"
"United States","Halliburton","Maintenance Foreman","Maintenance","Williston, ND , United States","","https://careers.halliburton.com/en/job/williston/maintenance-foreman/543/92743794432"
"Brazil","Halliburton","Brasil - Bahia - Catu: Técnico de Manutenção JR","Operations","Pioneiros, São Paulo , Brazil","","https://careers.halliburton.com/en/job/pioneiros/brasil-bahia-catu-tecnico-de-manutencao-jr/543/92736618768"
"Canada","Halliburton","Assembly & Repair Tech I-III - Artificial Lift","Operations","Edmonton, Alberta , Canada","","https://careers.halliburton.com/en/job/edmonton/assembly-and-repair-tech-i-iii-artificial-lift/543/91057882528"
"United States","Halliburton","Shop Mechanic Technician I-III - Baroid Grinding - 207186","Maintenance","Westlake, Calcasieu, LA , United States","","https://careers.halliburton.com/en/job/westlake/shop-mechanic-technician-i-iii-baroid-grinding-207186/543/92732431888"
"Brazil - RJ - Macaé - Supervisor Flexitubo - Production Solutions","Halliburton","HAL9","Macaé, Rio de Janeiro , Brazil","Brazil - RJ - Macaé - Supervisor Flexitubo - Production Solutions","Operations",""
"Brazil","Halliburton","Brazil - RJ - Macaé - Supervisor Flexitubo - Production Solutions","Operations","Macaé, Rio de Janeiro , Brazil","","https://careers.halliburton.com/en/job/macae/brazil-rj-macae-supervisor-flexitubo-production-solutions/543/92309071952"
"Brazil","Halliburton","Brazil - RJ - Macaé - Supervisor Flexitubo - Production Solutions","Operations","Macaé, Rio de Janeiro , Brazil","","https://careers.halliburton.com/en/job/macae/brazil-rj-macae-supervisor-flexitubo-production-solutions/543/92309071936"
"Brazil","Halliburton","Brazil - Macaé - Supervisor de Serviços HWO - Production Solutions","Operations","Macaé, Rio de Janeiro , Brazil","","https://careers.halliburton.com/en/job/macae/brazil-macae-supervisor-de-servicos-hwo-production-solutions/543/92174189664"
"United States","Halliburton","HSE Coordinator-Senior HSE Technical Professional - Artificial Lift","HSE","Oklahoma City, OK , United States","","https://careers.halliburton.com/en/job/oklahoma-city/hse-coordinator-senior-hse-technical-professional-artificial-lift/543/92471060768"
"United States","Halliburton","Business Development Account Rep - Principal Account Rep - Completion Tools","Sales & Marketing","Midland, TX , United States","","https://careers.halliburton.com/en/job/midland/business-development-account-rep-principal-account-rep-completion-tools/543/92463822496"
"United States","Halliburton","Communications Manager","Sales & Marketing","Houston, TX , United States","","https://careers.halliburton.com/en/job/houston/communications-manager/543/92167618928"
"United States","Halliburton","Service Specialist I / Job Site Safety Leader (JSSL) - Frac Acid","Operations","Williston, ND , United States","","https://careers.halliburton.com/en/job/williston/service-specialist-i-job-site-safety-leader-jssl-frac-acid/543/92459717552"
"United States","Halliburton","F&A Analytics CoE Analyst","Order To Cash","Houston, TX , United States","","https://careers.halliburton.com/en/job/houston/f-and-a-analytics-coe-analyst/543/92459717536"
"United States","Halliburton","Associate Machine Operator - Senior Machine Operator(Pumps)","Manufacturing & Supply Chain","Duncan, OK , United States","","https://careers.halliburton.com/en/job/duncan/associate-machine-operator-senior-machine-operator-pumps/543/92195341184"
"China","Halliburton","SPE01-ESG-R&M Electrical Tech I","Maintenance","Huizhou, Guangdong , China","","https://careers.halliburton.com/en/job/huizhou/spe01-esg-r-and-m-electrical-tech-i/543/92448171968"
"Singapore","Halliburton","MSL-Intern","Administrative Services","Singapore, Singapore , Singapore","","https://careers.halliburton.com/en/job/singapore/msl-intern/543/92448171936"
"Guyana","Halliburton","Halliburton Guyana Job Opportunities","Operations","Georgetown, Demerara-Mahaica Region , Guyana","","https://careers.halliburton.com/en/job/georgetown/halliburton-guyana-job-opportunities/543/91688116016"
"Ecuador","Halliburton","Ecuador- Francisco de Orellana- Ingeniero de Perforación Direccional-Sperry Drilling Svcs-","Operations","Coca, Provincia del Azuay , Ecuador","","https://careers.halliburton.com/en/job/coca/ecuador-francisco-de-orellana-ingeniero-de-perforacion-direccional-sperry-drilling-svcs/543/91189897792"
"United Kingdom","Halliburton","Aberdeen - Foreman, Maintenance","Maintenance","Aberdeen, Scotland , United Kingdom","","https://careers.halliburton.com/en/job/aberdeen/aberdeen-foreman-maintenance/543/91658092352"
"United States","Halliburton","Operator Assistant Trainee - Cement - 205745","Operations","Zanesville, OH , United States","","https://careers.halliburton.com/en/job/zanesville/operator-assistant-trainee-cement-205745/543/92414792368"
"United States","Halliburton","Associate Machine Operator - Senior Machine Operator","Manufacturing & Supply Chain","Duncan, OK , United States","","https://careers.halliburton.com/en/job/duncan/associate-machine-operator-senior-machine-operator/543/92414792352"
"Canada","Halliburton","Junior Eclipse RCP Java Developer","Engineering/Science/Technology","Calgary, Alberta , Canada","","https://careers.halliburton.com/en/job/calgary/junior-eclipse-rcp-java-developer/543/92414792336"
"Romania","Halliburton","Electronic Technician I","Maintenance","Ploieşti, Prahova , Romania","","https://careers.halliburton.com/en/job/ploiesti/electronic-technician-i/543/92409206064"
"India","Halliburton","Payroll Specialist - Senior Payroll Specialist (UAE)","Finance & Accounting","Bengaluru, Karnataka , India","","https://careers.halliburton.com/en/job/bengaluru/payroll-specialist-senior-payroll-specialist-uae/543/85688831728"
"Singapore","Halliburton","Software Engineering Intern","Administrative Services","Singapore, Singapore , Singapore","","https://careers.halliburton.com/en/job/singapore/software-engineering-intern/543/92409205888"
"China","Halliburton","SPE01-ESG-R&M Electrical Tech I","Maintenance","Tianjin, Tianjin Municipality , China","","https://careers.halliburton.com/en/job/tianjin/spe01-esg-r-and-m-electrical-tech-i/543/92409205872"
"Malaysia","Halliburton","Manager, Proposals - Senior Manager, Proposals","Support Services","Kuala Lumpur, Kuala Lumpur , Malaysia","","https://careers.halliburton.com/en/job/kuala-lumpur/manager-proposals-senior-manager-proposals/543/92409205824"
"Brazil","Halliburton","Brazil - RJ - Macae - Consultor de Geonavegação - Sperry Drilling Services","Operations","Macaé, Rio de Janeiro , Brazil","","https://careers.halliburton.com/en/job/macae/brazil-rj-macae-consultor-de-geonavegacao-sperry-drilling-services/543/92393722048"
"Guyana","Halliburton","Training & Development Specialist - Guyana and Suriname","Human Resources","Georgetown, Demerara-Mahaica Region , Guyana","","https://careers.halliburton.com/en/job/georgetown/training-and-development-specialist-guyana-and-suriname/543/92393722016"
"United States","Halliburton","Service Operator (I-II) Logging & Perforating","Operations","Victoria, Victoria, TX , United States","","https://careers.halliburton.com/en/job/victoria/service-operator-i-ii-logging-and-perforating/543/92383090128"
"United States","Halliburton","Mechanic Technician I-III","Maintenance","Odessa, TX , United States","","https://careers.halliburton.com/en/job/odessa/mechanic-technician-i-iii/543/89693433104"
"Brazil","Halliburton","Brazil - Macaé - Plant Operator- Stockpoint","Operations","Macaé, Rio de Janeiro , Brazil","","https://careers.halliburton.com/en/job/macae/brazil-macae-plant-operator-stockpoint/543/91688116000"
"Trinidad and Tobago","Halliburton","San Fernando - Trinidad - Completions Service  Specialist III","Operations","San Fernando, San Fernando , Trinidad and Tobago","","https://careers.halliburton.com/en/job/san-fernando/san-fernando-trinidad-completions-service-specialist-iii/543/90547875840"
"Mexico","Halliburton","Ciudad del Carmen, Campeche, Mex - Application Engineering Technical Lead - Artificial Lift","Operations","Ciudad del Carmen, Campeche , Mexico","","https://careers.halliburton.com/en/job/ciudad-del-carmen/ciudad-del-carmen-campeche-mex-application-engineering-technical-lead-artificial-lift/543/92216147088"
"Saudi Arabia","Halliburton","Internship Program","Administrative Services","Khobar, Eastern Province , Saudi Arabia","","https://careers.halliburton.com/en/job/khobar/internship-program/543/92372121136"
"Saudi Arabia","Halliburton","Internship Program","Administrative Services","Khobar, Eastern Province , Saudi Arabia","","https://careers.halliburton.com/en/job/khobar/internship-program/543/92372121120"
"India","Halliburton","Accountant - Senior Accountant- Principal Accountant","Finance & Accounting","Bengaluru, Karnataka , India","","https://careers.halliburton.com/en/job/bengaluru/accountant-senior-accountant-principal-accountant/543/92115903856"
"United States","Halliburton","Technical Advisor Software Development","Engineering/Science/Technology","Houston, TX , United States","","https://careers.halliburton.com/en/job/houston/technical-advisor-software-development/543/92211759824"
"United States","Halliburton","Tech Prof-Technical Svcs, Prin","Engineering/Science/Technology","Houston, TX , United States","","https://careers.halliburton.com/en/job/houston/tech-prof-technical-svcs-prin/543/92356467728"
"United States","Halliburton","Senior Product Champion","Sales & Marketing","Houston, TX , United States","","https://careers.halliburton.com/en/job/houston/senior-product-champion/543/92200723280"
"Norway","Halliburton","Sommervikar Baseoperatør Tananger  - Basedrift","Operations","Stavanger, Rogaland , Norway","","https://careers.halliburton.com/en/job/stavanger/sommervikar-baseoperat%c3%b8r-tananger-basedrift/543/92345570336"
"Panama","Halliburton","Panama-Pasante-Finanzas","Administrative Services","Panama City, Provincia de Panamá , Panama","","https://careers.halliburton.com/en/job/panama-city/panama-pasante-finanzas/543/92345570320"
"Argentina","Halliburton","Neuquén - Argentina: Especialista de Recursos Humanos","Human Resources","Argentina , Argentina","","https://careers.halliburton.com/en/job/argentina/neuquen-argentina-especialista-de-recursos-humanos/543/92345570304"
"Chile","Halliburton","Chile-Punta Arenas-Supervisor de Cementación-Cementación","Operations","Punta Arenas, Region of Magallanes , Chile","","https://careers.halliburton.com/en/job/punta-arenas/chile-punta-arenas-supervisor-de-cementacion-cementacion/543/92345570288"
"Trinidad and Tobago","Halliburton","Trinidad - San Fernando - Accountant - Finance","Finance & Accounting","San Fernando, San Fernando , Trinidad and Tobago","","https://careers.halliburton.com/en/job/san-fernando/trinidad-san-fernando-accountant-finance/543/92340439776"
"Norway","Halliburton","Sommervikar Rypefjord - Baseoperatør","Operations","Rypefjord, Troms og Finnmark , Norway","","https://careers.halliburton.com/en/job/rypefjord/sommervikar-rypefjord-baseoperat%c3%b8r/543/92340439712"
"Suriname","Halliburton","Suriname - Paramaribo: Accountant","Finance & Accounting","Paramaribo, Distrikt Paramaribo , Suriname","","https://careers.halliburton.com/en/job/paramaribo/suriname-paramaribo-accountant/543/92313167072"
"Thailand","Halliburton","Service Leader (GBA)","Operations","Ban Bo Phawong, Nakhon Sawan , Thailand","","https://careers.halliburton.com/en/job/ban-bo-phawong/service-leader-gba/543/92334712992"
"Thailand","Halliburton","Technical Professional (GBA)","Engineering/Science/Technology","Ban Bo Phawong, Nakhon Sawan , Thailand","","https://careers.halliburton.com/en/job/ban-bo-phawong/technical-professional-gba/543/92334712976"
"US Three Rivers:   Chemical Account Manager (I / II / Senior) - MultiChem","Halliburton","HAL10","Three Rivers, TX , United States","US Three Rivers:   Chemical Account Manager (I / II / Senior) - MultiChem","Operations",""
"United States","Halliburton","Field Professional (Associate-Senior) - Pinnacle Diagnostics","Operations","Houston, TX , United States","","https://careers.halliburton.com/en/job/houston/field-professional-associate-senior-pinnacle-diagnostics/543/92174189696"
"Bolivia","Halliburton","Bolivia-Santa Cruz-Pasante-Finance","Administrative Services","Santa Cruz, Departamento de Santa Cruz , Bolivia","","https://careers.halliburton.com/en/job/santa-cruz/bolivia-santa-cruz-pasante-finance/543/92313167056"
"United States","Halliburton","Field Sales Rep - Account Rep. - Baroid","Sales & Marketing","Battle Mountain, NV , United States","","https://careers.halliburton.com/en/job/battle-mountain/field-sales-rep-account-rep-baroid/543/92313167040"
"Canada","Halliburton","Senior Geophysical Software Engineer (Seismic Processing)","Engineering/Science/Technology","Calgary, Alberta , Canada","","https://careers.halliburton.com/en/job/calgary/senior-geophysical-software-engineer-seismic-processing/543/92313167024"
"United States","Halliburton","Mechanic Technician (I-II) / Instrument Fitter - Downstream MultiChem - Port Arthur/Beaumont, TX","Maintenance","Houston, TX , United States","","https://careers.halliburton.com/en/job/houston/mechanic-technician-i-ii-instrument-fitter-downstream-multichem-port-arthur-beaumont-tx/543/92309072016"
"Ecuador","Halliburton","Ecuador- Francisco de Orellana- Ingeniero de Perforación Direccional-Sperry Drilling Svcs","Operations","Coca, Provincia del Azuay , Ecuador","","https://careers.halliburton.com/en/job/coca/ecuador-francisco-de-orellana-ingeniero-de-perforacion-direccional-sperry-drilling-svcs/543/91248959936"
"Ecuador","Halliburton","Ecuador - Francisco de Orellana - Supervisor de Fractura- Production Enhancement","Operations","Coca, Provincia del Azuay , Ecuador","","https://careers.halliburton.com/en/job/coca/ecuador-francisco-de-orellana-supervisor-de-fractura-production-enhancement/543/89304497056"
"Ecuador","Halliburton","Ecuador - Francisco de Orellana - Operador Especialista de Blender - ADP - Production Enhancement","Operations","Coca, Provincia del Azuay , Ecuador","","https://careers.halliburton.com/en/job/coca/ecuador-francisco-de-orellana-operador-especialista-de-blender-adp-production-enhancement/543/89597396400"
"Indonesia","Halliburton","Technical Sales Advisor, Senior-Principal (Completions)","Sales & Marketing","Negara, Bali , Indonesia","","https://careers.halliburton.com/en/job/negara/technical-sales-advisor-senior-principal-completions/543/92298290896"
"Mexico","Halliburton","Ciudad del Carmen, Campeche, Mexico - Técnico Especialista de Campo II - Artificial Lift","Operations","Ciudad del Carmen, Campeche , Mexico","","https://careers.halliburton.com/en/job/ciudad-del-carmen/ciudad-del-carmen-campeche-mexico-tecnico-especialista-de-campo-ii-artificial-lift/543/92216147072"
"Mexico","Halliburton","Reforma, Chiapas, MX- Service Supervisor -Subsea Safety System","Operations","Reforma, Reforma, Chiapas , Mexico","","https://careers.halliburton.com/en/job/reforma/reforma-chiapas-mx-service-supervisor-subsea-safety-system/543/92211759888"
"Panama","Halliburton","Panamá - Pasante - Recursos Humanos","Administrative Services","Panama City, Provincia de Panamá , Panama","","https://careers.halliburton.com/en/job/panama-city/panama-pasante-recursos-humanos/543/92195341200"
"United States","Halliburton","Associate Machine Operator - Senior Machine Operator","Manufacturing & Supply Chain","Duncan, OK , United States","","https://careers.halliburton.com/en/job/duncan/associate-machine-operator-senior-machine-operator/543/92195341168"
"Indonesia","Halliburton","Associate Technical Professional - Sand Control","Operations","Negara, Bali , Indonesia","","https://careers.halliburton.com/en/job/negara/associate-technical-professional-sand-control/543/92189711760"
"United States","Halliburton","Electrical Engineer (Senior - Principal - Advisor) Artificial Lift","Engineering/Science/Technology","Tulsa, OK , United States","","https://careers.halliburton.com/en/job/tulsa/electrical-engineer-senior-principal-advisor-artificial-lift/543/92174189728"
"United States","Halliburton","Artificial Lift Systems Engineer (Senior - Principal) Artificial Lift","Engineering/Science/Technology","Houston, TX , United States","","https://careers.halliburton.com/en/job/houston/artificial-lift-systems-engineer-senior-principal-artificial-lift/543/91844721456"
"United States","Halliburton","Reliability Engineer (Principal - Advisor) Artificial Lift","Engineering/Science/Technology","Odessa, TX , United States","","https://careers.halliburton.com/en/job/odessa/reliability-engineer-principal-advisor-artificial-lift/543/88683263920"
"United States","Halliburton","Downstream Site Service Representative (I-II) MultiChem - Lake Charles, LA","Operations","Geismar, LA , United States","","https://careers.halliburton.com/en/job/geismar/downstream-site-service-representative-i-ii-multichem-lake-charles-la/543/92163810448"
"Canada","Halliburton","Well Control Specialist (II - III - IV) - Boots & Coots","Operations","Calgary, Alberta , Canada","","https://careers.halliburton.com/en/job/calgary/well-control-specialist-ii-iii-iv-boots-and-coots/543/92163810368"
"United States","Halliburton","Electronic Technician I-III","Maintenance","Lafayette, LA , United States","","https://careers.halliburton.com/en/job/lafayette/electronic-technician-i-iii/543/89151514240"
"United States","Halliburton","Associate CNC Machinist - Senior CNC Machinist","Manufacturing & Supply Chain","Lafayette, LA , United States","","https://careers.halliburton.com/en/job/lafayette/associate-cnc-machinist-senior-cnc-machinist/543/92092370240"
"Japan","Halliburton","Associate Logistics Specialist - Logistics Specialist","Procurement, Materials, & Logistics","Niigata, Niigata , Japan","","https://careers.halliburton.com/en/job/niigata/associate-logistics-specialist-logistics-specialist/543/92153002736"
"Malaysia","Halliburton","Material Coordinator","Manufacturing & Supply Chain","Labuan, Labuan , Malaysia","","https://careers.halliburton.com/en/job/labuan/material-coordinator/543/92153002688"
"Singapore","Halliburton","A427-ESG-Intern","Administrative Services","Singapore, Singapore , Singapore","","https://careers.halliburton.com/en/job/singapore/a427-esg-intern/543/92141547728"
"United States","Halliburton","Field Service Rep. I - Senior Field Service Rep. - MultiChem","Operations","Washington, Washington, PA , United States","","https://careers.halliburton.com/en/job/washington/field-service-rep-i-senior-field-service-rep-multichem/543/92141547712"
"Mexico","Halliburton","Reforma. Chiapas, MX. - Service Specialits - Subsea Safety System","Operations","Reforma, Reforma, Chiapas , Mexico","","https://careers.halliburton.com/en/job/reforma/reforma-chiapas-mx-service-specialits-subsea-safety-system/543/92137397264"
"United States","Halliburton","Chemical Account Manager (I / II / Senior) - MultiChem - Bryan/College Station, TX","Operations","Marquez, TX , United States","","https://careers.halliburton.com/en/job/marquez/chemical-account-manager-i-ii-senior-multichem-bryan-college-station-tx/543/92137397024"
"Mexico","Halliburton","Reforma. Chiapas, MX. - Service Specialits - Subsea Safety System","Operations","Reforma, Reforma, Chiapas , Mexico","","https://careers.halliburton.com/en/job/reforma/reforma-chiapas-mx-service-specialits-subsea-safety-system/543/91911719392"
"Mexico","Halliburton","Reforma, Chiapas, MX- Service Supervisor -Subsea Safety System","Operations","Reforma, Reforma, Chiapas , Mexico","","https://careers.halliburton.com/en/job/reforma/reforma-chiapas-mx-service-supervisor-subsea-safety-system/543/91911719360"
"United States","Halliburton","R&D Electronics Engineer (Senior - Principal - Advisor) Sperry Drilling","Engineering/Science/Technology","Houston, TX , United States","","https://careers.halliburton.com/en/job/houston/r-and-d-electronics-engineer-senior-principal-advisor-sperry-drilling/543/91834635264"
"United States","Halliburton","Integration Architect","Information Technology","Houston, TX , United States","","https://careers.halliburton.com/en/job/houston/integration-architect/543/92130861152"
"Norway","Halliburton","Interaction Designer, Sr - Landmark","Engineering/Science/Technology","Oslo, Oslo County , Norway","","https://careers.halliburton.com/en/job/oslo/interaction-designer-sr-landmark/543/92115903824"
"Thailand","Halliburton","Senior Field Professional - General Field Professional (Logging & Perforating)","Engineering/Science/Technology","Ban Bo Phawong, Nakhon Sawan , Thailand","","https://careers.halliburton.com/en/job/ban-bo-phawong/senior-field-professional-general-field-professional-logging-and-perforating/543/92115903808"
"India","Halliburton","Accountant-Payments Processingd","Finance & Accounting","Bengaluru, Karnataka , India","","https://careers.halliburton.com/en/job/bengaluru/accountant-payments-processingd/543/92041794784"
"United States","Halliburton","Chemical Account Manager (I-II) - MultiChem","Operations","Dilley, TX , United States","","https://careers.halliburton.com/en/job/dilley/chemical-account-manager-i-ii-multichem/543/92099448592"
"Suriname","Halliburton","Suriname - Paramaribo: Entry Level Engineer - Sperry","Operations|Maintenance","Paramaribo, Distrikt Paramaribo , Suriname","","https://careers.halliburton.com/en/job/paramaribo/suriname-paramaribo-entry-level-engineer-sperry/543/91652522736"
"Norway","Halliburton","Sommervikar Baseoperatør Dusavik & Risavik  - Basedrift","Operations","Stavanger, Rogaland , Norway","","https://careers.halliburton.com/en/job/stavanger/sommervikar-baseoperat%c3%b8r-dusavik-and-risavik-basedrift/543/92083277984"
"Australia","Halliburton","Field Service Rep-Fluid Performance I","Operations","Roma, Queensland , Australia","","https://careers.halliburton.com/en/job/roma/field-service-rep-fluid-performance-i/543/92077732112"
"United States","Halliburton","Power Distribution Technician - (Associate-II)","Maintenance","Odessa, TX , United States","","https://careers.halliburton.com/en/job/odessa/power-distribution-technician-associate-ii/543/88357508128"
"Brazil","Halliburton","Brazil - Remote: Back-end Developer","Engineering/Science/Technology","Rio de Janeiro, Rio de Janeiro , Brazil","","https://careers.halliburton.com/en/job/rio-de-janeiro/brazil-remote-back-end-developer/543/88565622384"
"United States","Halliburton","Product Marketing Manager - Domain GTM & Narrative","Sales & Marketing","Houston, TX , United States","","https://careers.halliburton.com/en/job/houston/product-marketing-manager-domain-gtm-and-narrative/543/92056397024"
"Vietnam","Halliburton","Repair & Maintenance - Electrical Technician I-III","Maintenance","Ho Chi Minh City, Ho Chi Minh , Vietnam","","https://careers.halliburton.com/en/job/ho-chi-minh-city/repair-and-maintenance-electrical-technician-i-iii/543/92041794688"
"Singapore","Halliburton","Associate Procurement Specialist - Senior Procurement Specialist","Procurement, Materials, & Logistics","Singapore, Singapore , Singapore","","https://careers.halliburton.com/en/job/singapore/associate-procurement-specialist-senior-procurement-specialist/543/92030966624"
"Colombia","Halliburton","Cundinamarca - Cota - Cordinador HSE - Area HSE","HSE","Siberia, Cota, Cundinamarca , Colombia","","https://careers.halliburton.com/en/job/siberia/cundinamarca-cota-cordinador-hse-area-hse/543/91955317904"
"Guyana- Georgetown: Tool Technician- Completion Tools","Halliburton","HAL12","Georgetown, Demerara-Mahaica Region , Guyana","Guyana- Georgetown: Tool Technician- Completion Tools","Operations",""
"Singapore","Halliburton","Associate Mechanical Assembler - Senior Mechanical Assembler","Manufacturing & Supply Chain","Singapore, Singapore , Singapore","","https://careers.halliburton.com/en/job/singapore/associate-mechanical-assembler-senior-mechanical-assembler/543/91575997584"
"United States","Halliburton","Material Coordinator (I-III) - Artificial Lift","Manufacturing & Supply Chain","Tulsa, OK , United States","","https://careers.halliburton.com/en/job/tulsa/material-coordinator-i-iii-artificial-lift/543/91565365968"
"United States","Halliburton","Service Supervisor I-III - Cement","Operations","Zanesville, OH , United States","","https://careers.halliburton.com/en/job/zanesville/service-supervisor-i-iii-cement/543/91551649376"
"Colombia","Halliburton","Cundinamarca - Cota - Especialista GBA - Testing & Subsea","Operations","Siberia, Cota, Cundinamarca , Colombia","","https://careers.halliburton.com/en/job/siberia/cundinamarca-cota-especialista-gba-testing-and-subsea/543/90947885648"
"Singapore","Halliburton","Associate Mechanical Assembler - Senior Mechanical Assembler","Manufacturing & Supply Chain","Singapore, Singapore , Singapore","","https://careers.halliburton.com/en/job/singapore/associate-mechanical-assembler-senior-mechanical-assembler/543/91541029808"
"Singapore","Halliburton","Associate Mechanical Assembler - Senior Mechanical Assembler","Manufacturing & Supply Chain","Singapore, Singapore , Singapore","","https://careers.halliburton.com/en/job/singapore/associate-mechanical-assembler-senior-mechanical-assembler/543/91541029776"
"Thailand","Halliburton","Repair & Maintenance - Mechanical Technician I - II","Maintenance","Ban Bo Phawong, Nakhon Sawan , Thailand","","https://careers.halliburton.com/en/job/ban-bo-phawong/repair-and-maintenance-mechanical-technician-i-ii/543/90783167072"
"Thailand","Halliburton","Repair & Maintenance - Electrical Technician I - III","Maintenance","Ban Bo Phawong, Nakhon Sawan , Thailand","","https://careers.halliburton.com/en/job/ban-bo-phawong/repair-and-maintenance-electrical-technician-i-iii/543/90783167056"
"United States","Halliburton","Sourcing Lead - Senior Sourcing Lead","Procurement, Materials, & Logistics","Houston, TX , United States","","https://careers.halliburton.com/en/job/houston/sourcing-lead-senior-sourcing-lead/543/91455963920"
"United States","Halliburton","Senior Technical Professional-Frac/Acid","Operations","Odessa, TX , United States","","https://careers.halliburton.com/en/job/odessa/senior-technical-professional-frac-acid/543/91423976096"
"Suriname","Halliburton","Paramaribo - Suriname: Chemical Scientist - Baroid","Engineering/Science/Technology","Paramaribo, Distrikt Paramaribo , Suriname","","https://careers.halliburton.com/en/job/paramaribo/paramaribo-suriname-chemical-scientist-baroid/543/91384212096"
"Colombia","Halliburton","Cundinamarca - Cota - Supervisor MPD - Testing and Subsea","Operations","Siberia, Cota, Cundinamarca , Colombia","","https://careers.halliburton.com/en/job/siberia/cundinamarca-cota-supervisor-mpd-testing-and-subsea/543/90953170896"
"Ecuador","Halliburton","Ecuador - Francisco de Orellana - Operador Especialista de Blender - ADP - Production Enhancement","Operations","Coca, Provincia del Azuay , Ecuador","","https://careers.halliburton.com/en/job/coca/ecuador-francisco-de-orellana-operador-especialista-de-blender-adp-production-enhancement/543/89611986528"
"United States","Halliburton","Service Operator II - L&P","Operations","Odessa, TX , United States","","https://careers.halliburton.com/en/job/odessa/service-operator-ii-l-and-p/543/91352099056"
"Ecuador","Halliburton","Ecuador, Coca-Ingeniero de Fracturamiento-Production Enhancement","Operations","Coca, Provincia del Azuay , Ecuador","","https://careers.halliburton.com/en/job/coca/ecuador-coca-ingeniero-de-fracturamiento-production-enhancement/543/89304497072"
"Ecuador","Halliburton","Ecuador - Francisco De Orellana - Supervisor de Fracturas y Estimulaciones - Production Enhancement","Operations","Coca, Provincia del Azuay , Ecuador","","https://careers.halliburton.com/en/job/coca/ecuador-francisco-de-orellana-supervisor-de-fracturas-y-estimulaciones-production-enhancement/543/89304497040"
"Brazil","Halliburton","Brazil - RJ - Macaé: Well Design Consultant - Sperry Drilling Svcs","Engineering/Science/Technology","Macaé, Rio de Janeiro , Brazil","","https://careers.halliburton.com/en/job/macae/brazil-rj-macae-well-design-consultant-sperry-drilling-svcs/543/91348193808"
"United States","Halliburton","Electrical Engineer - Surface Equipment (Senior - Principal - Advisor) - Production Enhancement","Engineering/Science/Technology","Duncan, OK , United States","","https://careers.halliburton.com/en/job/duncan/electrical-engineer-surface-equipment-senior-principal-advisor-production-enhancement/543/91342167744"
"Brazil","Halliburton","Brazil - RJ - Consultant, Geology","Engineering/Science/Technology","Rio de Janeiro, Rio de Janeiro , Brazil","","https://careers.halliburton.com/en/job/rio-de-janeiro/brazil-rj-consultant-geology/543/91333391040"
"United States","Halliburton","Pump Design Engineer (Senior - Principal - Advisor) Production Enhancement","Engineering/Science/Technology","Duncan, OK , United States","","https://careers.halliburton.com/en/job/duncan/pump-design-engineer-senior-principal-advisor-production-enhancement/543/91317306656"
"Mexico","Halliburton","Reforma, Chiapas, Mexico - Supervisor de Slickline - Wireline and Perforating","Operations","Mexico , Mexico","","https://careers.halliburton.com/en/job/mexico/reforma-chiapas-mexico-supervisor-de-slickline-wireline-and-perforating/543/91210999568"
"Mexico","Halliburton","Reforma, Chiapas, Mexico - Operador de Slickline - Wireline and Perforating","Operations","Mexico , Mexico","","https://careers.halliburton.com/en/job/mexico/reforma-chiapas-mexico-operador-de-slickline-wireline-and-perforating/543/91204857712"
"United States","Halliburton","Material Coordinator (I-III) Supply Chain - 205829","Manufacturing & Supply Chain","Prudhoe Bay, AK , United States","","https://careers.halliburton.com/en/job/prudhoe-bay/material-coordinator-i-iii-supply-chain-205829/543/91215141744"
"Mexico","Halliburton","Reforma, Chiapas, Mexico - Technical Sales Advisor Slickline - Wireline and Perforating","Sales & Marketing","Mexico , Mexico","","https://careers.halliburton.com/en/job/mexico/reforma-chiapas-mexico-technical-sales-advisor-slickline-wireline-and-perforating/543/91215141712"
"Suriname","Halliburton","Paramaribo - Suriname: Logging Geologist","Operations","Paramaribo, Distrikt Paramaribo , Suriname","","https://careers.halliburton.com/en/job/paramaribo/paramaribo-suriname-logging-geologist/543/91195476320"
"Mexico","Halliburton","Mexico - Becario - Business Development","Administrative Services","Cunduacán, Tabasco , Mexico","","https://careers.halliburton.com/en/job/cunduacan/mexico-becario-business-development/543/91200984336"
"Thailand","Halliburton","Senior Field Professional - General Field Professional (Logging & Perforating)","Engineering/Science/Technology","Ban Bo Phawong, Nakhon Sawan , Thailand","","https://careers.halliburton.com/en/job/ban-bo-phawong/senior-field-professional-general-field-professional-logging-and-perforating/543/91189897872"
"Malaysia","Halliburton","Procurement Specialist (1-year contract)","Procurement, Materials, & Logistics","Kuala Lumpur, Kuala Lumpur , Malaysia","","https://careers.halliburton.com/en/job/kuala-lumpur/procurement-specialist-1-year-contract/543/91189897776"
"United Kingdom","Halliburton","Machine Learning Geoscientist - Jr","Engineering/Science/Technology","Abingdon, Oxfordshire, England , United Kingdom","","https://careers.halliburton.com/en/job/abingdon/machine-learning-geoscientist-jr/543/89109307360"
"Malaysia","Halliburton","Service Leader - Surface Well Testing","Operations","Kampong Kemaman, Terengganu , Malaysia","","https://careers.halliburton.com/en/job/kampong-kemaman/service-leader-surface-well-testing/543/91154210272"
"United States","Halliburton","Associate Technical Professional - Senior Technical Professional - Mfg","Manufacturing & Supply Chain","Lafayette, LA , United States","","https://careers.halliburton.com/en/job/lafayette/associate-technical-professional-senior-technical-professional-mfg/543/91143732576"
"United States","Halliburton","Mechanic Technician (I-III) Maintenance","Maintenance","Bossier City, LA , United States","","https://careers.halliburton.com/en/job/bossier-city/mechanic-technician-i-iii-maintenance/543/91139807872"
"Brazil","Halliburton","Brazil - Remote: Data Engineer - Platform & Pipelines","Engineering/Science/Technology","Rio de Janeiro, Rio de Janeiro , Brazil","","https://careers.halliburton.com/en/job/rio-de-janeiro/brazil-remote-data-engineer-platform-and-pipelines/543/90917551024"
"Brazil","Halliburton","Brazil - Remote: Team Lead - Digital Twin Platform","Engineering/Science/Technology","Rio de Janeiro, Rio de Janeiro , Brazil","","https://careers.halliburton.com/en/job/rio-de-janeiro/brazil-remote-team-lead-digital-twin-platform/543/90917551008"
"Brazil","Halliburton","Brazil - Remote: Front-end Developer","Engineering/Science/Technology","Rio de Janeiro, Rio de Janeiro , Brazil","","https://careers.halliburton.com/en/job/rio-de-janeiro/brazil-remote-front-end-developer/543/90917550992"
"Brazil","Halliburton","Brazil - Remote: Back-end Developer","Engineering/Science/Technology","Rio de Janeiro, Rio de Janeiro , Brazil","","https://careers.halliburton.com/en/job/rio-de-janeiro/brazil-remote-back-end-developer/543/90917550960"
"Brazil","Halliburton","Brazil - Remote: Tech Lead","Engineering/Science/Technology","Rio de Janeiro, Rio de Janeiro , Brazil","","https://careers.halliburton.com/en/job/rio-de-janeiro/brazil-remote-tech-lead/543/90917550928"
"Suriname","Halliburton","Paramaribo - Suriname: IT Intern","Administrative Services","Paramaribo, Distrikt Paramaribo , Suriname","","https://careers.halliburton.com/en/job/paramaribo/paramaribo-suriname-it-intern/543/91124436880"
"Argentina","Halliburton","Argentina - Neuquen: Técnicos con experiencia en Mantenimiento","Support Services","Argentina , Argentina","","https://careers.halliburton.com/en/job/argentina/argentina-neuquen-tecnicos-con-experiencia-en-mantenimiento/543/91124436864"
"Argentina","Halliburton","Argentina - Neuquén: Operadores/as / Supervisores/as / Ingenieros/as en Fractura","Engineering/Science/Technology","Argentina , Argentina","","https://careers.halliburton.com/en/job/argentina/argentina-neuquen-operadores-as-supervisores-as-ingenieros-as-en-fractura/543/91104057696"
"Argentina","Halliburton","Argentina - Neuquen: Operadore/as / Ingeniero/as de Wireline & Perforating","Engineering/Science/Technology","Argentina , Argentina","","https://careers.halliburton.com/en/job/argentina/argentina-neuquen-operadore-as-ingeniero-as-de-wireline-and-perforating/543/91104057632"
"United States","Halliburton","Operator Assistant II - Service Operator II - Cement","Operations","Montgomery, PA , United States","","https://careers.halliburton.com/en/job/montgomery/operator-assistant-ii-service-operator-ii-cement/543/91104057488"
"United States","Halliburton","Operator Assistant II - Service Operator II - Cement - 205799","Operations","Zanesville, OH , United States","","https://careers.halliburton.com/en/job/zanesville/operator-assistant-ii-service-operator-ii-cement-205799/543/91104057440"
"Brazil","Halliburton","Brazil - Macaé - On-Site Service Leader","Operations","Macaé, Rio de Janeiro , Brazil","","https://careers.halliburton.com/en/job/macae/brazil-macae-on-site-service-leader/543/89340583536"
"Guyana - Georgetown: HR Administrative Specialist","Halliburton","HAL11","Georgetown, Demerara-Mahaica Region , Guyana","Guyana - Georgetown: HR Administrative Specialist","Administrative Services",""
"Brazil","Halliburton","Brazil - RJ - Rio de Janeiro: UX Researcher OR Senior UX Designer","Engineering/Science/Technology","Rio de Janeiro, Rio de Janeiro , Brazil","","https://careers.halliburton.com/en/job/rio-de-janeiro/brazil-rj-rio-de-janeiro-ux-researcher-or-senior-ux-designer/543/91298863808"
"Thailand","Halliburton","Operator Assistant I-II (Cementing)","Operations","Ban Bo Phawong, Nakhon Sawan , Thailand","","https://careers.halliburton.com/en/job/ban-bo-phawong/operator-assistant-i-ii-cementing/543/91934297568"
"Thailand","Halliburton","Operator Assistant I - Service Operator (Cementing)","Operations","Ban Bo Phawong, Nakhon Sawan , Thailand","","https://careers.halliburton.com/en/job/ban-bo-phawong/operator-assistant-i-service-operator-cementing/543/91934297552"
"United States","Halliburton","Electronics Engineer - Downhole & Subsea Systems (Senior - Principal - Advisor)","Engineering/Science/Technology","Carrollton, TX , United States","","https://careers.halliburton.com/en/job/carrollton/electronics-engineer-downhole-and-subsea-systems-senior-principal-advisor/543/91911719408"
"United States","Halliburton","Oilfield Heavy Truck Driver - DFW, TX","Transportation","Alvarado, TX , United States","","https://careers.halliburton.com/en/job/alvarado/oilfield-heavy-truck-driver-dfw-tx/543/91907831760"
"United States","Halliburton","Oilfield Heavy Truck Driver - Duncan, OK","Transportation","Duncan, OK , United States","","https://careers.halliburton.com/en/job/duncan/oilfield-heavy-truck-driver-duncan-ok/543/91874065760"
"Canada","Halliburton","Pump Technician - Frac Acid","Maintenance","Clairmont, Alberta , Canada","","https://careers.halliburton.com/en/job/clairmont/pump-technician-frac-acid/543/91874065808"
"United States","Halliburton","Oilfield Heavy Truck Driver - Bossier City, LA","Transportation","Bossier City, LA , United States","","https://careers.halliburton.com/en/job/bossier-city/oilfield-heavy-truck-driver-bossier-city-la/543/91874065792"
"United States","Halliburton","Service Supervisor III - Cementing","Operations","Victoria, Victoria, TX , United States","","https://careers.halliburton.com/en/job/victoria/service-supervisor-iii-cementing/543/91874065776"
"United States","Halliburton","Social Media Specialist","Sales & Marketing","Houston, TX , United States","","https://careers.halliburton.com/en/job/houston/social-media-specialist/543/91870265968"
"Suriname","Halliburton","Suriname - Paramaribo: Entry Level Engineering Professional - Completions Tools","Operations","Paramaribo, Distrikt Paramaribo , Suriname","","https://careers.halliburton.com/en/job/paramaribo/suriname-paramaribo-entry-level-engineering-professional-completions-tools/543/91844721600"
"Canada","Halliburton","Bulk Material Operator I-III - Cement - 206367","Operations","Mount Pearl, Newfoundland and Labrador , Canada","","https://careers.halliburton.com/en/job/mount-pearl/bulk-material-operator-i-iii-cement-206367/543/91865081024"
"United States","Halliburton","Strategic Sourcing Team Lead - Senior Strategic Sourcing Team Lead","Procurement, Materials, & Logistics","Houston, TX , United States","","https://careers.halliburton.com/en/job/houston/strategic-sourcing-team-lead-senior-strategic-sourcing-team-lead/543/91865080960"
"United States","Halliburton","Manager, Thought Leadership & Internal Communications","Sales & Marketing","Houston, TX , United States","","https://careers.halliburton.com/en/job/houston/manager-thought-leadership-and-internal-communications/543/91865080912"
"Suriname","Halliburton","Paramaribo - Suriname: Slickline Service leader - Wireline and Perforating","Operations","Paramaribo, Distrikt Paramaribo , Suriname","","https://careers.halliburton.com/en/job/paramaribo/paramaribo-suriname-slickline-service-leader-wireline-and-perforating/543/91848557440"
"Suriname","Halliburton","Paramaribo - Suriname: Service Operator, Wireline and Perforating","Operations","Paramaribo, Distrikt Paramaribo , Suriname","","https://careers.halliburton.com/en/job/paramaribo/paramaribo-suriname-service-operator-wireline-and-perforating/543/91848557424"
"Suriname","Halliburton","Paramaribo - Suriname: Maintenance Professional, Wireline and Perforating","Operations","Paramaribo, Distrikt Paramaribo , Suriname","","https://careers.halliburton.com/en/job/paramaribo/paramaribo-suriname-maintenance-professional-wireline-and-perforating/543/91844721632"
"United States","Halliburton","Region Equipment Reliability Coordinator - Cementing","Operations","Houston, TX , United States","","https://careers.halliburton.com/en/job/houston/region-equipment-reliability-coordinator-cementing/543/91844721520"
"Guyana","Halliburton","Guyana - Georgetown: Chemical Scientist - Baroid","Engineering/Science/Technology","Georgetown, Demerara-Mahaica Region , Guyana","","https://careers.halliburton.com/en/job/georgetown/guyana-georgetown-chemical-scientist-baroid/543/91844721488"
"United States","Halliburton","R&D Pulse Power Engineer (Senior - Principal) Sperry Drilling","Engineering/Science/Technology","Houston, TX , United States","","https://careers.halliburton.com/en/job/houston/r-and-d-pulse-power-engineer-senior-principal-sperry-drilling/543/91834635248"
"United States","Halliburton","Procurement Specialist - Senior Procurement Specialist","Procurement, Materials, & Logistics","Lafayette, LA , United States","","https://careers.halliburton.com/en/job/lafayette/procurement-specialist-senior-procurement-specialist/543/91834635200"
"India","Halliburton","Senior Accountant- Principal Accountant","Finance & Accounting","Bengaluru, Karnataka , India","","https://careers.halliburton.com/en/job/bengaluru/senior-accountant-principal-accountant/543/91823997040"
"India","Halliburton","R&D Chemist- SR. R&D Chemist","Engineering/Science/Technology","Pune, Maharashtra , India","","https://careers.halliburton.com/en/job/pune/r-and-d-chemist-sr-r-and-d-chemist/543/91823996800"
"United States","Halliburton","Laboratory Technician-Chemistry (Associate- Senior)","Engineering/Science/Technology","Houston, TX , United States","","https://careers.halliburton.com/en/job/houston/laboratory-technician-chemistry-associate-senior/543/91809215968"
"Thailand","Halliburton","Associate Technical Professional (Sand Control)","Operations","Bangkok, Bangkok , Thailand","","https://careers.halliburton.com/en/job/bangkok/associate-technical-professional-sand-control/543/91788913904"
"Thailand","Halliburton","Associate Technical Professional (Sand Control)","Engineering/Science/Technology","Bangkok, Bangkok , Thailand","","https://careers.halliburton.com/en/job/bangkok/associate-technical-professional-sand-control/543/91788913888"
"United States","Halliburton","Service Specialist II - VSD","Operations","Odessa, TX , United States","","https://careers.halliburton.com/en/job/odessa/service-specialist-ii-vsd/543/91697292592"
"Singapore","Halliburton","Associate Machine Operator - Senior Machine Operator","Manufacturing & Supply Chain","Singapore, Singapore , Singapore","","https://careers.halliburton.com/en/job/singapore/associate-machine-operator-senior-machine-operator/543/91682922944"
"Thailand","Halliburton","Field Service Specialist II - General (DD)","Engineering/Science/Technology","Ban Bo Phawong, Nakhon Sawan , Thailand","","https://careers.halliburton.com/en/job/ban-bo-phawong/field-service-specialist-ii-general-dd/543/91682922832"
"Guyana","Halliburton","Guyana - Georgetown: Sperry Intern","Administrative Services","Georgetown, Demerara-Mahaica Region , Guyana","","https://careers.halliburton.com/en/job/georgetown/guyana-georgetown-sperry-intern/543/91671982384"
"United States","Halliburton","Heavy Truck Driver - Senior Heavy Truck Driver","Transportation","Odessa, TX , United States","","https://careers.halliburton.com/en/job/odessa/heavy-truck-driver-senior-heavy-truck-driver/543/86330217440"
"Suriname","Halliburton","Suriname-Paramaribo: Material Handler - Stockpoint-Baroid","Engineering/Science/Technology","Paramaribo, Distrikt Paramaribo , Suriname","","https://careers.halliburton.com/en/job/paramaribo/suriname-paramaribo-material-handler-stockpoint-baroid/543/91313890832"
"Suriname","Halliburton","Suriname- Paramaribo: QA/QC Coordinator - Completion Tools","Operations|Quality","Paramaribo, Distrikt Paramaribo , Suriname","","https://careers.halliburton.com/en/job/paramaribo/suriname-paramaribo-qa-qc-coordinator-completion-tools/543/91652522720"
"Suriname","Halliburton","Suriname - Paramaribo: Material Handler - Stockpoint - Baroid","Engineering/Science/Technology","Paramaribo, Distrikt Paramaribo , Suriname","","https://careers.halliburton.com/en/job/paramaribo/suriname-paramaribo-material-handler-stockpoint-baroid/543/91652522608"
"Suriname","Halliburton","Suriname - Paramaribo: Tool Technician I - Completion Tools","Operations","Paramaribo, Distrikt Paramaribo , Suriname","","https://careers.halliburton.com/en/job/paramaribo/suriname-paramaribo-tool-technician-i-completion-tools/543/91581510752"
"India","Halliburton","Accountant-Payments Processing","Finance & Accounting","Bengaluru, Karnataka , India","","https://careers.halliburton.com/en/job/bengaluru/accountant-payments-processing/543/91541029904"
"Thailand","Halliburton","Service Supervisor I-III (Frac Acid)","Operations","Ban Bo Phawong, Nakhon Sawan , Thailand","","https://careers.halliburton.com/en/job/ban-bo-phawong/service-supervisor-i-iii-frac-acid/543/91647101760"
"Thailand","Halliburton","Operator Assistant II - Service Operator I-II (Frac Acid)","Operations","Ban Bo Phawong, Nakhon Sawan , Thailand","","https://careers.halliburton.com/en/job/ban-bo-phawong/operator-assistant-ii-service-operator-i-ii-frac-acid/543/91647101728"
"Thailand","Halliburton","Service Leader - District PSL Service Manager (Frac Acid)","Operations","Ban Bo Phawong, Nakhon Sawan , Thailand","","https://careers.halliburton.com/en/job/ban-bo-phawong/service-leader-district-psl-service-manager-frac-acid/543/91647101680"
"China","Halliburton","FS05-ESG-Field Svc Spec, Assoc","Engineering/Science/Technology","Shenzhen, Shenzhen, Guangdong , China","","https://careers.halliburton.com/en/job/shenzhen/fs05-esg-field-svc-spec-assoc/543/91636185984"
"Mexico","Halliburton","Reforma, Chiapas - Operador de Tubería Flexible","Operations","Reforma, Reforma, Chiapas , Mexico","","https://careers.halliburton.com/en/job/reforma/reforma-chiapas-operador-de-tuberia-flexible/543/88950615344"
"United States","Halliburton","Electronic Technician (I-III) - Maintenance","Maintenance","Prudhoe Bay, AK , United States","","https://careers.halliburton.com/en/job/prudhoe-bay/electronic-technician-i-iii-maintenance/543/91632588112"
"United States","Halliburton","Low Carbon Solutions Marketing Manager","Sales & Marketing|Marketing","Houston, TX , United States","","https://careers.halliburton.com/en/job/houston/low-carbon-solutions-marketing-manager/543/91622070512"
"Brazil","Halliburton","Brasil - RJ - Macaé - Consultor de Perfuração Insite - Sperry Drilling Svcs","Operations","Macaé, Rio de Janeiro , Brazil","","https://careers.halliburton.com/en/job/macae/brasil-rj-macae-consultor-de-perfuracao-insite-sperry-drilling-svcs/543/91586711440"
"Brazil - Remote: Back-end Developer","Halliburton","HAL13","Rio de Janeiro, Rio de Janeiro , Brazil","Brazil - Remote: Back-end Developer","Engineering/Science/Technology",""
"United States","Halliburton","Service Specialist I - Cable Spooling - Artificial Lift","Operations","Oklahoma City, OK , United States","","https://careers.halliburton.com/en/job/oklahoma-city/service-specialist-i-cable-spooling-artificial-lift/543/91057882496"
"Singapore","Halliburton","R&D Electrical Engineer, Associate to Senior","Engineering/Science/Technology","Singapore, Singapore , Singapore","","https://careers.halliburton.com/en/job/singapore/r-and-d-electrical-engineer-associate-to-senior/543/91047074848"
"United States","Halliburton","Operator Assistant II - Service Operator I - Cementing","Operations","Bakersfield, CA , United States","","https://careers.halliburton.com/en/job/bakersfield/operator-assistant-ii-service-operator-i-cementing/543/90963131488"
"United States","Halliburton","Operator Assistant II - Service Operator I - L&P","Operations","Odessa, TX , United States","","https://careers.halliburton.com/en/job/odessa/operator-assistant-ii-service-operator-i-l-and-p/543/90917550912"
"United States","Halliburton","Operator Assistant Trainee - Wireline Logging & Perforating","Operations","Williston, ND , United States","","https://careers.halliburton.com/en/job/williston/operator-assistant-trainee-wireline-logging-and-perforating/543/90838339248"
"United States","Halliburton","Operator Assistant II - Logging & Perforating","Operations","Fort Lupton, CO , United States","","https://careers.halliburton.com/en/job/fort-lupton/operator-assistant-ii-logging-and-perforating/543/90832322992"
"United States","Halliburton","Operator Assistant Trainee - Wireline Logging & Perforating","Operations","Fort Lupton, CO , United States","","https://careers.halliburton.com/en/job/fort-lupton/operator-assistant-trainee-wireline-logging-and-perforating/543/90832322976"
"United States","Halliburton","Associate Service Specialist - Service Specialist I - Cable Spooling","Operations","Odessa, TX , United States","","https://careers.halliburton.com/en/job/odessa/associate-service-specialist-service-specialist-i-cable-spooling/543/90803556000"
"Mexico","Halliburton","Veracruz, Veracruz - Coiled Tubing Engineer, Sr","Operations","Pueblo Viejo, Guasave, Sinaloa , Mexico","","https://careers.halliburton.com/en/job/pueblo-viejo/veracruz-veracruz-coiled-tubing-engineer-sr/543/90794998208"
"United States","Halliburton","Lab Supervisor - Lab Manager - Cementing","Operations","Odessa, TX , United States","","https://careers.halliburton.com/en/job/odessa/lab-supervisor-lab-manager-cementing/543/90788421872"
"Trinidad and Tobago","Halliburton","Halliburton Trinidad Job Opportunities","Operations","Trinidad and Tobago , Trinidad and Tobago","","https://careers.halliburton.com/en/job/trinidad-and-tobago/halliburton-trinidad-job-opportunities/543/90650396864"
"United States","Halliburton","Operator Assistant II - Service Operator II - Cementing","Operations","Bossier City, LA , United States","","https://careers.halliburton.com/en/job/bossier-city/operator-assistant-ii-service-operator-ii-cementing/543/90650395776"
"Vietnam","Halliburton","Associate Technical Professional - Cementing","Engineering/Science/Technology|Operations","Vũng Tàu, Tỉnh Bà Rịa-Vũng Tàu , Vietnam","","https://careers.halliburton.com/en/job/vung-tau/associate-technical-professional-cementing/543/90645077280"
"United States","Halliburton","Field Service Representative I - MultiChem - Bryan/College Station, Texas","Operations","Marquez, TX , United States","","https://careers.halliburton.com/en/job/marquez/field-service-representative-i-multichem-bryan-college-station-texas/543/90596067344"
"United States","Halliburton","Service Specialist (I-III) - Completion Tools","Operations","Longview, TX , United States","","https://careers.halliburton.com/en/job/longview/service-specialist-i-iii-completion-tools/543/90595718336"
"United States","Halliburton","Associate Maintenance Technician - Mechanic Technician II","Maintenance","New Iberia, LA , United States","","https://careers.halliburton.com/en/job/new-iberia/associate-maintenance-technician-mechanic-technician-ii/543/90580543808"
"Brazil","Halliburton","[Gen Brazil] - Jovem Aprendiz - Catu & Mossoró","Support Services","Rio Grande do Norte, BR , Brazil","","https://careers.halliburton.com/en/job/rio-grande-do-norte/gen-brazil-jovem-aprendiz-catu-and-mossoro/543/87028029216"
"Brazil","Halliburton","Especialista de Fluidos","Operations","Rio de Janeiro, Rio de Janeiro , Brazil","","https://careers.halliburton.com/en/job/rio-de-janeiro/especialista-de-fluidos/543/86695650192"
"United States","Halliburton","Operator Assistant II - Service Operator II - Cementing","Operations","Evansville, WY , United States","","https://careers.halliburton.com/en/job/evansville/operator-assistant-ii-service-operator-ii-cementing/543/90545289200"
"United States","Halliburton","Operator Assistant Trainee - Cementing","Operations","Evansville, WY , United States","","https://careers.halliburton.com/en/job/evansville/operator-assistant-trainee-cementing/543/90545289184"
"United Kingdom","Halliburton","Software Engineer (Java / C++)","Engineering/Science/Technology","Abingdon, Oxfordshire, England , United Kingdom","","https://careers.halliburton.com/en/job/abingdon/software-engineer-java-c/543/85301283040"
"United States","Halliburton","Account Manager I-III - Landmark","Sales & Marketing","Houston, TX , United States","","https://careers.halliburton.com/en/job/houston/account-manager-i-iii-landmark/543/90539838480"
"United States","Halliburton","Associate Machine Operator - Senior Machine Operator","Manufacturing & Supply Chain","Duncan, OK , United States","","https://careers.halliburton.com/en/job/duncan/associate-machine-operator-senior-machine-operator/543/90529216192"
"United States","Halliburton","Operator Assistant II - Cementing","Operations","Prudhoe Bay, AK , United States","","https://careers.halliburton.com/en/job/prudhoe-bay/operator-assistant-ii-cementing/543/90525258304"
"United States","Halliburton","Operator Assistant II - Service Operator II - Cementing","Operations","Williston, ND , United States","","https://careers.halliburton.com/en/job/williston/operator-assistant-ii-service-operator-ii-cementing/543/90525258240"
"Suriname","Halliburton","Wireline Operator","Operations","Suriname , Suriname","","https://careers.halliburton.com/en/job/suriname/wireline-operator/543/86561759600"
"Suriname","Halliburton","Halliburton Suriname Job Opportunities","Operations","Suriname , Suriname","","https://careers.halliburton.com/en/job/suriname/halliburton-suriname-job-opportunities/543/84927708384"
"United States","Halliburton","Earth Modeling Product Specialist - Landmark","Engineering/Science/Technology","Houston, TX , United States","","https://careers.halliburton.com/en/job/houston/earth-modeling-product-specialist-landmark/543/90504392944"
"Thailand","Halliburton","Service Leader - Coiled Tubing","Operations","Ban Bo Phawong, Nakhon Sawan , Thailand","","https://careers.halliburton.com/en/job/ban-bo-phawong/service-leader-coiled-tubing/543/90405439952"
"China","Halliburton","DV04-ESG-Field Prof-DD, I","Engineering/Science/Technology","Tianjin, Tianjin Municipality , China","","https://careers.halliburton.com/en/job/tianjin/dv04-esg-field-prof-dd-i/543/90370078528"
"United States","Halliburton","Product Owner - Geoscience Workflows - Landmark","Engineering/Science/Technology","Houston, TX , United States","","https://careers.halliburton.com/en/job/houston/product-owner-geoscience-workflows-landmark/543/90346088464"
"United Kingdom","Halliburton","Cloud DevOps Engineer","Engineering/Science/Technology","Abingdon, Oxfordshire, England , United Kingdom","","https://careers.halliburton.com/en/job/abingdon/cloud-devops-engineer/543/89288983744"
"United Kingdom","Halliburton","Data Integration Engineer","Engineering/Science/Technology","Abingdon, Oxfordshire, England , United Kingdom","","https://careers.halliburton.com/en/job/abingdon/data-integration-engineer/543/89288983840"
"United Kingdom","Halliburton","DevOps Engineer","Engineering/Science/Technology","Abingdon, Oxfordshire, England , United Kingdom","","https://careers.halliburton.com/en/job/abingdon/devops-engineer/543/89288983760"
"United States","Halliburton","Operator Assistant II - Frac/Acid","Operations","Fort Lupton, CO , United States","","https://careers.halliburton.com/en/job/fort-lupton/operator-assistant-ii-frac-acid/543/90205709760"
"United States","Halliburton","Operator Assistant Trainee - Frac/Acid","Operations","Fort Lupton, CO , United States","","https://careers.halliburton.com/en/job/fort-lupton/operator-assistant-trainee-frac-acid/543/90205709744"
"United States","Halliburton","Associate Electrical / Mechanical Technician - Logging & Perf - 204809","Operations","New Iberia, LA , United States","","https://careers.halliburton.com/en/job/new-iberia/associate-electrical-mechanical-technician-logging-and-perf-204809/543/90181406160"
"United States","Halliburton","Operator Assistant II - Service Operator II - Separation Solutions","Operations","Zanesville, OH , United States","","https://careers.halliburton.com/en/job/zanesville/operator-assistant-ii-service-operator-ii-separation-solutions/543/90181406112"
"United States","Halliburton","Service Operator (I-II) Cementing","Operations","Victoria, Victoria, TX , United States","","https://careers.halliburton.com/en/job/victoria/service-operator-i-ii-cementing/543/90119692608"
"United States","Halliburton","Technician - Logging & Perforating","Operations","New Iberia, LA , United States","","https://careers.halliburton.com/en/job/new-iberia/technician-logging-and-perforating/543/89559536432"
"United States","Halliburton","Service Supervisor I-III - Cement","Operations","Lafayette, LA , United States","","https://careers.halliburton.com/en/job/lafayette/service-supervisor-i-iii-cement/543/89182453280"
"Thailand","Halliburton","Service Supervisor - Coiled Tubing","Operations","Ban Bo Phawong, Nakhon Sawan , Thailand","","https://careers.halliburton.com/en/job/ban-bo-phawong/service-supervisor-coiled-tubing/543/90031348016"
"Thailand","Halliburton","Service Operator II - Coiled Tubing","Operations","Ban Bo Phawong, Nakhon Sawan , Thailand","","https://careers.halliburton.com/en/job/ban-bo-phawong/service-operator-ii-coiled-tubing/543/90031348000"
"Thailand","Halliburton","Service Operator - Coiled Tubing","Operations","Ban Bo Phawong, Nakhon Sawan , Thailand","","https://careers.halliburton.com/en/job/ban-bo-phawong/service-operator-coiled-tubing/543/90031347984"
"Argentina","Halliburton","DV03-ESG-Field Prof-DD, II","Operations","Neuquén, Neuquen , Argentina","","https://careers.halliburton.com/en/job/neuquen/dv03-esg-field-prof-dd-ii/543/89830091184"
"Turkey","Halliburton","Service Operator I-Subsea Safety Sys","Operations","Ankara, TR , Turkey","","https://careers.halliburton.com/en/job/ankara/service-operator-i-subsea-safety-sys/543/88897003264"
"United States","Halliburton","Associate Production Welder - Senior Production Welder","Manufacturing & Supply Chain","Duncan, OK , United States","","https://careers.halliburton.com/en/job/duncan/associate-production-welder-senior-production-welder/543/89657709216"
"Singapore","Halliburton","R&D Mechanical Engineer","Engineering/Science/Technology","Singapore, Singapore , Singapore","","https://careers.halliburton.com/en/job/singapore/r-and-d-mechanical-engineer/543/89636290048"
"United States","Halliburton","Mechanic Technician (I-III) Maintenance","Maintenance","Alvarado, TX , United States","","https://careers.halliburton.com/en/job/alvarado/mechanic-technician-i-iii-maintenance/543/89597396432"
"United States","Halliburton","Technical Instructor (Senior - Principal) Boots & Coots Well Control","Human Resources","Conroe, TX , United States","","https://careers.halliburton.com/en/job/conroe/technical-instructor-senior-principal-boots-and-coots-well-control/543/89587586112"
"United Kingdom","Halliburton","Sr Product Owner - Geoscience Software Neftex","Engineering/Science/Technology","Abingdon, Oxfordshire, England , United Kingdom","","https://careers.halliburton.com/en/job/abingdon/sr-product-owner-geoscience-software-neftex/543/89109307424"
"United States","Halliburton","Senior Software Development Engineer / Lead (Fullstack) - Landmark","Engineering/Science/Technology","Houston, TX , United States","","https://careers.halliburton.com/en/job/houston/senior-software-development-engineer-lead-fullstack-landmark/543/87518107296"
"Canada","Halliburton","Senior Software Application Architect","Engineering/Science/Technology","Calgary, Alberta , Canada","","https://careers.halliburton.com/en/job/calgary/senior-software-application-architect/543/85426803312"
"Canada","Halliburton","Senior Geophysical Java Software Engineer","Engineering/Science/Technology","Calgary, Alberta , Canada","","https://careers.halliburton.com/en/job/calgary/senior-geophysical-java-software-engineer/543/85250800816"
"United States","Halliburton","Chemical Account Manager I - Senior Account Manager 204768","Operations","Odessa, TX , United States","","https://careers.halliburton.com/en/job/odessa/chemical-account-manager-i-senior-account-manager-204768/543/89387107552"
"United States","Halliburton","Technical Professional - Principal Technical Professional - MultiChem","Operations","Odessa, TX , United States","","https://careers.halliburton.com/en/job/odessa/technical-professional-principal-technical-professional-multichem/543/89387107536"
"Suriname","Halliburton","Facilities Coordinator","Real Estate Services","Paramaribo, Distrikt Paramaribo , Suriname","","https://careers.halliburton.com/en/job/paramaribo/facilities-coordinator/543/89372910688"
"Bolivia","Halliburton","Administrative Specialist for Talent Acquisition","Administrative Services","Santa Cruz, Departamento de Santa Cruz , Bolivia","","https://careers.halliburton.com/en/job/santa-cruz/administrative-specialist-for-talent-acquisition/543/88085445472"
"United States","Halliburton","Electronic Technician (I-III) Maintenance","Maintenance","Alvarado, TX , United States","","https://careers.halliburton.com/en/job/alvarado/electronic-technician-i-iii-maintenance/543/89361881584"
"Singapore","Halliburton","Service Operator I-Pipeline/Process","Operations","Singapore, Singapore , Singapore","","https://careers.halliburton.com/en/job/singapore/service-operator-i-pipeline-process/543/89288983680"
"United States","Halliburton","US Prudhoe Bay: Service Specialist I - Frac/Acid","Operations","Prudhoe Bay, AK , United States","","https://careers.halliburton.com/en/job/prudhoe-bay/us-prudhoe-bay-service-specialist-i-frac-acid/543/89115056256"
"Mexico","Halliburton","Paraíso, Tabasco - Operador de Unidad de Alta Presión","Operations","Cunduacán, Tabasco , Mexico","","https://careers.halliburton.com/en/job/cunduacan/paraiso-tabasco-operador-de-unidad-de-alta-presion/543/88843869632"
"Mexico","Halliburton","Reforma, Chiapas - Operador Especialista de Tubería Flexible","Operations","Reforma, Reforma, Chiapas , Mexico","","https://careers.halliburton.com/en/job/reforma/reforma-chiapas-operador-especialista-de-tuberia-flexible/543/88986855040"
"Mexico","Halliburton","Reforma, Chiapas - Operador Especialista de Estimulaciones","Operations","Reforma, Reforma, Chiapas , Mexico","","https://careers.halliburton.com/en/job/reforma/reforma-chiapas-operador-especialista-de-estimulaciones/543/88839499792"
"Mexico","Halliburton","Reforma, Chiapas - Asistente de Operaciones - Production Solutions","Operations","Reforma, Reforma, Chiapas , Mexico","","https://careers.halliburton.com/en/job/reforma/reforma-chiapas-asistente-de-operaciones-production-solutions/543/88986854976"
"Mexico","Halliburton","Reforma, Chiapas - Asistente de Operaciones - Production Solutions","Operations","Reforma, Reforma, Chiapas , Mexico","","https://careers.halliburton.com/en/job/reforma/reforma-chiapas-asistente-de-operaciones-production-solutions/543/88839499760"
"United States","Halliburton","Lead IT Business Process Analyst","Information Technology","Houston, TX , United States","","https://careers.halliburton.com/en/job/houston/lead-it-business-process-analyst/543/88791690656"
"United States","Halliburton","Internal Reporting Senior Accountant","Finance & Accounting","Houston, TX , United States","","https://careers.halliburton.com/en/job/houston/internal-reporting-senior-accountant/543/88544473088"
"United States","Halliburton","Service Leader - MultiChem","Operations","Williston, ND , United States","","https://careers.halliburton.com/en/job/williston/service-leader-multichem/543/87594268176"
"India","Halliburton","Senior Payroll Specialist","Finance & Accounting","Bengaluru, Karnataka , India","","https://careers.halliburton.com/en/job/bengaluru/senior-payroll-specialist/543/87098385280"
"Singapore","Halliburton","Signal Processing Intern","Administrative Services","Singapore, Singapore , Singapore","","https://careers.halliburton.com/en/job/singapore/signal-processing-intern/543/87544107424"
"Libya","Halliburton","Svc Rep-Fluid Perf III","Operations","Tripoli, Tripoli , Libya","","https://careers.halliburton.com/en/job/tripoli/svc-rep-fluid-perf-iii/543/85265926912"
"Saudi Arabia","Halliburton","Sr, Performance Advisor","Engineering/Science/Technology","Khobar, Eastern Province , Saudi Arabia","","https://careers.halliburton.com/en/job/khobar/sr-performance-advisor/543/93422447376"
"Ecuador","Halliburton","DEEP Program Ecuador 2026","Operations","Coca, Provincia del Azuay , Ecuador","","https://careers.halliburton.com/en/job/coca/deep-program-ecuador-2026/543/93400009088"
"Saudi Arabia","Halliburton","Well Site Supervisor I","Operations","Khobar, Eastern Province , Saudi Arabia","","https://careers.halliburton.com/en/job/khobar/well-site-supervisor-i/543/93336190512"
"Mexico","Halliburton","Cunduacán, Tabasco, Mexico - Field Engineer MWD, II - Sperry Drilling Svcs","Operations","Cunduacán, Tabasco , Mexico","","https://careers.halliburton.com/en/job/cunduacan/cunduacan-tabasco-mexico-field-engineer-mwd-ii-sperry-drilling-svcs/543/92885018224"
"United States","Halliburton","Heavy Truck Driver - Baroid","Transportation","Belle Fourche, SD , United States","","https://careers.halliburton.com/en/job/belle-fourche/heavy-truck-driver-baroid/543/93120924704"
"Azerbaijan","Halliburton","Internship- Baku, Azerbaijan","Engineering/Science/Technology|Administrative Services","Baku, Baku City , Azerbaijan","","https://careers.halliburton.com/en/job/baku/internship-baku-azerbaijan/543/92562641488"
"United States","Halliburton","Cloud Domain Architect","Information Technology","Houston, TX , United States","","https://careers.halliburton.com/en/job/houston/cloud-domain-architect/543/92732431872"
"Brazil","Halliburton","Brazil - RJ - Macaé - Supervisor Flexitubo - Production Solutions","Operations","Macaé, Rio de Janeiro , Brazil","","https://careers.halliburton.com/en/job/macae/brazil-rj-macae-supervisor-flexitubo-production-solutions/543/92309071968"
"United States","Halliburton","US Three Rivers:   Chemical Account Manager (I / II / Senior) - MultiChem","Operations","Three Rivers, TX , United States","","https://careers.halliburton.com/en/job/three-rivers/us-three-rivers-chemical-account-manager-i-ii-senior-multichem/543/92334712896"
"Guyana","Halliburton","Guyana - Georgetown: HR Administrative Specialist","Administrative Services","Georgetown, Demerara-Mahaica Region , Guyana","","https://careers.halliburton.com/en/job/georgetown/guyana-georgetown-hr-administrative-specialist/543/91944938768"
"Guyana","Halliburton","Guyana- Georgetown: Tool Technician- Completion Tools","Operations","Georgetown, Demerara-Mahaica Region , Guyana","","https://careers.halliburton.com/en/job/georgetown/guyana-georgetown-tool-technician-completion-tools/543/91561573344"
"Brazil","Halliburton","Brazil - Remote: Back-end Developer","Engineering/Science/Technology","Rio de Janeiro, Rio de Janeiro , Brazil","","https://careers.halliburton.com/en/job/rio-de-janeiro/brazil-remote-back-end-developer/543/90917550976"
