"Country","Company","Title","Category","Location","Date Posted","Link"
"India","KBR","Senior Designer - Piping Layout","Mechanical & Structural","Chennai, Tamil Nadu, India","2026-04-06","https://kbr.wd5.myworkdayjobs.com/KBR_Careers/job/Chennai-Tamil-Nadu-India/Senior-Designer---Piping-Layout_R2121424"
"India","KBR","Sr. Technical Advisor","Other","Chennai, Tamil Nadu, India","2026-04-06","https://kbr.wd5.myworkdayjobs.com/KBR_Careers/job/Chennai-Tamil-Nadu-India/Sr-Technical-Advisor_R2120922"
"USA","KBR","Aircrew Systems Requirements Support (Program Analyst, Senior)","Management & Administration","Washington, District of Columbia","2026-04-04","https://kbr.wd5.myworkdayjobs.com/KBR_Careers/job/Washington-District-of-Columbia/Aircrew-Systems-Requirements-Support--Program-Analyst--Senior-_R2120595-1"
"USA","KBR","Senior Network Administrator","IT & Digital","Camp HM Smith, Hawaii","2026-04-04","https://kbr.wd5.myworkdayjobs.com/KBR_Careers/job/Camp-HM-Smith-Hawaii/Senior-Network-Administrator_R2121409"
"USA","KBR","Sr. Metrology Technician","Operations & Process","Olathe, Kansas","2026-04-04","https://kbr.wd5.myworkdayjobs.com/KBR_Careers/job/Olathe-Kansas/Sr-Metrology-Technician_R2121362"
"USA","KBR","Lead Pricing Specialist","Management & Administration","Remote - U.S.","2026-04-04","https://kbr.wd5.myworkdayjobs.com/KBR_Careers/job/Remote---US/Lead-Pricing-Specialist_R2118539-1"
"USA","KBR","Capture Manager","Management & Administration","Huntsville, Alabama","2026-04-04","https://kbr.wd5.myworkdayjobs.com/KBR_Careers/job/Huntsville-Alabama/Capture-Manager_R2121393"
"USA","KBR","Environmental Safety & Health (ESH) Manager","HSE & Environment","Aurora, Colorado","2026-04-04","https://kbr.wd5.myworkdayjobs.com/KBR_Careers/job/Aurora-Colorado/Environmental-Safety---Health--ESH--Manager_R2121389"
"USA","KBR","Enterprise Supply Chain Manager","Supply Chain","Aurora, Colorado","2026-04-04","https://kbr.wd5.myworkdayjobs.com/KBR_Careers/job/Aurora-Colorado/Enterprise-Supply-Chain-Manager_R2121387"
"USA","KBR","Deputy Site Program Manager","Management & Administration","Aurora, Colorado","2026-04-04","https://kbr.wd5.myworkdayjobs.com/KBR_Careers/job/Aurora-Colorado/Deputy-Site-Program-Manager_R2121386"
"USA","KBR","Security Manager","Management & Administration","Aurora, Colorado","2026-04-04","https://kbr.wd5.myworkdayjobs.com/KBR_Careers/job/Aurora-Colorado/Security-Manager_R2121398"
"USA","KBR","Space Operations Program Manager (Part-Time)","Management & Administration","Colorado Springs, Colorado","2026-04-04","https://kbr.wd5.myworkdayjobs.com/KBR_Careers/job/Colorado-Springs-Colorado/Space-Operations-Program-Manager--Part-Time-_R2121402"
"USA","KBR","Risk Manager","HSE & Environment","Colorado Springs, Colorado","2026-04-04","https://kbr.wd5.myworkdayjobs.com/KBR_Careers/job/Colorado-Springs-Colorado/Risk-Manager_R2120942"
"USA","KBR","FMS Analyst","Other","Huntsville, Alabama","2026-04-04","https://kbr.wd5.myworkdayjobs.com/KBR_Careers/job/Huntsville-Alabama/FMS-Analyst_R2121394"
"USA","KBR","Cybersecurity Engineering Manager","IT & Digital","Colorado Springs, Colorado","2026-04-04","https://kbr.wd5.myworkdayjobs.com/KBR_Careers/job/Colorado-Springs-Colorado/Cybersecurity-Engineering-Manager_R2120954"
"USA","KBR","Cybersecurity Engineering Manager","IT & Digital","Colorado Springs, Colorado","2026-04-04","https://kbr.wd5.myworkdayjobs.com/KBR_Careers/job/Colorado-Springs-Colorado/Cybersecurity-Engineering-Manager_R2121127-1"
"USA","KBR","Mid Fullstack Software Engineer","IT & Digital","Colorado Springs, Colorado","2026-04-04","https://kbr.wd5.myworkdayjobs.com/KBR_Careers/job/Colorado-Springs-Colorado/Mid-Fullstack-Software-Engineer_R2121124"
"USA","KBR","Launch Vehicle Integration Interface Lead","Management & Administration","USA","2026-04-04","https://kbr.wd5.myworkdayjobs.com/KBR_Careers/job/Greenbelt-Maryland/Launch-Vehicle-Integration-Interface-Lead_R2121195-1"
"United Kingdom","KBR","Power Apps Developer - Entry Level","IT & Digital","Leatherhead, Surrey, United Kingdom","2026-04-04","https://kbr.wd5.myworkdayjobs.com/KBR_Careers/job/Leatherhead-Surrey-United-Kingdom/Power-Apps-Developer---Entry-Level_R2120553-2"
"USA","KBR","System/Data Engineer","IT & Digital","Chantilly, Virginia","2026-04-04","https://kbr.wd5.myworkdayjobs.com/KBR_Careers/job/Chantilly-Virginia/System-Data-Engineer_R2121388"
"USA","KBR","Enterprise Program Manager","Management & Administration","Aurora, Colorado","2026-04-04","https://kbr.wd5.myworkdayjobs.com/KBR_Careers/job/Aurora-Colorado/Enterprise-Program-Manager_R2121358"
"USA","KBR","MCPP - Shipment Coordinator","Other","Jacksonville, Florida","2026-04-04","https://kbr.wd5.myworkdayjobs.com/KBR_Careers/job/Jacksonville-Florida/MCPP---Shipment-Coordinator_R2120748-1"
"USA","KBR","MCPP - Maintenance Trades Helper","Commercial & Business","Jacksonville, Florida","2026-04-04","https://kbr.wd5.myworkdayjobs.com/KBR_Careers/job/Jacksonville-Florida/MCPP---Maintenance-Trades-Helper_R2120806-1"
"USA","KBR","Senior Operations Security/Management Analyst (Temp/Temp-to-Perm)","Management & Administration","Patuxent River, Maryland","2026-04-04","https://kbr.wd5.myworkdayjobs.com/KBR_Careers/job/Patuxent-River-Maryland/Senior-Operations-Security-Management-Analyst--Temp-Temp-to-Perm-_R2121363-1"
"Australia","KBR","CAD Technician","Operations & Process","Alice Springs, Northern Territory, Australia","2026-04-04","https://kbr.wd5.myworkdayjobs.com/KBR_Careers/job/Alice-Springs-Northern-Territory-Australia/CAD-Technician_R2100440-1"
"Australia","KBR","Architect","Other","Alice Springs, Northern Territory, Australia","2026-04-04","https://kbr.wd5.myworkdayjobs.com/KBR_Careers/job/Alice-Springs-Northern-Territory-Australia/Architect_R2097814"
"Australia","KBR","Electrical Engineer","Electrical & Instrumentation","Alice Springs, Northern Territory, Australia","2026-04-04","https://kbr.wd5.myworkdayjobs.com/KBR_Careers/job/Alice-Springs-Northern-Territory-Australia/Electrical-Engineer_R2097259"
"United Kingdom","KBR","Project Manager","Project Management","Plymouth, Devon, United Kingdom","2026-04-04","https://kbr.wd5.myworkdayjobs.com/KBR_Careers/job/Plymouth-Devon-United-Kingdom/Project-Manager_R2119243"
"USA","KBR","Special Operations Licensed Clinical Social Worker (AFSOC GSU/Fort Benning, GA)","Science & Laboratory","Fort Moore, Georgia","2026-04-04","https://kbr.wd5.myworkdayjobs.com/KBR_Careers/job/Fort-Moore-Georgia/Special-Operations-Licensed-Clinical-Social-Worker--AFSOC-GSU-Fort-Benning--GA-_R2121385-1"
"British Indian Ocean Territory","KBR","Diego Garcia:  Firefighter-Driver/Operator","Operations & Process","Diego Garcia, British Indian Ocean Territory","2026-04-04","https://kbr.wd5.myworkdayjobs.com/KBR_Careers/job/Diego-Garcia-British-Indian-Ocean-Territory/Diego-Garcia---Firefighter-Driver-Operator_R2121384"
"USA","KBR","Lead Specialist Program Management Part-time","Management & Administration","Warner Robins, Georgia","2026-04-04","https://kbr.wd5.myworkdayjobs.com/KBR_Careers/job/Warner-Robins-Georgia/Lead-Specialist-Program-Management-Part-time_R2121366"
"USA","KBR","International Operations Specialist","Internship & Graduate","Huntsville, Alabama","2026-04-04","https://kbr.wd5.myworkdayjobs.com/KBR_Careers/job/Huntsville-Alabama/International-Operations-Specialist_R2121360-1"
"USA","KBR","Systems Engineer","Other","Huntsville, Alabama","2026-04-04","https://kbr.wd5.myworkdayjobs.com/KBR_Careers/job/Huntsville-Alabama/Systems-Engineer_R2120309"
"India","KBR","Offshore Structural Engineer - Civil","Mechanical & Structural","Bangalore, Karnataka, India","2026-04-04","https://kbr.wd5.myworkdayjobs.com/KBR_Careers/job/Bangalore-Karnataka-India/Offshore-Engineer---Civil---Structural_R2117450"
"India","KBR","Onshore Engineer - Civil & Structural","Mechanical & Structural","Chennai, Tamil Nadu, India","2026-04-04","https://kbr.wd5.myworkdayjobs.com/KBR_Careers/job/Chennai-Tamil-Nadu-India/Onshore-Engineer---Civil---Structural_R2120845"
"India","KBR","Onshore Engineer - Civil & Structural","Mechanical & Structural","Chennai, Tamil Nadu, India","2026-04-04","https://kbr.wd5.myworkdayjobs.com/KBR_Careers/job/Chennai-Tamil-Nadu-India/Onshore-Engineer---Civil---Structural_R2120844"
"USA","KBR","Finance Manager","Finance & Accounting","Chantilly, Virginia","2026-04-03","https://kbr.wd5.myworkdayjobs.com/KBR_Careers/job/Chantilly-Virginia/Finance-Manager_R2120500"
"USA","KBR","Facility Manager","Management & Administration","Chantilly, Virginia","2026-04-03","https://kbr.wd5.myworkdayjobs.com/KBR_Careers/job/Chantilly-Virginia/Facility-Manager_R2120492"
"USA","KBR","Conferencing Manager","Management & Administration","Chantilly, Virginia","2026-04-03","https://kbr.wd5.myworkdayjobs.com/KBR_Careers/job/Chantilly-Virginia/Conferencing-Manager_R2120419"
"USA","KBR","Deputy Program Manager","Management & Administration","Chantilly, Virginia","2026-04-03","https://kbr.wd5.myworkdayjobs.com/KBR_Careers/job/Chantilly-Virginia/Deputy-Program-Manager_R2120483"
"USA","KBR","Operations Manager","Management & Administration","Chantilly, Virginia","2026-04-03","https://kbr.wd5.myworkdayjobs.com/KBR_Careers/job/Chantilly-Virginia/Operations-Manager_R2120501"
"USA","KBR","Program Manager","Management & Administration","Chantilly, Virginia","2026-04-03","https://kbr.wd5.myworkdayjobs.com/KBR_Careers/job/Chantilly-Virginia/Program-Manager_R2120489"
"USA","KBR","Signal Processing Analyst","Other","Lexington, Massachusetts","2026-04-03","https://kbr.wd5.myworkdayjobs.com/KBR_Careers/job/Lexington-Massachusetts/Signal-Processing-Analyst_R2119110"
"USA","KBR","Firmware Developer","IT & Digital","Lexington, Massachusetts","2026-04-03","https://kbr.wd5.myworkdayjobs.com/KBR_Careers/job/Lexington-Massachusetts/Firmware-Developer_R2119112"
"USA","KBR","Embedded Software Developer","IT & Digital","Lexington, Massachusetts","2026-04-03","https://kbr.wd5.myworkdayjobs.com/KBR_Careers/job/Lexington-Massachusetts/Embedded-Software-Developer_R2119114"
"USA","KBR","Electrical Engineer","Electrical & Instrumentation","Lexington, Massachusetts","2026-04-03","https://kbr.wd5.myworkdayjobs.com/KBR_Careers/job/Lexington-Massachusetts/Electrical-Engineer_R2120512"
"USA","KBR","Device Emulation Engineer","Other","Lexington, Massachusetts","2026-04-03","https://kbr.wd5.myworkdayjobs.com/KBR_Careers/job/Lexington-Massachusetts/Device-Emulation-Engineer_R2120515"
"USA","KBR","Optical Test Engineer","Other","Lexington, Massachusetts","2026-04-03","https://kbr.wd5.myworkdayjobs.com/KBR_Careers/job/Lexington-Massachusetts/Optical-Test-Engineer_R2120690"
"USA","KBR","Administrative Assistant","Other","Newport, Rhode Island","2026-04-03","https://kbr.wd5.myworkdayjobs.com/KBR_Careers/job/Newport-Rhode-Island/Administrative-Assistant_R2121353"
"USA","KBR","Space Suit Project Engineer","Project Management","Houston, Texas","2026-04-03","https://kbr.wd5.myworkdayjobs.com/KBR_Careers/job/Houston-Texas/Space-Suit-Project-Engineer_R2121283-1"
"USA","KBR","IT Automation & Administrator","Operations & Process","Houston, Texas","2026-04-03","https://kbr.wd5.myworkdayjobs.com/KBR_Careers/job/Houston-Texas/IT-Automation---Administrator_R2121351"
"USA","KBR","Lead Piping Stress Engineer","Mechanical & Structural","Newark, Delaware","2026-04-03","https://kbr.wd5.myworkdayjobs.com/KBR_Careers/job/Newark-Delaware/Senior-Piping-Stress-Engineer_R2118982"
"USA","KBR","Material Handling Laborer","Supply Chain","Lexington Park, Maryland","2026-04-03","https://kbr.wd5.myworkdayjobs.com/KBR_Careers/job/Lexington-Park-Maryland/Material-Handling-Laborer_R2121354"
"USA","KBR","Lead Systems Engineer","Management & Administration","Lexington Park, Maryland","2026-04-03","https://kbr.wd5.myworkdayjobs.com/KBR_Careers/job/Lexington-Park-Maryland/Lead-Systems-Engineer_R2121201"
"USA","KBR","RF MASINT Engineering SME","Other","Beavercreek Township, Ohio","2026-04-03","https://kbr.wd5.myworkdayjobs.com/KBR_Careers/job/Beavercreek-Township-Ohio/RF-MASINT-Engineering-SME_R2121350"
"USA","KBR","Lead DAAS Systems Engineer","Management & Administration","Lexington Park, Maryland","2026-04-03","https://kbr.wd5.myworkdayjobs.com/KBR_Careers/job/Lexington-Park-Maryland/Lead-DAAS-Systems-Engineer_R2121200"
"USA","KBR","Space Suit Production Logistics Internship Summer 2026","Operations & Process","Webster, Texas","2026-04-03","https://kbr.wd5.myworkdayjobs.com/KBR_Careers/job/Webster-Texas/Space-Suit-Production-Logistics-Internship-Summer-2026_R2121145"
"USA","KBR","Lead Skytower Systems Engineer","Management & Administration","Lexington Park, Maryland","2026-04-03","https://kbr.wd5.myworkdayjobs.com/KBR_Careers/job/Lexington-Park-Maryland/Lead-Skytower-Systems-Engineer_R2121202"
"USA","KBR","Enterprise Deputy Program Manager","Management & Administration","Aurora, Colorado","2026-04-03","https://kbr.wd5.myworkdayjobs.com/KBR_Careers/job/Aurora-Colorado/Enterprise-Deputy-Program-Manager_R2121344"
"USA","KBR","Critical Infrastructure Maintenance Manager","Management & Administration","Aurora, Colorado","2026-04-03","https://kbr.wd5.myworkdayjobs.com/KBR_Careers/job/Aurora-Colorado/Critical-Infrastructure-Maintenance-Manager_R2121335"
"USA","KBR","Mission Systems Test Engineer","Other","Dallas, Texas","2026-04-03","https://kbr.wd5.myworkdayjobs.com/KBR_Careers/job/Dallas-Texas/Mission-Systems-Test-Engineer_R2121343"
"USA","KBR","Junior Cloud DevOps Engineer","Other","Sioux Falls, South Dakota","2026-04-03","https://kbr.wd5.myworkdayjobs.com/KBR_Careers/job/Sioux-Falls-South-Dakota/Junior-Cloud-DevOps-Engineer_R2121346"
"USA","KBR","Health, Safety, & Environmental Sr. Specialist","HSE & Environment","Greenbelt, Maryland","2026-04-03","https://kbr.wd5.myworkdayjobs.com/KBR_Careers/job/Greenbelt-Maryland/Health--Safety----Environmental-Sr-Specialist_R2121342"
"USA","KBR","Ground Systems Software Engineer","IT & Digital","Denver, Colorado","2026-04-03","https://kbr.wd5.myworkdayjobs.com/KBR_Careers/job/Denver-Colorado/Ground-Systems-Software-Engineer_R2120338"
"USA","KBR","Manager of Strategic Alliances","Management & Administration","USA","2026-04-03","https://kbr.wd5.myworkdayjobs.com/KBR_Careers/job/Fulton-Maryland/Manager-of-Strategic-Alliances_R2121224"
"USA","KBR","ICS: AFHE Senior Maintenance Technician","Operations & Process","Pensacola, Florida","2026-04-03","https://kbr.wd5.myworkdayjobs.com/KBR_Careers/job/Pensacola-Florida/ICS--AFHE-Senior-Maintenance-Technician_R2121338-1"
"United Kingdom","KBR","Commissioning Manager","Operations & Process","United Kingdom","2026-04-03","https://kbr.wd5.myworkdayjobs.com/KBR_Careers/job/Glasgow/Commissioning-Manager_R2121271"
"Djibouti","KBR","DJBOSS: Cook","Other","Djibouti, Djibouti","2026-04-03","https://kbr.wd5.myworkdayjobs.com/KBR_Careers/job/Djibouti-Djibouti/DJBOSS--Cook_R2121332"
"USA","KBR","Electrical Engineer Intern - Summer 2026","Electrical & Instrumentation","Las Cruces, New Mexico","2026-04-03","https://kbr.wd5.myworkdayjobs.com/KBR_Careers/job/Las-Cruces-New-Mexico/Electrical-Engineer-Intern---Summer-2026_R2121279"
"USA","KBR","Mechanical Engineer Intern - Summer 2026","Mechanical & Structural","Las Cruces, New Mexico","2026-04-03","https://kbr.wd5.myworkdayjobs.com/KBR_Careers/job/Las-Cruces-New-Mexico/Mechanical-Engineer-Intern---Summer-2026_R2121281"
"India","KBR","Electrical Engineer","Electrical & Instrumentation","Chennai, Tamil Nadu, India","2026-04-03","https://kbr.wd5.myworkdayjobs.com/KBR_Careers/job/Chennai-Tamil-Nadu-India/Electrical-Engineer_R2120548"
"Saudi Arabia","KBR","Lead Electrical Design Engineer","Electrical & Instrumentation","Corniche, Al Khobar, Eastern Region, Saudi Arabia","2026-04-03","https://kbr.wd5.myworkdayjobs.com/KBR_Careers/job/Corniche-Al-Khobar-Eastern-Region-Saudi-Arabia/Lead-Electrical-Design-Engineer_R2119294"
"India","KBR","Administrative Specialist IV","Other","Chennai, Tamil Nadu, India","2026-04-03","https://kbr.wd5.myworkdayjobs.com/KBR_Careers/job/Chennai-Tamil-Nadu-India/Administrative-Specialist-IV_R2121251"
"Djibouti","KBR","JOC:Carpenter","Other","Djibouti, Djibouti","2026-04-03","https://kbr.wd5.myworkdayjobs.com/KBR_Careers/job/Djibouti-Djibouti/JOC-Carpenter_R2121320"
"India","KBR","Lead Specialist, Cost Control","Electrical & Instrumentation","Chennai, Tamil Nadu, India","2026-04-03","https://kbr.wd5.myworkdayjobs.com/KBR_Careers/job/Chennai-Tamil-Nadu-India/Lead-Specialist--Cost-Control_R2121317"
"India","KBR","Sr. Specialist I, Cost Control","Electrical & Instrumentation","Chennai, Tamil Nadu, India","2026-04-03","https://kbr.wd5.myworkdayjobs.com/KBR_Careers/job/Chennai-Tamil-Nadu-India/Sr-Specialist-I--Cost-Control_R2121319"
"India","KBR","Specialist Cost Control","Electrical & Instrumentation","Chennai, Tamil Nadu, India","2026-04-03","https://kbr.wd5.myworkdayjobs.com/KBR_Careers/job/Chennai-Tamil-Nadu-India/Specialist-Cost-Control_R2121318"
"Azerbaijan","KBR","Program Director","Management & Administration","Baku, Azerbaijan","2026-04-03","https://kbr.wd5.myworkdayjobs.com/KBR_Careers/job/Baku-Azerbaijan/Program-Director_R2121265"
"Iraq","KBR","Logistics Manager","Supply Chain","Basra, Al Başrah, Iraq","2026-04-03","https://kbr.wd5.myworkdayjobs.com/KBR_Careers/job/Basra-Al-Barah-Iraq/Logistics-Manager_R2121237"
"Djibouti","KBR","JOC:Carpenter","Other","Djibouti, Djibouti","2026-04-03","https://kbr.wd5.myworkdayjobs.com/KBR_Careers/job/Djibouti-Djibouti/JOC-Carpenter_R2121316"
"Djibouti","KBR","JOC:Carpenter","Other","Djibouti, Djibouti","2026-04-03","https://kbr.wd5.myworkdayjobs.com/KBR_Careers/job/Djibouti-Djibouti/JOC-Carpenter_R2121315"
"Indonesia","KBR","Telecom Designer","Electrical & Instrumentation","Jakarta, Jakarta Raya, Indonesia","2026-04-03","https://kbr.wd5.myworkdayjobs.com/KBR_Careers/job/Jakarta-Jakarta-Raya-Indonesia/Telecom-Designer_R2121248"
"Indonesia","KBR","Civil Designer","Mechanical & Structural","Jakarta, Jakarta Raya, Indonesia","2026-04-03","https://kbr.wd5.myworkdayjobs.com/KBR_Careers/job/Jakarta-Jakarta-Raya-Indonesia/Civil-Designer_R2119282"
"Saudi Arabia","KBR","Senior Designer - Electrical","Electrical & Instrumentation","Al Khobar, Saudi Arabia","2026-04-03","https://kbr.wd5.myworkdayjobs.com/KBR_Careers/job/Al-Khobar-Saudi-Arabia/Senior-Designer---Electrical_R2121314"
"Iraq","KBR","Material Manager","Supply Chain","Basra, Al Başrah, Iraq","2026-04-03","https://kbr.wd5.myworkdayjobs.com/KBR_Careers/job/Basra-Al-Barah-Iraq/Material-Manager_R2119705-1"
"India","KBR","Associate Accountant","Finance & Accounting","Chennai, Tamil Nadu, India","2026-04-03","https://kbr.wd5.myworkdayjobs.com/KBR_Careers/job/Chennai-Tamil-Nadu-India/Associate-Accountant_R2118499"
"Australia","KBR","Senior CFD/Wind Engineer","Management & Administration","Sydney, New South Wales, Australia","2026-04-03","https://kbr.wd5.myworkdayjobs.com/KBR_Careers/job/Sydney-New-South-Wales-Australia/Senior-CFD-Wind-Engineer_R2121234"
"USA","KBR","Senior SIGINT Engineering Support SME","Management & Administration","Chantilly, Virginia","2026-04-02","https://kbr.wd5.myworkdayjobs.com/KBR_Careers/job/Chantilly-Virginia/Senior-SIGINT-Engineering-Support-SME_R2121275"
"USA","KBR","FMS Analyst","Other","Warner Robins, Georgia","2026-04-02","https://kbr.wd5.myworkdayjobs.com/KBR_Careers/job/Warner-Robins-Georgia/FMS-Analyst_R2120103"
"USA","KBR","Associate Proposal Coordinator","Other","USA","2026-04-02","https://kbr.wd5.myworkdayjobs.com/KBR_Careers/job/Lexington-Park-Maryland/Associate-Proposal-Coordinator_R2121280"
"USA","KBR","Test Analyst","Other","Colorado Springs, Colorado","2026-04-02","https://kbr.wd5.myworkdayjobs.com/KBR_Careers/job/Colorado-Springs-Colorado/Test-Analyst_R2121297"
"USA","KBR","Marine Corp Prepositioning Program Work- Jacksonville FL- Upload Resume","Other","Jacksonville, Florida","2026-04-02","https://kbr.wd5.myworkdayjobs.com/KBR_Careers/job/Jacksonville-Florida/Marine-Corp-Prepositioning-Program-Work--Jacksonville-FL--Upload-Resume_R2121296"
"USA","KBR","Chief Technical leader - Refining Catalyst Development","Management & Administration","Houston, Texas","2026-04-02","https://kbr.wd5.myworkdayjobs.com/KBR_Careers/job/Houston-Texas/Chief-Technical-leader---Refining-Catalyst-Development_R2121282"
"USA","KBR","Senior Security Specialist","Management & Administration","Beavercreek, Ohio","2026-04-02","https://kbr.wd5.myworkdayjobs.com/KBR_Careers/job/Beavercreek-Ohio/Senior-Security-Specialist_R2121288-1"
"Saudi Arabia","KBR","PSAB BOSS: MWR Coordinator (Secret Clearance)","Other","Saudi Arabia","2026-04-02","https://kbr.wd5.myworkdayjobs.com/KBR_Careers/job/Saudi-Arabia/PSAB-BOSS--MWR-Coordinator--Secret-Clearance-_R2121278"
"USA","KBR","SBIRS Survivable Endurable Evolution (S2E2) Courseware/Instructor","Other","Aurora, Colorado","2026-04-02","https://kbr.wd5.myworkdayjobs.com/KBR_Careers/job/Aurora-Colorado/SBIRS-Survivable-Endurable-Evolution--S2E2--Courseware-Instructor_R2121286"
"USA","KBR","Joint Tactical Ground Station (JTAGS) Courseware/Instructor","Other","Aurora, Colorado","2026-04-02","https://kbr.wd5.myworkdayjobs.com/KBR_Careers/job/Aurora-Colorado/Joint-Tactical-Ground-Station--JTAGS--Courseware-Instructor_R2121287-1"
"USA","KBR","Software Developer","IT & Digital","Chantilly, Virginia","2026-04-02","https://kbr.wd5.myworkdayjobs.com/KBR_Careers/job/Chantilly-Virginia/Software-Developer_R2117151"
"USA","KBR","Senior Technical Advisor – Process Controls and Instrumentation","Operations & Process","Houston, Texas","2026-04-02","https://kbr.wd5.myworkdayjobs.com/KBR_Careers/job/Houston-Texas/Senior-Technical-Advisor---Process-Controls-and-Instrumentation_R2121210"
"USA","KBR","Systems Engineer","Other","Chantilly, Virginia","2026-04-02","https://kbr.wd5.myworkdayjobs.com/KBR_Careers/job/Chantilly-Virginia/Systems-Engineer_R2117778"
"USA","KBR","Senior Engineer","Management & Administration","Arlington, Virginia","2026-04-02","https://kbr.wd5.myworkdayjobs.com/KBR_Careers/job/Arlington-Virginia/Senior-Engineer_R2121262-1"
"USA","KBR","Senior Engineer","Management & Administration","Arlington, Virginia","2026-04-02","https://kbr.wd5.myworkdayjobs.com/KBR_Careers/job/Arlington-Virginia/Senior-Engineer_R2121264"
"USA","KBR","Scrum Master","IT & Digital","Colorado Springs, Colorado","2026-04-02","https://kbr.wd5.myworkdayjobs.com/KBR_Careers/job/Colorado-Springs-Colorado/Scrum-Master_R2121001"
"USA","KBR","Precision Cleaning and Contamination Engineer","Other","Laurel, Maryland","2026-04-02","https://kbr.wd5.myworkdayjobs.com/KBR_Careers/job/Laurel-Maryland/Precision-Cleaning-and-Contamination-Engineer_R2121284"
"USA","KBR","APS-3: Heavy Equipment Mechanic","Mechanical & Structural","USA","2026-04-02","https://kbr.wd5.myworkdayjobs.com/KBR_Careers/job/Charleston-South-Carolina/APS-3--Heavy-Equipment-Mechanic_R2121189-1"
"United Kingdom","KBR","Digital Services Manager","IT & Digital","Leatherhead, Surrey, United Kingdom","2026-04-02","https://kbr.wd5.myworkdayjobs.com/KBR_Careers/job/Leatherhead-Surrey-United-Kingdom/Digital-Services-Manager_R2121174-1"
"USA","KBR","Senior Program Manager","Management & Administration","Remote - U.S.","2026-04-02","https://kbr.wd5.myworkdayjobs.com/KBR_Careers/job/Remote---US/Senior-Program-Manager_R2121273"
"USA","KBR","Program Integrator","Other","Huntsville, Alabama","2026-04-02","https://kbr.wd5.myworkdayjobs.com/KBR_Careers/job/Huntsville-Alabama/Program-Integrator_R2121230"
"USA","KBR","Operations Segment Manager I","Management & Administration","Ogden, Utah","2026-04-02","https://kbr.wd5.myworkdayjobs.com/KBR_Careers/job/Ogden-Utah/Operations-Segment-Manager-I_R2121270"
"USA","KBR","Welder","Other","Las Cruces, New Mexico","2026-04-02","https://kbr.wd5.myworkdayjobs.com/KBR_Careers/job/Las-Cruces-New-Mexico/Welder_R2121268"
"USA","KBR","Mechanical Engineer","Mechanical & Structural","Kihei, Hawaii","2026-04-02","https://kbr.wd5.myworkdayjobs.com/KBR_Careers/job/Kihei-Hawaii/Mechanical-Engineer_R2121192"
"USA","KBR","Logistics Facilities Support Specialist","Supply Chain","El Paso, Texas","2026-04-02","https://kbr.wd5.myworkdayjobs.com/KBR_Careers/job/El-Paso-Texas/Logistics-Facilities-Support-Specialist_R2119976"
"USA","KBR","Remote Special Process Auditor","Finance & Accounting","USA","2026-04-02","https://kbr.wd5.myworkdayjobs.com/KBR_Careers/job/Houston-Texas/Remote-Special-Process-Auditor_R2121218"
"USA","KBR","Senior Logistics Coordinator","Supply Chain","Clearwater, Florida","2026-04-02","https://kbr.wd5.myworkdayjobs.com/KBR_Careers/job/Clearwater-Florida/Senior-Logistics-Coordinator_R2121223"
"USA","KBR","Special Operations Clinical Psychologist (AFSOC GSU/Southern Pines, NC)","Science & Laboratory","Fort Liberty, North Carolina","2026-04-02","https://kbr.wd5.myworkdayjobs.com/KBR_Careers/job/Fort-Liberty-North-Carolina/Special-Operations-Clinical-Psychologist--AFSOC-GSU-Southern-Pines--NC-_R2121208"
"Turkey","KBR","UABOS Turkey: Director of Civil Engineering (Contingency)","Mechanical & Structural","Turkey","2026-04-02","https://kbr.wd5.myworkdayjobs.com/KBR_Careers/job/Incirlik-Air-Base-Adana-Turkey/UABOS-Turkey--Director-of-Civil-Engineering--Contingency-_R2121112"
"British Indian Ocean Territory","KBR","DG BOSS: Power Plant Electrician (FN)","Other","Diego Garcia, British Indian Ocean Territory","2026-04-02","https://kbr.wd5.myworkdayjobs.com/KBR_Careers/job/Diego-Garcia-British-Indian-Ocean-Territory/DG-BOSS--Power-Plant-Electrician--FN-_R2121152-1"
"Singapore","KBR","Principal Telecommunication Designer","Electrical & Instrumentation","Singapore, Singapore","2026-04-02","https://kbr.wd5.myworkdayjobs.com/KBR_Careers/job/Singapore-Singapore/Principal-Designer_R2121022"
"India","KBR","Receptionist/ Front officer","Other","Chennai, Tamil Nadu, India","2026-04-01","https://kbr.wd5.myworkdayjobs.com/KBR_Careers/job/Chennai-Tamil-Nadu-India/Receptionist_R2119713"
"USA","KBR","Systems Engineer","Other","Kihei, Hawaii","2026-04-01","https://kbr.wd5.myworkdayjobs.com/KBR_Careers/job/Kihei-Hawaii/Systems-Engineer_R2121019"
"USA","KBR","Space Acquisition Program Element Monitor (PEM) Support Analyst","Other","Arlington, Virginia","2026-04-01","https://kbr.wd5.myworkdayjobs.com/KBR_Careers/job/Arlington-Virginia/Space-Acquisition-Program-Element-Monitor--PEM--Support-Analyst_R2121132"
"USA","KBR","Senior Systems Engineer","Management & Administration","Huntsville, Alabama","2026-04-01","https://kbr.wd5.myworkdayjobs.com/KBR_Careers/job/Huntsville-Alabama/Senior-Systems-Engineer_R2116868"
"USA","KBR","Senior Systems Engineer","Management & Administration","Huntsville, Alabama","2026-04-01","https://kbr.wd5.myworkdayjobs.com/KBR_Careers/job/Huntsville-Alabama/Senior-Systems-Engineer_R2116863"
"USA","KBR","Software Architect","IT & Digital","USA","2026-04-01","https://kbr.wd5.myworkdayjobs.com/KBR_Careers/job/El-Segundo-California/Software-Architect_R2121225"
"USA","KBR","Senior Director of Capture","Management & Administration","USA","2026-04-01","https://kbr.wd5.myworkdayjobs.com/KBR_Careers/job/Fulton-Maryland/Senior-Director-of-Capture_R2121222"
"USA","KBR","C/KC-130 Loadmaster","Other","Point Mugu, California","2026-04-01","https://kbr.wd5.myworkdayjobs.com/KBR_Careers/job/Point-Mugu-California/C-KC-130-Loadmaster_R2121217"
"USA","KBR","C/KC-130 Pilot","Other","Point Mugu, California","2026-04-01","https://kbr.wd5.myworkdayjobs.com/KBR_Careers/job/Point-Mugu-California/C-KC-130-Pilot_R2121215"
"USA","KBR","Sr. Subcontract Administrator for Proposal Support","Supply Chain","Chantilly, Virginia","2026-04-01","https://kbr.wd5.myworkdayjobs.com/KBR_Careers/job/Chantilly-Virginia/Sr-Subcontract-Administrator-for-Proposal-Support_R2120505"
"Lobito","KBR","Project HSE Inspector","HSE & Environment","Lobito","2026-04-01","https://kbr.wd5.myworkdayjobs.com/KBR_Careers/job/Lobito/Project-HSE-Inspector_R2121213"
"USA","KBR","Contamination Control Technician","Operations & Process","Greenbelt, Maryland","2026-04-01","https://kbr.wd5.myworkdayjobs.com/KBR_Careers/job/Greenbelt-Maryland/Contamination-Control-Technician_R2121197"
"USA","KBR","National Security Solutions (NSS) Internship – Software Engineering Intern","IT & Digital","Chantilly, Virginia","2026-04-01","https://kbr.wd5.myworkdayjobs.com/KBR_Careers/job/Chantilly-Virginia/National-Security-Solutions--NSS--Internship---Software-Engineering-Intern_R2121188"
"USA","KBR","Executive Assistant","Other","Chantilly, Virginia","2026-04-01","https://kbr.wd5.myworkdayjobs.com/KBR_Careers/job/Chantilly-Virginia/Executive-Assistant_R2121207"
"USA","KBR","Special Operations Clinical Psychologist (Camp Lejeune, NC)","Science & Laboratory","Camp Lejeune, North Carolina","2026-04-01","https://kbr.wd5.myworkdayjobs.com/KBR_Careers/job/Camp-Lejeune-North-Carolina/Special-Operations-Clinical-Psychologist--Camp-Lejeune--NC-_R2121196"
"USA","KBR","Engagement and Training Specialist","HR & People","Chantilly, Virginia","2026-04-01","https://kbr.wd5.myworkdayjobs.com/KBR_Careers/job/Chantilly-Virginia/Engagement-and-Training-Specialist_R2121151"
"USA","KBR","APS-3: Logistics Analyst Planner","Project Management","USA","2026-04-01","https://kbr.wd5.myworkdayjobs.com/KBR_Careers/job/Charleston-South-Carolina/APS-3--Logistics-Analyst-Planner_R2121182"
"USA","KBR","Electrical Journeymen Technician","Operations & Process","Las Cruces, New Mexico","2026-04-01","https://kbr.wd5.myworkdayjobs.com/KBR_Careers/job/Las-Cruces-New-Mexico/Electrical-Journeymen-Technician_R2121190-1"
"USA","KBR","Sr Thermal Engineer","Other","Greenbelt, Maryland","2026-04-01","https://kbr.wd5.myworkdayjobs.com/KBR_Careers/job/Greenbelt-Maryland/Sr-Thermal-Engineer_R2121206"
"USA","KBR","Sr. Network Sustaining Engineer","IT & Digital","Wallops Island, Virginia","2026-04-01","https://kbr.wd5.myworkdayjobs.com/KBR_Careers/job/Wallops-Island-Virginia/Sr-Network-Sustaining-Engineer_R2121205"
"USA","KBR","Jr. Network Sustaining Engineer","IT & Digital","Wallops Island, Virginia","2026-04-01","https://kbr.wd5.myworkdayjobs.com/KBR_Careers/job/Wallops-Island-Virginia/Jr-Network-Sustaining-Engineer_R2121203"
"USA","KBR","Software Engineer","IT & Digital","Sioux Falls, South Dakota","2026-04-01","https://kbr.wd5.myworkdayjobs.com/KBR_Careers/job/Sioux-Falls-South-Dakota/Software-Engineer_R2121149"
"USA","KBR","Community Engagement Specialist (Denver/Colorado Springs)","Other","USA","2026-04-01","https://kbr.wd5.myworkdayjobs.com/KBR_Careers/job/Colorado-Springs-Colorado/Community-Engagement-Specialist--Denver-Colorado-Springs-_R2120506"
"USA","KBR","MCPP - Tractor Trailer Operator","Operations & Process","Jacksonville, Florida","2026-04-01","https://kbr.wd5.myworkdayjobs.com/KBR_Careers/job/Jacksonville-Florida/MCPP---Tractor-Trailer-Operator_R2120746-1"
"USA","KBR","APS-3: Specialist, Logistics Administration","Supply Chain","USA","2026-04-01","https://kbr.wd5.myworkdayjobs.com/KBR_Careers/job/Charleston-South-Carolina/APS-3--Specialist--Logistics-Administration_R2120993-1"
"USA","KBR","APS-3: Electronics Shop Foreman","Project Management","USA","2026-04-01","https://kbr.wd5.myworkdayjobs.com/KBR_Careers/job/Charleston-South-Carolina/APS-3--Electronics-Shop-Foreman_R2121181"
"USA","KBR","Pressure Vessel Systems (PVS) Engineer (Eng II)","Other","Wallops Island, Virginia","2026-04-01","https://kbr.wd5.myworkdayjobs.com/KBR_Careers/job/Wallops-Island-Virginia/Pressure-Vessel-Systems--PVS--Engineer--Eng-II-_R2120584-1"
"USA","KBR","Sr. Cybersecurity Engineer Security Controls Assessor Representative","Electrical & Instrumentation","Wright Patterson AFB, Ohio","2026-04-01","https://kbr.wd5.myworkdayjobs.com/KBR_Careers/job/Wright-Patterson-AFB-Ohio/Sr-Cybersecurity-Engineer-Security-Controls-Assessor-Representative_R2121143"
"USA","KBR","Senior Information Systems Security Officer (ISSM)","Management & Administration","USA","2026-04-01","https://kbr.wd5.myworkdayjobs.com/KBR_Careers/job/Washington-DC/Senior-Information-Systems-Security-Officer--ISSM-_R2121180"
"India","KBR","Sr. Technical Advisor","Other","Chennai, Tamil Nadu, India","2026-04-01","https://kbr.wd5.myworkdayjobs.com/KBR_Careers/job/Chennai-Tamil-Nadu-India/Sr-Technical-Advisor_R2120790"
"United Kingdom","KBR","Security Controller","Electrical & Instrumentation","Leatherhead, Surrey, United Kingdom","2026-04-01","https://kbr.wd5.myworkdayjobs.com/KBR_Careers/job/Leatherhead-Surrey-United-Kingdom/Security-Controller_R2121175"
"Iraq","KBR","Senior Designer – Electrical and Instrument - Onsite","Electrical & Instrumentation","Basra, Al Başrah, Iraq","2026-04-01","https://kbr.wd5.myworkdayjobs.com/KBR_Careers/job/Basra-Al-Barah-Iraq/Senior-Designer---Electrical-and-Instrument---Onsite_R2116179-1"
"Australia","KBR","Principal Civil Engineer","Mechanical & Structural","Melbourne, Victoria, Australia","2026-04-01","https://kbr.wd5.myworkdayjobs.com/KBR_Careers/job/Melbourne-Victoria-Australia/Lead-Civil-Engineer---Project-Lead_R2108827-1"
"India","KBR","Senior Offshore Structural Engineer - Civil","Mechanical & Structural","Chennai, Tamil Nadu, India","2026-04-01","https://kbr.wd5.myworkdayjobs.com/KBR_Careers/job/Chennai-Tamil-Nadu-India/Senior-Offshore-Structural-Engineer---Civil_R2121026"
"United Kingdom","KBR","UK Corporate Environmental Sustainability Manager","HSE & Environment","Leatherhead, Surrey, United Kingdom","2026-04-01","https://kbr.wd5.myworkdayjobs.com/KBR_Careers/job/Leatherhead-Surrey-United-Kingdom/UK-Corporate-Environmental-Sustainability-Manager_R2120838"
"Australia","KBR","Commercial Professionals - Expression of Interest","Commercial & Business","Sydney, New South Wales, Australia","2026-04-01","https://kbr.wd5.myworkdayjobs.com/KBR_Careers/job/Sydney-New-South-Wales-Australia/Commercial-Professionals---Expression-of-Interest_R2119892"
"Australia","KBR","Maintenance and Supply Support - Expression of Interest","Supply Chain","Sydney, New South Wales, Australia","2026-04-01","https://kbr.wd5.myworkdayjobs.com/KBR_Careers/job/Sydney-New-South-Wales-Australia/Maintenance-and-Supply-Support---Expression-of-Interest_R2119891"
"Australia","KBR","Maritime Engineering - Expression of Interest","Other","Sydney, New South Wales, Australia","2026-04-01","https://kbr.wd5.myworkdayjobs.com/KBR_Careers/job/Sydney-New-South-Wales-Australia/Maritime-Engineering---Expression-of-Interest_R2119885"
"United Arab Emirates","KBR","Superintendent, Construction – E&I","Electrical & Instrumentation","Abu Dhabi, United Arab Emirates","2026-04-01","https://kbr.wd5.myworkdayjobs.com/KBR_Careers/job/Abu-Dhabi-United-Arab-Emirates/Superintendent--Construction---E-I_R2121096"
"Australia","KBR","Senior Accountant","Finance & Accounting","Brisbane, Queensland, Australia","2026-04-01","https://kbr.wd5.myworkdayjobs.com/KBR_Careers/job/Brisbane-Queensland-Australia/Senior-Accountant_R2121087"
"Australia","KBR","Structural Designer","Mechanical & Structural","Australia","2026-04-01","https://kbr.wd5.myworkdayjobs.com/KBR_Careers/job/Brisbane-Queensland-Australia/Structural-Designer_R2121021"
"British Indian Ocean Territory","KBR","DG BOSS: Front Desk Associate (FN)","Other","Diego Garcia, British Indian Ocean Territory","2026-04-01","https://kbr.wd5.myworkdayjobs.com/KBR_Careers/job/Diego-Garcia-British-Indian-Ocean-Territory/DG-BOSS--Front-Desk-Associate--FN-_R2121117-1"
"British Indian Ocean Territory","KBR","DG BOSS: Housekeeper (FN)","Other","Diego Garcia, British Indian Ocean Territory","2026-04-01","https://kbr.wd5.myworkdayjobs.com/KBR_Careers/job/Diego-Garcia-British-Indian-Ocean-Territory/DG-BOSS--Housekeeper--FN-_R2119829"
"British Indian Ocean Territory","KBR","DG BOSS: Housekeeper (FN)","Other","Diego Garcia, British Indian Ocean Territory","2026-04-01","https://kbr.wd5.myworkdayjobs.com/KBR_Careers/job/Diego-Garcia-British-Indian-Ocean-Territory/DG-BOSS--Housekeeper--FN-_R2119830"
"British Indian Ocean Territory","KBR","DG BOSS: Housekeeper (FN)","Other","Diego Garcia, British Indian Ocean Territory","2026-04-01","https://kbr.wd5.myworkdayjobs.com/KBR_Careers/job/Diego-Garcia-British-Indian-Ocean-Territory/DG-BOSS--Housekeeper--FN-_R2121116"
"British Indian Ocean Territory","KBR","DG BOSS: Housekeeper (FN)","Other","Diego Garcia, British Indian Ocean Territory","2026-04-01","https://kbr.wd5.myworkdayjobs.com/KBR_Careers/job/Diego-Garcia-British-Indian-Ocean-Territory/DG-BOSS--Housekeeper--FN-_R2121115-1"
"USA","KBR","Senior FMS Program Analyst","Management & Administration","Huntsville, Alabama","2026-03-31","https://kbr.wd5.myworkdayjobs.com/KBR_Careers/job/Huntsville-Alabama/Senior-FMS-Program-Analyst_R2118667"
"USA","KBR","Senior Program Analyst","Management & Administration","Huntsville, Alabama","2026-03-31","https://kbr.wd5.myworkdayjobs.com/KBR_Careers/job/Huntsville-Alabama/Senior-Program-Analyst_R2121147"
"USA","KBR","Program Analyst","Other","Huntsville, Alabama","2026-03-31","https://kbr.wd5.myworkdayjobs.com/KBR_Careers/job/Huntsville-Alabama/Program-Analyst_R2121148"
"USA","KBR","Logistics Clerk","Supply Chain","Phoenix, Arizona","2026-03-31","https://kbr.wd5.myworkdayjobs.com/KBR_Careers/job/Phoenix-Arizona/Logistics-Clerk_R2120900-1"
"USA","KBR","Engineering Tech 3","Other","St Inigoes, Maryland","2026-03-31","https://kbr.wd5.myworkdayjobs.com/KBR_Careers/job/St-Inigoes-Maryland/Engineering-Tech-3_R2121141"
"USA","KBR","Warehouse Specialist","Supply Chain","Lexington Park, Maryland","2026-03-31","https://kbr.wd5.myworkdayjobs.com/KBR_Careers/job/Lexington-Park-Maryland/Warehouse-Specialist_R2121061"
"USA","KBR","Targeter","Other","Chantilly, Virginia","2026-03-31","https://kbr.wd5.myworkdayjobs.com/KBR_Careers/job/Chantilly-Virginia/Targeter_R2121140"
"USA","KBR","Targeter","Other","Chantilly, Virginia","2026-03-31","https://kbr.wd5.myworkdayjobs.com/KBR_Careers/job/Chantilly-Virginia/Targeter_R2121142"
"USA","KBR","Senior Computer Scientist","Science & Laboratory","Huntsville, Alabama","2026-03-31","https://kbr.wd5.myworkdayjobs.com/KBR_Careers/job/Huntsville-Alabama/Senior-Computer-Scientist_R2120172"
"USA","KBR","Director, Strategic Capture","Management & Administration","USA","2026-03-31","https://kbr.wd5.myworkdayjobs.com/KBR_Careers/job/Chantilly-Virginia/Director--Strategic-Capture_R2120999-1"
"USA","KBR","Information System Security Officer (ISSO)","Other","Niceville, Florida","2026-03-31","https://kbr.wd5.myworkdayjobs.com/KBR_Careers/job/Niceville-Florida/Information-System-Security-Officer--ISSO-_R2121135"
"USA","KBR","Information System Security Officer (ISSO)","Other","Patuxent River, Maryland","2026-03-31","https://kbr.wd5.myworkdayjobs.com/KBR_Careers/job/Patuxent-River-Maryland/Information-System-Security-Officer--ISSO-_R2121137-1"
"USA","KBR","MCPP: Electronic Maintenance Technician III (Crane Maintenance)","Operations & Process","Jacksonville, Florida","2026-03-31","https://kbr.wd5.myworkdayjobs.com/KBR_Careers/job/Jacksonville-Florida/MCPP--Electronic-Maintenance-Technician-III_R2118132"
"USA","KBR","MCPP: Material Handler","Supply Chain","Jacksonville, Florida","2026-03-31","https://kbr.wd5.myworkdayjobs.com/KBR_Careers/job/Jacksonville-Florida/MCPP--Material-Handler_R2120484-1"
"USA","KBR","Senior Publications Specialist","Management & Administration","USA","2026-03-31","https://kbr.wd5.myworkdayjobs.com/KBR_Careers/job/Fulton-Maryland/Senior-Publications-Specialist_R2121134"
"Singapore","KBR","Digitalization Specialist - Microsoft Power Platform & Python Development","IT & Digital","Singapore, Singapore","2026-04-01","https://kbr.wd5.myworkdayjobs.com/KBR_Careers/job/Singapore-Singapore/Digitalization-Specialist---Microsoft-Power-Platform---Python-Development_R2121157"
"USA","KBR","Senior Financial Analyst/Project Planning & Controls (PP&C)","Electrical & Instrumentation","Columbia, Maryland","2026-03-31","https://kbr.wd5.myworkdayjobs.com/KBR_Careers/job/Columbia-Maryland/Senior-Financial-Analyst-Project-Planning---Controls--PP-C-_R2121133"
"USA","KBR","Civil Structural Engineer","Mechanical & Structural","Richmond, Virginia","2026-03-31","https://kbr.wd5.myworkdayjobs.com/KBR_Careers/job/Richmond-Virginia/Civil-Structural-Architectural-Engineer_R2116182"
"USA","KBR","Senior Process Engineer – Graphitization","Operations & Process","Houston, Texas","2026-03-31","https://kbr.wd5.myworkdayjobs.com/KBR_Careers/job/Houston-Texas/Senior-Process-Engineer---Graphitization_R2120874-1"
"USA","KBR","*** SkillBridge Only *** MILSATCOM Systems Engineering, Integration, and Testing (MSEIT) Evaluation Team","Other","Colorado Springs, Colorado","2026-03-31","https://kbr.wd5.myworkdayjobs.com/KBR_Careers/job/Colorado-Springs-Colorado/XMLNAME-----SkillBridge-Only-----MILSATCOM-Systems-Engineering--Integration--and-Testing--MSEIT--Evaluation-Team_R2120930"
"Washington","KBR","Special Operations Licensed Clinical Social Worker (1st SFG, JBLM, WA)","Science & Laboratory","Joint Base Lewis-McChord, Washington","2026-03-31","https://kbr.wd5.myworkdayjobs.com/KBR_Careers/job/Joint-Base-Lewis-McChord-Washington/Special-Operations-Licensed-Clinical-Social-Worker--1st-SFG--JBLM--WA-_R2120671"
"USA","KBR","MCPP - Engineer Equipment Mechanic","Mechanical & Structural","USA","2026-03-31","https://kbr.wd5.myworkdayjobs.com/KBR_Careers/job/Jacksonville-Florida/MCPP---Engineer-Equipment-Mechanic_R2120642"
"USA","KBR","Mechanical Engineer, LNG","Mechanical & Structural","Newark, Delaware","2026-03-31","https://kbr.wd5.myworkdayjobs.com/KBR_Careers/job/Newark-Delaware/Mechanical-Engineer--LNG_R2113375"
"USA","KBR","Package Engineer – Chemicals, Biofuels & Discrete Manufacturing","Project Management","Newark, Delaware","2026-03-31","https://kbr.wd5.myworkdayjobs.com/KBR_Careers/job/Newark-Delaware/Package-Engineer---Chemicals--Biofuels---Discrete-Manufacturing_R2118947"
"USA","KBR","Solid Handling Engineer – Pneumatic & Mechanical Conveying Systems","Mechanical & Structural","USA","2026-03-31","https://kbr.wd5.myworkdayjobs.com/KBR_Careers/job/Newark-Delaware/Solid-Handling-Engineer---Pneumatic---Mechanical-Conveying-Systems_R2118945"
"USA","KBR","Subcontract Administrator","Supply Chain","Chantilly, Virginia","2026-03-31","https://kbr.wd5.myworkdayjobs.com/KBR_Careers/job/Chantilly-Virginia/Subcontract-Administrator_R2120940"
"USA","KBR","Lead Machine Safety Engineer","HSE & Environment","Newark, Delaware","2026-03-31","https://kbr.wd5.myworkdayjobs.com/KBR_Careers/job/Newark-Delaware/Technical-Advisor---Machine-Safety_R2110184"
"USA","KBR","Technical Advisor - Industrial Manufacturing Engineer, Metals and Magnets","Other","Newark, Delaware","2026-03-31","https://kbr.wd5.myworkdayjobs.com/KBR_Careers/job/Newark-Delaware/Technical-Advisor---Industrial-Manufacturing-Engineer--Metals-and-Magnets_R2120662"
"United Kingdom","KBR","Senior Quantity Surveyor","Project Management","United Kingdom","2026-03-31","https://kbr.wd5.myworkdayjobs.com/KBR_Careers/job/Glasgow/Senior-Quantity-Surveyor_R2117954"
"USA","KBR","MCPP Philippines: Engineering HVAC Mechanic","Mechanical & Structural","Jacksonville, Florida","2026-03-31","https://kbr.wd5.myworkdayjobs.com/KBR_Careers/job/Jacksonville-Florida/MCPP-Philippines--Engineering-HVAC-Mechanic_R2120957"
"USA","KBR","Technical Trainer","Other","Colorado Springs, Colorado","2026-03-31","https://kbr.wd5.myworkdayjobs.com/KBR_Careers/job/Colorado-Springs-Colorado/Technical-Trainer_R2120948"
"Iraq","KBR","Project Manager – Infrastructure","Project Management","Basra, Al Başrah, Iraq","2026-03-31","https://kbr.wd5.myworkdayjobs.com/KBR_Careers/job/Basra-Al-Barah-Iraq/Project-Manager---Infrastructure_R2121104"
"India","KBR","Offshore Structural Engineer - Civil","Mechanical & Structural","Bangalore, Karnataka, India","2026-03-31","https://kbr.wd5.myworkdayjobs.com/KBR_Careers/job/Bangalore-Karnataka-India/Offshore-Structural-Engineer---Civil_R2121027"
"United Kingdom","KBR","Pre-Contracts Commercial Manager","Supply Chain","Leatherhead, Surrey, United Kingdom","2026-03-31","https://kbr.wd5.myworkdayjobs.com/KBR_Careers/job/Leatherhead-Surrey-United-Kingdom/Pre-Contracts-Commercial-Manager_R2120984"
"United Kingdom","KBR","Business Intelligence - Client Insight & Analytics Lead","IT & Digital","Swindon, Wiltshire, United Kingdom","2026-03-31","https://kbr.wd5.myworkdayjobs.com/KBR_Careers/job/Swindon-Wiltshire-United-Kingdom/Business-Intelligence---Client-Insight---Analytics-Lead_R2115050"
"India","KBR","Designer - Piping Layout","Mechanical & Structural","Chennai, Tamil Nadu, India","2026-03-30","https://kbr.wd5.myworkdayjobs.com/KBR_Careers/job/Chennai-Tamil-Nadu-India/Designer---Piping-Layout_R2118670"
"Djibouti","KBR","DJIBOUTI JOC: Construction Superintendent","Project Management","Djibouti, Djibouti","2026-03-29","https://kbr.wd5.myworkdayjobs.com/KBR_Careers/job/Djibouti-Djibouti/DJIBOUTI-JOC--Construction-Superintendent_R2121073"
"USA","KBR","Mission Technology Solutions (MTS) - Win/Loss Intelligence & Data Analytics Intern","IT & Digital","USA","2026-03-28","https://kbr.wd5.myworkdayjobs.com/KBR_Careers/job/San-Diego-California/Mission-Technology-Solutions--MTS----Win-Loss-Intelligence---Data-Analytics-Intern_R2121065"
"USA","KBR","GAM- Janitor Lead","Management & Administration","Phoenix, Arizona","2026-03-28","https://kbr.wd5.myworkdayjobs.com/KBR_Careers/job/Phoenix-Arizona/GAM--Janitor-Lead_R2121063"
"USA","KBR","Test Director","Management & Administration","Wallops Island, Virginia","2026-03-28","https://kbr.wd5.myworkdayjobs.com/KBR_Careers/job/Wallops-Island-Virginia/Test-Director_R2121060"
"USA","KBR","R&D Systems Engineer","Other","Chantilly, Virginia","2026-03-28","https://kbr.wd5.myworkdayjobs.com/KBR_Careers/job/Chantilly-Virginia/R-D-Systems-Engineer_R2117695"
"USA","KBR","Financial Associate","Finance & Accounting","Patuxent River, Maryland","2026-03-28","https://kbr.wd5.myworkdayjobs.com/KBR_Careers/job/Patuxent-River-Maryland/Financial-Associate_R2121059"
"USA","KBR","Cyber Security Engineer","IT & Digital","El Segundo, California","2026-03-28","https://kbr.wd5.myworkdayjobs.com/KBR_Careers/job/El-Segundo-California/Cyber-Security-Engineer_R2121018-1"
"USA","KBR","Radar SME","Other","Chantilly, Virginia","2026-03-28","https://kbr.wd5.myworkdayjobs.com/KBR_Careers/job/Chantilly-Virginia/Radar-SME_R2104248"
"USA","KBR","Radar Research Engineer","Other","Chantilly, Virginia","2026-03-28","https://kbr.wd5.myworkdayjobs.com/KBR_Careers/job/Chantilly-Virginia/Radar-Research-Engineer_R2092545"
"USA","KBR","Senior Evolved Strategic Systems (ESS) Ground Systems Integration Specialist","Management & Administration","USA","2026-03-28","https://kbr.wd5.myworkdayjobs.com/KBR_Careers/job/El-Segundo-California/Senior-Evolved-Strategic-Systems--ESS--Ground-Systems-Integration-Specialist_R2121054"
"United Arab Emirates","KBR","Quality & Reliability Manager","HSE & Environment","Dubai, United Arab Emirates","2026-03-28","https://kbr.wd5.myworkdayjobs.com/KBR_Careers/job/Dubai-United-Arab-Emirates/Quality---Reliability-Manager_R2121042-1"
"Qatar","KBR","AFCAP V: Large Area Maintenance Shelter Specialist","Other","Qatar","2026-03-28","https://kbr.wd5.myworkdayjobs.com/KBR_Careers/job/Doha-Ad-Dawhah-Qatar/AFCAP-V--Large-Area-Maintenance-Shelter-Specialist_R2121058"
"USA","KBR","Logistics Clerk","Supply Chain","Phoenix, Arizona","2026-03-28","https://kbr.wd5.myworkdayjobs.com/KBR_Careers/job/Phoenix-Arizona/Logistics-Clerk_R2121010"
"USA","KBR","S5 Strategy and Campaign Planner","Project Management","Lompoc, California","2026-03-28","https://kbr.wd5.myworkdayjobs.com/KBR_Careers/job/Lompoc-California/S5-Strategy-and-Campaign-Planner_R2121056"
"USA","KBR","Junior Pricing Analyst","Other","USA","2026-03-28","https://kbr.wd5.myworkdayjobs.com/KBR_Careers/job/Chantilly-Virginia/Junior-Pricing-Analyst_R2120894"
"USA","KBR","Senior Pricing Analyst","Management & Administration","USA","2026-03-28","https://kbr.wd5.myworkdayjobs.com/KBR_Careers/job/Chantilly-Virginia/Senior-Pricing-Analyst_R2120895"
"USA","KBR","Marketing Specialist (Dallas/Fort Worth/McKinney)","Commercial & Business","USA","2026-03-28","https://kbr.wd5.myworkdayjobs.com/KBR_Careers/job/Dallas-Texas/Marketing-Specialist--Dallas-Fort-Worth-McKinney-_R2120820"
"USA","KBR","Targeting Officer","Other","Chantilly, Virginia","2026-03-28","https://kbr.wd5.myworkdayjobs.com/KBR_Careers/job/Chantilly-Virginia/Targeting-Officer_R2113522"
"USA","KBR","Piping Designer","Mechanical & Structural","Richmond, Virginia","2026-03-28","https://kbr.wd5.myworkdayjobs.com/KBR_Careers/job/Richmond-Virginia/Piping-Designer_R2121050"
"USA","KBR","Civil Structural Engineer","Mechanical & Structural","Newark, Delaware","2026-03-28","https://kbr.wd5.myworkdayjobs.com/KBR_Careers/job/Newark-Delaware/Civil-Structural-Engineer_R2121052"
"USA","KBR","Associate Mechanical Engineer","Mechanical & Structural","Las Cruces, New Mexico","2026-03-28","https://kbr.wd5.myworkdayjobs.com/KBR_Careers/job/Las-Cruces-New-Mexico/Associate-Mechanical-Engineer_R2121048"
"USA","KBR","Associate Electrical Engineer","Electrical & Instrumentation","Las Cruces, New Mexico","2026-03-28","https://kbr.wd5.myworkdayjobs.com/KBR_Careers/job/Las-Cruces-New-Mexico/Associate-Electrical-Engineer_R2121051"
"USA","KBR","Contracts Buyer","Supply Chain","Newark, Delaware","2026-03-28","https://kbr.wd5.myworkdayjobs.com/KBR_Careers/job/Newark-Delaware/Contracts-Buyer_R2120926"
"USA","KBR","Senior Congressional Engagement & Strategic Communications Advisor — Government Programs","Management & Administration","Colorado Springs, Colorado","2026-03-28","https://kbr.wd5.myworkdayjobs.com/KBR_Careers/job/Colorado-Springs-Colorado/Senior-Congressional-Engagement---Strategic-Communications-Advisor---Government-Programs_R2121043"
"USA","KBR","Knowledge Management Specialist","Other","Huntsville, Alabama","2026-03-28","https://kbr.wd5.myworkdayjobs.com/KBR_Careers/job/Huntsville-Alabama/Knowledge-Management-Specialist_R2121000"
"USA","KBR","Software Engineer (ICAM)","IT & Digital","Beavercreek Township, Ohio","2026-03-28","https://kbr.wd5.myworkdayjobs.com/KBR_Careers/job/Beavercreek-Township-Ohio/Software-Engineer--ICAM-_R2121014"
"Iraq","KBR","Cost Recovery Advisor","Other","Basra, Al Başrah, Iraq","2026-03-28","https://kbr.wd5.myworkdayjobs.com/KBR_Careers/job/Basra-Al-Barah-Iraq/Cost-Recovery-Advisor_R2121030"
"Iraq","KBR","Finance Accounting Manager","Finance & Accounting","Basra, Al Başrah, Iraq","2026-03-28","https://kbr.wd5.myworkdayjobs.com/KBR_Careers/job/Basra-Al-Barah-Iraq/Finance-Accounting-Manager_R2121031"
"Iraq","KBR","Risk Management Assurance Advisor","Other","Basra, Al Başrah, Iraq","2026-03-28","https://kbr.wd5.myworkdayjobs.com/KBR_Careers/job/Basra-Al-Barah-Iraq/Risk-Management-Assurance-Advisor_R2121033"
"United Arab Emirates","KBR","Specialist Lifting Operation Engineer - ( WHT's Subsea Cable & Piping)","Mechanical & Structural","Abu Dhabi, United Arab Emirates","2026-03-28","https://kbr.wd5.myworkdayjobs.com/KBR_Careers/job/Abu-Dhabi-United-Arab-Emirates/Specialist-Lifting-Operation-Engineer-----WHT-s-Subsea-Cable---Piping-_R2118016"
"United Arab Emirates","KBR","Lead Project Engineer","Project Management","Abu Dhabi, United Arab Emirates","2026-03-28","https://kbr.wd5.myworkdayjobs.com/KBR_Careers/job/Abu-Dhabi-United-Arab-Emirates/Lead-Project-Engineer_R2121035"
"British Indian Ocean Territory","KBR","Diego Garcia: Maintenance Supervisor","Project Management","Diego Garcia, British Indian Ocean Territory","2026-03-28","https://kbr.wd5.myworkdayjobs.com/KBR_Careers/job/Diego-Garcia-British-Indian-Ocean-Territory/Diego-Garcia--Maintenance-Supervisor_R2121013"
"United Kingdom","KBR","Solutions Architect (Business Development)","Commercial & Business","Leatherhead, Surrey, United Kingdom","2026-03-28","https://kbr.wd5.myworkdayjobs.com/KBR_Careers/job/Leatherhead-Surrey-United-Kingdom/Solutions-Architect--Business-Development-_R2121034"
"Singapore","KBR","Senior Principal Process Safety Engineer","HSE & Environment","Singapore, Singapore","2026-03-28","https://kbr.wd5.myworkdayjobs.com/KBR_Careers/job/Singapore-Singapore/Senior-Principal-Process-Safety-Engineer_R2117584"
"Australia","KBR","KBR 2027 Graduate Program - Graduate Environmental planner","HSE & Environment","Melbourne, Victoria, Australia","2026-03-28","https://kbr.wd5.myworkdayjobs.com/KBR_Careers/job/Melbourne-Victoria-Australia/KBR-2027-Graduate-Program---Graduate-Environmental-planner_R2121025"
"USA","KBR","Systems Engineer","Other","Kihei, Hawaii","2026-03-27","https://kbr.wd5.myworkdayjobs.com/KBR_Careers/job/Kihei-Hawaii/Systems-Engineer_R2121020"
"USA","KBR","Manpower Analyst","Other","Tampa, Florida","2026-03-27","https://kbr.wd5.myworkdayjobs.com/KBR_Careers/job/Tampa-Florida/Manpower-Analyst_R2121009"
"USA","KBR","Knowledge Management Lead","Management & Administration","Tampa, Florida","2026-03-27","https://kbr.wd5.myworkdayjobs.com/KBR_Careers/job/Tampa-Florida/Knowledge-Management-Lead_R2121008"
"USA","KBR","Special Operations Performance Dietitian (Fort Bragg, NC)","Other","Fayetteville, North Carolina","2026-03-27","https://kbr.wd5.myworkdayjobs.com/KBR_Careers/job/Fayetteville-North-Carolina/Special-Operations-Performance-Dietitian--Fort-Bragg--NC-_R2121017"
"USA","KBR","Defense Design Analyst","Other","Huntsville, Alabama","2026-03-27","https://kbr.wd5.myworkdayjobs.com/KBR_Careers/job/Huntsville-Alabama/Defense-Design-Analyst_R2119845"
"USA","KBR","Senior Software Engineer (ICAM)","IT & Digital","Beavercreek Township, Ohio","2026-03-27","https://kbr.wd5.myworkdayjobs.com/KBR_Careers/job/Beavercreek-Township-Ohio/Senior-Software-Engineer--ICAM-_R2121012-1"
"USA","KBR","Software Engineer","IT & Digital","Beavercreek Township, Ohio","2026-03-27","https://kbr.wd5.myworkdayjobs.com/KBR_Careers/job/Beavercreek-Township-Ohio/Software-Engineer_R2118272-1"
"USA","KBR","National Security Solutions (NSS) Semiconductor Research Internship","Internship & Graduate","Beavercreek Township, Ohio","2026-03-27","https://kbr.wd5.myworkdayjobs.com/KBR_Careers/job/Beavercreek-Township-Ohio/National-Security-Solutions--NSS--Semiconductor-Research-Internship_R2120005"
"USA","KBR","Lead Architect – Identity, Credential, and Access Management (ICAM)","Management & Administration","Beavercreek Township, Ohio","2026-03-27","https://kbr.wd5.myworkdayjobs.com/KBR_Careers/job/Beavercreek-Township-Ohio/Lead-Architect_R2121002"
"Australia","KBR","Post Office Clerk","Other","Alice Springs, Northern Territory, Australia","2026-03-27","https://kbr.wd5.myworkdayjobs.com/KBR_Careers/job/Alice-Springs-Northern-Territory-Australia/Post-Office-Clerk_R2100468"
"South Korea","KBR","APS-4: Heavy Track Mechanic","Mechanical & Structural","Seoul, South Korea","2026-03-27","https://kbr.wd5.myworkdayjobs.com/KBR_Careers/job/Seoul-South-Korea/APS-4--Heavy-Track-Mechanic_R2120998"
"USA","KBR","Senior Electrical & Instrumentation Designer","Electrical & Instrumentation","Richmond, Virginia","2026-03-27","https://kbr.wd5.myworkdayjobs.com/KBR_Careers/job/Richmond-Virginia/Senior-Electrical---Instrumentation-Designer_R2112139"
"USA","KBR","Senior Vulnerability Researcher","Management & Administration","Beavercreek Township, Ohio","2026-03-27","https://kbr.wd5.myworkdayjobs.com/KBR_Careers/job/Beavercreek-Township-Ohio/Senior-Vulnerability-Researcher_R2119383"
"USA","KBR","Senior Reverse Engineer","Management & Administration","Beavercreek Township, Ohio","2026-03-27","https://kbr.wd5.myworkdayjobs.com/KBR_Careers/job/Beavercreek-Township-Ohio/Senior-Reverse-Engineer_R2119381"
"USA","KBR","Junior Reverse Engineer","Other","Beavercreek Township, Ohio","2026-03-27","https://kbr.wd5.myworkdayjobs.com/KBR_Careers/job/Beavercreek-Township-Ohio/Junior-Reverse-Engineer_R2114724"
"USA","KBR","Software Engineer","IT & Digital","USA","2026-03-27","https://kbr.wd5.myworkdayjobs.com/KBR_Careers/job/Alexandria-Virginia/Software-Engineer_R2114022"
"USA","KBR","Senior Stakeholder Engagement Advisor","Management & Administration","USA","2026-03-27","https://kbr.wd5.myworkdayjobs.com/KBR_Careers/job/Huntsville-Alabama/Senior-Stakeholder-Engagement-Advisor_R2117149"
"USA","KBR","Sr. Capture Manager","Management & Administration","USA","2026-03-27","https://kbr.wd5.myworkdayjobs.com/KBR_Careers/job/Houston-Texas/Sr-Capture-Manager_R2119509"
"Singapore","KBR","Associate Consultant, Advisory & Consulting","Other","Singapore, Singapore","2026-03-28","https://kbr.wd5.myworkdayjobs.com/KBR_Careers/job/Singapore-Singapore/Associate-Consultant--Advisory---Consulting_R2120975"
"Singapore","KBR","Junior Consultant, Advisory & Consulting","Other","Singapore, Singapore","2026-03-28","https://kbr.wd5.myworkdayjobs.com/KBR_Careers/job/Singapore-Singapore/Junior-Consultant--Advisory---Consulting_R2120974"
"USA","KBR","APS-3: Production Control Clerk – Facilities Coordinator","Operations & Process","USA","2026-03-27","https://kbr.wd5.myworkdayjobs.com/KBR_Careers/job/Charleston-South-Carolina/APS-3--Production-Control-Clerk---Facilities-Coordinator_R2120158"
"USA","KBR","Special Operations Certified Athletic Trainer (3rd SFG(A), Ft. Bragg, NC)","Other","Fort Liberty, North Carolina","2026-03-27","https://kbr.wd5.myworkdayjobs.com/KBR_Careers/job/Fort-Liberty-North-Carolina/Special-Operations-Certified-Athletic-Trainer--3rd-SFG-A---Ft-Bragg--NC-_R2120969"
"USA","KBR","Sr Space Systems Engineer - Ground","Other","Herndon, Virginia","2026-03-27","https://kbr.wd5.myworkdayjobs.com/KBR_Careers/job/Herndon-Virginia/Sr-Space-Systems-Engineer---Ground_R2120991"
"USA","KBR","Crypto Systems Engineer","Other","Chantilly, Virginia","2026-03-27","https://kbr.wd5.myworkdayjobs.com/KBR_Careers/job/Chantilly-Virginia/Crypto-Systems-Engineer_R2120581"
"USA","KBR","Space Systems Engineer","Other","Chantilly, Virginia","2026-03-27","https://kbr.wd5.myworkdayjobs.com/KBR_Careers/job/Chantilly-Virginia/Space-Systems-Engineer_R2120599"
"USA","KBR","Ground Systems Engineer","Other","Chantilly, Virginia","2026-03-27","https://kbr.wd5.myworkdayjobs.com/KBR_Careers/job/Chantilly-Virginia/Ground-Systems-Engineer_R2120602"
"USA","KBR","Materials Engineer","Supply Chain","Chantilly, Virginia","2026-03-27","https://kbr.wd5.myworkdayjobs.com/KBR_Careers/job/Chantilly-Virginia/Materials-Engineer_R2120597"
"Australia","KBR","ESH Specialist","Other","Alice Springs, Northern Territory, Australia","2026-03-27","https://kbr.wd5.myworkdayjobs.com/KBR_Careers/job/Alice-Springs-Northern-Territory-Australia/ESH-Specialist_R2097250-1"
"USA","KBR","Logistics Supply Clerk","Supply Chain","Ogden, Utah","2026-03-27","https://kbr.wd5.myworkdayjobs.com/KBR_Careers/job/Ogden-Utah/Logistics-Supply-Clerk_R2120862"
"USA","KBR","Logistics Supply Clerk","Supply Chain","Ogden, Utah","2026-03-27","https://kbr.wd5.myworkdayjobs.com/KBR_Careers/job/Ogden-Utah/Logistics-Supply-Clerk_R2120824-1"
"United Kingdom","KBR","Project Support Officer","Other","United Kingdom","2026-03-27","https://kbr.wd5.myworkdayjobs.com/KBR_Careers/job/Glasgow/Project-Support-Officer_R2120850"
"USA","KBR","System/Controls Engineer","Electrical & Instrumentation","Huntsville, Alabama","2026-03-27","https://kbr.wd5.myworkdayjobs.com/KBR_Careers/job/Huntsville-Alabama/System-Controls-Engineer_R2117205"
"Germany","KBR","Special Operations Case Manager / Nurse Case Manager (SOCAFRICA, Stuttgart, Germany)","Management & Administration","Mohringen, Germany","2026-03-27","https://kbr.wd5.myworkdayjobs.com/KBR_Careers/job/Mohringen-Germany/Special-Operations-Case-Manager---Nurse-Case-Manager--SOCAFRICA--Stuttgart--Germany-_R2120967"
"Germany","KBR","Special Operations Licensed Clinical Social Worker (SOCAFRICA, Kelley Barracks-Stuttgart, Germany)","Science & Laboratory","Stuttgart, Germany","2026-03-27","https://kbr.wd5.myworkdayjobs.com/KBR_Careers/job/Stuttgart-Germany/Special-Operations-Licensed-Clinical-Social-Worker--SOCAFRICA--Kelley-Barracks-Stuttgart--Germany-_R2120869"
"United Kingdom","KBR","Corporate Tax Specialist","Finance & Accounting","Leatherhead, Surrey, United Kingdom","2026-03-27","https://kbr.wd5.myworkdayjobs.com/KBR_Careers/job/Leatherhead-Surrey-United-Kingdom/Corporate-Tax-Specialist_R2120873"
"Iraq","KBR","Operations Advisor","Other","Basra, Al Başrah, Iraq","2026-03-27","https://kbr.wd5.myworkdayjobs.com/KBR_Careers/job/Basra-Al-Barah-Iraq/Operations-Advisor_R2099708"
"Indonesia","KBR","Electrical Engineer","Electrical & Instrumentation","Jakarta, Jakarta Raya, Indonesia","2026-03-27","https://kbr.wd5.myworkdayjobs.com/KBR_Careers/job/Jakarta-Jakarta-Raya-Indonesia/Electrical-Engineer_R2120978-1"
"Singapore","KBR","Senior Consultant, Advisory & Consulting (CSS/CCUS)","Management & Administration","Singapore, Singapore","2026-03-27","https://kbr.wd5.myworkdayjobs.com/KBR_Careers/job/Singapore-Singapore/Senior-Consultant--Advisory---Consulting--CSS-CCUS-_R2120285"
"Singapore","KBR","Senior Consultant, Advisory & Consulting (Energy Security)","Management & Administration","Singapore, Singapore","2026-03-27","https://kbr.wd5.myworkdayjobs.com/KBR_Careers/job/Singapore-Singapore/Senior-Consultant--Advisory---Consulting--Energy-Security-_R2120910"
"USA","KBR","MCPP: Supervisor, Installations","Project Management","Jacksonville, Florida","2026-03-26","https://kbr.wd5.myworkdayjobs.com/KBR_Careers/job/Jacksonville-Florida/MCPP--Supervisor--Installations_R2120888"
"Australia","KBR","Digital Engineering Coordinator","IT & Digital","Adelaide, South Australia, Australia","2026-03-27","https://kbr.wd5.myworkdayjobs.com/KBR_Careers/job/Adelaide-South-Australia-Australia/DE-Lead_R2117342-1"
"USA","KBR","Enterprise Transition to Operations Specialist","Other","Colorado Springs, Colorado","2026-03-26","https://kbr.wd5.myworkdayjobs.com/KBR_Careers/job/Colorado-Springs-Colorado/Enterprise-Transition-to-Operations-Specialist_R2120962"
"USA","KBR","Systems Engineer","Other","Chantilly, Virginia","2026-03-26","https://kbr.wd5.myworkdayjobs.com/KBR_Careers/job/Chantilly-Virginia/Systems-Engineer_R2120959"
"USA","KBR","Associate Order Fulfillment","Other","Anniston, Alabama","2026-03-26","https://kbr.wd5.myworkdayjobs.com/KBR_Careers/job/Anniston-Alabama/Associate-Order-Fulfillment_R2120858"
"USA","KBR","Government Property Site Manager","Project Management","Torrance, California","2026-03-26","https://kbr.wd5.myworkdayjobs.com/KBR_Careers/job/Torrance-California/Government-Property-Site-Manager_R2120899"
"USA","KBR","Junior System Administrator","IT & Digital","Kihei, Hawaii","2026-03-26","https://kbr.wd5.myworkdayjobs.com/KBR_Careers/job/Kihei-Hawaii/Junior-System-Administrator_R2120939"
"USA","KBR","Acquisition Management Engineer","Other","Chantilly, Virginia","2026-03-26","https://kbr.wd5.myworkdayjobs.com/KBR_Careers/job/Chantilly-Virginia/Acquisition-Management-Engineer_R2120651-1"
"USA","KBR","Associate Research & Development Electrical Engineer","Electrical & Instrumentation","Beavercreek Township, Ohio","2026-03-26","https://kbr.wd5.myworkdayjobs.com/KBR_Careers/job/Beavercreek-Township-Ohio/Associate-Research---Development-Electrical-Engineer_R2120923"
"USA","KBR","Donor Specialist (Northwest Colorado)","Other","USA","2026-03-26","https://kbr.wd5.myworkdayjobs.com/KBR_Careers/job/Denver-Colorado/Donor-Specialist--Denver-Colorado-Springs-_R2120809"
"USA","KBR","ICS: AFHE Maintenance Technician","Operations & Process","San Diego, California","2026-03-26","https://kbr.wd5.myworkdayjobs.com/KBR_Careers/job/San-Diego-California/ICS--AFHE-Maintenance-Technician_R2120946"
"USA","KBR","ICS: AFHE Maintenance Technician","Operations & Process","San Diego, California","2026-03-26","https://kbr.wd5.myworkdayjobs.com/KBR_Careers/job/San-Diego-California/ICS--AFHE-Maintenance-Technician_R2120947"
"USA","KBR","ICS: AFHE Maintenance Technician","Operations & Process","Jacksonville, Florida","2026-03-26","https://kbr.wd5.myworkdayjobs.com/KBR_Careers/job/Jacksonville-Florida/ICS--AFHE-Maintenance-Technician_R2120938"
"USA","KBR","ICS: AFHE Senior Maintenance Technician (Travel)","Operations & Process","San Diego, California","2026-03-26","https://kbr.wd5.myworkdayjobs.com/KBR_Careers/job/San-Diego-California/ICS--AFHE-Senior-Maintenance-Technician--Travel-_R2120943"
"USA","KBR","ICS: AFHE Senior Maintenance Technician (Travel)","Operations & Process","Cherry Point, North Carolina","2026-03-26","https://kbr.wd5.myworkdayjobs.com/KBR_Careers/job/Cherry-Point-North-Carolina/ICS--AFHE-Senior-Maintenance-Technician--Travel-_R2120945"
"Singapore","KBR","Consultant, Advisory & Consulting (Pre-FEED)","Other","Singapore, Singapore","2026-03-27","https://kbr.wd5.myworkdayjobs.com/KBR_Careers/job/Singapore-Singapore/Consultant--Advisory---Consulting--Pre-FEED-_R2120911"
"USA","KBR","ICS: AFHE Maintenance Technician","Operations & Process","Portsmouth, Virginia","2026-03-26","https://kbr.wd5.myworkdayjobs.com/KBR_Careers/job/Portsmouth-Virginia/ICS--AFHE-Maintenance-Technician_R2119923"
"USA","KBR","MQ-25 Technical Author","Other","Patuxent River, Maryland","2026-03-26","https://kbr.wd5.myworkdayjobs.com/KBR_Careers/job/Patuxent-River-Maryland/MQ-25-Technical-Author_R2120936"
"USA","KBR","Mid Software Developer Aerospace Engineer","IT & Digital","Colorado Springs, Colorado","2026-03-26","https://kbr.wd5.myworkdayjobs.com/KBR_Careers/job/Colorado-Springs-Colorado/Mid-Software-Developer_R2120420"
"British Indian Ocean Territory","KBR","Diego Garcia: Fire Alarm Systems Technician (NICET III Certified)","Operations & Process","Diego Garcia, British Indian Ocean Territory","2026-03-26","https://kbr.wd5.myworkdayjobs.com/KBR_Careers/job/Diego-Garcia-British-Indian-Ocean-Territory/Diego-Garcia--Fire-Alarm-Systems-Technician--NICET-III-Certified-_R2120913"
"British Indian Ocean Territory","KBR","Diego Garcia: Lead, Technical Control Facility (TCF) Operator","Operations & Process","Diego Garcia, British Indian Ocean Territory","2026-03-26","https://kbr.wd5.myworkdayjobs.com/KBR_Careers/job/Diego-Garcia-British-Indian-Ocean-Territory/Diego-Garcia--Lead--Technical-Control-Facility--TCF--Operator_R2120920"
"Germany","KBR","LCV APS-2 Germany: Tactical Vehicle Mechanic - Armament","Mechanical & Structural","Mannheim, Baden-Wurttemberg, Germany","2026-03-26","https://kbr.wd5.myworkdayjobs.com/KBR_Careers/job/Mannheim-Baden-Wurttemberg-Germany/LCV-APS-2-Germany--Tactical-Vehicle-Mechanic---Armament_R2120863"
"Germany","KBR","LCV APS-2 Germany: Tactical Vehicle Mechanic - Armament","Mechanical & Structural","Mannheim, Baden-Wurttemberg, Germany","2026-03-26","https://kbr.wd5.myworkdayjobs.com/KBR_Careers/job/Mannheim-Baden-Wurttemberg-Germany/LCV-APS-2-Germany--Tactical-Vehicle-Mechanic---Armament_R2120897"
"British Indian Ocean Territory","KBR","Diego Garcia: Network Services Support Supervisor","Project Management","Diego Garcia, British Indian Ocean Territory","2026-03-26","https://kbr.wd5.myworkdayjobs.com/KBR_Careers/job/Diego-Garcia-British-Indian-Ocean-Territory/Diego-Garcia--Network-Services-Support-Supervisor_R2120919"
"British Indian Ocean Territory","KBR","Diego Garcia: Assistant POL Superintendent","Management & Administration","Diego Garcia, British Indian Ocean Territory","2026-03-26","https://kbr.wd5.myworkdayjobs.com/KBR_Careers/job/Diego-Garcia-British-Indian-Ocean-Territory/Diego-Garcia--Assistant-POL-Superintendent_R2120916"
"Australia","KBR","Civil Engineer","Mechanical & Structural","Adelaide, South Australia, Australia","2026-03-26","https://kbr.wd5.myworkdayjobs.com/KBR_Careers/job/Adelaide-South-Australia-Australia/Civil-Engineer_R2118421-1"
"Australia","KBR","Principal Structural Engineer","Mechanical & Structural","Adelaide, South Australia, Australia","2026-03-26","https://kbr.wd5.myworkdayjobs.com/KBR_Careers/job/Adelaide-South-Australia-Australia/Principal-Structural-Engineer_R2120835-1"
"Australia","KBR","Structural Engineer","Mechanical & Structural","Australia","2026-03-26","https://kbr.wd5.myworkdayjobs.com/KBR_Careers/job/Adelaide-South-Australia-Australia/Structural-Engineer_R2120836-1"
"USA","KBR","Tactical Senior Acquisition Lead","Management & Administration","El Segundo, California","2026-03-25","https://kbr.wd5.myworkdayjobs.com/KBR_Careers/job/El-Segundo-California/Tactical-Senior-Acquisition-Lead_R2120907"
"Australia","KBR","Market Sector Director – Buildings","Management & Administration","Australia","2026-03-26","https://kbr.wd5.myworkdayjobs.com/KBR_Careers/job/Sydney-New-South-Wales-Australia/Market-Sector-Director---Buildings_R2118551-1"
"Australia","KBR","Senior Commercial Specialist","Commercial & Business","Sydney, New South Wales, Australia","2026-03-26","https://kbr.wd5.myworkdayjobs.com/KBR_Careers/job/Sydney-New-South-Wales-Australia/Senior-Commercial-Specialist_R2120723-1"
"USA","KBR","Senior Mechanical Engineer, Rotary Kiln Specialist","Mechanical & Structural","Houston, Texas","2026-03-25","https://kbr.wd5.myworkdayjobs.com/KBR_Careers/job/Houston-Texas/Senior-Mechanical-Engineer--Rotary-Kiln-Specialist_R2120880"
"USA","KBR","Chief Systems Engineer","Management & Administration","Chantilly, Virginia","2026-03-25","https://kbr.wd5.myworkdayjobs.com/KBR_Careers/job/Chantilly-Virginia/Chief-Systems-Engineer_R2120802"
"USA","KBR","Data Scientist/Systems Engineer","IT & Digital","Colorado Springs, Colorado","2026-03-25","https://kbr.wd5.myworkdayjobs.com/KBR_Careers/job/Colorado-Springs-Colorado/Data-Scientist-Systems-Engineer_R2120715"
"USA","KBR","Technical Support Specialist","Other","Cambridge, Massachusetts","2026-03-25","https://kbr.wd5.myworkdayjobs.com/KBR_Careers/job/Cambridge-Massachusetts/Technical-Support-Specialist_R2120890"
"USA","KBR","Mission Technology Solutions Finance Intern (Summer 2026)","Finance & Accounting","USA","2026-03-25","https://kbr.wd5.myworkdayjobs.com/KBR_Careers/job/Houston-Texas/Mission-Technology-Solutions-Finance-Intern--Summer-2026-_R2119436"
"USA","KBR","Special Operations Clinical Psychologist (Fort Bragg, NC)","Science & Laboratory","Fort Liberty, North Carolina","2026-03-25","https://kbr.wd5.myworkdayjobs.com/KBR_Careers/job/Fort-Liberty-North-Carolina/Special-Operations-Clinical-Psychologist--Fort-Bragg--NC-_R2120885"
"USA","KBR","Special Operations Licensed Psychologist (National Capital Region)","Other","USA","2026-03-25","https://kbr.wd5.myworkdayjobs.com/KBR_Careers/job/Washington-DC/Special-Operations-Licensed-Psychologist--National-Capital-Region-_R2120883"
"USA","KBR","Special Operations Biostatistician (USSOCOM, MacDill AFB) Tampa, FL","Other","Tampa, Florida","2026-03-25","https://kbr.wd5.myworkdayjobs.com/KBR_Careers/job/Tampa-Florida/Special-Operations-Biostatistician--USSOCOM--MacDill-AFB--Tampa--FL_R2120882"
"USA","KBR","Special Operations Mental Health Counselor (Fort Bragg,NC)","HSE & Environment","Fort Liberty, North Carolina","2026-03-25","https://kbr.wd5.myworkdayjobs.com/KBR_Careers/job/Fort-Liberty-North-Carolina/Special-Operations-Mental-Health-Counselor--Fort-Bragg-NC-_R2120877"
"USA","KBR","Special Operations Licensed Clinical Social Worker (Fort Bragg, NC)","Science & Laboratory","Fayetteville, North Carolina","2026-03-25","https://kbr.wd5.myworkdayjobs.com/KBR_Careers/job/Fayetteville-North-Carolina/Special-Operations-Licensed-Clinical-Social-Worker--Fort-Bragg--NC-_R2120867"
"USA","KBR","Special Operations Licensed Clinical Social Worker (National Capital Region)","Science & Laboratory","USA","2026-03-25","https://kbr.wd5.myworkdayjobs.com/KBR_Careers/job/Washington-DC/Special-Operations-Licensed-Clinical-Social-Worker--National-Capital-Region-_R2120866"
"USA","KBR","Radar Analyst/Team Manager","Management & Administration","Huntsville, Alabama","2026-03-25","https://kbr.wd5.myworkdayjobs.com/KBR_Careers/job/Huntsville-Alabama/Radar-Analyst-Team-Manager_R2119222"
"USA","KBR","Special Operations Licensed Clinical Social Worker (National Capital Region)","Science & Laboratory","USA","2026-03-25","https://kbr.wd5.myworkdayjobs.com/KBR_Careers/job/Washington-DC/Special-Operations-Licensed-Clinical-Social-Worker--National-Capital-Region-_R2120870"
"Germany","KBR","Special Operations Licensed Clinical Social Worker (Stuttgart, Germany)","Science & Laboratory","Stuttgart, Baden-Wurttemberg, Germany","2026-03-25","https://kbr.wd5.myworkdayjobs.com/KBR_Careers/job/Stuttgart-Baden-Wurttemberg-Germany/Special-Operations-Licensed-Clinical-Social-Worker--Stuttgart--Germany-_R2120868"
"USA","KBR","Senior Appian Developer - Support","IT & Digital","USA","2026-03-25","https://kbr.wd5.myworkdayjobs.com/KBR_Careers/job/Houston-Texas/Senior-Appian-Developer---Support_R2119739"
"USA","KBR","Material Handler","Supply Chain","Jacksonville, Florida","2026-03-25","https://kbr.wd5.myworkdayjobs.com/KBR_Careers/job/Jacksonville-Florida/Material-Handler_R2120401"
"USA","KBR","OPIR TAP Lab System Architect Lead","Management & Administration","El Segundo, California","2026-03-25","https://kbr.wd5.myworkdayjobs.com/KBR_Careers/job/El-Segundo-California/OPIR-TAP-Lab-System-Architect-Lead_R2110542"
"USA","KBR","Contracts Manager - TS/SCI","Supply Chain","USA","2026-03-25","https://kbr.wd5.myworkdayjobs.com/KBR_Careers/job/Herndon-Virginia/Contracts-Manager---TS-SCI_R2109130-1"
"USA","KBR","Project Manager, Engineering - Graphitization","Project Management","Houston, Texas","2026-03-25","https://kbr.wd5.myworkdayjobs.com/KBR_Careers/job/Houston-Texas/Project-Manager--Engineering---Graphitization_R2120851"
"USA","KBR","Marketing Specialist (Central Texas)","Commercial & Business","USA","2026-03-25","https://kbr.wd5.myworkdayjobs.com/KBR_Careers/job/Fort-Cavazos-Texas/Marketing-Specialist_R2115842"
"USA","KBR","Donor Specialist (Dallas/Fort Worth/McKinney)","Other","USA","2026-03-25","https://kbr.wd5.myworkdayjobs.com/KBR_Careers/job/Dallas-Texas/Donor-Specialist--Dallas-Fort-Worth-McKinney-_R2120818"
"USA","KBR","Special Operations Licensed Clinical Social Worker (Fort Bragg, NC)","Science & Laboratory","USA","2026-03-25","https://kbr.wd5.myworkdayjobs.com/KBR_Careers/job/Fort-Liberty-North-Carolina/Special-Operations-Licensed-Clinical-Social-Worker--Fort-Bragg--NC-_R2120860"
"Djibouti","KBR","DJBOSS: Fire Suppression Technician NICET III","Operations & Process","Djibouti, Djibouti","2026-03-25","https://kbr.wd5.myworkdayjobs.com/KBR_Careers/job/Djibouti-Djibouti/DJBOSS--Fire-Suppression-Technician-NICET-III_R2118010"
"British Indian Ocean Territory","KBR","Diego Garcia: Satellite Communications (SATCOM) Electronics Technician","Operations & Process","Diego Garcia, British Indian Ocean Territory","2026-03-25","https://kbr.wd5.myworkdayjobs.com/KBR_Careers/job/Diego-Garcia-British-Indian-Ocean-Territory/Diego-Garcia--Satellite-Communications--SATCOM--Electronics-Technician_R2120854"
"USA","KBR","Immunologist","Other","Houston, Texas","2026-03-25","https://kbr.wd5.myworkdayjobs.com/KBR_Careers/job/Houston-Texas/Immunologist_R2120821"
"USA","KBR","Senior Cyber Security Specialist","IT & Digital","USA","2026-03-25","https://kbr.wd5.myworkdayjobs.com/KBR_Careers/job/Washington-DC/Senior-Cyber-Security-Specialist_R2117612"
"USA","KBR","Senior Cyber Intelligence Analyst","IT & Digital","USA","2026-03-25","https://kbr.wd5.myworkdayjobs.com/KBR_Careers/job/Washington-DC/Senior-Cyber-Intelligence-Analyst_R2117558"
"USA","KBR","Senior Network Architect","IT & Digital","Fulton, Maryland","2026-03-25","https://kbr.wd5.myworkdayjobs.com/KBR_Careers/job/Fulton-Maryland/Senior-Network-Architect_R2120649"
"USA","KBR","NOSC Cyber Analyst","IT & Digital","Fulton, Maryland","2026-03-25","https://kbr.wd5.myworkdayjobs.com/KBR_Careers/job/Fulton-Maryland/NOSC-Cyber-Analyst_R2120653"
"USA","KBR","MCPP Philippines: Motor Transport Mechanic","Mechanical & Structural","Jacksonville, Florida","2026-03-25","https://kbr.wd5.myworkdayjobs.com/KBR_Careers/job/Jacksonville-Florida/MCPP-Philippines--Motor-Transport-Mechanic_R2120574"
"USA","KBR","DevOps Engineer (Ansible)","Other","Fulton, Maryland","2026-03-25","https://kbr.wd5.myworkdayjobs.com/KBR_Careers/job/Fulton-Maryland/DevOps-Engineer--Ansible-_R2117702"
"United Kingdom","KBR","Senior Quantity Surveyor","Project Management","Cumbria, United Kingdom","2026-03-25","https://kbr.wd5.myworkdayjobs.com/KBR_Careers/job/Cumbria/Senior-Quantity-Surveyor_R2120410-1"
"USA","KBR","Contracts Support SME","Supply Chain","El Segundo, California","2026-03-25","https://kbr.wd5.myworkdayjobs.com/KBR_Careers/job/El-Segundo-California/Contracts-Support-SME_R2120412-1"
"USA","KBR","RF Systems Engineer","Other","Chantilly, Virginia","2026-03-25","https://kbr.wd5.myworkdayjobs.com/KBR_Careers/job/Chantilly-Virginia/RF-Systems-Engineer_R2120822"
"United Kingdom","KBR","Capability Integration Support Officer","Other","United Kingdom","2026-03-25","https://kbr.wd5.myworkdayjobs.com/KBR_Careers/job/Glasgow/Capability-Integration-Support-Officer_R2120561-1"
"United Kingdom","KBR","Noise & Vibration Engineer","Other","Leatherhead, Surrey, United Kingdom","2026-03-25","https://kbr.wd5.myworkdayjobs.com/KBR_Careers/job/Leatherhead-Surrey-United-Kingdom/Noise---Vibration-Engineer_R2116489"
"United Arab Emirates","KBR","PMC Island Manager","Management & Administration","Abu Dhabi, United Arab Emirates","2026-03-25","https://kbr.wd5.myworkdayjobs.com/KBR_Careers/job/Abu-Dhabi-United-Arab-Emirates/PMC-Island-Manager_R2120847"
"United Kingdom","KBR","Lead Mechanical Engineers","Mechanical & Structural","Leatherhead, Surrey, United Kingdom","2026-03-25","https://kbr.wd5.myworkdayjobs.com/KBR_Careers/job/Leatherhead-Surrey-United-Kingdom/Lead-Mechanical-Engineers_R2118106"
"United Kingdom","KBR","Senior Manager Information Management - 3D CAD S3D","IT & Digital","Leatherhead, Surrey, United Kingdom","2026-03-25","https://kbr.wd5.myworkdayjobs.com/KBR_Careers/job/Leatherhead-Surrey-United-Kingdom/Senior-Manager-Information-Management---3D-CAD-S3D_R2119369"
"United Kingdom","KBR","Senior Manager Information Management - 3D CAD E3D","IT & Digital","Leatherhead, Surrey, United Kingdom","2026-03-25","https://kbr.wd5.myworkdayjobs.com/KBR_Careers/job/Leatherhead-Surrey-United-Kingdom/Senior-Manager-Information-Management---3D-CAD-E3D_R2119367"
"USA","KBR","Data Management Analyst","IT & Digital","Warner Robins, Georgia","2026-03-25","https://kbr.wd5.myworkdayjobs.com/KBR_Careers/job/Warner-Robins-Georgia/Data-Management-Analyst_R2119216"
"United Kingdom","KBR","Mechanical or Materials Engineers","Mechanical & Structural","Leatherhead, Surrey, United Kingdom","2026-03-25","https://kbr.wd5.myworkdayjobs.com/KBR_Careers/job/Leatherhead-Surrey-United-Kingdom/Mechanical-or-Materials-Engineers_R2118107"
"United Kingdom","KBR","Static Equipment Subject Matter Expert","Mechanical & Structural","Leatherhead, Surrey, United Kingdom","2026-03-25","https://kbr.wd5.myworkdayjobs.com/KBR_Careers/job/Leatherhead-Surrey-United-Kingdom/Static-Equipment-Subject-Matter-Expert_R2115432"
"United Kingdom","KBR","Inside Sales / Proposals Specialist (Commercial)","Commercial & Business","Leatherhead, Surrey, United Kingdom","2026-03-25","https://kbr.wd5.myworkdayjobs.com/KBR_Careers/job/Leatherhead-Surrey-United-Kingdom/Inside-Sales---Proposals-Specialist--Commercial-_R2114604"
"Australia","KBR","Buildings Infrastructure Design Manager/Coordinator -Defence","Management & Administration","Adelaide, South Australia, Australia","2026-03-25","https://kbr.wd5.myworkdayjobs.com/KBR_Careers/job/Adelaide-South-Australia-Australia/Buildings-Infrastructure-Design-Manager-Coordinator--Defence_R2120108"
"Australia","KBR","Senior Manager IT","Management & Administration","Australia","2026-03-25","https://kbr.wd5.myworkdayjobs.com/KBR_Careers/job/Melbourne-Victoria-Australia/Senior-Manager-IT_R2119890-1"
"USA","KBR","Lead Systems Administrator","Management & Administration","Beavercreek Township, Ohio","2026-03-24","https://kbr.wd5.myworkdayjobs.com/KBR_Careers/job/Beavercreek-Township-Ohio/Lead-Systems-Administrator_R2120810"
"USA","KBR","MCPP: Electronic Technician","Operations & Process","Jacksonville, Florida","2026-03-24","https://kbr.wd5.myworkdayjobs.com/KBR_Careers/job/Jacksonville-Florida/MCPP--Electronic-Technician_R2120801"
"USA","KBR","Assistant to Division Security Representative - NRL Stennis","Other","Stennis Space Center, Mississippi","2026-03-24","https://kbr.wd5.myworkdayjobs.com/KBR_Careers/job/Stennis-Space-Center-Mississippi/Assistant-to-Division-Security-Representative---NRL-Stennis_R2120811"
"India","KBR","Consultant, Advisory & Consulting – Pre-FEED","Other","India","2026-03-25","https://kbr.wd5.myworkdayjobs.com/KBR_Careers/job/Bangalore-Karnataka-India/Consultant--Advisory---Consulting---Pre-FEED_R2120848"
"USA","KBR","Documentation Specialist","Other","Sterling Heights, Michigan","2026-03-24","https://kbr.wd5.myworkdayjobs.com/KBR_Careers/job/Sterling-Heights-Michigan/Documentation-Specialist_R2120296"
"USA","KBR","Special Operations Strength and Conditioning Specialist (75th RR, Ft. Moore, GA)","Other","Fort Moore, Georgia","2026-03-24","https://kbr.wd5.myworkdayjobs.com/KBR_Careers/job/Fort-Moore-Georgia/Special-Operations-Strength-and-Conditioning-Specialist--75th-RR--Ft-Moore--GA-_R2120669-1"
"USA","KBR","MCPP: Automotive Diesel Mechanic","Mechanical & Structural","Jacksonville, Florida","2026-03-24","https://kbr.wd5.myworkdayjobs.com/KBR_Careers/job/Jacksonville-Florida/MCPP--Automotive-Diesel-Mechanic_R2120015-1"
"USA","KBR","BICSI Certified Cable Installer","Other","USA","2026-03-24","https://kbr.wd5.myworkdayjobs.com/KBR_Careers/job/Chantilly-Virginia/BICSI-Certified-Cable-Installer_R2120709"
"USA","KBR","BICSI Cable Installer","Other","USA","2026-03-24","https://kbr.wd5.myworkdayjobs.com/KBR_Careers/job/Chantilly-Virginia/BICSI-Cable-Installer_R2120588"
"USA","KBR","Senior Piping Stress Engineer","Mechanical & Structural","Newark, Delaware","2026-03-24","https://kbr.wd5.myworkdayjobs.com/KBR_Careers/job/Newark-Delaware/Senior-Piping-Stress-Engineer_R2120659"
"USA","KBR","Lead Piping Designer","Mechanical & Structural","Newark, Delaware","2026-03-24","https://kbr.wd5.myworkdayjobs.com/KBR_Careers/job/Newark-Delaware/Lead-Piping-Designer_R2120657"
"USA","KBR","Senior Piping Designer","Mechanical & Structural","Newark, Delaware","2026-03-24","https://kbr.wd5.myworkdayjobs.com/KBR_Careers/job/Newark-Delaware/Senior-Piping-Designer_R2120656"
"USA","KBR","Radar Technician, Junior (Mobile)","Operations & Process","Wallops Island, Virginia","2026-03-24","https://kbr.wd5.myworkdayjobs.com/KBR_Careers/job/Wallops-Island-Virginia/Radar-Technician--Junior--Mobile-_R2120744"
"USA","KBR","Logistics Lead","Supply Chain","Orlando, Florida","2026-03-24","https://kbr.wd5.myworkdayjobs.com/KBR_Careers/job/Orlando-Florida/Logistics-Lead_R2120760"
"USA","KBR","Director, Air Vehicle Portfolio","Management & Administration","Lexington Park, Maryland","2026-03-24","https://kbr.wd5.myworkdayjobs.com/KBR_Careers/job/Lexington-Park-Maryland/Director--Air-Vehicle-Portfolio_R2120795"
"USA","KBR","MCPP - Maintenance Supervisor","Project Management","USA","2026-03-24","https://kbr.wd5.myworkdayjobs.com/KBR_Careers/job/Jacksonville-Florida/MCPP---Maintenance-Supervisor_R2118932-1"
"USA","KBR","Senior Machinist","Mechanical & Structural","Columbia, Maryland","2026-03-24","https://kbr.wd5.myworkdayjobs.com/KBR_Careers/job/Columbia-Maryland/Senior-Machinist_R2120749"
"USA","KBR","MCPP Philippines: Motor Transport Mechanic","Mechanical & Structural","Jacksonville, Florida","2026-03-24","https://kbr.wd5.myworkdayjobs.com/KBR_Careers/job/Jacksonville-Florida/MCPP-Philippines--Motor-Transport-Mechanic_R2120569"
"India","KBR","Accountant","Finance & Accounting","Chennai, Tamil Nadu, India","2026-03-24","https://kbr.wd5.myworkdayjobs.com/KBR_Careers/job/Chennai-Tamil-Nadu-India/Accountant_R2119746"
"India","KBR","Technical Professional- Instrumentation/Controls","Electrical & Instrumentation","Chennai, Tamil Nadu, India","2026-03-24","https://kbr.wd5.myworkdayjobs.com/KBR_Careers/job/Chennai-Tamil-Nadu-India/Technical-Professional--Instrumentation-Controls_R2119137"
"India","KBR","Specialist, Cost Control","Electrical & Instrumentation","Chennai, Tamil Nadu, India","2026-03-24","https://kbr.wd5.myworkdayjobs.com/KBR_Careers/job/Chennai-Tamil-Nadu-India/Specialist--Cost-Control_R2119955"
"Australia","KBR","Commercial Director","Commercial & Business","Australia","2026-03-24","https://kbr.wd5.myworkdayjobs.com/KBR_Careers/job/Melbourne-Victoria-Australia/Commercial-Director_R2120630"
"India","KBR","Designer - Electrical","Electrical & Instrumentation","Chennai, Tamil Nadu, India","2026-03-23","https://kbr.wd5.myworkdayjobs.com/KBR_Careers/job/Chennai-Tamil-Nadu-India/Designer---Electrical_R2120729"
"India","KBR","Facility Executive","Other","Chennai, Tamil Nadu, India","2026-03-22","https://kbr.wd5.myworkdayjobs.com/KBR_Careers/job/Chennai-Tamil-Nadu-India/Facility-Executive_R2119712"
"USA","KBR","Mission Technology Solutions (MTS) Growth Team - Solution Architect Intern","IT & Digital","USA","2026-03-21","https://kbr.wd5.myworkdayjobs.com/KBR_Careers/job/Chantilly-Virginia/Mission-Technology-Solutions--MTS--Growth-Team---Solution-Architect-Intern_R2120655"
"USA","KBR","Sr. Manager, Business Development","Commercial & Business","USA","2026-03-21","https://kbr.wd5.myworkdayjobs.com/KBR_Careers/job/Chantilly-Virginia/Sr-Manager--Business-Development_R2112702"
"USA","KBR","Price to Win Analyst","Other","USA","2026-03-21","https://kbr.wd5.myworkdayjobs.com/KBR_Careers/job/Chantilly-Virginia/Price-to-Win-Analyst_R2112630-1"
"USA","KBR","Space Operations Center Manager","Management & Administration","Springfield, Virginia","2026-03-21","https://kbr.wd5.myworkdayjobs.com/KBR_Careers/job/Springfield-Virginia/Space-Operations-Center-Manager_R2120719"
"Poland","KBR","LCV EUCOM Poland: Sr. Manager, Strategic Planner","Project Management","Powidz, Greater Poland, Poland","2026-03-21","https://kbr.wd5.myworkdayjobs.com/KBR_Careers/job/Powidz-Greater-Poland-Poland/LCV-EUCOM-Poland--Sr-Manager--Strategic-Planner_R2120753"
"USA","KBR","Facilities Manager","Management & Administration","Beavercreek, Ohio","2026-03-21","https://kbr.wd5.myworkdayjobs.com/KBR_Careers/job/Beavercreek-Ohio/Facilities-Manager_R2120751"
"Angola","KBR","Construction Manager","Project Management","Luanda, Luanda, Angola","2026-03-21","https://kbr.wd5.myworkdayjobs.com/KBR_Careers/job/Luanda-Luanda-Angola/Construction-Manager_R2120752"
"USA","KBR","*SkillBridge Only* Senior Operations Coordinator – Government Asset Management (GAM) - Multiple Locations","Management & Administration","USA","2026-03-21","https://kbr.wd5.myworkdayjobs.com/KBR_Careers/job/Tempe-Arizona/XMLNAME--SkillBridge-Only--Senior-Operations-Coordinator---Government-Asset-Management--GAM----Multiple-Locations_R2120607"
"Germany","KBR","LCV APS-2 Germany: Master Mechanic (Tracked Vehicle)","Mechanical & Structural","Mannheim, Baden-Wurttemberg, Germany","2026-03-21","https://kbr.wd5.myworkdayjobs.com/KBR_Careers/job/Mannheim-Baden-Wurttemberg-Germany/LCV-APS-2-Germany--Master-Mechanic--Tracked-Vehicle-_R2118200"
"USA","KBR","RF Electronics Technician","Operations & Process","Columbia, Maryland","2026-03-21","https://kbr.wd5.myworkdayjobs.com/KBR_Careers/job/Columbia-Maryland/RF-Electronics-Technician_R2118860"
"USA","KBR","Deputy Program Manager","Management & Administration","Orange Park, Florida","2026-03-21","https://kbr.wd5.myworkdayjobs.com/KBR_Careers/job/Orange-Park-Florida/Project-Manager_R2120514"
"USA","KBR","Senior Information Systems Security Officer (ISSO)","Management & Administration","Beavercreek, Ohio","2026-03-21","https://kbr.wd5.myworkdayjobs.com/KBR_Careers/job/Beavercreek-Ohio/Senior-Information-Systems-Security-Officer--ISSO-_R2119783"
"USA","KBR","Special Operations Clinical Psychologist (Fort Bragg,NC)","Science & Laboratory","Fort Liberty, North Carolina","2026-03-21","https://kbr.wd5.myworkdayjobs.com/KBR_Careers/job/Fort-Liberty-North-Carolina/Special-Operations-Clinical-Psychologist--Fort-Bragg-NC-_R2120745"
"USA","KBR","Information Technology Technical Support Specialist","IT & Digital","Wallops Island, Virginia","2026-03-21","https://kbr.wd5.myworkdayjobs.com/KBR_Careers/job/Wallops-Island-Virginia/Information-Technology-Technical-Support-Specialist_R2120708-1"
"USA","KBR","COMSEC Key Management Operator","Operations & Process","Chantilly, Virginia","2026-03-21","https://kbr.wd5.myworkdayjobs.com/KBR_Careers/job/Chantilly-Virginia/COMSEC-Key-Management-Operator_R2120509"
"USA","KBR","GEOINT Operations Systems Engineer","Other","Chantilly, Virginia","2026-03-21","https://kbr.wd5.myworkdayjobs.com/KBR_Careers/job/Chantilly-Virginia/GEOINT-Operations-Systems-Engineer_R2118264"
"USA","KBR","MCPP Philippines: Motor Transport Mechanic","Mechanical & Structural","Jacksonville, Florida","2026-03-21","https://kbr.wd5.myworkdayjobs.com/KBR_Careers/job/Jacksonville-Florida/MCPP-Philippines--Motor-Transport-Mechanic_R2120575"
"USA","KBR","MCPP - SHIPBOARD ENGINEER (CONSTRUCTION) EQUIPMENT MECHANIC","Mechanical & Structural","USA","2026-03-21","https://kbr.wd5.myworkdayjobs.com/KBR_Careers/job/Jacksonville-Florida/MCPP---SHIPBOARD-ENGINEER--CONSTRUCTION--EQUIPMENT-MECHANIC_R2120299"
"USA","KBR","Junior Space Suit Design Engineer","Other","Webster, Texas","2026-03-20","https://kbr.wd5.myworkdayjobs.com/KBR_Careers/job/Webster-Texas/Junior-Space-Suit-Design-Engineer_R2120717"
"USA","KBR","Senior Design Engineer","Management & Administration","Webster, Texas","2026-03-20","https://kbr.wd5.myworkdayjobs.com/KBR_Careers/job/Webster-Texas/Senior-Design-Engineer_R2120644"
"USA","KBR","Vulnerability Researcher","Other","Beavercreek Township, Ohio","2026-03-20","https://kbr.wd5.myworkdayjobs.com/KBR_Careers/job/Beavercreek-Township-Ohio/Vulnerability-Researcher_R2119382"
"Saudi Arabia","KBR","PSAB ESS: Electrical Engineer (Secret Clearance)","Electrical & Instrumentation","Saudi Arabia","2026-03-20","https://kbr.wd5.myworkdayjobs.com/KBR_Careers/job/Saudi-Arabia/PSAB-ESS--Electrical-Engineer--Secret-Clearance-_R2118076-1"
"USA","KBR","DOE Program Director","Management & Administration","USA","2026-03-20","https://kbr.wd5.myworkdayjobs.com/KBR_Careers/job/Chantilly-Virginia/DOE-Program-Director_R2116513"
"British Indian Ocean Territory","KBR","DIEGO GARCIA: Deputy Fire Services Chief","Management & Administration","Diego Garcia, British Indian Ocean Territory","2026-03-20","https://kbr.wd5.myworkdayjobs.com/KBR_Careers/job/Diego-Garcia-British-Indian-Ocean-Territory/DIEGO-GARCIA--Deputy-Fire-Services-Chief_R2120573"
"USA","KBR","Lead Capture Manager - IC","Management & Administration","Chantilly, Virginia","2026-03-20","https://kbr.wd5.myworkdayjobs.com/KBR_Careers/job/Chantilly-Virginia/Lead-Capture-Manager---IC_R2120691"
"USA","KBR","Remote Deputy Program Manager (Behavioral Healthcare Operations)","HSE & Environment","USA","2026-03-20","https://kbr.wd5.myworkdayjobs.com/KBR_Careers/job/Houston-Texas/Remote-Deputy-Program-Manager--Behavioral-Healthcare-Operations-_R2120705"
"USA","KBR","Digital Modeling Engineer","IT & Digital","Chantilly, Virginia","2026-03-20","https://kbr.wd5.myworkdayjobs.com/KBR_Careers/job/Chantilly-Virginia/Digital-Modeling-Engineer_R2120246-1"
"USA","KBR","Electronic Technician Maintenance III","Operations & Process","Beaufort, South Carolina","2026-03-20","https://kbr.wd5.myworkdayjobs.com/KBR_Careers/job/Beaufort-South-Carolina/Electronic-Technician-Maintenance-III_R2120698"
"USA","KBR","Junior Technical Writer","Other","Huntsville, Alabama","2026-03-20","https://kbr.wd5.myworkdayjobs.com/KBR_Careers/job/Huntsville-Alabama/Junior-Technical-Writer_R2120695"
"USA","KBR","Knowledge Management Specialist","Other","Chantilly, Virginia","2026-03-20","https://kbr.wd5.myworkdayjobs.com/KBR_Careers/job/Chantilly-Virginia/Knowledge-Management-Specialist_R2120667"
"USA","KBR","MCPP - Production Planning Analyst","Operations & Process","USA","2026-03-20","https://kbr.wd5.myworkdayjobs.com/KBR_Careers/job/Jacksonville-Florida/MCPP---Production-Planning-Analyst_R2120606-1"
"USA","KBR","Analysis and Assessments Support – Subject Matter Expert","Other","Colorado Springs, Colorado","2026-03-20","https://kbr.wd5.myworkdayjobs.com/KBR_Careers/job/Colorado-Springs-Colorado/Analysis-and-Assessments-Support---Subject-Matter-Expert_R2120692"
"USA","KBR","Associate Metrology Technician","Operations & Process","Phoenix, Arizona","2026-03-20","https://kbr.wd5.myworkdayjobs.com/KBR_Careers/job/Phoenix-Arizona/Associate-Metrology-Technician_R2120670"
"USA","KBR","Senior Software Engineers and Front-End Engineers","IT & Digital","Dayton, Ohio","2026-03-20","https://kbr.wd5.myworkdayjobs.com/KBR_Careers/job/Dayton-Ohio/Senior-Software-Engineers-and-Front-End-Engineers_R2120042"
"USA","KBR","FMS Analyst","Other","Huntsville, Alabama","2026-03-20","https://kbr.wd5.myworkdayjobs.com/KBR_Careers/job/Huntsville-Alabama/FMS-Analyst_R2119540-1"
"Qatar","KBR","Rigging Supervisor","Drilling & Well","Ad Dawhah, Qatar","2026-03-20","https://kbr.wd5.myworkdayjobs.com/KBR_Careers/job/Ad-Dawhah-Qatar/Rigging-Supervisor_R2119741"
"Qatar","KBR","Instrument / Automation Technician","Operations & Process","Ad Dawhah, Qatar","2026-03-20","https://kbr.wd5.myworkdayjobs.com/KBR_Careers/job/Ad-Dawhah-Qatar/Instrument---Automation-Technician_R2119742"
"Qatar","KBR","Technical professional (Mechanical)","Mechanical & Structural","Ad Dawhah, Qatar","2026-03-20","https://kbr.wd5.myworkdayjobs.com/KBR_Careers/job/Ad-Dawhah-Qatar/Technical-professional--Mechanical-_R2119744"
"Qatar","KBR","Electrical Supervisor","Electrical & Instrumentation","Ad Dawhah, Qatar","2026-03-20","https://kbr.wd5.myworkdayjobs.com/KBR_Careers/job/Ad-Dawhah-Qatar/Electrical-Supervisor_R2114908"
"Qatar","KBR","HVAC Supervisor","Mechanical & Structural","Ad Dawhah, Qatar","2026-03-20","https://kbr.wd5.myworkdayjobs.com/KBR_Careers/job/Ad-Dawhah-Qatar/HVAC-Supervisor_R2119740"
"Qatar","KBR","Mechanical Supervisor","Mechanical & Structural","Ad Dawhah, Qatar","2026-03-20","https://kbr.wd5.myworkdayjobs.com/KBR_Careers/job/Ad-Dawhah-Qatar/Mechanical-Supervisor_R2119743"
"Australia","KBR","Principal Road Designer","Management & Administration","Perth, Western Australia, Australia","2026-03-20","https://kbr.wd5.myworkdayjobs.com/KBR_Careers/job/Perth-Western-Australia-Australia/Principal-Road-Designer_R2120112-1"
"British Indian Ocean Territory","KBR","DG BOSS: Custodian (FN)","Other","Diego Garcia, British Indian Ocean Territory","2026-03-20","https://kbr.wd5.myworkdayjobs.com/KBR_Careers/job/Diego-Garcia-British-Indian-Ocean-Territory/DG-BOSS--Custodian--FN-_R2120447"
"British Indian Ocean Territory","KBR","DG BOSS: Marine Painter/Sandblaster (FN)","Other","Diego Garcia, British Indian Ocean Territory","2026-03-20","https://kbr.wd5.myworkdayjobs.com/KBR_Careers/job/Diego-Garcia-British-Indian-Ocean-Territory/DG-BOSS--Marine-Painter-Sandblaster--FN-_R2120445"
"British Indian Ocean Territory","KBR","DG BOSS: Sheet Metal Worker (FN)","Other","Diego Garcia, British Indian Ocean Territory","2026-03-20","https://kbr.wd5.myworkdayjobs.com/KBR_Careers/job/Diego-Garcia-British-Indian-Ocean-Territory/DG-BOSS--Sheet-Metal-Worker--FN-_R2120446"
"British Indian Ocean Territory","KBR","DG BOSS: Marine Inboard Mechanic (FN)","Mechanical & Structural","Diego Garcia, British Indian Ocean Territory","2026-03-20","https://kbr.wd5.myworkdayjobs.com/KBR_Careers/job/Diego-Garcia-British-Indian-Ocean-Territory/DG-BOSS--Marine-Inboard-Mechanic--FN-_R2120444"
"British Indian Ocean Territory","KBR","DG BOSS: LCM Boat Engineer (FN)","Other","Diego Garcia, British Indian Ocean Territory","2026-03-20","https://kbr.wd5.myworkdayjobs.com/KBR_Careers/job/Diego-Garcia-British-Indian-Ocean-Territory/DG-BOSS--LCM-Boat-Engineer--FN-_R2120442"
"British Indian Ocean Territory","KBR","DG BOSS: Hydroblasting Technician (FN)","Operations & Process","Diego Garcia, British Indian Ocean Territory","2026-03-20","https://kbr.wd5.myworkdayjobs.com/KBR_Careers/job/Diego-Garcia-British-Indian-Ocean-Territory/DG-BOSS--Hydroblasting-Technician--FN-_R2120441"
"Saudi Arabia","KBR","PSAB ESS: Utilities AMP Manager (Secret Clearance)","Management & Administration","Saudi Arabia","2026-03-20","https://kbr.wd5.myworkdayjobs.com/KBR_Careers/job/Al-Kharj-Saudi-Arabia/PSAB-ESS--Utilities-AMP-Manager--Secret-Clearance-_R2118475"
"USA","KBR","Database Developer","IT & Digital","Warner Robins, Georgia","2026-03-19","https://kbr.wd5.myworkdayjobs.com/KBR_Careers/job/Warner-Robins-Georgia/Database-Developer_R2120604"
"USA","KBR","Information Systems Security Officer","Other","Point Mugu, California","2026-03-19","https://kbr.wd5.myworkdayjobs.com/KBR_Careers/job/Point-Mugu-California/Information-Systems-Security-Officer_R2120399"
"USA","KBR","Director, Business Development","Commercial & Business","USA","2026-03-19","https://kbr.wd5.myworkdayjobs.com/KBR_Careers/job/Colorado-Springs-Colorado/Director--Business-Development_R2116325"
"USA","KBR","Cyber Security Engineer","IT & Digital","El Segundo, California","2026-03-19","https://kbr.wd5.myworkdayjobs.com/KBR_Careers/job/El-Segundo-California/Cyber-Security-Engineer_R2120354"
"USA","KBR","RF Engineer","Other","Colorado Springs, Colorado","2026-03-19","https://kbr.wd5.myworkdayjobs.com/KBR_Careers/job/Colorado-Springs-Colorado/RF-Engineer_R2120577-1"
"Iraq","KBR","MISS: Operations Manager (Contingency Hire)","Management & Administration","Iraq","2026-03-19","https://kbr.wd5.myworkdayjobs.com/KBR_Careers/job/Baghdad-Baghdd-Iraq/MISS--Operations-Manager--Contingency-Hire-_R2118688"
"USA","KBR","RF Engineer","Other","Columbia, Maryland","2026-03-19","https://kbr.wd5.myworkdayjobs.com/KBR_Careers/job/Columbia-Maryland/RF-Engineer_R2118863"
"USA","KBR","Senior Accountant","Finance & Accounting","USA","2026-03-19","https://kbr.wd5.myworkdayjobs.com/KBR_Careers/job/Houston-Texas/Senior-Accountant_R2120243"
"USA","KBR","Test Track Vehicle Operator","Operations & Process","China Lake, California","2026-03-19","https://kbr.wd5.myworkdayjobs.com/KBR_Careers/job/China-Lake-California/Test-Track-Vehicle-Operator_R2120600"
"USA","KBR","Deputy Program Manager/Technical Capability Lead","Management & Administration","Colorado Springs, Colorado","2026-03-19","https://kbr.wd5.myworkdayjobs.com/KBR_Careers/job/Colorado-Springs-Colorado/Deputy-Program-Manager-Capability-Project-Lead_R2120513"
"USA","KBR","Lidar Intern","Internship & Graduate","Sioux Falls, South Dakota","2026-03-19","https://kbr.wd5.myworkdayjobs.com/KBR_Careers/job/Sioux-Falls-South-Dakota/Lidar-Intern_R2120605"
"USA","KBR","Senior Systems Engineer, Mission Analysis","Management & Administration","Alexandria, Virginia","2026-03-19","https://kbr.wd5.myworkdayjobs.com/KBR_Careers/job/Alexandria-Virginia/Mission-Engineering-Study-Lead_R2119866-1"
"USA","KBR","Senior Systems Engineer, Mission Analysis.","Management & Administration","Alexandria, Virginia","2026-03-19","https://kbr.wd5.myworkdayjobs.com/KBR_Careers/job/Alexandria-Virginia/Mission-Engineering-Study-Lead_R2119844"
"United Kingdom","KBR","Risk Manager","HSE & Environment","United Kingdom","2026-03-19","https://kbr.wd5.myworkdayjobs.com/KBR_Careers/job/Glasgow/Risk-Manager_R2116451"
"Turkey","KBR","UABOS Turkey: IT Manager","Management & Administration","Turkey","2026-03-19","https://kbr.wd5.myworkdayjobs.com/KBR_Careers/job/Incirlik-Air-Base-Adana-Turkey/UABOS-Turkey--IT-Manager_R2120616"
"India","KBR","Technical Advisor - Process","Other","Bangalore, Karnataka, India","2026-03-19","https://kbr.wd5.myworkdayjobs.com/KBR_Careers/job/Bangalore-Karnataka-India/Technical-Advisor---Process_R2120323"
"India","KBR","Prinicipal Technical Professional Process","Other","Bangalore, Karnataka, India","2026-03-19","https://kbr.wd5.myworkdayjobs.com/KBR_Careers/job/Bangalore-Karnataka-India/Prinicipal-Technical-Professional-Process_R2120322"
"Australia","KBR","Senior Transport Engineer","Management & Administration","Australia","2026-03-19","https://kbr.wd5.myworkdayjobs.com/KBR_Careers/job/Brisbane-Queensland-Australia/Senior-Transport-Engineer_R2120610"
"United Arab Emirates","KBR","Senior Engineer, Operations Readiness and Assurance - Process","Management & Administration","Abu Dhabi, United Arab Emirates","2026-03-19","https://kbr.wd5.myworkdayjobs.com/KBR_Careers/job/Abu-Dhabi-United-Arab-Emirates/Senior-Engineer--Operations-Readiness-and-Assurance---Process_R2120537"
"Iraq","KBR","ESP Data Scientist","IT & Digital","Basra, Al Başrah, Iraq","2026-03-19","https://kbr.wd5.myworkdayjobs.com/KBR_Careers/job/Basra-Al-Barah-Iraq/ESP-Data-Scientist_R2117466"
"British Indian Ocean Territory","KBR","DG BOSS: Assistant POL Superintendent (FN)","Management & Administration","Diego Garcia, British Indian Ocean Territory","2026-03-19","https://kbr.wd5.myworkdayjobs.com/KBR_Careers/job/Diego-Garcia-British-Indian-Ocean-Territory/DG-BOSS--Assistant-POL-Superintendent--FN-_R2119824"
"Australia","KBR","Lead Acoustics Engineer","Management & Administration","Sydney, New South Wales, Australia","2026-03-19","https://kbr.wd5.myworkdayjobs.com/KBR_Careers/job/Sydney-New-South-Wales-Australia/Lead-Acoustics-Engineer_R2120608"
"Japan","KBR","AFCAP V Japan BOS: SCS Maintenance/HVAC Technician","Operations & Process","Japan","2026-03-19","https://kbr.wd5.myworkdayjobs.com/KBR_Careers/job/Tsugaru-Aomori-Japan/AFCAP-V-Japan-BOS--SCS-Maintenance-HVAC-Technician_R2120352"
"USA","KBR","Control Systems Engineer","Electrical & Instrumentation","Newark, Delaware","2026-03-18","https://kbr.wd5.myworkdayjobs.com/KBR_Careers/job/Newark-Delaware/Control-Systems-Engineer_R2120601"
"USA","KBR","Protected SATCOM SME","Other","Colorado Springs, Colorado","2026-03-18","https://kbr.wd5.myworkdayjobs.com/KBR_Careers/job/Colorado-Springs-Colorado/Protected-SATCOM-SME_R2120596"
"USA","KBR","Sr. Metrology Technician","Operations & Process","Phoenix, Arizona","2026-03-18","https://kbr.wd5.myworkdayjobs.com/KBR_Careers/job/Phoenix-Arizona/Sr-Metrology-Technician_R2120592"
"USA","KBR","Senior Mechanical Engineer - Chemicals and Biofuels","Mechanical & Structural","Newark, Delaware","2026-03-18","https://kbr.wd5.myworkdayjobs.com/KBR_Careers/job/Newark-Delaware/Senior-Mechanical-Engineer---Chemicals-and-Biofuels_R2120593-1"
"USA","KBR","Sr. Principal Operations Research Analyst","Management & Administration","Reston, Virgina","2026-03-18","https://kbr.wd5.myworkdayjobs.com/KBR_Careers/job/Reston-Virgina/Sr-Principal-Operations-Research-Analyst_R2120551"
"USA","KBR","Senior Cybersecurity & Network Systems Engineer","IT & Digital","Orlando, Florida","2026-03-18","https://kbr.wd5.myworkdayjobs.com/KBR_Careers/job/Orlando-Florida/Senior-Cybersecurity---Network-Systems-Engineer_R2120177"
"USA","KBR","Data Scientist","IT & Digital","Chantilly, Virginia","2026-03-18","https://kbr.wd5.myworkdayjobs.com/KBR_Careers/job/Chantilly-Virginia/Data-Scientist_R2120580"
"USA","KBR","Senior Test and Evaluation Engineer","Management & Administration","Colorado Springs, Colorado","2026-03-18","https://kbr.wd5.myworkdayjobs.com/KBR_Careers/job/Colorado-Springs-Colorado/Senior-Test-and-Evaluation-Engineer_R2120582"
"USA","KBR","National Security Solutions (NSS) Internship - Accelerated Electronic Warfare Modeling & Simulation (NVIDIA/GPU)","Internship & Graduate","Huntsville, Alabama","2026-03-18","https://kbr.wd5.myworkdayjobs.com/KBR_Careers/job/Huntsville-Alabama/National-Security-Solutions--NSS--Internship---Accelerated-Electronic-Warfare-Modeling---Simulation--NVIDIA-GPU-_R2120565"
"USA","KBR","National Security Solutions (NSS) Internship - Electronic Warfare Knowledge Graph & AI Analytics","IT & Digital","Huntsville, Alabama","2026-03-18","https://kbr.wd5.myworkdayjobs.com/KBR_Careers/job/Huntsville-Alabama/National-Security-Solutions--NSS--Internship---Electronic-Warfare-Knowledge-Graph---AI-Analytics_R2120571"
"USA","KBR","National Security Solutions (NSS) Internship - Cognitive Electronic Warfare (EW) Simulation & AI","Internship & Graduate","Huntsville, Alabama","2026-03-18","https://kbr.wd5.myworkdayjobs.com/KBR_Careers/job/Huntsville-Alabama/National-Security-Solutions--NSS--Internship---Cognitive-Electronic-Warfare--EW--Simulation---AI_R2120563"
"United Kingdom","KBR","Project Admin Support","Other","Cumbria, United Kingdom","2026-03-18","https://kbr.wd5.myworkdayjobs.com/KBR_Careers/job/Cumbria/Project-Admin-Support_R2119760-1"
"USA","KBR","APS-3: GCSS-Army Technical Instructor/Course Developer","IT & Digital","USA","2026-03-18","https://kbr.wd5.myworkdayjobs.com/KBR_Careers/job/Charleston-South-Carolina/APS-3--GCSS-Army-Technical-Instructor-Course-Developer_R2119774"
"USA","KBR","Controller","Electrical & Instrumentation","USA","2026-03-18","https://kbr.wd5.myworkdayjobs.com/KBR_Careers/job/Houston-Texas/Sr-Manager--Accounting_R2120508-1"
"USA","KBR","Journeyman Systems Engineer","Other","USA","2026-03-18","https://kbr.wd5.myworkdayjobs.com/KBR_Careers/job/El-Segundo-California/Journeyman-Systems-Engineer_R2111975"
"USA","KBR","Senior Model Based Systems Engineer","Management & Administration","USA","2026-03-18","https://kbr.wd5.myworkdayjobs.com/KBR_Careers/job/El-Segundo-California/Senior-Model-Based-Systems-Engineer_R2111977"
"USA","KBR","Senior Model Based Systems Engineer","Management & Administration","El Segundo, California","2026-03-18","https://kbr.wd5.myworkdayjobs.com/KBR_Careers/job/El-Segundo-California/Senior-Model-Based-Systems-Engineer_R2117985"
"USA","KBR","Program Manager","Management & Administration","Wright Patterson AFB, Ohio","2026-03-18","https://kbr.wd5.myworkdayjobs.com/KBR_Careers/job/Wright-Patterson-AFB-Ohio/Program-Manager_R2120552"
"Djibouti","KBR","DJBOSS: Manager, Wastewater","Management & Administration","Djibouti, Djibouti","2026-03-18","https://kbr.wd5.myworkdayjobs.com/KBR_Careers/job/Djibouti-Djibouti/DJBOSS--Manager--Wastewater_R2120494"
"Australia","KBR","Lead Acoustics Engineer","Management & Administration","Melbourne, Victoria, Australia","2026-03-18","https://kbr.wd5.myworkdayjobs.com/KBR_Careers/job/Melbourne-Victoria-Australia/Lead-Acoustics-Engineer_R2120520"
"Saudi Arabia","KBR","Constructability Manager","Management & Administration","Corniche, Al Khobar, Eastern Region, Saudi Arabia","2026-03-18","https://kbr.wd5.myworkdayjobs.com/KBR_Careers/job/Corniche-Al-Khobar-Eastern-Region-Saudi-Arabia/Constructability-Manager_R2120533"
"Saudi Arabia","KBR","Sr. Specialist, Scheduling/Planning","Other","Corniche, Al Khobar, Eastern Region, Saudi Arabia","2026-03-18","https://kbr.wd5.myworkdayjobs.com/KBR_Careers/job/Corniche-Al-Khobar-Eastern-Region-Saudi-Arabia/Sr-Specialist--Scheduling-Planning_R2120532-1"
"Saudi Arabia","KBR","Lead Communications Engineer","Management & Administration","Corniche, Al Khobar, Eastern Region, Saudi Arabia","2026-03-18","https://kbr.wd5.myworkdayjobs.com/KBR_Careers/job/Corniche-Al-Khobar-Eastern-Region-Saudi-Arabia/Lead-Communications-Engineer_R2120531"
"Australia","KBR","Level 3 - Technical Service Engineer","Other","Canberra, Australian Capital Territory, Australia","2026-03-18","https://kbr.wd5.myworkdayjobs.com/KBR_Careers/job/Canberra-Australian-Capital-Territory-Australia/Level-3---Technical-Service-Engineer_R2119325"
"Saudi Arabia","KBR","Flagman","Other","Jubail, Saudi Arabia","2026-03-18","https://kbr.wd5.myworkdayjobs.com/KBR_Careers/job/Jubail-Saudi-Arabia/Flagman_R2120504"
"USA","KBR","MCPP Philippines: Engineering Quality Control Inspector","HSE & Environment","USA","2026-03-18","https://kbr.wd5.myworkdayjobs.com/KBR_Careers/job/Jacksonville-Florida/MCPP-Philippines--Engineering-Quality-Control-Inspector_R2120358-1"
"Australia","KBR","Principal Engineer – Mission Integration","Management & Administration","Australia","2026-03-18","https://kbr.wd5.myworkdayjobs.com/KBR_Careers/job/Adelaide-South-Australia-Australia/Principal-Engineer---Mission-Integration_R2117651"
"USA","KBR","Human Systems Integration Specialist","Other","Aberdeen Proving Ground, Maryland","2026-03-17","https://kbr.wd5.myworkdayjobs.com/KBR_Careers/job/Aberdeen-Proving-Ground-Maryland/Human-Systems-Integration-Specialist_R2120403"
"USA","KBR","Configuration Management Specialist","Other","El Segundo, California","2026-03-17","https://kbr.wd5.myworkdayjobs.com/KBR_Careers/job/El-Segundo-California/Configuration-Management-Specialist_R2120383"
"USA","KBR","Capture Manager","Management & Administration","Chantilly, Virginia","2026-03-17","https://kbr.wd5.myworkdayjobs.com/KBR_Careers/job/Chantilly-Virginia/Capture-Manager_R2116619"
"USA","KBR","Operations Manager (Mental Health)","HSE & Environment","USA","2026-03-17","https://kbr.wd5.myworkdayjobs.com/KBR_Careers/job/Houston-Texas/Operations-Manager--Mental-Health-_R2120372"
"USA","KBR","*SKILLBRIDGE* Mission Strategy & Capture Support Analyst","Commercial & Business","Houston, Texas","2026-03-17","https://kbr.wd5.myworkdayjobs.com/KBR_Careers/job/Houston-Texas/XMLNAME--SKILLBRIDGE--Mission-Strategy---Capture-Support-Analyst_R2120502"
"USA","KBR","Community Engagement Specialist (Central Texas)","Other","Fort Cavazos, Texas","2026-03-17","https://kbr.wd5.myworkdayjobs.com/KBR_Careers/job/Fort-Cavazos-Texas/Community-Engagement-Specialist--Central-Texas-_R2118276"
"USA","KBR","Special Operations Licensed Clinical Social Worker (Southern Pines, NC)","Science & Laboratory","Fort Liberty, North Carolina","2026-03-17","https://kbr.wd5.myworkdayjobs.com/KBR_Careers/job/Fort-Liberty-North-Carolina/Special-Operations-Licensed-Clinical-Social-Worker--Southern-Pines--NC-_R2120499"
"Saudi Arabia","KBR","Helper","Other","Jubail, Saudi Arabia","2026-03-17","https://kbr.wd5.myworkdayjobs.com/KBR_Careers/job/Jubail-Saudi-Arabia/Helper_R2120497"
"USA","KBR","Operations Research Analyst","Other","Hampton, Virginia","2026-03-17","https://kbr.wd5.myworkdayjobs.com/KBR_Careers/job/Hampton-Virginia/Operations-Research-Analyst_R2120350"
"USA","KBR","Procurement Compliance Specialist","Legal & Compliance","Chantilly, Virginia","2026-03-17","https://kbr.wd5.myworkdayjobs.com/KBR_Careers/job/Chantilly-Virginia/Procurement-Compliance-Specialist_R2119993"
"USA","KBR","MCPP - Material Handler","Supply Chain","Jacksonville, Florida","2026-03-17","https://kbr.wd5.myworkdayjobs.com/KBR_Careers/job/Jacksonville-Florida/MCPP---Material-Handler_R2118443-1"
"United Arab Emirates","KBR","Senior Engineer Onshore Construction – Electrical & Instrument (Offshore site 6/3 Rotation - Al Omaira Topside project)","Electrical & Instrumentation","Abu Dhabi, United Arab Emirates","2026-03-17","https://kbr.wd5.myworkdayjobs.com/KBR_Careers/job/Abu-Dhabi-United-Arab-Emirates/Senior-Engineer-Onshore-Construction---Electrical---Instrument--Offshore-site-6-3-Rotation---Al-Omaira-Topside-project-_R2118823"
"United Arab Emirates","KBR","Specialist Construction Engineer – Civil – Offshore Topside Project","Mechanical & Structural","Abu Dhabi, United Arab Emirates","2026-03-17","https://kbr.wd5.myworkdayjobs.com/KBR_Careers/job/Abu-Dhabi-United-Arab-Emirates/Specialist-Construction-Engineer---Civil---Offshore-Topside-Project_R2120479"
"United Arab Emirates","KBR","Senior Construction Engineer – Civil – Offshore Topside Project","Mechanical & Structural","Abu Dhabi, United Arab Emirates","2026-03-17","https://kbr.wd5.myworkdayjobs.com/KBR_Careers/job/Abu-Dhabi-United-Arab-Emirates/Senior-Construction-Engineer---Civil---Offshore-Topside-Project_R2120478"
"Australia","KBR","Principal Structural Engineer (Bridges)","Mechanical & Structural","Melbourne, Victoria, Australia","2026-03-17","https://kbr.wd5.myworkdayjobs.com/KBR_Careers/job/Melbourne-Victoria-Australia/Principal-Structural-Engineer--Bridges-_R2120443"
"Saudi Arabia","KBR","Health, Safety & Environmental (HSE) Specialist","HSE & Environment","Corniche, Al Khobar, Eastern Region, Saudi Arabia","2026-03-17","https://kbr.wd5.myworkdayjobs.com/KBR_Careers/job/Corniche-Al-Khobar-Eastern-Region-Saudi-Arabia/Health--Safety---Environmental--HSE--Specialist_R2120464"
"Saudi Arabia","KBR","Senior Environmental Engineer","HSE & Environment","Corniche, Al Khobar, Eastern Region, Saudi Arabia","2026-03-17","https://kbr.wd5.myworkdayjobs.com/KBR_Careers/job/Corniche-Al-Khobar-Eastern-Region-Saudi-Arabia/Senior-Environmental-Engineer_R2120465"
"Saudi Arabia","KBR","Safety Supervisor","HSE & Environment","Corniche, Al Khobar, Eastern Region, Saudi Arabia","2026-03-17","https://kbr.wd5.myworkdayjobs.com/KBR_Careers/job/Corniche-Al-Khobar-Eastern-Region-Saudi-Arabia/Safety-Supervisor_R2120466"
"Saudi Arabia","KBR","Project Control/Cost Manager","Electrical & Instrumentation","Corniche, Al Khobar, Eastern Region, Saudi Arabia","2026-03-17","https://kbr.wd5.myworkdayjobs.com/KBR_Careers/job/Corniche-Al-Khobar-Eastern-Region-Saudi-Arabia/Project-Control-Cost-Manager_R2120455"
"Australia","KBR","Systems Architect - Digital Engineering","IT & Digital","Australia","2026-03-17","https://kbr.wd5.myworkdayjobs.com/KBR_Careers/job/Brisbane-Queensland-Australia/Systems-Architect---Digital-Engineering_R2110854-1"
"British Indian Ocean Territory","KBR","DG BOSS: ABS Welder (FN)","Other","Diego Garcia, British Indian Ocean Territory","2026-03-17","https://kbr.wd5.myworkdayjobs.com/KBR_Careers/job/Diego-Garcia-British-Indian-Ocean-Territory/DG-BOSS--ABS-Welder--FN-_R2120425"
"Saudi Arabia","KBR","Heavy Truck Driver","Other","Jubail, Saudi Arabia","2026-03-15","https://kbr.wd5.myworkdayjobs.com/KBR_Careers/job/Jubail-Saudi-Arabia/Heavy-Truck-Driver_R2120426"
"USA","KBR","Junior Telescope Operator","Operations & Process","Kihei, Hawaii","2026-03-14","https://kbr.wd5.myworkdayjobs.com/KBR_Careers/job/Kihei-Hawaii/Junior-Telescope-Operator_R2120404"
"USA","KBR","Mid Software Developer","IT & Digital","Colorado Springs, Colorado","2026-03-14","https://kbr.wd5.myworkdayjobs.com/KBR_Careers/job/Colorado-Springs-Colorado/Mid-Software-Developer-Aerospace-Engineer_R2120415"
"USA","KBR","*SkillBridge Only* Metrology Technician","Operations & Process","Phoenix, Arizona","2026-03-14","https://kbr.wd5.myworkdayjobs.com/KBR_Careers/job/Phoenix-Arizona/XMLNAME--SkillBridge-Only--Metrology-Technician_R2120416"
"USA","KBR","Operation Coordinator","Other","Clearwater, Florida","2026-03-14","https://kbr.wd5.myworkdayjobs.com/KBR_Careers/job/Clearwater-Florida/Operation-Coordinator_R2120248"
"USA","KBR","Mission Integration Engineer","Other","Houston, Texas","2026-03-14","https://kbr.wd5.myworkdayjobs.com/KBR_Careers/job/Houston-Texas/Mission-Integration-Engineer_R2120402"
"USA","KBR","Civil Engineer","Mechanical & Structural","Beavercreek, Ohio","2026-03-14","https://kbr.wd5.myworkdayjobs.com/KBR_Careers/job/Beavercreek-Ohio/Construction-Management-Engineer_R2119786"
"South Korea","KBR","APS-4: Heavy Equipment Mechanic II (Contingency)","Mechanical & Structural","Seoul, South Korea","2026-03-14","https://kbr.wd5.myworkdayjobs.com/KBR_Careers/job/Seoul-South-Korea/APS-4--Heavy-Equipment-Mechanic-II--Contingency-_R2120159-1"
"Germany","KBR","Special Operations Performance Dietitian (Baumholder, Germany)","Other","Baumholder, Rhineland-Palatinate, Germany","2026-03-14","https://kbr.wd5.myworkdayjobs.com/KBR_Careers/job/Baumholder-Rhineland-Palatinate-Germany/Special-Operations-Performance-Dietitian--Baumholder--Germany-_R2120405"
"USA","KBR","Principal Tax Specialist","Finance & Accounting","Houston, Texas","2026-03-14","https://kbr.wd5.myworkdayjobs.com/KBR_Careers/job/Houston-Texas/Principal-Tax-Specialist_R2119689"
"USA","KBR","Capture Manager","Management & Administration","USA","2026-03-14","https://kbr.wd5.myworkdayjobs.com/KBR_Careers/job/Fulton-Maryland/Capture-Manager_R2120400"
"United Arab Emirates","KBR","Commissioning Manager – Offshore Topside Project","Operations & Process","Abu Dhabi, United Arab Emirates","2026-03-14","https://kbr.wd5.myworkdayjobs.com/KBR_Careers/job/Abu-Dhabi-United-Arab-Emirates/Commissioning-Manager---Offshore-Topside-Project_R2120397"
"Australia","KBR","Hydraulic Modeller","Other","Adelaide, South Australia, Australia","2026-03-14","https://kbr.wd5.myworkdayjobs.com/KBR_Careers/job/Adelaide-South-Australia-Australia/Hydraulic-Modeller_R2119869"
"USA","KBR","Defense Weapon System Contract Evaluation Technical SME","Supply Chain","Eglin AFB, Florida","2026-03-14","https://kbr.wd5.myworkdayjobs.com/KBR_Careers/job/Eglin-AFB-Florida/Defense-Weapon-System-Contract-Evaluation-Technical-SME_R2120251-1"
"USA","KBR","Senior Defense Proposal Evaluation Lead / Defense Acquisition SME – Advanced Weapons Systems","Management & Administration","Eglin AFB, Florida","2026-03-14","https://kbr.wd5.myworkdayjobs.com/KBR_Careers/job/Eglin-AFB-Florida/Senior-Defense-Proposal-Evaluation-Lead---Defense-Acquisition-SME---Advanced-Weapons-Systems_R2120250"
"British Indian Ocean Territory","KBR","DG BOSS: Custodian (FN)","Other","Diego Garcia, British Indian Ocean Territory","2026-03-14","https://kbr.wd5.myworkdayjobs.com/KBR_Careers/job/Diego-Garcia-British-Indian-Ocean-Territory/DG-BOSS--Custodian--FN-_R2120386"
"British Indian Ocean Territory","KBR","DG BOSS: Custodian (FN)","Other","Diego Garcia, British Indian Ocean Territory","2026-03-14","https://kbr.wd5.myworkdayjobs.com/KBR_Careers/job/Diego-Garcia-British-Indian-Ocean-Territory/DG-BOSS--Custodian--FN-_R2120387"
"British Indian Ocean Territory","KBR","DG BOSS: Truck Driver (FN)","Other","Diego Garcia, British Indian Ocean Territory","2026-03-14","https://kbr.wd5.myworkdayjobs.com/KBR_Careers/job/Diego-Garcia-British-Indian-Ocean-Territory/DG-BOSS--Truck-Driver--FN-_R2120391-1"
"British Indian Ocean Territory","KBR","DG BOSS: Driver/Operator (FN)","Operations & Process","Diego Garcia, British Indian Ocean Territory","2026-03-14","https://kbr.wd5.myworkdayjobs.com/KBR_Careers/job/Diego-Garcia-British-Indian-Ocean-Territory/DG-BOSS--Driver-Operator--FN-_R2120390-1"
"British Indian Ocean Territory","KBR","DG BOSS: Maintenance Mechanic (FN)","Mechanical & Structural","Diego Garcia, British Indian Ocean Territory","2026-03-14","https://kbr.wd5.myworkdayjobs.com/KBR_Careers/job/Diego-Garcia-British-Indian-Ocean-Territory/DG-BOSS--Maintenance-Mechanic--FN-_R2120388-1"
"British Indian Ocean Territory","KBR","DG BOSS: Driver/Operator (FN)","Operations & Process","Diego Garcia, British Indian Ocean Territory","2026-03-14","https://kbr.wd5.myworkdayjobs.com/KBR_Careers/job/Diego-Garcia-British-Indian-Ocean-Territory/DG-BOSS--Driver-Operator--FN-_R2120389-1"
"Spain","KBR","UABOS Spain LN: Food Service Attendant (Temporary)","Other","Seville, Spain","2026-03-14","https://kbr.wd5.myworkdayjobs.com/KBR_Careers/job/Seville-Spain/UABOS-Spain-LN--Food-Service-Attendant--Temporary-_R2120384-1"
"Australia","KBR","Senior Designer (Rail, 3D & BIM)","Management & Administration","Melbourne, Victoria, Australia","2026-03-14","https://kbr.wd5.myworkdayjobs.com/KBR_Careers/job/Melbourne-Victoria-Australia/Senior-Designer--Rail--3D---BIM-_R2120382-1"
"USA","KBR","Director of Projects","Management & Administration","Newark, Delaware","2026-03-13","https://kbr.wd5.myworkdayjobs.com/KBR_Careers/job/Newark-Delaware/Director-of-Projects_R2120341"
"Australia","KBR","Water Treatment Specialist","Other","Alice Springs, Northern Territory, Australia","2026-03-13","https://kbr.wd5.myworkdayjobs.com/KBR_Careers/job/Alice-Springs-Northern-Territory-Australia/Water-Treatment-Specialist_R2100370"
"USA","KBR","Quality Engineer","HSE & Environment","Huntsville, Alabama","2026-03-13","https://kbr.wd5.myworkdayjobs.com/KBR_Careers/job/Huntsville-Alabama/Quality-Engineer_R2120359-1"
"USA","KBR","National Security Solutions (NSS) - Computer Science Intern","Internship & Graduate","Beavercreek Township, Ohio","2026-03-13","https://kbr.wd5.myworkdayjobs.com/KBR_Careers/job/Beavercreek-Township-Ohio/National-Security-Solutions--NSS----Computer-Science-Intern_R2120307"
"USA","KBR","National Security Solutions (NSS) - Model Based Systems Engineering Intern","Internship & Graduate","Beavercreek Township, Ohio","2026-03-13","https://kbr.wd5.myworkdayjobs.com/KBR_Careers/job/Beavercreek-Township-Ohio/National-Security-Solutions--NSS----Model-Based-Systems-Engineering-Intern_R2120304"
"USA","KBR","Sr. Cybersecurity Engineer Security Controls Assessor Representative","Electrical & Instrumentation","Wright Patterson AFB, Ohio","2026-03-13","https://kbr.wd5.myworkdayjobs.com/KBR_Careers/job/Wright-Patterson-AFB-Ohio/Sr-Cybersecurity-Engineer-Security-Controls-Assessor-Representative_R2120346"
"India","KBR","Industrial Manufacturing Engineer","Other","India","2026-03-13","https://kbr.wd5.myworkdayjobs.com/KBR_Careers/job/Chennai-Tamil-Nadu-India/Industrial-Manufacturing-Engineer_R2120343"
"India","KBR","Piping Material Engineer","Mechanical & Structural","India","2026-03-13","https://kbr.wd5.myworkdayjobs.com/KBR_Careers/job/Bangalore-Karnataka-India/Piping-Material-Engineer_R2115792"
"Saudi Arabia","KBR","Project Timekeeper","Other","Jubail, Saudi Arabia","2026-03-13","https://kbr.wd5.myworkdayjobs.com/KBR_Careers/job/Jubail-Saudi-Arabia/Project-Timekeeper_R2120314"
"Saudi Arabia","KBR","HSE Head","HSE & Environment","Jubail, Saudi Arabia","2026-03-13","https://kbr.wd5.myworkdayjobs.com/KBR_Careers/job/Jubail-Saudi-Arabia/HSE-Head_R2120313"
"Saudi Arabia","KBR","Operation Readiness Manager","Management & Administration","Corniche, Al Khobar, Eastern Region, Saudi Arabia","2026-03-13","https://kbr.wd5.myworkdayjobs.com/KBR_Careers/job/Corniche-Al-Khobar-Eastern-Region-Saudi-Arabia/Operation-Readiness-Manager_R2119103-1"
"Indonesia","KBR","Civil Engineer","Mechanical & Structural","Jakarta, Jakarta Raya, Indonesia","2026-03-13","https://kbr.wd5.myworkdayjobs.com/KBR_Careers/job/Jakarta-Jakarta-Raya-Indonesia/Civil-Engineer_R2119460-1"
"Kuwait","KBR","Contracts Technician","Operations & Process","Kuwait City, Kuwait","2026-03-13","https://kbr.wd5.myworkdayjobs.com/KBR_Careers/job/Kuwait-City-Kuwait/Contracts-Technician_R2120143"
"Kuwait","KBR","Lead Contracts Engineer","Supply Chain","Kuwait City, Kuwait","2026-03-13","https://kbr.wd5.myworkdayjobs.com/KBR_Careers/job/Kuwait-City-Kuwait/Lead-Contracts-Engineer_R2120142"
"British Indian Ocean Territory","KBR","DG BOSS: Electrician (FN)","Other","Diego Garcia, British Indian Ocean Territory","2026-03-13","https://kbr.wd5.myworkdayjobs.com/KBR_Careers/job/Diego-Garcia-British-Indian-Ocean-Territory/DG-BOSS--Electrician--FN-_R2120188-1"
"Turkey","KBR","LCV EUCOM Turkey: GS Site Manager","Project Management","Kurecik, Malatya, Turkey","2026-03-12","https://kbr.wd5.myworkdayjobs.com/KBR_Careers/job/Kurecik-Malatya-Turkey/LCV-EUCOM-Turkey--GS-Site-Manager_R2120310"
"USA","KBR","IT Database Administrator","IT & Digital","Chantilly, Virginia","2026-03-12","https://kbr.wd5.myworkdayjobs.com/KBR_Careers/job/Chantilly-Virginia/IT-Database-Administrator_R2120298"
"USA","KBR","Electronics and Voice Engineer (low voltage control systems)","Electrical & Instrumentation","Houston, Texas","2026-03-12","https://kbr.wd5.myworkdayjobs.com/KBR_Careers/job/Houston-Texas/Electronics-and-Voice-Engineer--low-voltage-control-systems-_R2120253"
"USA","KBR","Voice Engineer","Other","Houston, Texas","2026-03-12","https://kbr.wd5.myworkdayjobs.com/KBR_Careers/job/Houston-Texas/Voice-Engineer_R2120256"
"USA","KBR","Project Manager, Engineering","Project Management","Houston, Texas","2026-03-12","https://kbr.wd5.myworkdayjobs.com/KBR_Careers/job/Houston-Texas/Project-Manager--Engineering_R2117132"
"USA","KBR","Test Engineer","Other","Colorado Springs, Colorado","2026-03-12","https://kbr.wd5.myworkdayjobs.com/KBR_Careers/job/Colorado-Springs-Colorado/Test-Engineer_R2120312"
"Singapore","KBR","Principal Consultant, Advisory & Consulting (CCS/CCUS)","Management & Administration","Singapore, Singapore","2026-03-13","https://kbr.wd5.myworkdayjobs.com/KBR_Careers/job/Singapore-Singapore/Principal-Consultant--Advisory---Consulting--CCS-CCUS-_R2120280"
"USA","KBR","Senior Systems Engineer","Management & Administration","Huntsville, Alabama","2026-03-12","https://kbr.wd5.myworkdayjobs.com/KBR_Careers/job/Huntsville-Alabama/Senior-Systems-Engineer_R2120242"
"USA","KBR","Metrology Technician","Operations & Process","Phoenix, Arizona","2026-03-12","https://kbr.wd5.myworkdayjobs.com/KBR_Careers/job/Phoenix-Arizona/Metrology-Technician_R2120308"
"USA","KBR","MCPP - Production Planning Analyst","Operations & Process","USA","2026-03-12","https://kbr.wd5.myworkdayjobs.com/KBR_Careers/job/Jacksonville-Florida/MCPP---Production-Planning-Analyst_R2120297"
"British Indian Ocean Territory","KBR","Diego Garcia:  Firefighter-Driver/Operator","Operations & Process","Diego Garcia, British Indian Ocean Territory","2026-03-12","https://kbr.wd5.myworkdayjobs.com/KBR_Careers/job/Diego-Garcia-British-Indian-Ocean-Territory/Diego-Garcia---Firefighter-Driver-Operator_R2120306"
"Angola","KBR","Schedule Planner (EXPAT)","Project Management","Luanda, Luanda, Angola","2026-03-12","https://kbr.wd5.myworkdayjobs.com/KBR_Careers/job/Luanda-Luanda-Angola/Schedule-Planner--EXPAT-_R2117513"
"USA","KBR","Pressure Systems and Electronics Specialist (Supporting NASA at Johnson Space Center)","Other","Houston, Texas","2026-03-12","https://kbr.wd5.myworkdayjobs.com/KBR_Careers/job/Houston-Texas/Pressure-Systems-and-Electronics-Specialist--Supporting-NASA-at-Johnson-Space-Center-_R2120259-1"
"USA","KBR","Special Operations Clinical Psychologist (10SFG, Fort Carson, CO)","Science & Laboratory","Fort Carson, Colorado","2026-03-12","https://kbr.wd5.myworkdayjobs.com/KBR_Careers/job/Fort-Carson-Colorado/Special-Operations-Clinical-Psychologist--10SFG--Fort-Carson--CO-_R2118112"
"USA","KBR","Program Manager","Management & Administration","Dayton, Ohio","2026-03-12","https://kbr.wd5.myworkdayjobs.com/KBR_Careers/job/Dayton-Ohio/Program-Manager_R2120227-1"
"Angola","KBR","Quantity Surveyor","Project Management","Luanda, Luanda, Angola","2026-03-12","https://kbr.wd5.myworkdayjobs.com/KBR_Careers/job/Luanda-Luanda-Angola/Quantity-Surveyor_R2117296"
"United Kingdom","KBR","Building Services Mechanical Engineer","Mechanical & Structural","United Kingdom","2026-03-12","https://kbr.wd5.myworkdayjobs.com/KBR_Careers/job/Glasgow/Building-Services-Mechanical-Engineer_R2119249-1"
"United Kingdom","KBR","Mechanical-Structural Engineer","Mechanical & Structural","United Kingdom","2026-03-12","https://kbr.wd5.myworkdayjobs.com/KBR_Careers/job/Glasgow/Mechanical-Structural-Engineer_R2119248"
"USA","KBR","Senior Information Systems Security Officer (ISSO)","Management & Administration","Warner Robins, Georgia","2026-03-12","https://kbr.wd5.myworkdayjobs.com/KBR_Careers/job/Warner-Robins-Georgia/Senior-Information-Systems-Security-Officer--ISSO-_R2120233"
"British Indian Ocean Territory","KBR","DG BOSS: Superintendent, Sr. Production (FN)","Operations & Process","Diego Garcia, British Indian Ocean Territory","2026-03-12","https://kbr.wd5.myworkdayjobs.com/KBR_Careers/job/Diego-Garcia-British-Indian-Ocean-Territory/DG-BOSS--Superintendent--Sr-Production--FN-_R2120186"
"Australia","KBR","Industry Lead – Buildings","Management & Administration","Perth, Western Australia, Australia","2026-03-12","https://kbr.wd5.myworkdayjobs.com/KBR_Careers/job/Perth-Western-Australia-Australia/Industry-Lead---Buildings_R2118549"
"Australia","KBR","Industry Lead – Buildings","Management & Administration","Adelaide, South Australia, Australia","2026-03-12","https://kbr.wd5.myworkdayjobs.com/KBR_Careers/job/Adelaide-South-Australia-Australia/Industry-Lead---Buildings_R2118545"
"Australia","KBR","Principal Primary Engineer","Management & Administration","Melbourne, Victoria, Australia","2026-03-12","https://kbr.wd5.myworkdayjobs.com/KBR_Careers/job/Melbourne-Victoria-Australia/Principal-Primary-Engineer_R2120270"
"Australia","KBR","Lead Secondary & Protection Design Engineer","Management & Administration","Australia","2026-03-12","https://kbr.wd5.myworkdayjobs.com/KBR_Careers/job/Melbourne-Victoria-Australia/Lead-Secondary---Protection-Design-Engineer_R2120267"
"Australia","KBR","Lead Earthing & Bonding Engineer","Management & Administration","Melbourne, Victoria, Australia","2026-03-12","https://kbr.wd5.myworkdayjobs.com/KBR_Careers/job/Melbourne-Victoria-Australia/Lead-Earthing---Bonding-Engineer_R2120269"
"Singapore","KBR","Senior HVAC Engineer","Mechanical & Structural","Singapore, Singapore","2026-03-12","https://kbr.wd5.myworkdayjobs.com/KBR_Careers/job/Singapore-Singapore/Senior-HVAC-Engineer_R2119944"
"Singapore","KBR","Lead HVAC Engineer","Mechanical & Structural","Singapore, Singapore","2026-03-12","https://kbr.wd5.myworkdayjobs.com/KBR_Careers/job/Singapore-Singapore/Lead-HVAC-Engineer_R2119943"
"Singapore","KBR","Principal Mechanical Engineer - Rotating","Mechanical & Structural","Singapore, Singapore","2026-03-12","https://kbr.wd5.myworkdayjobs.com/KBR_Careers/job/Singapore-Singapore/Principal-Mechanical-Engineer---Rotating_R2119946"
"Singapore","KBR","Lead Mechanical Engineer - Rotating","Mechanical & Structural","Singapore, Singapore","2026-03-12","https://kbr.wd5.myworkdayjobs.com/KBR_Careers/job/Singapore-Singapore/Lead-Mechanical-Engineer---Rotating_R2119947"
"USA","KBR","Operations Analyst","Other","Beavercreek Township, Ohio","2026-03-11","https://kbr.wd5.myworkdayjobs.com/KBR_Careers/job/Beavercreek-Township-Ohio/Operations-Analyst_R2120266"
"USA","KBR","Program Manager - Program Integration","Management & Administration","Beavercreek Township, Ohio","2026-03-11","https://kbr.wd5.myworkdayjobs.com/KBR_Careers/job/Beavercreek-Township-Ohio/Program-Manager---Program-Integration_R2120264"
"USA","KBR","Budget Analyst CCaRs","Finance & Accounting","USA","2026-03-11","https://kbr.wd5.myworkdayjobs.com/KBR_Careers/job/Beavercreek-Township-Ohio/Budget-Analyst-CCaRs_R2120263-1"
"USA","KBR","Test Manager","Management & Administration","Beavercreek Township, Ohio","2026-03-11","https://kbr.wd5.myworkdayjobs.com/KBR_Careers/job/Beavercreek-Township-Ohio/Test-Manager_R2120265"
"USA","KBR","Acquisition Logistician – Depot (Sustainment)/ Equipment Specialist","Mechanical & Structural","Tinker AFB, Oklahoma","2026-03-11","https://kbr.wd5.myworkdayjobs.com/KBR_Careers/job/Tinker-AFB-Oklahoma/Acquisition-Logistician---Depot--Sustainment---Equipment-Specialist_R2120247"
"USA","KBR","Sr Proposal Manager","Management & Administration","Remote - U.S.","2026-03-11","https://kbr.wd5.myworkdayjobs.com/KBR_Careers/job/Remote---US/Sr-Proposal-Manager_R2120062"
"USA","KBR","Senior Power Systems Engineer - Power Sector Consulting","Management & Administration","Houston, Texas","2026-03-11","https://kbr.wd5.myworkdayjobs.com/KBR_Careers/job/Houston-Texas/Senior-Power-Systems-Engineer---Power-Sector-Consulting_R2109426"
"USA","KBR","Special Operations Performance Dietitian JFKSWCS Ft. Bragg, NC","Other","Fort Liberty, North Carolina","2026-03-11","https://kbr.wd5.myworkdayjobs.com/KBR_Careers/job/Fort-Liberty-North-Carolina/Special-Operations-Performance-Dietitian-JFKSWCS-Ft-Bragg--NC_R2120241"
"USA","KBR","Operations Specialist","Other","Phoenix, Arizona","2026-03-11","https://kbr.wd5.myworkdayjobs.com/KBR_Careers/job/Phoenix-Arizona/Operations-Specialist_R2120215"
"Saudi Arabia","KBR","Planning and Scheduling Head","Management & Administration","Jubail, Saudi Arabia","2026-03-11","https://kbr.wd5.myworkdayjobs.com/KBR_Careers/job/Jubail-Saudi-Arabia/Planning-and-Scheduling-Head_R2120232-1"
"Australia","KBR","Sr. RF Specialist","Other","Alice Springs, Northern Territory, Australia","2026-03-11","https://kbr.wd5.myworkdayjobs.com/KBR_Careers/job/Alice-Springs-Northern-Territory-Australia/Sr-RF-Specialist_R2120228"
"USA","KBR","Network Analyst","IT & Digital","Chantilly, Virginia","2026-03-11","https://kbr.wd5.myworkdayjobs.com/KBR_Careers/job/Chantilly-Virginia/Network-Analyst_R2120210"
"Singapore","KBR","Senior Principal Mechanical Engineer - Rotating Equipment and Machinery Packages","Mechanical & Structural","Singapore, Singapore","2026-03-12","https://kbr.wd5.myworkdayjobs.com/KBR_Careers/job/Singapore-Singapore/Senior-Principal-Mechanical-Engineer---Rotating-Equipment-and-Machinery-Packages_R2119949"
"Singapore","KBR","Senior Principal Mechanical Engineer - Static Equipment Engineer and Packages","Mechanical & Structural","Singapore, Singapore","2026-03-12","https://kbr.wd5.myworkdayjobs.com/KBR_Careers/job/Singapore-Singapore/Senior-Principal-Mechanical-Engineer---Static-Equipment-Engineer-and-Packages_R2119950"
"Australia","KBR","RF Analyst and Operator","Operations & Process","Alice Springs, Northern Territory, Australia","2026-03-11","https://kbr.wd5.myworkdayjobs.com/KBR_Careers/job/Alice-Springs-Northern-Territory-Australia/RF-Analyst-and-Operator_R2120221-1"
"Australia","KBR","Jr RF Specialist","Other","Alice Springs, Northern Territory, Australia","2026-03-11","https://kbr.wd5.myworkdayjobs.com/KBR_Careers/job/Alice-Springs-Northern-Territory-Australia/Jr-RF-Specialist_R2120220"
"Australia","KBR","RF Specialist","Other","Alice Springs, Northern Territory, Australia","2026-03-11","https://kbr.wd5.myworkdayjobs.com/KBR_Careers/job/Alice-Springs-Northern-Territory-Australia/RF-Specialist_R2120219-1"
"United Kingdom","KBR","NEC Technical Author","Other","United Kingdom","2026-03-11","https://kbr.wd5.myworkdayjobs.com/KBR_Careers/job/Glasgow/NEC4-Contract-Scope-Author_R2117477-2"
"USA","KBR","Senior IAMD Analyst","Management & Administration","Arlington, Virginia","2026-03-11","https://kbr.wd5.myworkdayjobs.com/KBR_Careers/job/Arlington-Virginia/Senior-IAMD-Analyst_R2120178"
"USA","KBR","Structural Engineer Lead","Mechanical & Structural","USA","2026-03-11","https://kbr.wd5.myworkdayjobs.com/KBR_Careers/job/Newark-Delaware/Technical-Professional---Structural_R2116745-1"
"USA","KBR","National Security Solutions (NSS) Thin Film Growth Internship","Internship & Graduate","Beavercreek Township, Ohio","2026-03-11","https://kbr.wd5.myworkdayjobs.com/KBR_Careers/job/Beavercreek-Township-Ohio/National-Security-Solutions--NSS--Thin-Film-Growth-Internship_R2120214"
"USA","KBR","Principal Technician, Metrology","Operations & Process","Phoenix, Arizona","2026-03-11","https://kbr.wd5.myworkdayjobs.com/KBR_Careers/job/Phoenix-Arizona/Principe-Technician--Metrology_R2119620"
"Turkey","KBR","UABOS Turkey: Firefighter/Driver (Contingency)","Other","Turkey","2026-03-11","https://kbr.wd5.myworkdayjobs.com/KBR_Careers/job/Incirlik-Air-Base-Adana-Turkey/UABOS-Turkey--Firefighter-Driver--Contingency-_R2120205"
"India","KBR","Sr Principal Designer - Instrumentation","Electrical & Instrumentation","Chennai, Tamil Nadu, India","2026-03-11","https://kbr.wd5.myworkdayjobs.com/KBR_Careers/job/Chennai-Tamil-Nadu-India/Sr-Principal-Designer---Instrumentation_R2120191"
"Saudi Arabia","KBR","Workshop Superintendent (Refinery Site)","Management & Administration","Al-Jubail, Saudi Arabia","2026-03-11","https://kbr.wd5.myworkdayjobs.com/KBR_Careers/job/Al-Jubail-Saudi-Arabia/Workshop-Superintendent--Refinery-Site-_R2120197-1"
"India","KBR","Principal Technical Professional - Instrumentation/Controls","Electrical & Instrumentation","Bangalore, Karnataka, India","2026-03-11","https://kbr.wd5.myworkdayjobs.com/KBR_Careers/job/Bangalore-Karnataka-India/Principal-Technical-Professional---Instrumentation-Controls_R2112038"
"British Indian Ocean Territory","KBR","DG BOSS: Locksmith","Other","Diego Garcia, British Indian Ocean Territory","2026-03-11","https://kbr.wd5.myworkdayjobs.com/KBR_Careers/job/Diego-Garcia-British-Indian-Ocean-Territory/DG-BOSS--Locksmith_R2120094"
"Australia","KBR","Senior Project Manager","Project Management","Australia","2026-03-11","https://kbr.wd5.myworkdayjobs.com/KBR_Careers/job/Sydney-New-South-Wales-Australia/Senior-Project-Manager_R2115107"
"USA","KBR","Associate Tool & Gage Technician","Operations & Process","Phoenix, Arizona","2026-03-10","https://kbr.wd5.myworkdayjobs.com/KBR_Careers/job/Phoenix-Arizona/Associate-Tool---Gage-Technician_R2120175"
"USA","KBR","Principal Technical Professional - Field Engineering","Management & Administration","Huntsville, Alabama","2026-03-10","https://kbr.wd5.myworkdayjobs.com/KBR_Careers/job/Huntsville-Alabama/Principal-Technical-Professional---Field-Engineering_R2120053"
"USA","KBR","Junior Software Engineer","IT & Digital","Huntsville, Alabama","2026-03-10","https://kbr.wd5.myworkdayjobs.com/KBR_Careers/job/Huntsville-Alabama/Junior-Software-Engineer_R2119852"
"USA","KBR","Information Systems Security Officer (ISSO)","Other","Beavercreek, Ohio","2026-03-10","https://kbr.wd5.myworkdayjobs.com/KBR_Careers/job/Beavercreek-Ohio/Information-Systems-Security-Officer--ISSO-_R2117984"
"USA","KBR","Weapons System Analyst","Other","Huntsville, Alabama","2026-03-10","https://kbr.wd5.myworkdayjobs.com/KBR_Careers/job/Huntsville-Alabama/Weapons-System-Analyst_R2120164"
"USA","KBR","Technical Advisor - Industrial Manufacturing Engineer, Metals and Magnets","Other","Newark, Delaware","2026-03-10","https://kbr.wd5.myworkdayjobs.com/KBR_Careers/job/Newark-Delaware/Technical-Advisor---Industrial-Manufacturing-Engineer--Metals-and-Magnets_R2120168"
"USA","KBR","Special Operations Psychological/Mental Health Technician (27 SOW/Cannon AFB, NM)","HSE & Environment","Clovis, New Mexico","2026-03-10","https://kbr.wd5.myworkdayjobs.com/KBR_Careers/job/Clovis-New-Mexico/Special-Operations-Psychological-Mental-Health-Technician--27-SOW-Cannon-AFB--NM-_R2117971"
"USA","KBR","Senior Proposal Specialist","Management & Administration","Chantilly, Virginia","2026-03-10","https://kbr.wd5.myworkdayjobs.com/KBR_Careers/job/Chantilly-Virginia/Senior-Proposal-Specialist_R2116854"
"USA","KBR","Technical Intelligence Analyst (Senior)","Management & Administration","Reston, Virgina","2026-03-10","https://kbr.wd5.myworkdayjobs.com/KBR_Careers/job/Reston-Virgina/Technical-Intelligence-Subject-Matter-Expert---Modeling---Simulation_R2118178"
"India","KBR","Senior Onshore Designer - Civil","Mechanical & Structural","Chennai, Tamil Nadu, India","2026-03-10","https://kbr.wd5.myworkdayjobs.com/KBR_Careers/job/Chennai-Tamil-Nadu-India/Senior-Onshore-Designer---Civil_R2120147"
"USA","KBR","Systems Integrator","Other","Chantilly, Virginia","2026-03-10","https://kbr.wd5.myworkdayjobs.com/KBR_Careers/job/Chantilly-Virginia/Systems-Integrator_R2119581"
"Kuwait","KBR","Lead Construction Engineer - Piping","Mechanical & Structural","Kuwait City, Kuwait","2026-03-10","https://kbr.wd5.myworkdayjobs.com/KBR_Careers/job/Kuwait-City-Kuwait/Lead-Construction-Engineer---Piping_R2110945-1"
"Kuwait","KBR","Lead Construction Engineer - Mechanical","Mechanical & Structural","Kuwait City, Kuwait","2026-03-10","https://kbr.wd5.myworkdayjobs.com/KBR_Careers/job/Kuwait-City-Kuwait/Lead-Construction-Engineer---Mechanical_R2110943"
"India","KBR","Principal Technical Professional - Instrumentation","Electrical & Instrumentation","Chennai, Tamil Nadu, India","2026-03-10","https://kbr.wd5.myworkdayjobs.com/KBR_Careers/job/Chennai-Tamil-Nadu-India/Principal-Technical-Professional---Instrumentation_R2120138"
"United Kingdom","KBR","Quantity Surveying Opportunities","Other","United Kingdom","2026-03-10","https://kbr.wd5.myworkdayjobs.com/KBR_Careers/job/Cumbria/Quantity-Surveying-Opportunities_R2118193"
"Singapore","KBR","Principal Architectural Designer","Management & Administration","Singapore, Singapore","2026-03-10","https://kbr.wd5.myworkdayjobs.com/KBR_Careers/job/Singapore-Singapore/Principal-Architectural-Designer_R2117934-1"
"United Arab Emirates","KBR","Commissioning Superintendent – Pipeline (Subsea field pre-commissioning)","Operations & Process","Abu Dhabi, United Arab Emirates","2026-03-10","https://kbr.wd5.myworkdayjobs.com/KBR_Careers/job/Abu-Dhabi-United-Arab-Emirates/Commissioning-Superintendent---Pipeline--Subsea-field-pre-commissioning-_R2120122"
"Iraq","KBR","Site Planning Engineer","Project Management","Basra, Al Başrah, Iraq","2026-03-10","https://kbr.wd5.myworkdayjobs.com/KBR_Careers/job/Basra-Al-Barah-Iraq/Site-Planning-Engineer_R2119703"
"Singapore","KBR","Senior Principal Process Engineer","Operations & Process","Singapore, Singapore","2026-03-10","https://kbr.wd5.myworkdayjobs.com/KBR_Careers/job/Singapore-Singapore/Senior-Principal-Process-Engineer_R2118079"
"USA","KBR","Sustainment Stakeholder Integrator","Other","Colorado Springs, Colorado","2026-03-09","https://kbr.wd5.myworkdayjobs.com/KBR_Careers/job/Colorado-Springs-Colorado/Sustainment-Stakeholder-Integrator_R2120075"
"USA","KBR","ESS Test and Evaluation Engineer","Other","El Segundo, California","2026-03-09","https://kbr.wd5.myworkdayjobs.com/KBR_Careers/job/El-Segundo-California/ESS-Test-and-Evaluation-Engineer_R2120104"
"Saudi Arabia","KBR","Principal Process Engineer (Offshore)","Operations & Process","Corniche, Al Khobar, Eastern Region, Saudi Arabia","2026-03-09","https://kbr.wd5.myworkdayjobs.com/KBR_Careers/job/Corniche-Al-Khobar-Eastern-Region-Saudi-Arabia/Principal-Process-Engineer--Offshore-_R2120096"
"USA","KBR","LCV NORTHCOM: Logistics Warehouse General Foreman - Ft Knox - TEMPORARY","Project Management","Fort Knox, Kentucky","2026-03-07","https://kbr.wd5.myworkdayjobs.com/KBR_Careers/job/Fort-Knox-Kentucky/LCV-NORTHCOM--Logistics-Warehouse-General-Foreman---Ft-Knox---TEMPORARY_R2120073"
"USA","KBR","LCV NORTHCOM: Sous Chef- Ft. Knox - TEMPORARY","Other","Fort Knox, Kentucky","2026-03-07","https://kbr.wd5.myworkdayjobs.com/KBR_Careers/job/Fort-Knox-Kentucky/LCV-NORTHCOM--Sous-Chef--Ft-Knox---TEMPORARY_R2120084"
"USA","KBR","LCV NORTHCOM: Sous Chef- Ft. Knox - TEMPORARY","Other","Fort Knox, Kentucky","2026-03-07","https://kbr.wd5.myworkdayjobs.com/KBR_Careers/job/Fort-Knox-Kentucky/LCV-NORTHCOM--Sous-Chef--Ft-Knox---TEMPORARY_R2120081"
"USA","KBR","LCV NORTHCOM: Supervisor - Culinary-Ft Knox - TEMPORARY","Project Management","Fort Knox, Kentucky","2026-03-07","https://kbr.wd5.myworkdayjobs.com/KBR_Careers/job/Fort-Knox-Kentucky/LCV-NORTHCOM--Supervisor---Culinary-Ft-Knox---TEMPORARY_R2120078"
"USA","KBR","Technology Architect","IT & Digital","USA","2026-03-07","https://kbr.wd5.myworkdayjobs.com/KBR_Careers/job/Houston-Texas/Technology-Architect_R2120085"
"USA","KBR","ICS: AFHE Wonderware Applications Analyst","Other","Cherry Point, North Carolina","2026-03-07","https://kbr.wd5.myworkdayjobs.com/KBR_Careers/job/Cherry-Point-North-Carolina/ICS--AFHE-Wonderware-Applications-Analyst_R2118052"
"USA","KBR","ICS: AFHE Networked Control Systems Engineer","Electrical & Instrumentation","Cherry Point, North Carolina","2026-03-07","https://kbr.wd5.myworkdayjobs.com/KBR_Careers/job/Cherry-Point-North-Carolina/ICS--AFHE-Networked-Control-Systems-Engineer_R2118057"
"USA","KBR","Security Specialist","Other","El Segundo, California","2026-03-07","https://kbr.wd5.myworkdayjobs.com/KBR_Careers/job/El-Segundo-California/Security-Specialist_R2120049"
"USA","KBR","RF Sensing Systems Engineer","Other","Ann Arbor, Michigan","2026-03-07","https://kbr.wd5.myworkdayjobs.com/KBR_Careers/job/Ann-Arbor-Michigan/RF-Sensing-Systems-Engineer_R2119189"
"USA","KBR","Quality Manager","HSE & Environment","USA","2026-03-07","https://kbr.wd5.myworkdayjobs.com/KBR_Careers/job/Houston-Texas/Sr-Quality-Manager_R2118781-1"
"USA","KBR","LCV NORTHCOM: Manager, Culinary- Ft. Knox-TEMPORARY","Management & Administration","Fort Knox, Kentucky","2026-03-07","https://kbr.wd5.myworkdayjobs.com/KBR_Careers/job/Fort-Knox-Kentucky/LCV-NORTHCOM--Manager--Culinary--Ft-Knox-TEMPORARY_R2120059"
"Saudi Arabia","KBR","IT Project Support Specialist","Other","Saudi Arabia","2026-03-07","https://kbr.wd5.myworkdayjobs.com/KBR_Careers/job/Saudi-Arabia-Rabigh/IT-Project-Support-Specialist_R2120071"
"USA","KBR","Government Property Supervisor","Project Management","Phoenix, Arizona","2026-03-07","https://kbr.wd5.myworkdayjobs.com/KBR_Careers/job/Phoenix-Arizona/Government-Property-Supervisor_R2120058-1"
"USA","KBR","LCV NORTHCOM: Logistics Warehouse General Foreman - Ft Knox - TEMPORARY","Project Management","Fort Knox, Kentucky","2026-03-07","https://kbr.wd5.myworkdayjobs.com/KBR_Careers/job/Fort-Knox-Kentucky/LCV-NORTHCOM--Logistics-Warehouse-General-Foreman---Ft-Knox---TEMPORARY_R2120056"
"Saudi Arabia","KBR","Field Accountant","Finance & Accounting","Saudi Arabia","2026-03-07","https://kbr.wd5.myworkdayjobs.com/KBR_Careers/job/Saudi-Arabia-Rabigh/Field-Accountant_R2120065-1"
"Saudi Arabia","KBR","Contracts Administrator","Supply Chain","Saudi Arabia","2026-03-07","https://kbr.wd5.myworkdayjobs.com/KBR_Careers/job/Saudi-Arabia-Rabigh/Contracts-Administrator_R2120061"
"Canada","KBR","Metrology Technician III","Operations & Process","Mississauga, Ontario, Canada","2026-03-07","https://kbr.wd5.myworkdayjobs.com/KBR_Careers/job/Mississauga-Ontario-Canada/Metrology-Technician-III_R2119939"
"Canada","KBR","Metrology Technician II","Operations & Process","Mississauga, Ontario, Canada","2026-03-07","https://kbr.wd5.myworkdayjobs.com/KBR_Careers/job/Mississauga-Ontario-Canada/Metrology-Technician-II_R2119938"
"Canada","KBR","Operations Coordinator","Other","Mississauga, Ontario, Canada","2026-03-07","https://kbr.wd5.myworkdayjobs.com/KBR_Careers/job/Mississauga-Ontario-Canada/Operations-Coordinator_R2119935"
"USA","KBR","Cyber Lead Engineer","IT & Digital","El Segundo, California","2026-03-07","https://kbr.wd5.myworkdayjobs.com/KBR_Careers/job/El-Segundo-California/Cyber-Lead-Engineer_R2120055"
"USA","KBR","Senior Platform Engineer/Kubernetes SME","Management & Administration","USA","2026-03-07","https://kbr.wd5.myworkdayjobs.com/KBR_Careers/job/Beavercreek-Ohio/Senior-Platform-Engineer-Kubernetes-SME_R2119967"
"USA","KBR","Risk, Issue, and Opportunity Management Lead","Management & Administration","El Segundo, California","2026-03-07","https://kbr.wd5.myworkdayjobs.com/KBR_Careers/job/El-Segundo-California/Risk--Issue--and-Opportunity-Management-Lead_R2119996"
"USA","KBR","Chief Engineer","Management & Administration","Kirtland AFB, New Mexico","2026-03-07","https://kbr.wd5.myworkdayjobs.com/KBR_Careers/job/Kirtland-AFB-New-Mexico/Chief-Engineer_R2119909"
"USA","KBR","Capture Manager","Management & Administration","Huntsville, Alabama","2026-03-07","https://kbr.wd5.myworkdayjobs.com/KBR_Careers/job/Huntsville-Alabama/Capture-Manager_R2120050"
"USA","KBR","Deputy Program Manager","Management & Administration","Kirtland AFB, New Mexico","2026-03-07","https://kbr.wd5.myworkdayjobs.com/KBR_Careers/job/Kirtland-AFB-New-Mexico/Deputy-Program-Manager_R2119907"
"USA","KBR","Sr. Metrology Technician","Operations & Process","Phoenix, Arizona","2026-03-07","https://kbr.wd5.myworkdayjobs.com/KBR_Careers/job/Phoenix-Arizona/Sr-Metrology-Technician_R2120048"
"USA","KBR","Database Administrator SME","IT & Digital","Colorado Springs, Colorado","2026-03-07","https://kbr.wd5.myworkdayjobs.com/KBR_Careers/job/Colorado-Springs-Colorado/Database-Administrator-SME_R2116407"
"USA","KBR","Network Administrator SME","IT & Digital","Colorado Springs, Colorado","2026-03-07","https://kbr.wd5.myworkdayjobs.com/KBR_Careers/job/Colorado-Springs-Colorado/Network-Administrator-SME_R2116457"
"USA","KBR","*SKILLBRIDGE ONLY* SharePoint Developer","IT & Digital","USA","2026-03-07","https://kbr.wd5.myworkdayjobs.com/KBR_Careers/job/Fulton-Maryland/XMLNAME--SKILLBRIDGE-ONLY--SharePoint-Developer_R2119979"
"United Arab Emirates","KBR","Senior Engineer, QA/QC - Mechanical – Static.","Mechanical & Structural","Abu Dhabi, United Arab Emirates","2026-03-07","https://kbr.wd5.myworkdayjobs.com/KBR_Careers/job/Abu-Dhabi-United-Arab-Emirates/Senior-Engineer--QA-QC---Mechanical---Static_R2119952"
"India","KBR","Design Supervisor - Instrumentation","Electrical & Instrumentation","Chennai, Tamil Nadu, India","2026-03-07","https://kbr.wd5.myworkdayjobs.com/KBR_Careers/job/Chennai-Tamil-Nadu-India/Design-Supervisor---Instrumentation_R2119969"
"Australia","KBR","Principal Electrical Engineer – Power Systems","Electrical & Instrumentation","Australia","2026-03-07","https://kbr.wd5.myworkdayjobs.com/KBR_Careers/job/Melbourne-Victoria-Australia/Principal-Electrical-Engineer---Power-Systems_R2120011"
"Australia","KBR","Senior Primary Engineer","Management & Administration","Melbourne, Victoria, Australia","2026-03-07","https://kbr.wd5.myworkdayjobs.com/KBR_Careers/job/Melbourne-Victoria-Australia/HV-Power-Engineer_R2113589"
"Australia","KBR","Senior Earthing & Bonding Engineer","Management & Administration","Melbourne, Victoria, Australia","2026-03-07","https://kbr.wd5.myworkdayjobs.com/KBR_Careers/job/Melbourne-Victoria-Australia/Senior-Earthing---Bonding-Engineer_R2117870-1"
"Australia","KBR","Senior Specialist, Proposals","Management & Administration","Australia","2026-03-07","https://kbr.wd5.myworkdayjobs.com/KBR_Careers/job/Brisbane-Queensland-Australia/Senior-Specialist--Proposals_R2119806"
"Saudi Arabia","KBR","Shop Head","Management & Administration","Saudi Arabia","2026-03-07","https://kbr.wd5.myworkdayjobs.com/KBR_Careers/job/Saudi-Arabia-Rabigh/Shop-Head_R2120006"
"Saudi Arabia","KBR","Project Site Nurse","Other","Saudi Arabia","2026-03-07","https://kbr.wd5.myworkdayjobs.com/KBR_Careers/job/Saudi-Arabia-Rabigh/Project-Site-Nurse_R2120004"
"USA","KBR","SharePoint Developer I (Early Career)","IT & Digital","USA","2026-03-07","https://kbr.wd5.myworkdayjobs.com/KBR_Careers/job/Fulton-Maryland/SharePoint-Developer-I--Early-Career-_R2119975-1"
"Saudi Arabia","KBR","HR Head - Project Site","HR & People","Saudi Arabia","2026-03-07","https://kbr.wd5.myworkdayjobs.com/KBR_Careers/job/Saudi-Arabia-Rabigh/HR-Head---Project-Site_R2120003"
"USA","KBR","Ground System Controller (GSC) SME","Electrical & Instrumentation","USA","2026-03-07","https://kbr.wd5.myworkdayjobs.com/KBR_Careers/job/Colorado-Springs-Colorado/Ground-System-Controller--GSC--SME_R2116455-1"
"Saudi Arabia","KBR","Document Controller","Electrical & Instrumentation","Saudi Arabia","2026-03-07","https://kbr.wd5.myworkdayjobs.com/KBR_Careers/job/Saudi-Arabia-Rabigh/Document-Controller_R2120002"
"Saudi Arabia","KBR","Commercial Officer","Commercial & Business","Saudi Arabia","2026-03-07","https://kbr.wd5.myworkdayjobs.com/KBR_Careers/job/Saudi-Arabia-Rabigh/Commercial-Officer_R2120000"
"Angola","KBR","Structural Superintendent","Mechanical & Structural","Luanda, Luanda, Angola","2026-03-07","https://kbr.wd5.myworkdayjobs.com/KBR_Careers/job/Luanda-Luanda-Angola/Structural-Superintendent_R2112890"
"USA","KBR","Telemetry Technician - Junior","Operations & Process","Wallops Island, Virginia","2026-03-07","https://kbr.wd5.myworkdayjobs.com/KBR_Careers/job/Wallops-Island-Virginia/Telemetry-Technical---Junior_R2119994"
"USA","KBR","Engineering Lead","Management & Administration","Chantilly, Virginia","2026-03-07","https://kbr.wd5.myworkdayjobs.com/KBR_Careers/job/Chantilly-Virginia/Engineering-Lead_R2119932"
"USA","KBR","Electro-Optical Engineer","Other","Greenbelt, Maryland","2026-03-07","https://kbr.wd5.myworkdayjobs.com/KBR_Careers/job/Greenbelt-Maryland/Mid-Level-Electro-Optical-Engineer_R2119683"
"USA","KBR","Optical Engineer","Other","Greenbelt, Maryland","2026-03-07","https://kbr.wd5.myworkdayjobs.com/KBR_Careers/job/Greenbelt-Maryland/Electro-Optical-Engineer_R2119682"
"USA","KBR","Manager, Business Development","Commercial & Business","USA","2026-03-07","https://kbr.wd5.myworkdayjobs.com/KBR_Careers/job/Colorado-Springs-Colorado/Manager--Business-Development_R2116321"
"Japan","KBR","Special Operations Physical Therapist (353 SOW/Kadena AB, Japan)","Other","Okinawa, Japan","2026-03-07","https://kbr.wd5.myworkdayjobs.com/KBR_Careers/job/Okinawa-Japan/Special-Operations-Physical-Therapist--353-SOW-Kadena-AB--Japan-_R2119991"
"Qatar","KBR","AFCAP V: Contingent Large Area Maintenance Shelter Specialist","Other","Doha, Ad Dawhah, Qatar","2026-03-07","https://kbr.wd5.myworkdayjobs.com/KBR_Careers/job/Doha-Ad-Dawhah-Qatar/AFCAP-V--Contingent-Large-Area-Maintenance-Shelter-Specialist_R2119988"
"USA","KBR","Data Scientist / Systems Engineer","IT & Digital","Chantilly, Virginia","2026-03-07","https://kbr.wd5.myworkdayjobs.com/KBR_Careers/job/Chantilly-Virginia/Data-Scientist---Systems-Engineer_R2117186"
"USA","KBR","Operational Test Engineer","Other","USA","2026-03-07","https://kbr.wd5.myworkdayjobs.com/KBR_Careers/job/Dallas-Texas/Operational-Test-Engineer_R2119778"
"USA","KBR","Lead Flight Engineer","Management & Administration","Dallas, Texas","2026-03-07","https://kbr.wd5.myworkdayjobs.com/KBR_Careers/job/Dallas-Texas/Lead-Flight-Engineer_R2119534"
"USA","KBR","Test Asset Configuration Manager","Management & Administration","Point Mugu, California","2026-03-07","https://kbr.wd5.myworkdayjobs.com/KBR_Careers/job/Point-Mugu-California/Test-Asset-Configuration-Manager_R2119930"
"India","KBR","Supervisor, Accounting","Project Management","Chennai, Tamil Nadu, India","2026-03-07","https://kbr.wd5.myworkdayjobs.com/KBR_Careers/job/Chennai-Tamil-Nadu-India/Supervisor--Accounting_R2116287"
"Iraq","KBR","Cost Engineer-Onsite","Project Management","Basra, Al Başrah, Iraq","2026-03-07","https://kbr.wd5.myworkdayjobs.com/KBR_Careers/job/Basra-Al-Barah-Iraq/Cost-Engineer_R2118889"
"Indonesia","KBR","Telecom Designer","Electrical & Instrumentation","Jakarta, Jakarta Raya, Indonesia","2026-03-07","https://kbr.wd5.myworkdayjobs.com/KBR_Careers/job/Jakarta-Jakarta-Raya-Indonesia/Telecom-Designer_R2119958"
"Australia","KBR","Mechanical Engineer (Asset Optimisation)","Mechanical & Structural","Woolloomooloo, New South Wales, Australia","2026-03-07","https://kbr.wd5.myworkdayjobs.com/KBR_Careers/job/Woolloomooloo-New-South-Wales-Australia/Reliability-Engineer_R2112774"
"Australia","KBR","Senior HV Secondary Design Engineer","Management & Administration","Australia","2026-03-07","https://kbr.wd5.myworkdayjobs.com/KBR_Careers/job/Melbourne-Victoria-Australia/Senior-Power-Systems-Engineer_R2117871"
"USA","KBR","Plans and Strategy Lead","Commercial & Business","Chantilly, Virginia","2026-03-07","https://kbr.wd5.myworkdayjobs.com/KBR_Careers/job/Chantilly-Virginia/Plans-and-Strategy-Lead_R2119862"
"USA","KBR","Director of Financial Planning and Analysis","Finance & Accounting","Chantilly, Virginia","2026-03-07","https://kbr.wd5.myworkdayjobs.com/KBR_Careers/job/Chantilly-Virginia/Director-of-Financial-Planning-and-Analysis_R2119913"
"USA","KBR","Senior Systems Engineer","Management & Administration","Beavercreek, Ohio","2026-03-07","https://kbr.wd5.myworkdayjobs.com/KBR_Careers/job/Beavercreek-Ohio/Senior-Systems-Engineer_R2119929"
"USA","KBR","Appian Software QA Tester","IT & Digital","USA","2026-03-07","https://kbr.wd5.myworkdayjobs.com/KBR_Careers/job/Houston-Texas/Appian-Software-QA-Tester_R2119912"
"Indonesia","KBR","Telecom Engineer","Electrical & Instrumentation","Jakarta, Jakarta Raya, Indonesia","2026-03-07","https://kbr.wd5.myworkdayjobs.com/KBR_Careers/job/Jakarta-Jakarta-Raya-Indonesia/Telecom-Engineer_R2119398"
"USA","KBR","Autonomy Engineer/Autonomy Integration Lead","Management & Administration","Wright Patterson AFB, Ohio","2026-03-07","https://kbr.wd5.myworkdayjobs.com/KBR_Careers/job/Wright-Patterson-AFB-Ohio/Autonomy-Engineer-Autonomy-Integration-Lead_R2119922"
"USA","KBR","Intellectual Property & Data Rights Specialist","Drilling & Well","Huntsville, Alabama","2026-03-07","https://kbr.wd5.myworkdayjobs.com/KBR_Careers/job/Huntsville-Alabama/Intellectual-Property---Data-Rights-Specialist_R2119924"
"USA","KBR","Federal Civilian Business Development Director","Mechanical & Structural","USA","2026-03-07","https://kbr.wd5.myworkdayjobs.com/KBR_Careers/job/Fulton-Maryland/Federal-Civilian-Business-Development-Director_R2118910"
"USA","KBR","Federal Civilian Business Development Senior Manager","Mechanical & Structural","USA","2026-03-07","https://kbr.wd5.myworkdayjobs.com/KBR_Careers/job/Fulton-Maryland/Federal-Civilian-Business-Development-Senior-Manager_R2118770"
"USA","KBR","Lead Assistant, Visitor Control Center","Electrical & Instrumentation","Washington, District of Columbia","2026-03-07","https://kbr.wd5.myworkdayjobs.com/KBR_Careers/job/Washington-District-of-Columbia/Lead-Assistant--Visitor-Control-Center_R2119368"
"USA","KBR","Information Security Intern","Internship & Graduate","Sioux Falls, South Dakota","2026-03-07","https://kbr.wd5.myworkdayjobs.com/KBR_Careers/job/Sioux-Falls-South-Dakota/Information-Security-Intern_R2119863"
"United Arab Emirates","KBR","Lead Material & Corrosion Engineer","Mechanical & Structural","Abu Dhabi, United Arab Emirates","2026-03-07","https://kbr.wd5.myworkdayjobs.com/KBR_Careers/job/Abu-Dhabi-United-Arab-Emirates/Lead-Material---Corrosion-Engineer_R2119893"
"Australia","KBR","Hydraulic Designer","Other","Sydney, New South Wales, Australia","2026-03-07","https://kbr.wd5.myworkdayjobs.com/KBR_Careers/job/Sydney-New-South-Wales-Australia/Hydraulic-Designer_R2119872"
"Australia","KBR","Principal Electrical Engineer","Electrical & Instrumentation","Sydney, New South Wales, Australia","2026-03-07","https://kbr.wd5.myworkdayjobs.com/KBR_Careers/job/Sydney-New-South-Wales-Australia/Principal-Electrical-Engineer_R2119873"
"Australia","KBR","Principal Electrical Engineer","Electrical & Instrumentation","Adelaide, South Australia, Australia","2026-03-07","https://kbr.wd5.myworkdayjobs.com/KBR_Careers/job/Adelaide-South-Australia-Australia/Principal-Electrical-Engineer_R2119870"
"USA","KBR","Senior Avionics Engineer","Management & Administration","Beavercreek Township, Ohio","2026-03-07","https://kbr.wd5.myworkdayjobs.com/KBR_Careers/job/Beavercreek-Township-Ohio/Senior-Avionics-Engineer_R2117421"
"USA","KBR","Space Operations Center Manager","Management & Administration","Chantilly, Virginia","2026-03-07","https://kbr.wd5.myworkdayjobs.com/KBR_Careers/job/Chantilly-Virginia/Space-Operations-Center-Manager_R2119732"
"USA","KBR","Training Lead","HR & People","Chantilly, Virginia","2026-03-07","https://kbr.wd5.myworkdayjobs.com/KBR_Careers/job/Chantilly-Virginia/Training-Lead_R2119736"
"USA","KBR","Electrical and Instrumentation Designer","Electrical & Instrumentation","Dayton, Ohio","2026-03-07","https://kbr.wd5.myworkdayjobs.com/KBR_Careers/job/Dayton-Ohio/Electrical-and-Instrumentation-Designer_R2118384"
"USA","KBR","Associate, Project Controls","Electrical & Instrumentation","Newark, Delaware","2026-03-07","https://kbr.wd5.myworkdayjobs.com/KBR_Careers/job/Newark-Delaware/Project-Controls---New-Grad-Hire_R2115593"
"USA","KBR","Scheduling Manager","Management & Administration","Newark, Delaware","2026-03-07","https://kbr.wd5.myworkdayjobs.com/KBR_Careers/job/Newark-Delaware/Scheduling-Manager_R2119859"
"USA","KBR","Electrical Engineer","Electrical & Instrumentation","Clearfield, Utah","2026-03-07","https://kbr.wd5.myworkdayjobs.com/KBR_Careers/job/Clearfield-Utah/Electrical-Engineer_R2110796-1"
"USA","KBR","C++ Programmer","Other","Beavercreek Township, Ohio","2026-03-07","https://kbr.wd5.myworkdayjobs.com/KBR_Careers/job/Beavercreek-Township-Ohio/C---Programmer_R2117198"
"USA","KBR","R2104835 Data Management Analyst","IT & Digital","Warner Robins, Georgia","2026-03-07","https://kbr.wd5.myworkdayjobs.com/KBR_Careers/job/Warner-Robins-Georgia/R2104835-Data-Management-Analyst_R2114253"
"USA","KBR","Senior Systems Engineer","Management & Administration","San Diego, California","2026-03-07","https://kbr.wd5.myworkdayjobs.com/KBR_Careers/job/San-Diego-California/Senior-Systems-Engineer_R2119390"
"Saudi Arabia","KBR","Instrument Technician III","Operations & Process","Jubail, Saudi Arabia","2026-03-07","https://kbr.wd5.myworkdayjobs.com/KBR_Careers/job/Jubail-Saudi-Arabia/Instrument-Technician-III_R2119848"
"USA","KBR","National Security Solutions (NSS) Internship – Test & Evaluation Intern","Internship & Graduate","El Segundo, California","2026-03-07","https://kbr.wd5.myworkdayjobs.com/KBR_Careers/job/El-Segundo-California/National-Security-Solutions--NSS--Internship---Test---Evaluation-Intern_R2119802"
"USA","KBR","National Security Solutions (NSS) Internship – Systems Engineering Intern","Internship & Graduate","El Segundo, California","2026-03-07","https://kbr.wd5.myworkdayjobs.com/KBR_Careers/job/El-Segundo-California/National-Security-Solutions--NSS--Internship---Systems-Engineering-Intern_R2119800"
"USA","KBR","National Security Solutions (NSS) Internship – Digital Engineer Intern","IT & Digital","El Segundo, California","2026-03-07","https://kbr.wd5.myworkdayjobs.com/KBR_Careers/job/El-Segundo-California/National-Security-Solutions--NSS--Internship---Digital-Engineer-Intern_R2119799"
"USA","KBR","National Security Solutions (NSS) Internship – Subcontracts Intern","Supply Chain","Chantilly, Virginia","2026-03-07","https://kbr.wd5.myworkdayjobs.com/KBR_Careers/job/Chantilly-Virginia/National-Security-Solutions--NSS--Internship---Subcontracts-Intern_R2116713"
"USA","KBR","Cyber Security Engineer","IT & Digital","El Segundo, California","2026-03-07","https://kbr.wd5.myworkdayjobs.com/KBR_Careers/job/El-Segundo-California/Cyber-Security-Engineer_R2114137"
"India","KBR","Engineer - Piping Layout","Mechanical & Structural","Chennai, Tamil Nadu, India","2026-03-07","https://kbr.wd5.myworkdayjobs.com/KBR_Careers/job/Chennai-Tamil-Nadu-India/Engineer---Piping-Layout_R2119766"
"USA","KBR","Space Stan/Eval SME","Other","Colorado Springs, Colorado","2026-03-07","https://kbr.wd5.myworkdayjobs.com/KBR_Careers/job/Colorado-Springs-Colorado/Space-Stan-Eval-SME_R2119523"
"USA","KBR","Space Weapons & Tactics SME","Other","Colorado Springs, Colorado","2026-03-07","https://kbr.wd5.myworkdayjobs.com/KBR_Careers/job/Colorado-Springs-Colorado/Space-Weapons---Tactics-SME_R2119524"
"USA","KBR","Software Tester","IT & Digital","Chantilly, Virginia","2026-03-07","https://kbr.wd5.myworkdayjobs.com/KBR_Careers/job/Chantilly-Virginia/Software-Tester_R2119253"
"United Arab Emirates","KBR","Lead Cost Estimation Engineer","Project Management","Abu Dhabi, United Arab Emirates","2026-03-07","https://kbr.wd5.myworkdayjobs.com/KBR_Careers/job/Abu-Dhabi-United-Arab-Emirates/Lead-Cost-Estimation-Engineer_R2119758"
"United Arab Emirates","KBR","Civil/ Structural Superintendent","Mechanical & Structural","Abu Dhabi, United Arab Emirates","2026-03-07","https://kbr.wd5.myworkdayjobs.com/KBR_Careers/job/Abu-Dhabi-United-Arab-Emirates/Civil--Structural-Superintendent_R2119752"
"United Arab Emirates","KBR","Lead Interface Engineer","Management & Administration","Abu Dhabi, United Arab Emirates","2026-03-07","https://kbr.wd5.myworkdayjobs.com/KBR_Careers/job/Abu-Dhabi-United-Arab-Emirates/Lead-Interface-Engineer_R2119812"
"Turkey","KBR","UABOS Turkey LN: Ground Power Mechanic","Mechanical & Structural","Incirlik Air Base, Adana, Turkey","2026-03-07","https://kbr.wd5.myworkdayjobs.com/KBR_Careers/job/Incirlik-Air-Base-Adana-Turkey/UABOS-Turkey-LN--Ground-Power-Mechanic_R2119807"
"USA","KBR","National Security Solutions (NSS) Internship – AI Engineer Intern","Internship & Graduate","El Segundo, California","2026-03-07","https://kbr.wd5.myworkdayjobs.com/KBR_Careers/job/El-Segundo-California/National-Security-Solutions--NSS--Internship---AI-Engineer-Intern_R2119798"
"USA","KBR","Logistics Clerk","Supply Chain","Tempe, Arizona","2026-03-07","https://kbr.wd5.myworkdayjobs.com/KBR_Careers/job/Tempe-Arizona/Logistics-Clerk_R2119791"
"USA","KBR","*SKILLBRIDGE ONLY* KBR / Integrated Mission Operations Contract III (IMOC III)– Multiple Roles","Supply Chain","Houston, Texas","2026-03-07","https://kbr.wd5.myworkdayjobs.com/KBR_Careers/job/Houston-Texas/XMLNAME--SKILLBRIDGE-ONLY--KBR---Integrated-Mission-Operations-Contract-III--IMOC-III---Multiple-Roles_R2119661"
"USA","KBR","Project Integrator","Other","Vienna, Virginia","2026-03-07","https://kbr.wd5.myworkdayjobs.com/KBR_Careers/job/Vienna-Virginia/Project-Integrator_R2119788"
"USA","KBR","Operations Research Analyst","Other","Camarillo, California","2026-03-07","https://kbr.wd5.myworkdayjobs.com/KBR_Careers/job/Camarillo-California/Operations-Research-Analyst_R2111369"
"Multiple Locations","KBR","Sr Operations Research / Data Science","IT & Digital","Multiple Locations","2026-03-07","https://kbr.wd5.myworkdayjobs.com/KBR_Careers/job/Remote---US/Sr-Operations-Research---Data-Science_R2118994"
"USA","KBR","IT Program Manager","Management & Administration","Vienna, Virginia","2026-03-07","https://kbr.wd5.myworkdayjobs.com/KBR_Careers/job/Vienna-Virginia/IT-Program-Manager_R2119787"
"USA","KBR","Senior Product Support Logistics Specialist","Supply Chain","San Diego, California","2026-03-07","https://kbr.wd5.myworkdayjobs.com/KBR_Careers/job/San-Diego-California/Senior-Product-Support-Logistics-Specialist_R2119776"
"USA","KBR","National Security Solutions (NSS) Internship – Space Systems (Graduate) Intern","Internship & Graduate","USA","2026-03-07","https://kbr.wd5.myworkdayjobs.com/KBR_Careers/job/Chantilly-Virginia/National-Security-Solutions--NSS--Internship---Space-Systems--Graduate--Intern_R2119773"
"USA","KBR","National Security Solutions (NSS) Internship – FPGA Signal Processing Intern","Internship & Graduate","Chantilly, Virginia","2026-03-07","https://kbr.wd5.myworkdayjobs.com/KBR_Careers/job/Chantilly-Virginia/National-Security-Solutions--NSS--Internship---FPGA-Signal-Processing-Intern_R2119764"
"USA","KBR","MCPP Philippines: Engineer Maintenance Supervisor","Project Management","Jacksonville, Florida","2026-03-07","https://kbr.wd5.myworkdayjobs.com/KBR_Careers/job/Jacksonville-Florida/MCPP--Engineer-Maintenance-Supervisor----Philippines-_R2118726"
"India","KBR","Project Coordinator - Engineering","Other","Chennai, Tamil Nadu, India","2026-03-07","https://kbr.wd5.myworkdayjobs.com/KBR_Careers/job/Chennai-Tamil-Nadu-India/Project-Coordinator---Engineering_R2119555"
"India","KBR","Associate Project Manager - Engineering","Project Management","Chennai, Tamil Nadu, India","2026-03-07","https://kbr.wd5.myworkdayjobs.com/KBR_Careers/job/Chennai-Tamil-Nadu-India/Associate-Project-Manager---Engineering_R2119554"
"Iraq","KBR","Senior Piping Designer","Mechanical & Structural","Basra, Al Başrah, Iraq","2026-03-07","https://kbr.wd5.myworkdayjobs.com/KBR_Careers/job/Basra-Al-Barah-Iraq/Senior-Piping-Designer_R2119644-1"
"Qatar","KBR","Electrical Technician","Operations & Process","Ad Dawhah, Qatar","2026-03-07","https://kbr.wd5.myworkdayjobs.com/KBR_Careers/job/Ad-Dawhah-Qatar/Electrical-Technician_R2117556"
"Qatar","KBR","Mechanical Technician","Operations & Process","Ad Dawhah, Qatar","2026-03-07","https://kbr.wd5.myworkdayjobs.com/KBR_Careers/job/Ad-Dawhah-Qatar/Mechanical-Technician_R2117557"
"Saudi Arabia","KBR","HR coordinator","HR & People","Jubail, Saudi Arabia","2026-03-07","https://kbr.wd5.myworkdayjobs.com/KBR_Careers/job/Jubail-Saudi-Arabia/HR-coordinator_R2119422-1"
"Saudi Arabia","KBR","Recruiter","HR & People","Jubail, Saudi Arabia","2026-03-07","https://kbr.wd5.myworkdayjobs.com/KBR_Careers/job/Jubail-Saudi-Arabia/Recruiter_R2119480"
"India","KBR","Project Manager - Engineering","Project Management","Chennai, Tamil Nadu, India","2026-03-07","https://kbr.wd5.myworkdayjobs.com/KBR_Careers/job/Chennai-Tamil-Nadu-India/Project-Manager---Engineering_R2119556"
"USA","KBR","MCPP Philippines: Network Engineer","IT & Digital","Jacksonville, Florida","2026-03-07","https://kbr.wd5.myworkdayjobs.com/KBR_Careers/job/Jacksonville-Florida/MCPP--Network-Engineer----Philippines-_R2118734"
"USA","KBR","MCPP Philippines: Assistant Manager, Maintenance","Management & Administration","Jacksonville, Florida","2026-03-07","https://kbr.wd5.myworkdayjobs.com/KBR_Careers/job/Jacksonville-Florida/MCPP--Assistant-Manager--Maintenance-----Philippines-_R2118730"
"USA","KBR","MCPP Philippines: Communication Technician","Operations & Process","Jacksonville, Florida","2026-03-07","https://kbr.wd5.myworkdayjobs.com/KBR_Careers/job/Jacksonville-Florida/MCPP--Communication-Technician---Philippines-_R2118728"
"USA","KBR","MCPP Philippines- Engineer Mechanic- Utilities","Mechanical & Structural","Jacksonville, Florida","2026-03-07","https://kbr.wd5.myworkdayjobs.com/KBR_Careers/job/Jacksonville-Florida/MCPP--Engineer-Mechanic--Utilities----Philippines-_R2118725"
"Saudi Arabia","KBR","Government affairs supervisor","Project Management","Jubail, Saudi Arabia","2026-03-07","https://kbr.wd5.myworkdayjobs.com/KBR_Careers/job/Jubail-Saudi-Arabia/Government-affairs-supervisor_R2119420"
"Kosovo","KBR","LCV EUCOM Kosovo: Mechanic","Mechanical & Structural","Ferizaj, Kosovo","2026-03-07","https://kbr.wd5.myworkdayjobs.com/KBR_Careers/job/Ferizaj-Kosovo/LCV-EUCOM-Kosovo--Mechanic_R2119580-1"
"USA","KBR","Logistics Clerk","Supply Chain","Phoenix, Arizona","2026-03-07","https://kbr.wd5.myworkdayjobs.com/KBR_Careers/job/Phoenix-Arizona/Logistics-Clerk_R2119684"
"USA","KBR","Electronics Technician Maintenance III SCA","Operations & Process","North Charleston, South Carolina","2026-03-07","https://kbr.wd5.myworkdayjobs.com/KBR_Careers/job/North-Charleston-South-Carolina/Electronics-Technician-Maintenance-III-SCA_R2119727"
"USA","KBR","Director of Engineering for Mission Software","IT & Digital","Remote - U.S.","2026-03-07","https://kbr.wd5.myworkdayjobs.com/KBR_Careers/job/Remote---US/Director-of-Engineering-for-Mission-Software_R2118128"
"USA","KBR","Special Operations Psychological/Mental Health Technician (JSOC, Fort Bragg, NC)","HSE & Environment","Fort Liberty, North Carolina","2026-03-07","https://kbr.wd5.myworkdayjobs.com/KBR_Careers/job/Fort-Liberty-North-Carolina/Special-Operations-Psychological-Mental-Health-Technician--JSOC--Fort-Bragg--NC-_R2119724"
"USA","KBR","Engineering Tech IV","Other","Norfolk, Virginia","2026-03-07","https://kbr.wd5.myworkdayjobs.com/KBR_Careers/job/Norfolk-Virginia/Engineering-Tech-IV_R2119722"
"United Kingdom","KBR","Generator Mechanic","Mechanical & Structural","Swindon, Wiltshire, United Kingdom","2026-03-07","https://kbr.wd5.myworkdayjobs.com/KBR_Careers/job/Swindon-Wiltshire-United-Kingdom/Generator-Mechanic_R2114416-1"
"USA","KBR","Strategic Requirements Systems Engineer","Other","El Segundo, California","2026-03-07","https://kbr.wd5.myworkdayjobs.com/KBR_Careers/job/El-Segundo-California/Strategic-Requirements-Systems-Engineer_R2119697"
"USA","KBR","Test and Evaluation Engineer","Other","Colorado Springs, Colorado","2026-03-07","https://kbr.wd5.myworkdayjobs.com/KBR_Careers/job/Colorado-Springs-Colorado/Test-and-Evaluation-Engineer_R2119694-1"
"USA","KBR","Billing Specialist","Other","Houston, Texas","2026-03-07","https://kbr.wd5.myworkdayjobs.com/KBR_Careers/job/Houston-Texas/Billing-Specialist_R2119686"
"USA","KBR","Senior Thermal Engineer","Management & Administration","Greenbelt, Maryland","2026-03-07","https://kbr.wd5.myworkdayjobs.com/KBR_Careers/job/Greenbelt-Maryland/Senior-Thermal-Engineer_R2119628"
"USA","KBR","Metrology Technician  II","Operations & Process","Torrance, California","2026-03-07","https://kbr.wd5.myworkdayjobs.com/KBR_Careers/job/Torrance-California/Metrology-Technician--II_R2119630"
"USA","KBR","*SKILLBRIDGE ONLY* Flight Controller","Electrical & Instrumentation","Houston, Texas","2026-03-07","https://kbr.wd5.myworkdayjobs.com/KBR_Careers/job/Houston-Texas/XMLNAME--SKILLBRIDGE-ONLY--Flight-Controller_R2119215"
"USA","KBR","Site Lead","Management & Administration","Niceville, Florida","2026-03-07","https://kbr.wd5.myworkdayjobs.com/KBR_Careers/job/Niceville-Florida/Site-Lead_R2119623"
"Australia","KBR","Accountant","Finance & Accounting","Australia","2026-03-07","https://kbr.wd5.myworkdayjobs.com/KBR_Careers/job/Canberra-Australian-Capital-Territory-Australia/Accountant_R2119399"
"USA","KBR","Operations Coordinator, Government Compliance","Legal & Compliance","Plymouth, Minnesota","2026-03-07","https://kbr.wd5.myworkdayjobs.com/KBR_Careers/job/Plymouth-Minnesota/Operations-Coordinator--Government-Compliance_R2119625"
"USA","KBR","Senior Evolved Strategic Systems (ESS) Program Systems Integration Engineer","Management & Administration","El Segundo, California","2026-03-07","https://kbr.wd5.myworkdayjobs.com/KBR_Careers/job/El-Segundo-California/Senior-Evolved-Strategic-Systems--ESS--Program-Systems-Integration-Engineer_R2119611"
"USA","KBR","National Security Solutions (NSS) Internship – Signal Processing Intern","Internship & Graduate","Chantilly, Virginia","2026-03-07","https://kbr.wd5.myworkdayjobs.com/KBR_Careers/job/Chantilly-Virginia/National-Security-Solutions--NSS--Internship---Signal-Processing-Intern_R2119521"
"USA","KBR","Space Systems Engineers (Multiple Positions)","Other","USA","2026-03-07","https://kbr.wd5.myworkdayjobs.com/KBR_Careers/job/El-Segundo-California/Space-Systems-Engineers--Multiple-Positions-_R2119579"
"USA","KBR","Master Electrician","Other","USA","2026-03-07","https://kbr.wd5.myworkdayjobs.com/KBR_Careers/job/Houston-Texas/Master-Electrician_R2116101"
"USA","KBR","APS-3: Engineering Technician IV","Operations & Process","USA","2026-03-07","https://kbr.wd5.myworkdayjobs.com/KBR_Careers/job/Charleston-South-Carolina/APS-3--Engineering-Technician-IV_R2118787"
"USA","KBR","APS-3: Industrial Engineering Technician V","Operations & Process","USA","2026-03-07","https://kbr.wd5.myworkdayjobs.com/KBR_Careers/job/Charleston-South-Carolina/APS-3--Industrial-Engineering-Technician-V_R2118785"
"USA","KBR","Acquisition Specialists – Space Systems","Other","USA","2026-03-07","https://kbr.wd5.myworkdayjobs.com/KBR_Careers/job/El-Segundo-California/Acquisition-Specialists---Space-Systems_R2119585"
"USA","KBR","Principal Systems Engineer","Management & Administration","Dallas, Texas","2026-03-07","https://kbr.wd5.myworkdayjobs.com/KBR_Careers/job/Dallas-Texas/Principal-Systems-Engineer_R2119535"
"Turkey","KBR","UABOS Turkey LN: Clerk Acct/Payroll","Finance & Accounting","Incirlik Air Base, Adana, Turkey","2026-03-07","https://kbr.wd5.myworkdayjobs.com/KBR_Careers/job/Incirlik-Air-Base-Adana-Turkey/UABOS-Turkey-LN--Clerk-Acct-Payroll_R2116339"
"Saudi Arabia","KBR","Electrical Engineer (ETAP Specialist)","Electrical & Instrumentation","Corniche, Al Khobar, Eastern Region, Saudi Arabia","2026-03-07","https://kbr.wd5.myworkdayjobs.com/KBR_Careers/job/Corniche-Al-Khobar-Eastern-Region-Saudi-Arabia/Electrical-Engineer--ETAP-Specialist-_R2119571"
"United Arab Emirates","KBR","Senior Engineer – Asset / SPIR Coordination","Management & Administration","Abu Dhabi, United Arab Emirates","2026-03-07","https://kbr.wd5.myworkdayjobs.com/KBR_Careers/job/Abu-Dhabi-United-Arab-Emirates/Senior-Engineer---Asset---SPIR-Coordination_R2119559-1"
"USA","KBR","MDA Account Manager","Management & Administration","Huntsville, Alabama","2026-03-07","https://kbr.wd5.myworkdayjobs.com/KBR_Careers/job/Huntsville-Alabama/MDA-Account-Manager_R2119530"
"USA","KBR","National Security Solutions (NSS) Internship - Automatic Gain Control for Software Defined Radio","Electrical & Instrumentation","Ann Arbor, Michigan","2026-03-07","https://kbr.wd5.myworkdayjobs.com/KBR_Careers/job/Ann-Arbor-Michigan/National-Security-Solutions--NSS--Internship---Automatic-Gain-Control-for-Software-Defined-Radio_R2119512"
"USA","KBR","National Security Solutions (NSS) Internship - High Speed Data Collector","IT & Digital","Ann Arbor, Michigan","2026-03-07","https://kbr.wd5.myworkdayjobs.com/KBR_Careers/job/Ann-Arbor-Michigan/National-Security-Solutions--NSS--Internship---High-Speed-Data-Collector_R2119517"
"USA","KBR","Special Operations Nurse Case Manager / Case Manager (Dam Neck, VA)","Management & Administration","Virginia Beach, Virginia","2026-03-07","https://kbr.wd5.myworkdayjobs.com/KBR_Careers/job/Virginia-Beach-Virginia/Special-Operations-Nurse-Case-Manager---Case-Manager--Dam-Neck--VA-_R2119526"
"USA","KBR","Account Director, Surface Warfare","Management & Administration","Dahlgren, Virginia","2026-03-07","https://kbr.wd5.myworkdayjobs.com/KBR_Careers/job/Dahlgren-Virginia/Account-Manager_R2114545"
"USA","KBR","Junior Model Based System Engineer","Other","Beavercreek Township, Ohio","2026-03-07","https://kbr.wd5.myworkdayjobs.com/KBR_Careers/job/Beavercreek-Township-Ohio/Junior-Model-Based-System-Engineer_R2117473"
"India","KBR","Sr Designer-Piping Layout","Mechanical & Structural","Bangalore, Karnataka, India","2026-03-07","https://kbr.wd5.myworkdayjobs.com/KBR_Careers/job/Bangalore-Karnataka-India/Sr-Designer-Piping-Layout_R2119500"
"Iraq","KBR","Reservoir Engineering Manager / Petroleum Engineering Manager","Geoscience & Reservoir","Basra, Al Başrah, Iraq","2026-03-07","https://kbr.wd5.myworkdayjobs.com/KBR_Careers/job/Basra-Al-Barah-Iraq/Reservoir-Engineering-Manager---Petroleum-Engineering-Manager_R2116673"
"British Indian Ocean Territory","KBR","DG BOSS: Tailor (FN)","Other","Diego Garcia, British Indian Ocean Territory","2026-03-07","https://kbr.wd5.myworkdayjobs.com/KBR_Careers/job/Diego-Garcia-British-Indian-Ocean-Territory/DG-BOSS--Tailor--FN-_R2119487-1"
"British Indian Ocean Territory","KBR","DG BOSS: Tailor (FN)","Other","Diego Garcia, British Indian Ocean Territory","2026-03-07","https://kbr.wd5.myworkdayjobs.com/KBR_Careers/job/Diego-Garcia-British-Indian-Ocean-Territory/DG-BOSS--Tailor--FN-_R2119486-1"
"Saudi Arabia","KBR","Lead Quality Assurance & Performance Excellence Engineer","HSE & Environment","Al Khobar, Saudi Arabia","2026-03-07","https://kbr.wd5.myworkdayjobs.com/KBR_Careers/job/Al-Khobar-Saudi-Arabia/Lead-Quality-Assurance---Performance-Excellence-Engineer_R2119475"
"India","KBR","Technical Advisor - Instrumentation/Controls","Electrical & Instrumentation","India","2026-03-07","https://kbr.wd5.myworkdayjobs.com/KBR_Careers/job/Gurgaon-Haryana-India/Technical-Advisor---Instrumentation-Controls_R2118892"
"USA","KBR","Social Media Lead","Management & Administration","Sioux Falls, South Dakota","2026-03-07","https://kbr.wd5.myworkdayjobs.com/KBR_Careers/job/Sioux-Falls-South-Dakota/Social-Media-Lead_R2119450"
"USA","KBR","Deputy Program Manager","Management & Administration","Fulton, Maryland","2026-03-07","https://kbr.wd5.myworkdayjobs.com/KBR_Careers/job/Fulton-Maryland/Deputy-Program-Manager_R2119386"
"USA","KBR","Sr Systems Engineer","Other","Bethesda-Chevy Chase, Maryland","2026-03-07","https://kbr.wd5.myworkdayjobs.com/KBR_Careers/job/Bethesda-Chevy-Chase-Maryland/Sr-Systems-Engineer_R2118433"
"USA","KBR","Proposal Manager","Management & Administration","USA","2026-03-07","https://kbr.wd5.myworkdayjobs.com/KBR_Careers/job/Fulton-Maryland/Proposal-Manager_R2119373"
"United Arab Emirates","KBR","Principal Manager, Commercial Management","Commercial & Business","Dubai, United Arab Emirates","2026-03-07","https://kbr.wd5.myworkdayjobs.com/KBR_Careers/job/Dubai-United-Arab-Emirates/Director--Project-Controlls_R2118257"
"Multiple Locations","KBR","Special Operations Physical Therapist (492 SOW/Oklahoma City, OK)","Other","Multiple Locations","2026-03-07","https://kbr.wd5.myworkdayjobs.com/KBR_Careers/job/Midwest-City/Special-Operations-Physical-Therapist--492-SOW-Oklahoma-City--OK-_R2119039"
"USA","KBR","Special Operations Certified Athletic Trainer (AFSOC Unit/Fort Bragg, NC)","Other","Fort Liberty, North Carolina","2026-03-07","https://kbr.wd5.myworkdayjobs.com/KBR_Careers/job/Fort-Liberty-North-Carolina/Special-Operations-Certified-Athletic-Trainer--AFSOC-Unit-Fort-Bragg--NC-_R2119443"
"USA","KBR","Project Controls Manager","Electrical & Instrumentation","Newark, Delaware","2026-03-07","https://kbr.wd5.myworkdayjobs.com/KBR_Careers/job/Newark-Delaware/Project-Controls-Manager_R2113810"
"USA","KBR","Senior Test and Evaluation Engineer","Management & Administration","Colorado Springs, Colorado","2026-03-07","https://kbr.wd5.myworkdayjobs.com/KBR_Careers/job/Colorado-Springs-Colorado/Senior-Test-and-Evaluation-Engineer_R2119439"
"USA","KBR","IT Business Process Analyst","Other","Jacksonville, Florida","2026-03-07","https://kbr.wd5.myworkdayjobs.com/KBR_Careers/job/Jacksonville-Florida/IT-Business-Process-Analyst_R2119432"
"USA","KBR","Special Operations Licensed Clinical Social Worker (160th SOAR, Fort Campbell, KY)","Science & Laboratory","Fort Campbell, Kentucky","2026-03-07","https://kbr.wd5.myworkdayjobs.com/KBR_Careers/job/Fort-Campbell-Kentucky/Special-Operations-Licensed-Clinical-Social-Worker--160th-SOAR--Fort-Campbell--KY-_R2119393"
"United Kingdom","KBR","Senior HR Advisor","HR & People","United Kingdom","2026-03-07","https://kbr.wd5.myworkdayjobs.com/KBR_Careers/job/Leatherhead-Surrey-United-Kingdom/Senior-HR-Advisor_R2119410"
"USA","KBR","Reverse Engineer","Other","Beavercreek Township, Ohio","2026-03-07","https://kbr.wd5.myworkdayjobs.com/KBR_Careers/job/Beavercreek-Township-Ohio/Reverse-Engineer_R2119378"
"United Arab Emirates","KBR","Fabrication Manager (Offshore Wellhead Tower, Subsea Cable & Piping)","Drilling & Well","Abu Dhabi, United Arab Emirates","2026-03-07","https://kbr.wd5.myworkdayjobs.com/KBR_Careers/job/Abu-Dhabi-United-Arab-Emirates/Fabrication-Manager--Offshore-Wellhead-Tower--Subsea-Cable---Piping-_R2119404"
"Saudi Arabia","KBR","Rotating Supervisor","Mechanical & Structural","Jubail, Saudi Arabia","2026-03-07","https://kbr.wd5.myworkdayjobs.com/KBR_Careers/job/Jubail-Saudi-Arabia/Rotating-Supervisor_R2119418"
"Saudi Arabia","KBR","Electrical Supervisor","Electrical & Instrumentation","Jubail, Saudi Arabia","2026-03-07","https://kbr.wd5.myworkdayjobs.com/KBR_Careers/job/Jubail-Saudi-Arabia/Electrical-Supervisor_R2119417"
"Saudi Arabia","KBR","Area Maintenance Foreman","Project Management","Jubail, Saudi Arabia","2026-03-07","https://kbr.wd5.myworkdayjobs.com/KBR_Careers/job/Jubail-Saudi-Arabia/Area-Maintenance-Foreman_R2119415-1"
"Australia","KBR","Information Systems Technician","Operations & Process","Canberra, Australian Capital Territory, Australia","2026-03-07","https://kbr.wd5.myworkdayjobs.com/KBR_Careers/job/Canberra-Australian-Capital-Territory-Australia/Information-Systems-Technician_R2119328"
"Australia","KBR","Information Systems Technician","Operations & Process","Canberra, Australian Capital Territory, Australia","2026-03-07","https://kbr.wd5.myworkdayjobs.com/KBR_Careers/job/Canberra-Australian-Capital-Territory-Australia/Information-Systems-Technician_R2119330"
"Saudi Arabia","KBR","Area Superintendent/Maintenance Head","Management & Administration","Al-Jubail, Saudi Arabia","2026-03-07","https://kbr.wd5.myworkdayjobs.com/KBR_Careers/job/Al-Jubail-Saudi-Arabia/Area-Superintendent-Maintenance-Head_R2119064"
"USA","KBR","MCPP: Maintenance Data Supervisor","Project Management","Jacksonville, Florida","2026-03-07","https://kbr.wd5.myworkdayjobs.com/KBR_Careers/job/Jacksonville-Florida/MCPP--Maintenance-Supervisor_R2118796"
"Australia","KBR","Generator Specialist","Other","Alice Springs, Northern Territory, Australia","2026-03-07","https://kbr.wd5.myworkdayjobs.com/KBR_Careers/job/Alice-Springs-Northern-Territory-Australia/Generator-Specialist_R2097266"
"USA","KBR","JIRA/Confluence Administrator","Other","El Segundo, California","2026-03-07","https://kbr.wd5.myworkdayjobs.com/KBR_Careers/job/El-Segundo-California/JIRA-Confluence-Administrator_R2118278-1"
"USA","KBR","AH-64E Instructor Pilot","Other","Killeen, Texas","2026-03-07","https://kbr.wd5.myworkdayjobs.com/KBR_Careers/job/Killeen-Texas/AH-64E-Instructor-Pilot_R2119371"
"USA","KBR","National Security Solutions (NSS) - Automation Intern","Operations & Process","San Antonio, Texas","2026-03-07","https://kbr.wd5.myworkdayjobs.com/KBR_Careers/job/San-Antonio-Texas/National-Security-Solutions--NSS----AI-ML-Intern_R2119305"
"USA","KBR","Senior Buyer","Management & Administration","Newark, Delaware","2026-03-07","https://kbr.wd5.myworkdayjobs.com/KBR_Careers/job/Newark-Delaware/Senior-Expeditor_R2119162"
"Saudi Arabia","KBR","PSAB ESS: Structures Technician (Secret Clearance)","Operations & Process","Saudi Arabia","2026-03-07","https://kbr.wd5.myworkdayjobs.com/KBR_Careers/job/Al-Kharj-Saudi-Arabia/PSAB-ESS--Structures-Technician--Secret-Clearance-_R2118450"
"Poland","KBR","LCV EUCOM Poland: Laborer (Contingency)","Other","Poland","2026-03-07","https://kbr.wd5.myworkdayjobs.com/KBR_Careers/job/Poland/LCV-EUCOM-Poland--Laborer--Contingency-_R2119355"
"United Arab Emirates","KBR","Specialist Lifting Operation Engineer – Fabrication Yard (Offshore Topside Project)","Other","Abu Dhabi, United Arab Emirates","2026-03-07","https://kbr.wd5.myworkdayjobs.com/KBR_Careers/job/Abu-Dhabi-United-Arab-Emirates/Specialist-Lifting-Operation-Engineer---Fabrication-Yard--Offshore-Topside-Project-_R2116724"
"United Arab Emirates","KBR","Lead, Onshore Commissioning (Sales Gas & Condensate)","Operations & Process","Abu Dhabi, United Arab Emirates","2026-03-07","https://kbr.wd5.myworkdayjobs.com/KBR_Careers/job/Abu-Dhabi-United-Arab-Emirates/Lead--Onshore-Commissioning--Sales-Gas---Condensate-_R2119337"
"USA","KBR","SURGE SUPPORT Material Specialist III","Supply Chain","Jacksonville, Florida","2026-03-07","https://kbr.wd5.myworkdayjobs.com/KBR_Careers/job/Jacksonville-Florida/SURGE-SUPPORT-Material-Specialist-III_R2118600"
"Australia","KBR","Principal Civil Designer","Mechanical & Structural","Adelaide, South Australia, Australia","2026-03-07","https://kbr.wd5.myworkdayjobs.com/KBR_Careers/job/Adelaide-South-Australia-Australia/Principal-Civil-Designer_R2119331-1"
"Australia","KBR","Senior Track Engineer","Management & Administration","Melbourne, Victoria, Australia","2026-03-07","https://kbr.wd5.myworkdayjobs.com/KBR_Careers/job/Melbourne-Victoria-Australia/Senior-Track-Engineer_R2119269"
"Germany","KBR","*SkillBridge Only* GFEBS Project Manager","Project Management","Mohringen, Germany","2026-03-07","https://kbr.wd5.myworkdayjobs.com/KBR_Careers/job/Mohringen-Germany/XMLNAME--SkillBridge-Only--GFEBS-Project-Manager_R2118287"
"USA","KBR","Systems Engineer","Other","Huntsville, Alabama","2026-03-07","https://kbr.wd5.myworkdayjobs.com/KBR_Careers/job/Huntsville-Alabama/Systems-Engineer_R2119321"
"United Kingdom","KBR","Lead Civil Engineer","Mechanical & Structural","Plymouth, Devon, United Kingdom","2026-03-07","https://kbr.wd5.myworkdayjobs.com/KBR_Careers/job/Plymouth-Devon-United-Kingdom/Lead-Civil-Engineer_R2119246"
"United Kingdom","KBR","Assistant Project Manager","Project Management","Plymouth, Devon, United Kingdom","2026-03-07","https://kbr.wd5.myworkdayjobs.com/KBR_Careers/job/Plymouth-Devon-United-Kingdom/Assistant-Project-Manager_R2119247"
"United Kingdom","KBR","Quantity Surveyor","Project Management","Plymouth, Devon, United Kingdom","2026-03-07","https://kbr.wd5.myworkdayjobs.com/KBR_Careers/job/Plymouth-Devon-United-Kingdom/Quantity-Surveyor_R2119245"
"Australia","KBR","Structural Engineer","Mechanical & Structural","Melbourne, Victoria, Australia","2026-03-07","https://kbr.wd5.myworkdayjobs.com/KBR_Careers/job/Melbourne-Victoria-Australia/Structural-Engineer_R2119071"
"Australia","KBR","Advisor, Corporate Affairs (Business Partnering)","Other","Australia","2026-03-07","https://kbr.wd5.myworkdayjobs.com/KBR_Careers/job/Canberra-Australian-Capital-Territory-Australia/Advisor--Corporate-Affairs--Business-Partnering-_R2117850-1"
"Australia","KBR","Mechanical Drafter","Mechanical & Structural","Sydney, New South Wales, Australia","2026-03-07","https://kbr.wd5.myworkdayjobs.com/KBR_Careers/job/Sydney-New-South-Wales-Australia/Mechanical-Drafter_R2119076"
"USA","KBR","Special Operations Clinical Psychologist (Coronado, CA)","Science & Laboratory","San Diego, California","2026-03-07","https://kbr.wd5.myworkdayjobs.com/KBR_Careers/job/San-Diego-California/Special-Operations-Clinical-Psychologist--Coronado--CA-_R2115857"
"USA","KBR","Data Scientist","IT & Digital","Chantilly, Virginia","2026-03-07","https://kbr.wd5.myworkdayjobs.com/KBR_Careers/job/Chantilly-Virginia/Data-Scientist_R2119181"
"USA","KBR","Operations Research Analyst","Other","Colorado Springs, Colorado","2026-03-07","https://kbr.wd5.myworkdayjobs.com/KBR_Careers/job/Colorado-Springs-Colorado/Operations-Research-Analyst_R2119183"
"USA","KBR","Operations Research Analyst","Other","Colorado Springs, Colorado","2026-03-07","https://kbr.wd5.myworkdayjobs.com/KBR_Careers/job/Colorado-Springs-Colorado/Operations-Research-Analyst_R2119180"
"USA","KBR","Test Engineer","Other","Colorado Springs, Colorado","2026-03-07","https://kbr.wd5.myworkdayjobs.com/KBR_Careers/job/Colorado-Springs-Colorado/Test-Engineer_R2119191"
"USA","KBR","Test Analyst","Other","Colorado Springs, Colorado","2026-03-07","https://kbr.wd5.myworkdayjobs.com/KBR_Careers/job/Colorado-Springs-Colorado/Test-Analyst_R2119185"
"USA","KBR","Test Analyst","Other","Colorado Springs, Colorado","2026-03-07","https://kbr.wd5.myworkdayjobs.com/KBR_Careers/job/Colorado-Springs-Colorado/Test-Analyst_R2119190"
"USA","KBR","Data Scientist","IT & Digital","Chantilly, Virginia","2026-03-07","https://kbr.wd5.myworkdayjobs.com/KBR_Careers/job/Chantilly-Virginia/Data-Scientist_R2119184-1"
"United Kingdom","KBR","Electrical Engineer","Electrical & Instrumentation","United Kingdom","2026-03-07","https://kbr.wd5.myworkdayjobs.com/KBR_Careers/job/Glasgow/Electrical-Engineer--Remote-_R2116255"
"USA","KBR","Senior Systems Engineer","Management & Administration","USA","2026-03-07","https://kbr.wd5.myworkdayjobs.com/KBR_Careers/job/Beavercreek-Ohio/Senior-Systems-Engineer_R2119240"
"USA","KBR","Staff Mechanical Engineer","Mechanical & Structural","Las Cruces, New Mexico","2026-03-07","https://kbr.wd5.myworkdayjobs.com/KBR_Careers/job/Las-Cruces-New-Mexico/Staff-Mechanical-Engineer_R2119233"
"Bahrain","KBR","NSA BOSS Bahrain: MHE &Vehicle Maintenance (Contingency Hire)","HR & People","Juffair, Bahrain","2026-03-07","https://kbr.wd5.myworkdayjobs.com/KBR_Careers/job/Juffair-Bahrain/NSA-BOSS-Bahrain--MHE--Vehicle-Maintenance--Contingency-Hire-_R2119198"
"Azerbaijan","KBR","E3D Designer","Other","Baku, Azerbaijan","2026-03-07","https://kbr.wd5.myworkdayjobs.com/KBR_Careers/job/Baku-Azerbaijan/E3D-Desiger_R2118093"
"USA","KBR","AGMS Simulation Engineer","Other","Redstone Arsenal, Alabama","2026-03-07","https://kbr.wd5.myworkdayjobs.com/KBR_Careers/job/Redstone-Arsenal-Alabama/AGMS-Simulation-Engineer_R2119186-1"
"USA","KBR","AGMS T&E Engineer","Other","Redstone Arsenal, Alabama","2026-03-07","https://kbr.wd5.myworkdayjobs.com/KBR_Careers/job/Redstone-Arsenal-Alabama/AGMS-T-E-Engineer_R2119187"
"USA","KBR","ATI Simulation Engineer","Other","Redstone Arsenal, Alabama","2026-03-07","https://kbr.wd5.myworkdayjobs.com/KBR_Careers/job/Redstone-Arsenal-Alabama/ATI-Simulation-Engineer_R2119175"
"USA","KBR","AGMS Simulation Engineer","Other","Redstone Arsenal, Alabama","2026-03-07","https://kbr.wd5.myworkdayjobs.com/KBR_Careers/job/Redstone-Arsenal-Alabama/AGMS-Simulation-Engineer_R2119176"
"USA","KBR","AGMS T&E Engineer","Other","Redstone Arsenal, Alabama","2026-03-07","https://kbr.wd5.myworkdayjobs.com/KBR_Careers/job/Redstone-Arsenal-Alabama/AGMS-T-E-Engineer_R2119177-1"
"USA","KBR","Javelin T&E Engineer","Other","Redstone Arsenal, Alabama","2026-03-07","https://kbr.wd5.myworkdayjobs.com/KBR_Careers/job/Redstone-Arsenal-Alabama/Javelin-T-E-Engineer_R2119178-1"
"USA","KBR","National Security Solutions (NSS) - Generative AI Intern","Internship & Graduate","Beavercreek Township, Ohio","2026-03-07","https://kbr.wd5.myworkdayjobs.com/KBR_Careers/job/Beavercreek-Township-Ohio/National-Security-Solutions--NSS----Generative-AI-Intern_R2119182"
"USA","KBR","Junior Software Engineer","IT & Digital","Beavercreek, Ohio","2026-03-07","https://kbr.wd5.myworkdayjobs.com/KBR_Careers/job/Beavercreek-Ohio/Junior-Software-Engineer_R2119171"
"USA","KBR","Software Engineer","IT & Digital","Beavercreek, Ohio","2026-03-07","https://kbr.wd5.myworkdayjobs.com/KBR_Careers/job/Beavercreek-Ohio/Software-Engineer_R2119172"
"USA","KBR","Software Developer","IT & Digital","Beavercreek, Ohio","2026-03-07","https://kbr.wd5.myworkdayjobs.com/KBR_Careers/job/Beavercreek-Ohio/Software-Developer_R2119174"
"USA","KBR","Manufacturing Manager","Management & Administration","Huntsville, Alabama","2026-03-07","https://kbr.wd5.myworkdayjobs.com/KBR_Careers/job/Huntsville-Alabama/Manufacturing-Manager_R2113465"
"USA","KBR","Custodial Cleaner","Other","USA","2026-03-07","https://kbr.wd5.myworkdayjobs.com/KBR_Careers/job/Houston-Texas/Custodial-Cleaner_R2107759-1"
"USA","KBR","Electrical Control Technician","Operations & Process","USA","2026-03-07","https://kbr.wd5.myworkdayjobs.com/KBR_Careers/job/Houston-Texas/Electrical-Control-Technician_R2107767-1"
"USA","KBR","Travel Coordinator","Other","USA","2026-03-07","https://kbr.wd5.myworkdayjobs.com/KBR_Careers/job/Houston-Texas/Travel-Coordinator_R2107614"
"USA","KBR","Food Service - Consumables Warehouse Manager","Supply Chain","USA","2026-03-07","https://kbr.wd5.myworkdayjobs.com/KBR_Careers/job/Houston-Texas/Food-Service---Consumables-Warehouse-Manager_R2107864"
"USA","KBR","Housekeeper","Other","USA","2026-03-07","https://kbr.wd5.myworkdayjobs.com/KBR_Careers/job/Houston-Texas/Housekeeper_R2107996"
"USA","KBR","Operations & Maintenance Technician","Operations & Process","USA","2026-03-07","https://kbr.wd5.myworkdayjobs.com/KBR_Careers/job/Houston-Texas/Operations---Maintenance-Technician_R2108000"
"USA","KBR","Fire Safety Specialist","HSE & Environment","USA","2026-03-07","https://kbr.wd5.myworkdayjobs.com/KBR_Careers/job/Houston-Texas/Fire-Safety-Specialist_R2107822"
"USA","KBR","Master Plumber","Other","USA","2026-03-07","https://kbr.wd5.myworkdayjobs.com/KBR_Careers/job/Houston-Texas/Master-Plumber_R2108001-1"
"USA","KBR","Construction Manager","Project Management","USA","2026-03-07","https://kbr.wd5.myworkdayjobs.com/KBR_Careers/job/Houston-Texas/Construction-Manager_R2107652"
"USA","KBR","Generator Technician","Operations & Process","USA","2026-03-07","https://kbr.wd5.myworkdayjobs.com/KBR_Careers/job/Houston-Texas/Generator-Technician_R2107995"
"USA","KBR","HVACR Mechanic, Supervisor","Mechanical & Structural","USA","2026-03-07","https://kbr.wd5.myworkdayjobs.com/KBR_Careers/job/Houston-Texas/HVACR-Mechanic--Supervisor_R2107997"
"USA","KBR","Vehicle Mechanic","Mechanical & Structural","USA","2026-03-07","https://kbr.wd5.myworkdayjobs.com/KBR_Careers/job/Houston-Texas/Vehicle-Mechanic_R2108004"
"USA","KBR","Executive Chef","Other","USA","2026-03-07","https://kbr.wd5.myworkdayjobs.com/KBR_Careers/job/Houston-Texas/Executive-Chef_R2107859"
"USA","KBR","Environmental Safety & Health Manager","HSE & Environment","USA","2026-03-07","https://kbr.wd5.myworkdayjobs.com/KBR_Careers/job/Houston-Texas/Environmental-Safety---Health-Manager_R2107770"
"USA","KBR","Food Service Dining Room Orderly","Other","USA","2026-03-07","https://kbr.wd5.myworkdayjobs.com/KBR_Careers/job/Houston-Texas/Food-Service-Dining-Room-Orderly_R2107649"
"USA","KBR","Electrical Specialist","Electrical & Instrumentation","USA","2026-03-07","https://kbr.wd5.myworkdayjobs.com/KBR_Careers/job/Houston-Texas/Electrical-Specialist_R2107762"
"USA","KBR","Billeting Hospitality Services Officer","Other","USA","2026-03-07","https://kbr.wd5.myworkdayjobs.com/KBR_Careers/job/Houston-Texas/Billeting-Hospitality-Services-Officer_R2107650"
"USA","KBR","Carpenter","Other","USA","2026-03-07","https://kbr.wd5.myworkdayjobs.com/KBR_Careers/job/Houston-Texas/Carpenter_R2107651"
"USA","KBR","Fuel Manager","Management & Administration","USA","2026-03-07","https://kbr.wd5.myworkdayjobs.com/KBR_Careers/job/Houston-Texas/Fuel-Manager_R2107994"
"USA","KBR","Special Operations Performance Dietitian (3rd OSG, Ft. Bragg, NC)","Other","Fort Liberty, North Carolina","2026-03-07","https://kbr.wd5.myworkdayjobs.com/KBR_Careers/job/Fort-Liberty-North-Carolina/Special-Operations-Performance-Dietitian--3rd-OSG--Ft-Bragg--NC-_R2119156"
"USA","KBR","Senior Expeditor","Management & Administration","Newark, Delaware","2026-03-07","https://kbr.wd5.myworkdayjobs.com/KBR_Careers/job/Newark-Delaware/Senior-Expeditor_R2119159"
"USA","KBR","National Security Solutions (NSS) Internship – INTEL DE/MBSE Intern","Internship & Graduate","King of Prussia, Pennsylvania","2026-03-07","https://kbr.wd5.myworkdayjobs.com/KBR_Careers/job/King-of-Prussia-Pennsylvania/National-Security-Solutions--NSS--Internship---INTEL-DE-MBSE-Intern_R2119128"
"United Arab Emirates","KBR","Senior Engineer – Asset / SPIR Coordination","Management & Administration","Abu Dhabi, United Arab Emirates","2026-03-07","https://kbr.wd5.myworkdayjobs.com/KBR_Careers/job/Abu-Dhabi-United-Arab-Emirates/Senior-Engineer---Asset---SPIR-Coordination_R2118962"
"Australia","KBR","Senior Manager, Campaigns","Management & Administration","Australia","2026-03-07","https://kbr.wd5.myworkdayjobs.com/KBR_Careers/job/Canberra-Australian-Capital-Territory-Australia/Senior-Manager--Campaigns_R2115972"
"USA","KBR","Principal Aerospace Engineer","Management & Administration","Huntsville, Alabama","2026-03-07","https://kbr.wd5.myworkdayjobs.com/KBR_Careers/job/Huntsville-Alabama/Principal-Aerospace-Engineer_R2119126-1"
"USA","KBR","MCPP - Welder (Philippines)","Other","Jacksonville, Florida","2026-03-07","https://kbr.wd5.myworkdayjobs.com/KBR_Careers/job/Jacksonville-Florida/MCPP---Welder--Philippines-_R2119117"
"USA","KBR","MCPP - Motor Transport Process Control Analyst (Philippines)","Operations & Process","Jacksonville, Florida","2026-03-07","https://kbr.wd5.myworkdayjobs.com/KBR_Careers/job/Jacksonville-Florida/MCPP---Motor-Transport-Process-Control-Analyst--Philippines-_R2118850"
"USA","KBR","MCPP - Engineer Process Control Analyst (PCA) - (Philippines)","Operations & Process","Jacksonville, Florida","2026-03-07","https://kbr.wd5.myworkdayjobs.com/KBR_Careers/job/Jacksonville-Florida/MCPP---Process-Control-Analyst--PCA-----Philippines-_R2118844"
"USA","KBR","MCPP- Communication Process Control Analyst – (Philippines)","Operations & Process","Jacksonville, Florida","2026-03-07","https://kbr.wd5.myworkdayjobs.com/KBR_Careers/job/Jacksonville-Florida/MCPP--Communication-Process-Control-Analyst----Philippines-_R2118842"
"USA","KBR","Model Based Systems Engineer SME","Other","USA","2026-03-07","https://kbr.wd5.myworkdayjobs.com/KBR_Careers/job/El-Segundo-California/Model-Based-Systems-Engineer-SME_R2111982"
"USA","KBR","National Security Solutions (NSS) - Technical Intern","Internship & Graduate","Beavercreek Township, Ohio","2026-03-07","https://kbr.wd5.myworkdayjobs.com/KBR_Careers/job/Beavercreek-Township-Ohio/National-Security-Solutions--NSS----Technical-Intern_R2118285"
"USA","KBR","Project Manager","Project Management","St Inigoes, Maryland","2026-03-07","https://kbr.wd5.myworkdayjobs.com/KBR_Careers/job/St-Inigoes-Maryland/Project-Manager_R2119043"
"Iraq","KBR","Estimator-On Site","Other","Basra, Al Başrah, Iraq","2026-03-07","https://kbr.wd5.myworkdayjobs.com/KBR_Careers/job/Basra-Al-Barah-Iraq/Estimator-On-Site_R2119077"
"USA","KBR","MCPP - Material Specialist III","Supply Chain","USA","2026-03-07","https://kbr.wd5.myworkdayjobs.com/KBR_Careers/job/Jacksonville-Florida/MCPP---Material-Specialist-III_R2118576-1"
"Australia","KBR","Senior Civil Drafter - Roads","Mechanical & Structural","Perth, Western Australia, Australia","2026-03-07","https://kbr.wd5.myworkdayjobs.com/KBR_Careers/job/Perth-Western-Australia-Australia/Senior-Civil-Drafter---Roads_R2119068-1"
"USA","KBR","LCV NORTHCOM: GS Site Manager (Contingency)","Project Management","West Point, New York","2026-03-07","https://kbr.wd5.myworkdayjobs.com/KBR_Careers/job/West-Point-New-York/LCV-NORTHCOM--GS-Site-Manager--Contingency-_R2119053"
"Saudi Arabia","KBR","Analyzer Technician","Operations & Process","Jubail, Saudi Arabia","2026-03-07","https://kbr.wd5.myworkdayjobs.com/KBR_Careers/job/Jubail-Saudi-Arabia/Analyzer-Technician_R2119066"
"Saudi Arabia","KBR","Reliability Manager or Head of QA/QC","Mechanical & Structural","Jubail, Saudi Arabia","2026-03-07","https://kbr.wd5.myworkdayjobs.com/KBR_Careers/job/Jubail-Saudi-Arabia/Reliability-Manager-or-Head-of-QA-QC_R2119065-1"
"Saudi Arabia","KBR","Mechanical Planner","Mechanical & Structural","Jubail, Saudi Arabia","2026-03-07","https://kbr.wd5.myworkdayjobs.com/KBR_Careers/job/Jubail-Saudi-Arabia/Mechanical-Planner_R2119062"
"USA","KBR","Integrated Master Scheduler","Project Management","USA","2026-03-07","https://kbr.wd5.myworkdayjobs.com/KBR_Careers/job/Huntsville-Alabama/Integrated-Master-Scheduler_R2119055-1"
"USA","KBR","Principal Estimator, Price-to-Win","Management & Administration","Chantilly, Virginia","2026-03-07","https://kbr.wd5.myworkdayjobs.com/KBR_Careers/job/Chantilly-Virginia/Principal-Estimator--Price-to-Win_R2118189"
"Australia","KBR","Property Coordinator","Other","Alice Springs, Northern Territory, Australia","2026-03-07","https://kbr.wd5.myworkdayjobs.com/KBR_Careers/job/Alice-Springs-Northern-Territory-Australia/Property-Coordinator_R2100360"
"Iraq","KBR","MISS: Utilities Manager (Contingency Hire)","Management & Administration","Baghdad, Iraq","2026-03-07","https://kbr.wd5.myworkdayjobs.com/KBR_Careers/job/Baghdad-Iraq/MISS--Utilities-Manager--Contingency-Hire-_R2118681"
"Iraq","KBR","MISS: Building Automation Systems (BAS) Technician (Contingency Hire)","Operations & Process","Iraq","2026-03-07","https://kbr.wd5.myworkdayjobs.com/KBR_Careers/job/Baghdad-Baghdd-Iraq/MISS--Building-Automation-Systems--BAS--Technician--Contingency-Hire-_R2118678"
"USA","KBR","MISS: Deputy Project Manager (Contingency Hire)","Project Management","Houston, Texas","2026-03-07","https://kbr.wd5.myworkdayjobs.com/KBR_Careers/job/Houston-Texas/MISS--Deputy-Project-Manager--Contingency-Hire-_R2118698-1"
"Iraq","KBR","MISS: Landscaping/Grounds Keeping Supervisor (Contingency Hire)","Project Management","Iraq","2026-03-07","https://kbr.wd5.myworkdayjobs.com/KBR_Careers/job/Baghdad-Baghdd-Iraq/MISS--Landscaping-Grounds-Keeping-Supervisor--Contingency-Hire-_R2118692"
"England","KBR","Special Operations Performance Dietitian (ONSITE at 352 SOW/Mildenhall, UK)","Other","Suffolk, England","2026-03-07","https://kbr.wd5.myworkdayjobs.com/KBR_Careers/job/Suffolk-England/Special-Operations-Performance-Dietitian--ONSITE-at-352-SOW-Mildenhall--UK-_R2119033"
"Germany","KBR","Project Manager - Germany","Project Management","Bad Homburg vor der Hohe, Germany","2026-03-07","https://kbr.wd5.myworkdayjobs.com/KBR_Careers/job/Bad-Homburg-vor-der-Hohe-Germany/Project-Manager---Germany_R2118970"
"United Arab Emirates","KBR","Logistics Engineer (Onsite)","Supply Chain","Abu Dhabi, United Arab Emirates","2026-03-07","https://kbr.wd5.myworkdayjobs.com/KBR_Careers/job/Abu-Dhabi-United-Arab-Emirates/Logistics-Engineer--Onsite-_R2118905"
"Australia","KBR","Design Manager","Management & Administration","Melbourne, Victoria, Australia","2026-03-07","https://kbr.wd5.myworkdayjobs.com/KBR_Careers/job/Melbourne-Victoria-Australia/Design-Manager_R2117638"
"USA","KBR","Senior Crypto Security Engineer","Management & Administration","El Segundo, California","2026-03-07","https://kbr.wd5.myworkdayjobs.com/KBR_Careers/job/El-Segundo-California/Senior-Crypto-Security-Engineer_R2118774"
"USA","KBR","Electrical Engineer","Electrical & Instrumentation","Newark, Delaware","2026-03-07","https://kbr.wd5.myworkdayjobs.com/KBR_Careers/job/Newark-Delaware/Electrical-Engineer_R2118995"
"USA","KBR","MISS: Project Manager (Contingency Hire)","Project Management","Houston, Texas","2026-03-07","https://kbr.wd5.myworkdayjobs.com/KBR_Careers/job/Houston-Texas/MISS--Project-Manager--Contingency-Hire-_R2118700"
"USA","KBR","Substation Electrical Engineer","Electrical & Instrumentation","Newark, Delaware","2026-03-07","https://kbr.wd5.myworkdayjobs.com/KBR_Careers/job/Newark-Delaware/Substation-Electrical-Engineer_R2118993"
"Iraq","KBR","MISS: Chief Engineer (Contingency Hire)","Management & Administration","Iraq","2026-03-07","https://kbr.wd5.myworkdayjobs.com/KBR_Careers/job/Baghdad-Baghdd-Iraq/MISS--Chief-Engineer--Contingency-Hire-_R2118684"
"Iraq","KBR","MISS: Power Plant Manager (Contingency Hire)","Management & Administration","Iraq","2026-03-07","https://kbr.wd5.myworkdayjobs.com/KBR_Careers/job/Baghdad-Baghdd-Iraq/MISS--Power-Plant-Manager--Contingency-Hire-_R2118689"
"Iraq","KBR","MISS: Power Plant Manager (Contingency Hire)","Management & Administration","Iraq","2026-03-07","https://kbr.wd5.myworkdayjobs.com/KBR_Careers/job/Baghdad-Baghdd-Iraq/MISS--Power-Plant-Manager--Contingency-Hire-_R2118687"
"Iraq","KBR","MISS: Task Order PRC Manager (Contingency Hire)","Management & Administration","Iraq","2026-03-07","https://kbr.wd5.myworkdayjobs.com/KBR_Careers/job/Baghdad-Baghdd-Iraq/MISS--Task-Order-PRC-Manager--Contingency-Hire-_R2118697"
"Iraq","KBR","MISS: Power Plant Manager (Contingency Hire)","Management & Administration","Iraq","2026-03-07","https://kbr.wd5.myworkdayjobs.com/KBR_Careers/job/Baghdad-Baghdd-Iraq/MISS--Power-Plant-Manager--Contingency-Hire-_R2118691"
"USA","KBR","National Security Solutions (NSS) Internship – AI/ML Intern","Internship & Graduate","Chantilly, Virginia","2026-03-07","https://kbr.wd5.myworkdayjobs.com/KBR_Careers/job/Chantilly-Virginia/National-Security-Solutions--NSS--Internship---AI-ML-Intern_R2118798"
"Iraq","KBR","MISS: Task Order Fuel Manager (Contingency Hire)","Management & Administration","Iraq","2026-03-07","https://kbr.wd5.myworkdayjobs.com/KBR_Careers/job/Baghdad-Baghdd-Iraq/MISS--Task-Order-Fuel-Manager--Contingency-Hire-_R2118696"
"Iraq","KBR","MISS: HVAC Supervisor (Contingency Hire)","Mechanical & Structural","Erbil, Arbīl, Iraq","2026-03-07","https://kbr.wd5.myworkdayjobs.com/KBR_Careers/job/Erbil-Arbl-Iraq/MISS--HVAC-Supervisor--Contingency-Hire-_R2118621"
"Iraq","KBR","MISS: HVAC Supervisor (Contingency Hire)","Mechanical & Structural","Erbil, Arbīl, Iraq","2026-03-07","https://kbr.wd5.myworkdayjobs.com/KBR_Careers/job/Erbil-Arbl-Iraq/MISS--HVAC-Supervisor--Contingency-Hire-_R2118618"
"USA","KBR","Lead Piping Designer","Mechanical & Structural","Newark, Delaware","2026-03-07","https://kbr.wd5.myworkdayjobs.com/KBR_Careers/job/Newark-Delaware/Lead-Piping-Designer_R2118981"
"USA","KBR","Joint Modeling, Simulation, and Analysis (MS&A) Expert","Other","Chantilly, Virginia","2026-03-07","https://kbr.wd5.myworkdayjobs.com/KBR_Careers/job/Chantilly-Virginia/Joint-Modeling--Simulation--and-Analysis--MS-A--Expert_R2118979"
"USA","KBR","Senior Piping Designer","Mechanical & Structural","Newark, Delaware","2026-03-07","https://kbr.wd5.myworkdayjobs.com/KBR_Careers/job/Newark-Delaware/Senior-Piping-Designer_R2118980"
"Iraq","KBR","MISS: Medium Voltage Electrician (Contingency Hire)","Other","Iraq","2026-03-07","https://kbr.wd5.myworkdayjobs.com/KBR_Careers/job/Baghdad-Iraq/MISS--Medium-Voltage-Electrician--Contingency-Hire-_R2118709"
"USA","KBR","National Security Solutions (NSS) Internship – DevSecOps Intern","Internship & Graduate","Chantilly, Virginia","2026-03-07","https://kbr.wd5.myworkdayjobs.com/KBR_Careers/job/Chantilly-Virginia/National-Security-Solutions--NSS--Internship---DevSecOps-Intern_R2118585"
"USA","KBR","MCPP - Production Control Clerk (Philippines)","Operations & Process","Jacksonville, Florida","2026-03-07","https://kbr.wd5.myworkdayjobs.com/KBR_Careers/job/Jacksonville-Florida/MCPP---Production-Control-Lead-Clerk--Philippines-_R2118854"
"United Arab Emirates","KBR","Senior Engineer Construction (Mechanical)  - Fabrication Yard","Mechanical & Structural","Abu Dhabi, United Arab Emirates","2026-03-07","https://kbr.wd5.myworkdayjobs.com/KBR_Careers/job/Abu-Dhabi-United-Arab-Emirates/Senior-Engineer-Construction--Mechanical-----Fabrication-Yard_R2118954"
"Indonesia","KBR","Senior Process Engineer","Operations & Process","Jakarta, Jakarta Raya, Indonesia","2026-03-07","https://kbr.wd5.myworkdayjobs.com/KBR_Careers/job/Jakarta-Jakarta-Raya-Indonesia/Senior-Process-Engineer_R2118965"
"USA","KBR","MCPP- Electronic Technician Jr.","Operations & Process","Jacksonville, Florida","2026-03-07","https://kbr.wd5.myworkdayjobs.com/KBR_Careers/job/Jacksonville-Florida/MCPP--Electronic-Technician-Jr_R2118323-1"
"USA","KBR","MCPP- HAZMAT Waste Specialist – (Philippines)","Other","Jacksonville, Florida","2026-03-07","https://kbr.wd5.myworkdayjobs.com/KBR_Careers/job/Jacksonville-Florida/MCPP--HAZMAT-Waste-Specialist----Philippines-_R2118943"
"USA","KBR","MCPP- Supply Technician – (Philippines)","Operations & Process","Jacksonville, Florida","2026-03-07","https://kbr.wd5.myworkdayjobs.com/KBR_Careers/job/Jacksonville-Florida/MCPP--Supply-Technician----Philippines-_R2118940"
"USA","KBR","MCPP- Engineer Quality Control Inspector  – (Philippines)","HSE & Environment","Jacksonville, Florida","2026-03-07","https://kbr.wd5.myworkdayjobs.com/KBR_Careers/job/Jacksonville-Florida/MCPP--Engineer-Quality-Control-Inspector-----Philippines-_R2118936-1"
"USA","KBR","MCPP- Supervisor, Quality Systems– (Philippines)","HSE & Environment","Jacksonville, Florida","2026-03-07","https://kbr.wd5.myworkdayjobs.com/KBR_Careers/job/Jacksonville-Florida/MCPP--Supervisor--Quality-Systems---Philippines-_R2118933"
"USA","KBR","ERP Functional Analyst (D365 Finance & Operations)","Finance & Accounting","Houston, Texas","2026-03-07","https://kbr.wd5.myworkdayjobs.com/KBR_Careers/job/Houston-Texas/ERP-Functional-Analyst--D365-Finance---Operations-_R2118931"
"USA","KBR","Digital Integration Engineer","IT & Digital","Huntsville, Alabama","2026-03-07","https://kbr.wd5.myworkdayjobs.com/KBR_Careers/job/Huntsville-Alabama/Digital-Integration-Engineer_R2118461"
"USA","KBR","MCPP - Machinist (Philippines)","Mechanical & Structural","Jacksonville, Florida","2026-03-07","https://kbr.wd5.myworkdayjobs.com/KBR_Careers/job/Jacksonville-Florida/MCPP---Machinist--Philippines-_R2118925-1"
"USA","KBR","MCPP: Communication Maintenance Supervisor – Philippines","Project Management","Jacksonville, Florida","2026-03-07","https://kbr.wd5.myworkdayjobs.com/KBR_Careers/job/Jacksonville-Florida/MCPP--Communication-Maintenance-Supervisor---Philippines_R2118914"
"Angola","KBR","Refinery Turnover Management System Superintendent (Expat)","Management & Administration","Luanda, Luanda, Angola","2026-03-07","https://kbr.wd5.myworkdayjobs.com/KBR_Careers/job/Luanda-Luanda-Angola/Refinery-Turnover-Management-System-Superintendent--Expat-_R2118917"
"USA","KBR","MCPP- Motor Transport Mechanic – (Philippines)","Mechanical & Structural","Jacksonville, Florida","2026-03-07","https://kbr.wd5.myworkdayjobs.com/KBR_Careers/job/Jacksonville-Florida/MCPP--Motor-Transport-Mechanic----Philippines-_R2118836"
"USA","KBR","Civil/Structural Designer","Mechanical & Structural","Newark, Delaware","2026-03-07","https://kbr.wd5.myworkdayjobs.com/KBR_Careers/job/Newark-Delaware/Civil-Structural-Designer_R2118870"
"British Indian Ocean Territory","KBR","DG BOSS: Fire Sprinkler and Suppression Systems Technician (NICET III Certified)","Operations & Process","Diego Garcia, British Indian Ocean Territory","2026-03-07","https://kbr.wd5.myworkdayjobs.com/KBR_Careers/job/Diego-Garcia-British-Indian-Ocean-Territory/DG-BOSS--Fire-Sprinkler-and-Suppression-Systems-Technician--NICET-III-Certified-_R2118908"
"British Indian Ocean Territory","KBR","Diego Garcia: Fire Inspector","Other","Diego Garcia, British Indian Ocean Territory","2026-03-07","https://kbr.wd5.myworkdayjobs.com/KBR_Careers/job/Diego-Garcia-British-Indian-Ocean-Territory/Diego-Garcia--Fire-Inspector_R2118907"
"Iraq","KBR","Material Coordinator-Onsite","Supply Chain","Basra, Al Başrah, Iraq","2026-03-07","https://kbr.wd5.myworkdayjobs.com/KBR_Careers/job/Basra-Al-Barah-Iraq/Material-Coordinator-Onsite_R2117892"
"Saudi Arabia","KBR","Safety Supervisor","HSE & Environment","Jubail, Saudi Arabia","2026-03-07","https://kbr.wd5.myworkdayjobs.com/KBR_Careers/job/Jubail-Saudi-Arabia/Safety-Supervisor_R2118891"
"Saudi Arabia","KBR","Safety Officer","HSE & Environment","Jubail, Saudi Arabia","2026-03-07","https://kbr.wd5.myworkdayjobs.com/KBR_Careers/job/Jubail-Saudi-Arabia/Safety-Officer_R2118890"
"USA","KBR","MCPP: Equipment Support Team Mechanic (Motor Transport)","Mechanical & Structural","USA","2026-03-07","https://kbr.wd5.myworkdayjobs.com/KBR_Careers/job/Jacksonville-Florida/MCPP--Equipment-Support-Team-Mechanic--Motor-Transport-_R2118319"
"Australia","KBR","Senior Civil (Hydraulic) Engineer","Mechanical & Structural","Adelaide, South Australia, Australia","2026-03-07","https://kbr.wd5.myworkdayjobs.com/KBR_Careers/job/Adelaide-South-Australia-Australia/Senior-Civil-Engineer---Hydrulic_R2118626-1"
"USA","KBR","Engineering Technician","Operations & Process","San Antonio, New Mexico","2026-03-07","https://kbr.wd5.myworkdayjobs.com/KBR_Careers/job/San-Antonio-New-Mexico/Engineering-Technician_R2118324-1"
"Iraq","KBR","MISS: Utilities Manager (Contingency Hire)","Management & Administration","Baghdad, Iraq","2026-03-07","https://kbr.wd5.myworkdayjobs.com/KBR_Careers/job/Baghdad-Iraq/MISS--Utilities-Manager--Contingency-Hire-_R2118679"
"USA","KBR","Sr. Pricing Specialist","Other","Chantilly, Virginia","2026-03-07","https://kbr.wd5.myworkdayjobs.com/KBR_Careers/job/Chantilly-Virginia/Sr-Pricing-Specialist_R2118837"
"USA","KBR","Radar Systems Engineer","Other","Huntsville, Alabama","2026-03-07","https://kbr.wd5.myworkdayjobs.com/KBR_Careers/job/Huntsville-Alabama/Radar-Systems-Engineer_R2118668"
"United Arab Emirates","KBR","Offshore Installation Manager","Management & Administration","Abu Dhabi, United Arab Emirates","2026-03-07","https://kbr.wd5.myworkdayjobs.com/KBR_Careers/job/Abu-Dhabi-United-Arab-Emirates/Offshore-Installation-Manager_R2118745"
"Iraq","KBR","MISS: Country Fuel and Logistics Manager (Contingency Hire)","Supply Chain","Iraq","2026-03-07","https://kbr.wd5.myworkdayjobs.com/KBR_Careers/job/Baghdad-Baghdd-Iraq/MISS--Country-Fuel-and-Logistics-Manager--Contingency-Hire-_R2118701"
"USA","KBR","Engineering Technician II","Operations & Process","Wallops Island, Virginia","2026-03-07","https://kbr.wd5.myworkdayjobs.com/KBR_Careers/job/Wallops-Island-Virginia/Engineering-Technician-II_R2117387-1"
"USA","KBR","Proposal Writer","Other","USA","2026-03-07","https://kbr.wd5.myworkdayjobs.com/KBR_Careers/job/Houston-Texas/Proposal-Writer_R2115868"
"Iraq","KBR","MISS: Master Electrician Supervisor (Contingency Hire)","Project Management","Iraq","2026-03-07","https://kbr.wd5.myworkdayjobs.com/KBR_Careers/job/Erbil-Iraq/MISS--Master-Electrician-Supervisor--Contingency-Hire-_R2118722"
"Iraq","KBR","MISS: Master Electrician Supervisor (Contingency Hire)","Project Management","Iraq","2026-03-07","https://kbr.wd5.myworkdayjobs.com/KBR_Careers/job/Baghdad-Baghdd-Iraq/MISS--Master-Electrician-Supervisor--Contingency-Hire-_R2118721"
"Iraq","KBR","MISS: Power Plant Supervisor (Contingency Hire)","Project Management","Iraq","2026-03-07","https://kbr.wd5.myworkdayjobs.com/KBR_Careers/job/Baghdad-Iraq/MISS--Power-Plant-Supervisor--Contingency-Hire-_R2118717"
"USA","KBR","Systems Engineer MBSE","Other","Chantilly, Virginia","2026-03-07","https://kbr.wd5.myworkdayjobs.com/KBR_Careers/job/Chantilly-Virginia/Systems-Engineer-MBSE_R2118712"
"USA","KBR","Proposal Coordinator","Other","USA","2026-03-07","https://kbr.wd5.myworkdayjobs.com/KBR_Careers/job/Fulton-Maryland/Proposal-Coordinator_R2118574"
"USA","KBR","Maryland First or Second Grade Stationary Engineer","Other","Aberdeen Proving Ground, Maryland","2026-03-07","https://kbr.wd5.myworkdayjobs.com/KBR_Careers/job/Aberdeen-Proving-Ground-Maryland/Stationary-Engineer--HVAC_R2108860"
"Iraq","KBR","MISS: Designated Site Lead (Contingency)","Management & Administration","Baghdad, Iraq","2026-03-07","https://kbr.wd5.myworkdayjobs.com/KBR_Careers/job/Baghdad-Iraq/MISS--Designated-Site-Lead--Contingency-_R2118705"
"Iraq","KBR","MISS: Site Services Manager (Contingency Hire)","Management & Administration","Baghdad, Iraq","2026-03-07","https://kbr.wd5.myworkdayjobs.com/KBR_Careers/job/Baghdad-Iraq/MISS--Site-Services-Manager--Contingency-Hire-_R2118703"
"Iraq","KBR","MISS: Designated Site Lead (Contingency)","Management & Administration","Baghdad, Iraq","2026-03-07","https://kbr.wd5.myworkdayjobs.com/KBR_Careers/job/Baghdad-Iraq/MISS--Designated-Site-Lead--Contingency-_R2118707-1"
"Iraq","KBR","MISS: Power Plant Supervisor (Contingency Hire)","Project Management","Iraq","2026-03-07","https://kbr.wd5.myworkdayjobs.com/KBR_Careers/job/Baghdad-Iraq/MISS--Power-Plant-Supervisor--Contingency-Hire-_R2118718"
"Iraq","KBR","MISS: Task Order Safety Manager (Contingency Hire)","HSE & Environment","Iraq","2026-03-07","https://kbr.wd5.myworkdayjobs.com/KBR_Careers/job/Baghdad-Iraq/MISS--Task-Order-Safety-Manager--Contingency-Hire-_R2118675"
"Iraq","KBR","MISS: Medium Voltage Electrician (Contingency Hire)","Other","Iraq","2026-03-07","https://kbr.wd5.myworkdayjobs.com/KBR_Careers/job/Baghdad-Iraq/MISS--Medium-Voltage-Electrician--Contingency-Hire-_R2118710"
"USA","KBR","Sr RF Systems Engineer","Other","Chantilly, Virginia","2026-03-07","https://kbr.wd5.myworkdayjobs.com/KBR_Careers/job/Chantilly-Virginia/Sr-RF-Systems-Engineer_R2118603-1"
"Iraq","KBR","MISS: Medium Voltage Electrician (Contingency Hire)","Other","Iraq","2026-03-07","https://kbr.wd5.myworkdayjobs.com/KBR_Careers/job/Baghdad-Iraq/MISS--Medium-Voltage-Electrician--Contingency-Hire-_R2118713"
"Iraq","KBR","MISS: Power Plant Supervisor (Contingency Hire)","Project Management","Iraq","2026-03-07","https://kbr.wd5.myworkdayjobs.com/KBR_Careers/job/Baghdad-Iraq/MISS--Power-Plant-Supervisor--Contingency-Hire-_R2118716"
"Iraq","KBR","MISS: Operations Manager (Contingency Hire)","Management & Administration","Baghdad, Iraq","2026-03-07","https://kbr.wd5.myworkdayjobs.com/KBR_Careers/job/Baghdad-Iraq/MISS--Operations-Manager--Contingency-Hire-_R2118693"
"Iraq","KBR","MISS: Project Logistics and Property Manager (Contingency Hire)","Supply Chain","Iraq","2026-03-07","https://kbr.wd5.myworkdayjobs.com/KBR_Careers/job/Baghdad-Iraq/MISS--Project-Logistics-and-Property-Manager--Contingency-Hire-_R2118685"
"Iraq","KBR","MISS: Project Logistics and Property Manager (Contingency Hire)","Supply Chain","Iraq","2026-03-07","https://kbr.wd5.myworkdayjobs.com/KBR_Careers/job/Baghdad-Iraq/MISS--Project-Logistics-and-Property-Manager--Contingency-Hire-_R2118680"
"Iraq","KBR","MISS: Site Services Manager (Contingency Hire)","Management & Administration","Iraq","2026-03-07","https://kbr.wd5.myworkdayjobs.com/KBR_Careers/job/Baghdad-Iraq/MISS--Site-Services-Manager--Contingency-Hire-_R2118695"
"Iraq","KBR","MISS: Site Services Manager (Contingency Hire)","Management & Administration","Baghdad, Iraq","2026-03-07","https://kbr.wd5.myworkdayjobs.com/KBR_Careers/job/Baghdad-Iraq/MISS--Site-Services-Manager--Contingency-Hire-_R2118704"
"Iraq","KBR","MISS: Site Services Manager (Contingency Hire)","Management & Administration","Baghdad, Iraq","2026-03-07","https://kbr.wd5.myworkdayjobs.com/KBR_Careers/job/Baghdad-Iraq/MISS--Site-Services-Manager--Contingency-Hire-_R2118699"
"Iraq","KBR","MISS: Operations Manager (Contingency Hire)","Management & Administration","Baghdad, Iraq","2026-03-07","https://kbr.wd5.myworkdayjobs.com/KBR_Careers/job/Baghdad-Iraq/MISS--Operations-Manager--Contingency-Hire-_R2118690-1"
"Iraq","KBR","MISS: HVAC Technician Supervisor (Contingency Hire)","Operations & Process","Iraq","2026-03-07","https://kbr.wd5.myworkdayjobs.com/KBR_Careers/job/Baghdad-Baghdd-Iraq/MISS--HVAC-Technician-Supervisor--Contingency-Hire-_R2118620"
"Iraq","KBR","MISS: HVAC Supervisor (Contingency Hire)","Mechanical & Structural","Iraq","2026-03-07","https://kbr.wd5.myworkdayjobs.com/KBR_Careers/job/Baghdad-Iraq/MISS--HVAC-Supervisor--Contingency-Hire-_R2118619"
"India","KBR","Senior Technical Professional Mechanical","Mechanical & Structural","Gurgaon, Haryana, India","2026-03-07","https://kbr.wd5.myworkdayjobs.com/KBR_Careers/job/Gurgaon-Haryana-India/Senior-Technical-Professional-Mechanical_R2118630"
"Australia","KBR","Advisor, Corporate Affairs","Other","Australia","2026-03-07","https://kbr.wd5.myworkdayjobs.com/KBR_Careers/job/Canberra-Australian-Capital-Territory-Australia/Advisor--Corporate-Affairs_R2117851-1"
"Australia","KBR","Senior Coastal Engineer","Management & Administration","Brisbane, Queensland, Australia","2026-03-07","https://kbr.wd5.myworkdayjobs.com/KBR_Careers/job/Brisbane-Queensland-Australia/Senior-Coastal-Engineer_R2114729"
"USA","KBR","National Security Solutions (NSS) Internship – Optical Engineering Intern","Internship & Graduate","Kihei, Hawaii","2026-03-07","https://kbr.wd5.myworkdayjobs.com/KBR_Careers/job/Kihei-Hawaii/National-Security-Solutions--NSS--Internship---Optical-Engineering-Intern_R2118584"
"Iraq","KBR","Area Lead Mechanical Engineer","Mechanical & Structural","Iraq","2026-03-07","https://kbr.wd5.myworkdayjobs.com/KBR_Careers/job/Iraq/Area-Lead-Mechanical-Engineer_R2114739"
"USA","KBR","Cloud Management Dashboard Intern","Internship & Graduate","Sioux Falls, South Dakota","2026-03-07","https://kbr.wd5.myworkdayjobs.com/KBR_Careers/job/Sioux-Falls-South-Dakota/Cloud-Management-Dashboard-Intern_R2118605"
"USA","KBR","Logistics Analyst","Supply Chain","Huntsville, Alabama","2026-03-07","https://kbr.wd5.myworkdayjobs.com/KBR_Careers/job/Huntsville-Alabama/Logistics-Analyst_R2118614"
"USA","KBR","Administrative Coordinator","Other","Great Lakes, Illinois","2026-03-07","https://kbr.wd5.myworkdayjobs.com/KBR_Careers/job/Great-Lakes-Illinois/Administrative-Coordinator_R2118613"
"USA","KBR","Associate Solutions Architect - Business Development","Commercial & Business","USA","2026-03-07","https://kbr.wd5.myworkdayjobs.com/KBR_Careers/job/Chantilly-Virginia/Associate-Solutions-Architect---Business-Development_R2118517"
"USA","KBR","Solution Architect","Other","USA","2026-03-07","https://kbr.wd5.myworkdayjobs.com/KBR_Careers/job/Chantilly-Virginia/Solution-Architect_R2114496"
"USA","KBR","Assistant Program Manager – Test & Evaluation (T&E) ","Management & Administration","Lexington Park, Maryland","2026-03-07","https://kbr.wd5.myworkdayjobs.com/KBR_Careers/job/Lexington-Park-Maryland/Assistant-Program-Manager---Test---Evaluation--T-E--_R2118587"
"USA","KBR","Special Operations Clinical Psychologist (75th RR, Fort Benning,GA)","Science & Laboratory","Fort Moore, Georgia","2026-03-07","https://kbr.wd5.myworkdayjobs.com/KBR_Careers/job/Fort-Moore-Georgia/Special-Operations-Clinical-Psychologist--75th-RR--Fort-Benning-GA-_R2118582"
"Bahrain","KBR","NSA BOSS Bahrain: Maintenance Technician, EVT","Operations & Process","Juffair, Bahrain","2026-03-07","https://kbr.wd5.myworkdayjobs.com/KBR_Careers/job/Juffair-Bahrain/NSA-BOSS-Bahrain--Maintenance-Technician--EVT_R2118449"
"United Arab Emirates","KBR","Specialist Cost Estimation Engineer","Project Management","Abu Dhabi, United Arab Emirates","2026-03-07","https://kbr.wd5.myworkdayjobs.com/KBR_Careers/job/Abu-Dhabi-United-Arab-Emirates/Specialist-Cost-Estimation-Engineer_R2118554"
"Australia","KBR","Senior Civil Engineer","Mechanical & Structural","Melbourne, Victoria, Australia","2026-03-07","https://kbr.wd5.myworkdayjobs.com/KBR_Careers/job/Melbourne-Victoria-Australia/Senior-Civil-Engineer_R2118547"
"USA","KBR","*SkillBridge Only* ICS: AFHE Maintenance Technician","Operations & Process","USA","2026-03-07","https://kbr.wd5.myworkdayjobs.com/KBR_Careers/job/Pensacola-Florida/XMLNAME--SkillBridge-Only--ICS--AFHE-Maintenance-Technician_R2118532"
"USA","KBR","Senior Software Engineer","IT & Digital","Fairborn, Ohio","2026-03-07","https://kbr.wd5.myworkdayjobs.com/KBR_Careers/job/Fairborn-Ohio/Senior-Software-Engineer_R2117307"
"USA","KBR","General Services Intern","Internship & Graduate","Las Cruces, New Mexico","2026-03-07","https://kbr.wd5.myworkdayjobs.com/KBR_Careers/job/Las-Cruces-New-Mexico/General-Services-Intern_R2118467"
"India","KBR","Senior Technical Professional","Management & Administration","Chennai, Tamil Nadu, India","2026-03-07","https://kbr.wd5.myworkdayjobs.com/KBR_Careers/job/Chennai-Tamil-Nadu-India/Senior-Technical-Professional_R2118502"
"USA","KBR","RF Engineer Project Specialist (On-Site)","Other","Phoenix, Arizona","2026-03-07","https://kbr.wd5.myworkdayjobs.com/KBR_Careers/job/Phoenix-Arizona/RF-Engineer-Project-Specialist--On-Site-_R2118183"
"Poland","KBR","Senior Subcontracts Administrator","Supply Chain","Poznan, Poland","2026-03-07","https://kbr.wd5.myworkdayjobs.com/KBR_Careers/job/Poznan-Poland/Senior-Subcontracts-Administrator_R2118477-1"
"Poland","KBR","Subcontracts Administrator","Supply Chain","Poznan, Poland","2026-03-07","https://kbr.wd5.myworkdayjobs.com/KBR_Careers/job/Poznan-Poland/Subcontracts-Administrator_R2118478"
"Poland","KBR","Senior Subcontracts Administrator","Supply Chain","Poznan, Poland","2026-03-07","https://kbr.wd5.myworkdayjobs.com/KBR_Careers/job/Poznan-Poland/Senior-Subcontracts-Administrator_R2118476"
"India","KBR","Senior Technical Advisor","Management & Administration","Chennai, Tamil Nadu, India","2026-03-07","https://kbr.wd5.myworkdayjobs.com/KBR_Careers/job/Chennai-Tamil-Nadu-India/Senior-Technical-Advisor_R2118508"
"Saudi Arabia","KBR","Area Superintendent/Maintenance Head","Management & Administration","Al-Jubail, Saudi Arabia","2026-03-07","https://kbr.wd5.myworkdayjobs.com/KBR_Careers/job/Al-Jubail-Saudi-Arabia/Area-Superintendent-Maintenance-Head_R2109203"
"India","KBR","Principal Technical Professional - Mech Handling","Management & Administration","Bangalore, Karnataka, India","2026-03-07","https://kbr.wd5.myworkdayjobs.com/KBR_Careers/job/Bangalore-Karnataka-India/Principal-Technical-Professional---Mech-Handling_R2117420"
"British Indian Ocean Territory","KBR","DG BOSS: Bike Mechanic (FN) (Open)","Mechanical & Structural","Diego Garcia, British Indian Ocean Territory","2026-03-07","https://kbr.wd5.myworkdayjobs.com/KBR_Careers/job/Diego-Garcia-British-Indian-Ocean-Territory/DG-BOSS--Bike-Mechanic--FN---Open-_R2118484-1"
"British Indian Ocean Territory","KBR","DG BOSS: Painter/Chipper (FN)","Other","Diego Garcia, British Indian Ocean Territory","2026-03-07","https://kbr.wd5.myworkdayjobs.com/KBR_Careers/job/Diego-Garcia-British-Indian-Ocean-Territory/DG-BOSS--Painter-Chipper--FN-_R2118492-1"
"British Indian Ocean Territory","KBR","DG BOSS: Painter/Chipper (FN)","Other","Diego Garcia, British Indian Ocean Territory","2026-03-07","https://kbr.wd5.myworkdayjobs.com/KBR_Careers/job/Diego-Garcia-British-Indian-Ocean-Territory/DG-BOSS--Painter-Chipper--FN-_R2118490-1"
"British Indian Ocean Territory","KBR","DG BOSS: Painter/Chipper (FN)","Other","Diego Garcia, British Indian Ocean Territory","2026-03-07","https://kbr.wd5.myworkdayjobs.com/KBR_Careers/job/Diego-Garcia-British-Indian-Ocean-Territory/DG-BOSS--Painter-Chipper--FN-_R2118489-1"
"British Indian Ocean Territory","KBR","DG BOSS: Painter/Chipper (FN)","Other","Diego Garcia, British Indian Ocean Territory","2026-03-07","https://kbr.wd5.myworkdayjobs.com/KBR_Careers/job/Diego-Garcia-British-Indian-Ocean-Territory/DG-BOSS--Painter-Chipper--FN-_R2118488-1"
"British Indian Ocean Territory","KBR","DG BOSS: Painter/Chipper (FN)","Other","Diego Garcia, British Indian Ocean Territory","2026-03-07","https://kbr.wd5.myworkdayjobs.com/KBR_Careers/job/Diego-Garcia-British-Indian-Ocean-Territory/DG-BOSS--Painter-Chipper--FN-_R2118487-1"
"British Indian Ocean Territory","KBR","DG BOSS: Shipfitter/Welder (FN)","Mechanical & Structural","Diego Garcia, British Indian Ocean Territory","2026-03-07","https://kbr.wd5.myworkdayjobs.com/KBR_Careers/job/Diego-Garcia-British-Indian-Ocean-Territory/DG-BOSS--Shipfitter-Welder--FN-_R2118486-1"
"British Indian Ocean Territory","KBR","DG BOSS: Sheet Metal Worker","Other","Diego Garcia, British Indian Ocean Territory","2026-03-07","https://kbr.wd5.myworkdayjobs.com/KBR_Careers/job/Diego-Garcia-British-Indian-Ocean-Territory/DG-BOSS--Sheet-Metal-Worker_R2118493-1"
"British Indian Ocean Territory","KBR","DG BOSS: Shipwright/Insulator (FN)","Drilling & Well","Diego Garcia, British Indian Ocean Territory","2026-03-07","https://kbr.wd5.myworkdayjobs.com/KBR_Careers/job/Diego-Garcia-British-Indian-Ocean-Territory/DG-BOSS--Shipwright-Insulator--FN-_R2118494-1"
"United Arab Emirates","KBR","Senior Project Engineer – VAP & Performance","Project Management","Abu Dhabi, United Arab Emirates","2026-03-07","https://kbr.wd5.myworkdayjobs.com/KBR_Careers/job/Abu-Dhabi-United-Arab-Emirates/Senior-Project-Engineer---VAP---Performance_R2118496"
"Saudi Arabia","KBR","Subcontractor Administrator","Supply Chain","Corniche, Al Khobar, Eastern Region, Saudi Arabia","2026-03-07","https://kbr.wd5.myworkdayjobs.com/KBR_Careers/job/Corniche-Al-Khobar-Eastern-Region-Saudi-Arabia/Subcontractor-Administrator_R2118417"
"USA","KBR","Sr. Radar Payload Systems Engineer","Other","Chantilly, Virginia","2026-03-07","https://kbr.wd5.myworkdayjobs.com/KBR_Careers/job/Chantilly-Virginia/Sr-Radar-Payload-Systems-Engineer_R2118399"
"USA","KBR","Sr. Security Specialist - SSO","Other","Washington, District of Columbia","2026-03-07","https://kbr.wd5.myworkdayjobs.com/KBR_Careers/job/Washington-District-of-Columbia/Sr-Security-Specialist---SSO_R2118271"
"USA","KBR","Contract Program Manager","Supply Chain","Chantilly, Virginia","2026-03-07","https://kbr.wd5.myworkdayjobs.com/KBR_Careers/job/Chantilly-Virginia/Contract-Program-Manager_R2118223"
"India","KBR","Expediting Specialist","Other","Pune, Maharashtra, India","2026-03-07","https://kbr.wd5.myworkdayjobs.com/KBR_Careers/job/Pune-Maharashtra-India/Expediting-Specialist_R2117578"
"USA","KBR","National Security Solutions (NSS) Electrical Engineering and Computer Engineering Internship","Electrical & Instrumentation","King of Prussia, Pennsylvania","2026-03-07","https://kbr.wd5.myworkdayjobs.com/KBR_Careers/job/King-of-Prussia-Pennsylvania/National-Security-Solutions--NSS--Electrical-Engineering-and-Computer-Engineering-Internship_R2118392"
"Angola","KBR","Instrument Superintendent","Electrical & Instrumentation","Luanda, Luanda, Angola","2026-03-07","https://kbr.wd5.myworkdayjobs.com/KBR_Careers/job/Luanda-Luanda-Angola/Instrument-Superintendent_R2118430"
"United Arab Emirates","KBR","Lead HSE Engineer","HSE & Environment","Abu Dhabi, United Arab Emirates","2026-03-07","https://kbr.wd5.myworkdayjobs.com/KBR_Careers/job/Abu-Dhabi-United-Arab-Emirates/Lead-HSE-Engineer_R2117288"
"Australia","KBR","Certification Engineer","Other","Sydney, New South Wales, Australia","2026-03-07","https://kbr.wd5.myworkdayjobs.com/KBR_Careers/job/Sydney-New-South-Wales-Australia/Certification-Engineer_R2117948"
"Australia","KBR","Senior CSR Engineer","Management & Administration","Sydney, New South Wales, Australia","2026-03-07","https://kbr.wd5.myworkdayjobs.com/KBR_Careers/job/Sydney-New-South-Wales-Australia/Senior-CSR-Engineer_R2116585"
"USA","KBR","Special Operations Clinical Psychologist (Dam Neck, VA)","Science & Laboratory","Virginia Beach, Virginia","2026-03-07","https://kbr.wd5.myworkdayjobs.com/KBR_Careers/job/Virginia-Beach-Virginia/Special-Operations-Clinical-Psychologist--Dam-Neck--VA-_R2118397"
"British Indian Ocean Territory","KBR","Diego Garcia: Senior Network Engineer","IT & Digital","Diego Garcia, British Indian Ocean Territory","2026-03-07","https://kbr.wd5.myworkdayjobs.com/KBR_Careers/job/Diego-Garcia-British-Indian-Ocean-Territory/Diego-Garcia--Senior-Network-Engineer_R2118377"
"USA","KBR","Electrical Engineering Intern - Summer 2026","Electrical & Instrumentation","Houston, Texas","2026-03-07","https://kbr.wd5.myworkdayjobs.com/KBR_Careers/job/Houston-Texas/Electrical-Engineering-Intern---Summer-2026_R2118318"
"Angola","KBR","HSE Area Manager/Coordinator","HSE & Environment","Luanda, Luanda, Angola","2026-03-07","https://kbr.wd5.myworkdayjobs.com/KBR_Careers/job/Luanda-Luanda-Angola/HSE-Area-Manager-Coordinator_R2118331"
"Australia","KBR","End User Compute Engineer","Other","Australia","2026-03-07","https://kbr.wd5.myworkdayjobs.com/KBR_Careers/job/Canberra-Australian-Capital-Territory-Australia/End-User-Compute-Engineer_R2116761"
"USA","KBR","Senior Financial Analyst/Project Planning & Controls (PP&C)","Electrical & Instrumentation","USA","2026-03-07","https://kbr.wd5.myworkdayjobs.com/KBR_Careers/job/Fulton-Maryland/Senior-Financial-Analyst-Project-Planning---Controls--PP-C-_R2118341"
"USA","KBR","Financial Analyst/Project Planning & Controls (PP&C)","Electrical & Instrumentation","USA","2026-03-07","https://kbr.wd5.myworkdayjobs.com/KBR_Careers/job/Fulton-Maryland/Financial-Analyst-Project-Planning---Controls--PP-C-_R2118339"
"USA","KBR","Modeling And Simulation Engineer - Mid","Other","Chantilly, Virginia","2026-03-07","https://kbr.wd5.myworkdayjobs.com/KBR_Careers/job/Chantilly-Virginia/Modeling-And-Simulation-Engineer---Mid_R2118266-1"
"Germany","KBR","LCV APS-2 Germany: Maintenance Technician (COMSEC/C5ISR)","Operations & Process","Dülmen, Germany","2026-03-07","https://kbr.wd5.myworkdayjobs.com/KBR_Careers/job/Dlmen-Germany/LCV-APS-2-Germany--Maintenance-Technician--COMSEC-C5ISR-_R2118115"
"Iraq","KBR","ESP Downhole Reliability Engineer","Mechanical & Structural","Basra, Al Başrah, Iraq","2026-03-07","https://kbr.wd5.myworkdayjobs.com/KBR_Careers/job/Basra-Al-Barah-Iraq/ESP-Downhole-Reliability-Engineer_R2115262"
"USA","KBR","Project Manager, EPC Projects","Project Management","Houston, Texas","2026-03-07","https://kbr.wd5.myworkdayjobs.com/KBR_Careers/job/Houston-Texas/Project-Manager--EPC-Projects_R2118248"
"USA","KBR","Program Director, EPC","Management & Administration","Houston, Texas","2026-03-07","https://kbr.wd5.myworkdayjobs.com/KBR_Careers/job/Houston-Texas/Program-Director--EPC_R2118254"
"USA","KBR","Sr. Project Manager, EPC","Project Management","Houston, Texas","2026-03-07","https://kbr.wd5.myworkdayjobs.com/KBR_Careers/job/Houston-Texas/Sr-Project-Manager--EPC_R2118251"
"USA","KBR","Senior Operations Research Analyst","Management & Administration","Colorado Springs, Colorado","2026-03-07","https://kbr.wd5.myworkdayjobs.com/KBR_Careers/job/Colorado-Springs-Colorado/Senior-Operations-Research-Analyst_R2118214"
"Ukraine","KBR","Design Monitoring and Evaluation Specialist/ Deputy Program Manager","Management & Administration","Ukraine","2026-03-07","https://kbr.wd5.myworkdayjobs.com/KBR_Careers/job/Ukraine/Design-Monitoring-and-Evaluation-Specialist--Deputy-Program-Manager_R2118136"
"USA","KBR","National Security Solutions (NSS) Software Engineering Internship","IT & Digital","Chantilly, Virginia","2026-03-07","https://kbr.wd5.myworkdayjobs.com/KBR_Careers/job/Chantilly-Virginia/National-Security-Solutions--NSS--Software-Engineering-Internship_R2116382"
"USA","KBR","Program Manager","Management & Administration","Chantilly, Virginia","2026-03-07","https://kbr.wd5.myworkdayjobs.com/KBR_Careers/job/Chantilly-Virginia/Program-Manager_R2115852"
"USA","KBR","GIS Analyst","Other","Chantilly, Virginia","2026-03-07","https://kbr.wd5.myworkdayjobs.com/KBR_Careers/job/Chantilly-Virginia/GIS-Analyst_R2117915-1"
"USA","KBR","Desk Officer","Other","Chantilly, Virginia","2026-03-07","https://kbr.wd5.myworkdayjobs.com/KBR_Careers/job/Chantilly-Virginia/Desk-Officer_R2115139"
"USA","KBR","Special Operations Physical Therapist (19th SFG(A) Camp Williams Draper, UT)","Other","Hill AFB, Utah","2026-03-07","https://kbr.wd5.myworkdayjobs.com/KBR_Careers/job/Hill-AFB-Utah/Special-Operations-Physical-Therapist--20th-SFG-A--Camp-Williams-Draper--UT-_R2118049"
"USA","KBR","Counterintelligence Officer","Other","Chantilly, Virginia","2026-03-07","https://kbr.wd5.myworkdayjobs.com/KBR_Careers/job/Chantilly-Virginia/Counterintelligence-Officer_R2115136"
"USA","KBR","Operations Advisor","Other","Chantilly, Virginia","2026-03-07","https://kbr.wd5.myworkdayjobs.com/KBR_Careers/job/Chantilly-Virginia/Operations-Advisor_R2115173"
"Saudi Arabia","KBR","Commercial Head","Commercial & Business","Jubail, Saudi Arabia","2026-03-07","https://kbr.wd5.myworkdayjobs.com/KBR_Careers/job/Jubail-Saudi-Arabia/Commercial-Head_R2118241"
"Saudi Arabia","KBR","Head of QA/QC","Management & Administration","Jubail, Saudi Arabia","2026-03-07","https://kbr.wd5.myworkdayjobs.com/KBR_Careers/job/Jubail-Saudi-Arabia/Head-of-QA-QC_R2118244"
"Saudi Arabia","KBR","Reliability & CBM Head","Mechanical & Structural","Saudi Arabia","2026-03-07","https://kbr.wd5.myworkdayjobs.com/KBR_Careers/job/Saudi-Arabia-Rabigh/Reliability---CBM-Head_R2118239"
"Saudi Arabia","KBR","Commercial Head","Commercial & Business","Saudi Arabia","2026-03-07","https://kbr.wd5.myworkdayjobs.com/KBR_Careers/job/Saudi-Arabia-Rabigh/Commercial-Head_R2118235"
"Saudi Arabia","KBR","HSE Manager","HSE & Environment","Saudi Arabia","2026-03-07","https://kbr.wd5.myworkdayjobs.com/KBR_Careers/job/Saudi-Arabia-Rabigh/HSE-Manager_R2118007"
"Saudi Arabia","KBR","Electrical Supervisor","Electrical & Instrumentation","Jubail, Saudi Arabia","2026-03-07","https://kbr.wd5.myworkdayjobs.com/KBR_Careers/job/Jubail-Saudi-Arabia/Electrical-Supervisor_R2115415"
"Saudi Arabia","KBR","Electrical Technician I","Operations & Process","Jubail, Saudi Arabia","2026-03-07","https://kbr.wd5.myworkdayjobs.com/KBR_Careers/job/Jubail-Saudi-Arabia/Electrical-Technician-I_R2115421-1"
"Saudi Arabia","KBR","Area Maintenance Head","Management & Administration","Saudi Arabia","2026-03-07","https://kbr.wd5.myworkdayjobs.com/KBR_Careers/job/Saudi-Arabia-Rabigh/Area-Maintenance-Head_R2118224"
"USA","KBR","Project Director","Management & Administration","Houston, Texas","2026-03-07","https://kbr.wd5.myworkdayjobs.com/KBR_Careers/job/Houston-Texas/Project-Director_R2113877"
"USA","KBR","V-22 Aircrewman (Assistant Platform Coordinator)","Other","Patuxent River, Maryland","2026-03-07","https://kbr.wd5.myworkdayjobs.com/KBR_Careers/job/Patuxent-River-Maryland/V-22-Aircrewman--Assistant-Platform-Coordinator-_R2117924"
"USA","KBR","Ground Systems Engineer","Other","Chantilly, Virginia","2026-03-07","https://kbr.wd5.myworkdayjobs.com/KBR_Careers/job/Chantilly-Virginia/Ground-Systems-Engineer_R2118141-1"
"USA","KBR","Special Operations Strength and Conditioning Specialist (AFSOC Unit/Ft Bragg, NC)","Other","Fayetteville, North Carolina","2026-03-07","https://kbr.wd5.myworkdayjobs.com/KBR_Careers/job/Fayetteville-North-Carolina/Special-Operations-Strength-and-Conditioning-Specialist--AFSOC-Unit-Ft-Bragg--NC-_R2118176"
"United Kingdom","KBR","Sustainability Lead","Management & Administration","Swindon, Wiltshire, United Kingdom","2026-03-07","https://kbr.wd5.myworkdayjobs.com/KBR_Careers/job/Swindon-Wiltshire-United-Kingdom/Sustainability-Lead_R2118158"
"USA","KBR","Senior Solution Architect - Growth","Management & Administration","Chantilly, Virginia","2026-03-07","https://kbr.wd5.myworkdayjobs.com/KBR_Careers/job/Chantilly-Virginia/Senior-Solution-Architect---Growth_R2118051"
"United Arab Emirates","KBR","Specialist Completions/ ICAPS Engineer - ( WHT's Subsea Cable & Piping)","Drilling & Well","Abu Dhabi, United Arab Emirates","2026-03-07","https://kbr.wd5.myworkdayjobs.com/KBR_Careers/job/Abu-Dhabi-United-Arab-Emirates/Specialist-Completions--ICAPS-Engineer-----WHT-s-Subsea-Cable---Piping-_R2118018"
"United Arab Emirates","KBR","Preservation Specialist Engineer - ( WHT's Subsea Cable & Piping)","Mechanical & Structural","Abu Dhabi, United Arab Emirates","2026-03-07","https://kbr.wd5.myworkdayjobs.com/KBR_Careers/job/Abu-Dhabi-United-Arab-Emirates/Preservation-Specialist-Engineer-----WHT-s-Subsea-Cable---Piping-_R2118019"
"United Arab Emirates","KBR","Specialist Commissioning Engineer – Process & Utility- ( WHT's Subsea Cable & Piping)","Operations & Process","Abu Dhabi, United Arab Emirates","2026-03-07","https://kbr.wd5.myworkdayjobs.com/KBR_Careers/job/Abu-Dhabi-United-Arab-Emirates/Specialist-Commissioning-Engineer---Process---Utility----WHT-s-Subsea-Cable---Piping-_R2118021"
"United Arab Emirates","KBR","Specialist Commissioning Engineer – Telecom ( WHT's Subsea Cable & Piping)","Operations & Process","Abu Dhabi, United Arab Emirates","2026-03-07","https://kbr.wd5.myworkdayjobs.com/KBR_Careers/job/Abu-Dhabi-United-Arab-Emirates/Specialist-Commissioning-Engineer---Telecom---WHT-s-Subsea-Cable---Piping-_R2118022"
"United Arab Emirates","KBR","Specialist Commissioning Engineer – HVAC- ( WHT's Subsea Cable & Piping)","Operations & Process","Abu Dhabi, United Arab Emirates","2026-03-07","https://kbr.wd5.myworkdayjobs.com/KBR_Careers/job/Abu-Dhabi-United-Arab-Emirates/Specialist-Commissioning-Engineer---HVAC----WHT-s-Subsea-Cable---Piping-_R2118091"
"United Arab Emirates","KBR","Specialist Commissioning Engineer – I&C ( WHT's Subsea Cable & Piping)","Operations & Process","Abu Dhabi, United Arab Emirates","2026-03-07","https://kbr.wd5.myworkdayjobs.com/KBR_Careers/job/Abu-Dhabi-United-Arab-Emirates/Specialist-Commissioning-Engineer---I-C---WHT-s-Subsea-Cable---Piping-_R2118090"
"United Arab Emirates","KBR","Specialist Commissioning Engineer – Safety System ( WHT's Subsea Cable & Piping)","HSE & Environment","Abu Dhabi, United Arab Emirates","2026-03-07","https://kbr.wd5.myworkdayjobs.com/KBR_Careers/job/Abu-Dhabi-United-Arab-Emirates/Specialist-Commissioning-Engineer---Safety-System---WHT-s-Subsea-Cable---Piping-_R2118088"
"United Arab Emirates","KBR","Specialist Commissioning Engineer – Electrical ( WHT's Subsea Cable & Piping)","Operations & Process","Abu Dhabi, United Arab Emirates","2026-03-07","https://kbr.wd5.myworkdayjobs.com/KBR_Careers/job/Abu-Dhabi-United-Arab-Emirates/Specialist-Commissioning-Engineer---Electrical---WHT-s-Subsea-Cable---Piping-_R2118087"
"United Arab Emirates","KBR","Specialist Commissioning Engineer – Mechanical System ( WHT's Subsea Cable & Piping)","Operations & Process","Abu Dhabi, United Arab Emirates","2026-03-07","https://kbr.wd5.myworkdayjobs.com/KBR_Careers/job/Abu-Dhabi-United-Arab-Emirates/Specialist-Commissioning-Engineer---Mechanical-System---WHT-s-Subsea-Cable---Piping-_R2118092"
"Djibouti","KBR","DJBOSS: Assistant Fire Chief -Training","HR & People","Djibouti, Djibouti","2026-03-07","https://kbr.wd5.myworkdayjobs.com/KBR_Careers/job/Djibouti-Djibouti/DJBOSS--Assistant-Fire-Chief--Training_R2118123"
"Australia","KBR","Capture Manager - Mission ICT","Management & Administration","Australia","2026-03-07","https://kbr.wd5.myworkdayjobs.com/KBR_Careers/job/Canberra-Australian-Capital-Territory-Australia/Capture-Manager---Deployable-ICT_R2114535"
"Australia","KBR","Supply Chain Management Logistics Officer","Supply Chain","Canberra, Australian Capital Territory, Australia","2026-03-07","https://kbr.wd5.myworkdayjobs.com/KBR_Careers/job/Canberra-Australian-Capital-Territory-Australia/Supply-Chain-Management-Logistics-Officer_R2117722"
"USA","KBR","Principal Specialist, Program Management","Management & Administration","Huntsville, Alabama","2026-03-07","https://kbr.wd5.myworkdayjobs.com/KBR_Careers/job/Huntsville-Alabama/Senior-Principal-Specialist--Program-Management_R2116389"
"USA","KBR","Special Operations Psychological / Mental Health Technician (Camp Lejeune / Sneads Ferry, NC,)","HSE & Environment","Jacksonville, North Carolina","2026-03-07","https://kbr.wd5.myworkdayjobs.com/KBR_Careers/job/Jacksonville-North-Carolina/Special-Operations-Psychological---Mental-Health-Technician--Camp-Lejeune---Sneads-Ferry--NC--_R2118121"
"USA","KBR","OPIR Analyst (Overhead Persistent Infrared)","Management & Administration","Wright Patterson AFB, Ohio","2026-03-07","https://kbr.wd5.myworkdayjobs.com/KBR_Careers/job/Wright-Patterson-AFB-Ohio/OPIR-Analyst--Overhead-Persistent-Infrared-_R2118064"
"USA","KBR","Imagery Scientist","Science & Laboratory","Wright Patterson AFB, Ohio","2026-03-07","https://kbr.wd5.myworkdayjobs.com/KBR_Careers/job/Wright-Patterson-AFB-Ohio/Imagery-Scientist_R2118062"
"USA","KBR","Strategic Requirements Systems Engineer","Other","El Segundo, California","2026-03-07","https://kbr.wd5.myworkdayjobs.com/KBR_Careers/job/El-Segundo-California/Strategic-Requirements-Systems-Engineer_R2118071"
"USA","KBR","Modeling and Simulation Lead","Management & Administration","Huntsville, Alabama","2026-03-07","https://kbr.wd5.myworkdayjobs.com/KBR_Careers/job/Huntsville-Alabama/Modeling-and-Simulation-Lead_R2118060-1"
"USA","KBR","Lead Flight T&E Advisor","Management & Administration","Arlington, Virginia","2026-03-07","https://kbr.wd5.myworkdayjobs.com/KBR_Careers/job/Arlington-Virginia/Technical-Advisor--Test-Engineering_R2097002"
"USA","KBR","Aircraft Systems Integrator","Other","Patuxent River, Maryland","2026-03-07","https://kbr.wd5.myworkdayjobs.com/KBR_Careers/job/Patuxent-River-Maryland/Aircraft-Systems-Integrator_R2108960-1"
"Republic of","KBR","Special Operations Physical Therapist (SOCKOR, South Korea)","Other","Pyeongtaek, Gyeonggi-do, Korea, Republic of","2026-03-07","https://kbr.wd5.myworkdayjobs.com/KBR_Careers/job/Pyeongtaek-Gyeonggi-do-Korea-Republic-of/Special-Operations-Physical-Therapist--SOCKOR--South-Korea-_R2115371"
"Indonesia","KBR","Architectural Designer","Other","Jakarta, Jakarta Raya, Indonesia","2026-03-07","https://kbr.wd5.myworkdayjobs.com/KBR_Careers/job/Jakarta-Jakarta-Raya-Indonesia/Architectural-Designer_R2117880"
"Djibouti","KBR","DJBOSS: Sr. Maintenance Mechanic (EVT)","Mechanical & Structural","Djibouti, Djibouti","2026-03-07","https://kbr.wd5.myworkdayjobs.com/KBR_Careers/job/Djibouti-Djibouti/DJBOSS--Sr-Maintenance-Mechanic--EVT-_R2117426"
"USA","KBR","Graduate Student Intern – Data Science & Remote Sensing","IT & Digital","Sioux Falls, South Dakota","2026-03-07","https://kbr.wd5.myworkdayjobs.com/KBR_Careers/job/Sioux-Falls-South-Dakota/Graduate-Student-Intern---Data-Science---Remote-Sensing_R2118003"
"USA","KBR","MCPP: Electronic Technician","Operations & Process","Jacksonville, Florida","2026-03-07","https://kbr.wd5.myworkdayjobs.com/KBR_Careers/job/Jacksonville-Florida/MCPP--Electronic-Technician_R2117248-1"
"United Arab Emirates","KBR","Specialist HSE Technical Engineer- Offshore Projects","HSE & Environment","Abu Dhabi, United Arab Emirates","2026-03-07","https://kbr.wd5.myworkdayjobs.com/KBR_Careers/job/Abu-Dhabi-United-Arab-Emirates/Specialist-HSE-Technical-Engineer--Offshore-Projects_R2117979"
"USA","KBR","Special Operations Clinical Psychologist (AFSOC Unit/Ft Bragg, NC)","Science & Laboratory","Fort Liberty, North Carolina","2026-03-07","https://kbr.wd5.myworkdayjobs.com/KBR_Careers/job/Fort-Liberty-North-Carolina/Special-Operations-Clinical-Psychologist--AFSOC-Unit-Ft-Bragg--NC-_R2117972"
"United Arab Emirates","KBR","Senior HSE Engineer (WHT’s, Subsea Cable & Piping))","HSE & Environment","Abu Dhabi, United Arab Emirates","2026-03-07","https://kbr.wd5.myworkdayjobs.com/KBR_Careers/job/Abu-Dhabi-United-Arab-Emirates/Senior-HSE-Engineer--WHT-s--Subsea-Cable---Piping--_R2117968"
"United Arab Emirates","KBR","Specialist Commissioning Engineer – Process & Utility- 2 ( Offshore -WHT's Subsea Cable & Piping)","Operations & Process","Abu Dhabi, United Arab Emirates","2026-03-07","https://kbr.wd5.myworkdayjobs.com/KBR_Careers/job/Abu-Dhabi-United-Arab-Emirates/Specialist-Commissioning-Engineer---Process---Utility--2---Offshore--WHT-s-Subsea-Cable---Piping-_R2117966"
"United Arab Emirates","KBR","Construction Offshore Manager ( WHT's Subsea Cable & Piping)","Mechanical & Structural","Abu Dhabi, United Arab Emirates","2026-03-07","https://kbr.wd5.myworkdayjobs.com/KBR_Careers/job/Abu-Dhabi-United-Arab-Emirates/Construction-Offshore-Manager---WHT-s-Subsea-Cable---Piping-_R2117965"
"United Arab Emirates","KBR","Senior QA/QC Engineer – Electrical & Instrumentation","Electrical & Instrumentation","Abu Dhabi, United Arab Emirates","2026-03-07","https://kbr.wd5.myworkdayjobs.com/KBR_Careers/job/Abu-Dhabi-United-Arab-Emirates/Senior-QA-QC-Engineer---Electrical---Instrumentation_R2117963"
"United Arab Emirates","KBR","Senior QA/QC Engineer – Mechanical","Mechanical & Structural","Abu Dhabi, United Arab Emirates","2026-03-07","https://kbr.wd5.myworkdayjobs.com/KBR_Careers/job/Abu-Dhabi-United-Arab-Emirates/Senior-QA-QC-Engineer---Mechanical_R2117962"
"USA","KBR","RF Hardware Engineer","Other","Chantilly, Virginia","2026-03-07","https://kbr.wd5.myworkdayjobs.com/KBR_Careers/job/Chantilly-Virginia/RF-Hardware-Engineer_R2117642"
"United Arab Emirates","KBR","Commissioning Superintendent (Telecom)","Operations & Process","Abu Dhabi, United Arab Emirates","2026-03-07","https://kbr.wd5.myworkdayjobs.com/KBR_Careers/job/Abu-Dhabi-United-Arab-Emirates/Commissioning-Superintendent--Telecom-_R2117945"
"United Arab Emirates","KBR","Specialist Planning & Cost Engineer - ( WHT's Subsea Cable & Piping)","Mechanical & Structural","Abu Dhabi, United Arab Emirates","2026-03-07","https://kbr.wd5.myworkdayjobs.com/KBR_Careers/job/Abu-Dhabi-United-Arab-Emirates/Specialist-Planning---Cost-Engineer-----WHT-s-Subsea-Cable---Piping-_R2117882"
"United Arab Emirates","KBR","Specialist HSE Engineer – ( WHT's Subsea Cable & Piping)","HSE & Environment","Abu Dhabi, United Arab Emirates","2026-03-07","https://kbr.wd5.myworkdayjobs.com/KBR_Careers/job/Abu-Dhabi-United-Arab-Emirates/Specialist-HSE-Engineer-----WHT-s-Subsea-Cable---Piping-_R2117883"
"United Arab Emirates","KBR","Senior HSE Engineer – ( WHT's Subsea Cable & Piping)","HSE & Environment","Abu Dhabi, United Arab Emirates","2026-03-07","https://kbr.wd5.myworkdayjobs.com/KBR_Careers/job/Abu-Dhabi-United-Arab-Emirates/Senior-HSE-Engineer-----WHT-s-Subsea-Cable---Piping-_R2117884"
"United Arab Emirates","KBR","Senior Onshore Construction Engineer- Piping – (WHT's Subsea Cable & Piping)","Mechanical & Structural","Abu Dhabi, United Arab Emirates","2026-03-07","https://kbr.wd5.myworkdayjobs.com/KBR_Careers/job/Abu-Dhabi-United-Arab-Emirates/Senior-Onshore-Construction-Engineer--Piping----WHT-s-Subsea-Cable---Piping-_R2117886"
"United Arab Emirates","KBR","Senior Onshore Construction Engineer – Electrical & Instrument – (WHT's Subsea Cable & Piping)","Mechanical & Structural","Abu Dhabi, United Arab Emirates","2026-03-07","https://kbr.wd5.myworkdayjobs.com/KBR_Careers/job/Abu-Dhabi-United-Arab-Emirates/Senior-Onshore-Construction-Engineer---Electrical---Instrument----WHT-s-Subsea-Cable---Piping-_R2117887"
"United Arab Emirates","KBR","Lead Commissioning Engineer – Instrument & Controls ( WHT's Subsea Cable & Piping)","Operations & Process","Abu Dhabi, United Arab Emirates","2026-03-07","https://kbr.wd5.myworkdayjobs.com/KBR_Careers/job/Abu-Dhabi-United-Arab-Emirates/Lead-Commissioning-Engineer---Instrument---Controls---WHT-s-Subsea-Cable---Piping-_R2117950"
"United Arab Emirates","KBR","Lead Commissioning Engineer - Telecom – ( WHT's Subsea Cable & Piping","Operations & Process","Abu Dhabi, United Arab Emirates","2026-03-07","https://kbr.wd5.myworkdayjobs.com/KBR_Careers/job/Abu-Dhabi-United-Arab-Emirates/Lead-Commissioning-Engineer---Telecom-----WHT-s-Subsea-Cable---Piping_R2117949"
"United Arab Emirates","KBR","Lead Commissioning Engineer – Electrical ( WHT's Subsea Cable & Piping)","Operations & Process","Abu Dhabi, United Arab Emirates","2026-03-07","https://kbr.wd5.myworkdayjobs.com/KBR_Careers/job/Abu-Dhabi-United-Arab-Emirates/Lead-Commissioning-Engineer---Electrical---WHT-s-Subsea-Cable---Piping-_R2117951"
"United Arab Emirates","KBR","Lead Commissioning Engineer – Safety System ( WHT's Subsea Cable & Piping)","HSE & Environment","Abu Dhabi, United Arab Emirates","2026-03-07","https://kbr.wd5.myworkdayjobs.com/KBR_Careers/job/Abu-Dhabi-United-Arab-Emirates/Lead-Commissioning-Engineer---Safety-System---WHT-s-Subsea-Cable---Piping-_R2117952"
"United Arab Emirates","KBR","Lead Commissioning Engineer – Mechanical System ( WHT's Subsea Cable & Piping)","Operations & Process","Abu Dhabi, United Arab Emirates","2026-03-07","https://kbr.wd5.myworkdayjobs.com/KBR_Careers/job/Abu-Dhabi-United-Arab-Emirates/Lead-Commissioning-Engineer---Mechanical-System---WHT-s-Subsea-Cable---Piping-_R2117953"
"Singapore","KBR","Senior Process Engineer","Operations & Process","Singapore, Singapore","2026-03-07","https://kbr.wd5.myworkdayjobs.com/KBR_Careers/job/Singapore-Singapore/Senior-Process-Engineer_R2117935"
"USA","KBR","Senior Systems Engineer","Management & Administration","Huntsville, Alabama","2026-03-07","https://kbr.wd5.myworkdayjobs.com/KBR_Careers/job/Huntsville-Alabama/Senior-Systems-Engineer_R2117928"
"USA","KBR","Mid Level Systems Engineer","Other","Chantilly, Virginia","2026-03-07","https://kbr.wd5.myworkdayjobs.com/KBR_Careers/job/Chantilly-Virginia/Mid-Level-Systems-Engineer_R2117356"
"USA","KBR","Special Operations Licensed Clinical Social Worker (27th SOW / Cannon AFB, NM) Sign-On Bonus Eligible","Science & Laboratory","Cannon AFB, New Mexico","2026-03-07","https://kbr.wd5.myworkdayjobs.com/KBR_Careers/job/Cannon-AFB-New-Mexico/Special-Operations-Licensed-Clinical-Social-Worker--27th-SOW---Cannon-AFB--NM--Sign-On-Bonus-Eligible_R2117894"
"USA","KBR","FMS Program Analyst","Other","Huntsville, Alabama","2026-03-07","https://kbr.wd5.myworkdayjobs.com/KBR_Careers/job/Huntsville-Alabama/FMS-Program-Analyst_R2117837-1"
"USA","KBR","Performance Expert (R2PC) - Fort Stewart, Georgia","Other","Fort Stewart-Hunter Army Airfield, Georgia","2026-03-07","https://kbr.wd5.myworkdayjobs.com/KBR_Careers/job/Fort-Stewart-Hunter-Army-Airfield-Georgia/Performance-Expert--R2PC----Fort-Stewart--Georgia_R2117821-1"
"USA","KBR","Performance Expert (R2PC) - Joint Base San Antonio, Texas","Other","San Antonio, Texas","2026-03-07","https://kbr.wd5.myworkdayjobs.com/KBR_Careers/job/San-Antonio-Texas/Performance-Expert--R2PC----Joint-Base-San-Antonio--Texas_R2117820"
"USA","KBR","Performance Expert (R2PC) - Fort Lee, Virginia","Other","USA","2026-03-07","https://kbr.wd5.myworkdayjobs.com/KBR_Careers/job/Fort-Gregg-Adams-Virginia/Performance-Expert--R2PC----Fort-Lee--Virginia_R2117819"
"USA","KBR","Performance Expert (R2PC) - Fort Hood, Texas","Other","USA","2026-03-07","https://kbr.wd5.myworkdayjobs.com/KBR_Careers/job/Fort-Cavazos-Texas/Performance-Expert--R2PC----Fort-Hood--Texas_R2117818"
"USA","KBR","Performance Expert (R2PC) - Ft Benning, Georgia","Other","USA","2026-03-07","https://kbr.wd5.myworkdayjobs.com/KBR_Careers/job/Fort-Moore-Georgia/Performance-Expert--R2PC----Ft-Benning--Georgia_R2117816"
"USA","KBR","Performance Expert (R2PC) - Fort Belvoir, VA","Other","USA","2026-03-07","https://kbr.wd5.myworkdayjobs.com/KBR_Careers/job/Fort-Belvoir-Virginia/Performance-Expert--R2PC----Fort-Belvoir--VA_R2117815"
"USA","KBR","Performance Expert (R2PC) - Fort Eisenhower, Georgia","Other","Fort Eisenhower, Georgia","2026-03-07","https://kbr.wd5.myworkdayjobs.com/KBR_Careers/job/Fort-Eisenhower-Georgia/Performance-Expert--R2PC----Fort-Eisenhower--Georgia_R2117813"
"USA","KBR","*SkillBridge Only* Metrology Technician","Operations & Process","Olathe, Kansas","2026-03-07","https://kbr.wd5.myworkdayjobs.com/KBR_Careers/job/Olathe-Kansas/XMLNAME--SkillBridge-Only--Metrology-Technician_R2116040"
"USA","KBR","MCPP: Supply Lead Technician – (GPN Philippines)","Operations & Process","USA","2026-03-07","https://kbr.wd5.myworkdayjobs.com/KBR_Careers/job/Jacksonville-Florida/MCPP--Supply-Lead-Technician----GPN-Philippines-_R2117439"
"USA","KBR","Missile Systems Engineer","Other","Washington, District of Columbia","2026-03-07","https://kbr.wd5.myworkdayjobs.com/KBR_Careers/job/Washington-District-of-Columbia/Missile-Systems-Engineer_R2112245"
"USA","KBR","Sr. Project Manager, Power & Data Centers","Project Management","Houston, Texas","2026-03-07","https://kbr.wd5.myworkdayjobs.com/KBR_Careers/job/Houston-Texas/Sr-Project-Manager--Power---Data-Centers_R2117768"
"Djibouti","KBR","DJBOSS: General SCADA Technician","Operations & Process","Djibouti, Djibouti","2026-03-07","https://kbr.wd5.myworkdayjobs.com/KBR_Careers/job/Djibouti-Djibouti/DJBOSS--General-SCADA-Technician_R2117734"
"Qatar","KBR","Safety Officer","HSE & Environment","Ad Dawhah, Qatar","2026-03-07","https://kbr.wd5.myworkdayjobs.com/KBR_Careers/job/Ad-Dawhah-Qatar/Safety-Officer_R2117732"
"Qatar","KBR","HVAC Lead","Mechanical & Structural","Ad Dawhah, Qatar","2026-03-07","https://kbr.wd5.myworkdayjobs.com/KBR_Careers/job/Ad-Dawhah-Qatar/HVAC-Lead_R2117672"
"Qatar","KBR","HVAC Technician","Operations & Process","Ad Dawhah, Qatar","2026-03-07","https://kbr.wd5.myworkdayjobs.com/KBR_Careers/job/Ad-Dawhah-Qatar/HVAC-Technician_R2117670"
"USA","KBR","SATCOM Test & Evaluation Engineer","Other","El Segundo, California","2026-03-07","https://kbr.wd5.myworkdayjobs.com/KBR_Careers/job/El-Segundo-California/SATCOM-Test---Evaluation-Engineer_R2117719"
"USA","KBR","SATCOM Systems Integration Engineer","Other","El Segundo, California","2026-03-07","https://kbr.wd5.myworkdayjobs.com/KBR_Careers/job/El-Segundo-California/SATCOM-Systems-Integration-Engineer_R2117718"
"USA","KBR","SATCOM Requirements System Engineer","Other","El Segundo, California","2026-03-07","https://kbr.wd5.myworkdayjobs.com/KBR_Careers/job/El-Segundo-California/SATCOM-Requirements-System-Engineer_R2117717"
"USA","KBR","Special Ops Licensed Clinical Social Worker (NAB, Coronado, CA)","Science & Laboratory","San Diego, California","2026-03-07","https://kbr.wd5.myworkdayjobs.com/KBR_Careers/job/San-Diego-California/Special-Ops-Licensed-Clinical-Social-Worker--NAB--Coronado--CA-_R2117697"
"Qatar","KBR","Electrical Supervisor (CAT A)","Electrical & Instrumentation","Ad Dawhah, Qatar","2026-03-07","https://kbr.wd5.myworkdayjobs.com/KBR_Careers/job/Ad-Dawhah-Qatar/Electrical-Supervisor--CAT-A-_R2117656"
"India","KBR","Technical Professional","Other","Chennai, Tamil Nadu, India","2026-03-07","https://kbr.wd5.myworkdayjobs.com/KBR_Careers/job/Chennai-Tamil-Nadu-India/Technical-Professional_R2117657"
"Australia","KBR","Drainage Engineer","Other","Melbourne, Victoria, Australia","2026-03-07","https://kbr.wd5.myworkdayjobs.com/KBR_Careers/job/Melbourne-Victoria-Australia/Drainage-Engineer_R2117623"
"Australia","KBR","Principal Drainage Engineer","Management & Administration","Melbourne, Victoria, Australia","2026-03-07","https://kbr.wd5.myworkdayjobs.com/KBR_Careers/job/Melbourne-Victoria-Australia/Principal-Drainage-Engineer_R2117645"
"USA","KBR","Enterprise Infrastructure Systems Administrator","Other","Sioux Falls, South Dakota","2026-03-07","https://kbr.wd5.myworkdayjobs.com/KBR_Careers/job/Sioux-Falls-South-Dakota/Enterprise-Infrastructure-Systems-Administrator_R2116188"
"USA","KBR","FMS Analyst","Other","Huntsville, Alabama","2026-03-07","https://kbr.wd5.myworkdayjobs.com/KBR_Careers/job/Huntsville-Alabama/FMS-Analyst_R2117552"
"Qatar","KBR","Rigger","Drilling & Well","Ad Dawhah, Qatar","2026-03-07","https://kbr.wd5.myworkdayjobs.com/KBR_Careers/job/Ad-Dawhah-Qatar/Rigger_R2117559"
"Republic of","KBR","Special Operations Strength and Conditioning Specialist (SOCKOR, South Korea)","Other","Pyeongtaek, Gyeonggi-do, Korea, Republic of","2026-03-07","https://kbr.wd5.myworkdayjobs.com/KBR_Careers/job/Pyeongtaek-Gyeonggi-do-Korea-Republic-of/Special-Operations-Strength-and-Conditioning-Specialist--SOCKOR--South-Korea-_R2116914"
"USA","KBR","Special Operations Performance Dietitian (4/160 SOAR. JBLM, WA)","Other","USA","2026-03-07","https://kbr.wd5.myworkdayjobs.com/KBR_Careers/job/Joint-Base-Lewis-McChord-Washington/Special-Operations-Performance-Dietitian--4-160-SOAR-JBLM--WA-_R2113788"
"USA","KBR","Special Operations Physical Therapist-TEMP POSITION, (Onsite - Fort Bragg, NC)","Other","USA","2026-03-07","https://kbr.wd5.myworkdayjobs.com/KBR_Careers/job/Fayetteville-North-Carolina/Special-Operations-Physical-Therapist-TEMP-POSITION---Onsite---Fort-Bragg--NC-_R2113904"
"USA","KBR","Special Operations Psychological/Mental Health Technician (JSOC, Fort Bragg, NC)","HSE & Environment","USA","2026-03-07","https://kbr.wd5.myworkdayjobs.com/KBR_Careers/job/Fort-Liberty-North-Carolina/Special-Operations-Psychological-Mental-Health-Technician--JSOC--Fort-Bragg--NC-_R2111718"
"USA","KBR","Special Operations Physical Therapist (Onsite at Sneads Ferry / Camp Lejeune, NC)","Other","Camp Lejeune, North Carolina","2026-03-07","https://kbr.wd5.myworkdayjobs.com/KBR_Careers/job/Camp-Lejeune-North-Carolina/Special-Operations-Physical-Therapist--Onsite-at-Sneads-Ferry---Camp-Lejeune--NC-_R2117212"
"USA","KBR","Special Ops Psychological/Mental Health Technician (AFSOC GSU, Southern Pines, NC)","HSE & Environment","Fayetteville, North Carolina","2026-03-07","https://kbr.wd5.myworkdayjobs.com/KBR_Careers/job/Fayetteville-North-Carolina/Special-Ops-Psychological-Mental-Health-Technician--AFSOC-GSU--Southern-Pines--NC-_R2116297"
"USA","KBR","Special Operations Licensed Clinical Social Worker (1 SOW/Hurlburt Field, FL)","Science & Laboratory","Hurlburt Field, Florida","2026-03-07","https://kbr.wd5.myworkdayjobs.com/KBR_Careers/job/Hurlburt-Field-Florida/Special-Operations-Licensed-Clinical-Social-Worker--1-SOW-Hurlburt-Field--FL-_R2112567"
"USA","KBR","Special Operations Licensed Clinical Social Worker (AFSOC Unit / Fort Bragg,NC)","Science & Laboratory","Fort Liberty, North Carolina","2026-03-07","https://kbr.wd5.myworkdayjobs.com/KBR_Careers/job/Fort-Liberty-North-Carolina/Special-Operations-Licensed-Clinical-Social-Worker--AFSOC-Unit---Fort-Bragg-NC-_R2116099"
"USA","KBR","Special Operations Licensed Clinical Social Worker(GSU/Southern Pines)","Science & Laboratory","Fort Liberty, North Carolina","2026-03-07","https://kbr.wd5.myworkdayjobs.com/KBR_Careers/job/Fort-Liberty-North-Carolina/Special-Operations-Licensed-Clinical-Social-Worker-GSU-Southern-Pines-_R2113433"
"USA","KBR","MCPP: Automotive Diesel Mechanic (AAV)","Mechanical & Structural","Jacksonville, Florida","2026-03-07","https://kbr.wd5.myworkdayjobs.com/KBR_Careers/job/Jacksonville-Florida/MCPP--Automotive-Diesel-Mechanic--AAV-_R2117443"
"USA","KBR","Special Operations Licensed Mental Health Counselor (On-Site) (1 SOW/Hurlburt Field, FL)","HSE & Environment","Hurlburt Field, Florida","2026-03-07","https://kbr.wd5.myworkdayjobs.com/KBR_Careers/job/Hurlburt-Field-Florida/Special-Operations-Licensed-Mental-Health-Counselor--On-Site---1-SOW-Hurlburt-Field--FL-_R2117191"
"Australia","KBR","Senior Structural Engineer","Mechanical & Structural","Brisbane, Queensland, Australia","2026-03-07","https://kbr.wd5.myworkdayjobs.com/KBR_Careers/job/Brisbane-Queensland-Australia/Senior-Structural-Engineer_R2113072"
"USA","KBR","Special Operations Licensed Clinical Social Worker 3rd OSG (Fort Bragg, NC)","Science & Laboratory","Fayetteville, North Carolina","2026-03-07","https://kbr.wd5.myworkdayjobs.com/KBR_Careers/job/Fayetteville-North-Carolina/Special-Operations-Licensed-Clinical-Social-Worker-3rd-OSG--Fort-Bragg--NC-_R2117390-1"
"USA","KBR","Telecommunications SME","Electrical & Instrumentation","Chantilly, Virginia","2026-03-07","https://kbr.wd5.myworkdayjobs.com/KBR_Careers/job/Chantilly-Virginia/Telecommunications-SME_R2117478"
"USA","KBR","Radar Engineer","Other","Huntsville, Alabama","2026-03-07","https://kbr.wd5.myworkdayjobs.com/KBR_Careers/job/Huntsville-Alabama/Radar-Engineer_R2117499"
"Angola","KBR","Construction Deputy Quality Manager","HSE & Environment","Luanda, Luanda, Angola","2026-03-07","https://kbr.wd5.myworkdayjobs.com/KBR_Careers/job/Luanda-Luanda-Angola/Construction-Deputy-Quality-Manager_R2117486"
"USA","KBR","Performance Expert (R2PC) - Fort Irwin, California","Other","Fort Irwin, California","2026-03-07","https://kbr.wd5.myworkdayjobs.com/KBR_Careers/job/Fort-Irwin-California/Performance-Expert--R2PC----Fort-Irwin--California_R2117483-1"
"USA","KBR","Special Operations Licensed Clinical Social Worker (27 SOW/Cannon AFB, NM) Sign-on Bonus Eligible","Science & Laboratory","Clovis, New Mexico","2026-03-07","https://kbr.wd5.myworkdayjobs.com/KBR_Careers/job/Clovis-New-Mexico/Special-Operations-Licensed-Clinical-Social-Worker--27-SOW-Cannon-AFB--NM--Sign-on-Bonus-Eligible_R2117448"
"USA","KBR","MCPP - Woodworker","Other","Jacksonville, Florida","2026-03-07","https://kbr.wd5.myworkdayjobs.com/KBR_Careers/job/Jacksonville-Florida/MCPP---Woodworker_R2117053-1"
"USA","KBR","Maintenance Trades Helper","Commercial & Business","Jacksonville, Florida","2026-03-07","https://kbr.wd5.myworkdayjobs.com/KBR_Careers/job/Jacksonville-Florida/Maintenance-Trades-Helper_R2117055-1"
"Saudi Arabia","KBR","Procurement Manager","Supply Chain","Corniche, Al Khobar, Eastern Region, Saudi Arabia","2026-03-07","https://kbr.wd5.myworkdayjobs.com/KBR_Careers/job/Corniche-Al-Khobar-Eastern-Region-Saudi-Arabia/Procurement-Manager_R2117414"
"USA","KBR","Corrosion Control Technician - 2nd Shift","Operations & Process","Jacksonville, Florida","2026-03-07","https://kbr.wd5.myworkdayjobs.com/KBR_Careers/job/Jacksonville-Florida/Corrosion-Control-Technician---2nd-Shift_R2116873"
"USA","KBR","Preservationist","Other","USA","2026-03-07","https://kbr.wd5.myworkdayjobs.com/KBR_Careers/job/Jacksonville-Florida/Preservationist_R2116463"
"USA","KBR","Senior Software Engineer","IT & Digital","El Segundo, California","2026-03-07","https://kbr.wd5.myworkdayjobs.com/KBR_Careers/job/El-Segundo-California/Senior-Software-Engineer_R2117340"
"USA","KBR","Principal Software Engineer","IT & Digital","El Segundo, California","2026-03-07","https://kbr.wd5.myworkdayjobs.com/KBR_Careers/job/El-Segundo-California/Principal-Software-Engineer_R2117339"
"USA","KBR","Program Manager","Management & Administration","Chantilly, Virginia","2026-03-07","https://kbr.wd5.myworkdayjobs.com/KBR_Careers/job/Chantilly-Virginia/Program-Manager_R2117310"
"Australia","KBR","Space Planner","Project Management","Alice Springs, Northern Territory, Australia","2026-03-07","https://kbr.wd5.myworkdayjobs.com/KBR_Careers/job/Alice-Springs-Northern-Territory-Australia/Space-Planner_R2100458"
"USA","KBR","Principal Software Engineer","IT & Digital","Colorado Springs, Colorado","2026-03-07","https://kbr.wd5.myworkdayjobs.com/KBR_Careers/job/Colorado-Springs-Colorado/Principal-Software-Engineer_R2117203"
"USA","KBR","Operations Coordinator Event Planning","Other","USA","2026-03-07","https://kbr.wd5.myworkdayjobs.com/KBR_Careers/job/Chantilly-Virginia/Operations-Coordinator-Event-Planning_R2112039"
"Australia","KBR","General Practitioner","Other","Alice Springs, Northern Territory, Australia","2026-03-07","https://kbr.wd5.myworkdayjobs.com/KBR_Careers/job/Alice-Springs-Northern-Territory-Australia/General-Practitioner_R2097265"
"Saudi Arabia","KBR","Reliability Engineer","Mechanical & Structural","Jubail, Saudi Arabia","2026-03-07","https://kbr.wd5.myworkdayjobs.com/KBR_Careers/job/Jubail-Saudi-Arabia/Reliability-Engineer_R2117113-1"
"Saudi Arabia","KBR","Electrical Specialist","Electrical & Instrumentation","Jubail, Saudi Arabia","2026-03-07","https://kbr.wd5.myworkdayjobs.com/KBR_Careers/job/Jubail-Saudi-Arabia/Electrical-Specialist_R2117214"
"USA","KBR","Program Manager","Management & Administration","Midwest City, Oklahoma","2026-03-07","https://kbr.wd5.myworkdayjobs.com/KBR_Careers/job/Midwest-City-Oklahoma/Program-Manager_R2117184-1"
"USA","KBR","Quality Specialist (Contingency Hire)","HSE & Environment","USA","2026-03-07","https://kbr.wd5.myworkdayjobs.com/KBR_Careers/job/Jacksonville-Florida/Quality-Specialist--Contingency-Hire-_R2117034"
"USA","KBR","MH-60R Developmental Test Pilot","Other","Patuxent River, Maryland","2026-03-07","https://kbr.wd5.myworkdayjobs.com/KBR_Careers/job/Patuxent-River-Maryland/MH-60R-Developmental-Test-Pilot_R2108637"
"USA","KBR","FMS Analyst","Other","Huntsville, Alabama","2026-03-07","https://kbr.wd5.myworkdayjobs.com/KBR_Careers/job/Huntsville-Alabama/FMS-Analyst_R2117134"
"USA","KBR","Site Lead & RF/EMI Test Manager","Management & Administration","Lubbock, Texas","2026-03-07","https://kbr.wd5.myworkdayjobs.com/KBR_Careers/job/Lubbock-Texas/Site-Lead---RF-EMI-Test-Manager_R2112836"
"USA","KBR","Network System Admin","IT & Digital","Lexington Park, Maryland","2026-03-07","https://kbr.wd5.myworkdayjobs.com/KBR_Careers/job/Lexington-Park-Maryland/Network-System-Admin_R2116691"
"India","KBR","Offshore MEchanical Handling Specialist","Mechanical & Structural","Chennai, Tamil Nadu, India","2026-03-07","https://kbr.wd5.myworkdayjobs.com/KBR_Careers/job/Chennai-Tamil-Nadu-India/Offshore-MEchanical-Handling-Specialist_R2117042-1"
"USA","KBR","Spacecraft Subsystem SME","Other","El Segundo, California","2026-03-07","https://kbr.wd5.myworkdayjobs.com/KBR_Careers/job/El-Segundo-California/Spacecraft-Subsystem-SME_R2117106"
"USA","KBR","Junior Software QA Engineer","IT & Digital","El Segundo, California","2026-03-07","https://kbr.wd5.myworkdayjobs.com/KBR_Careers/job/El-Segundo-California/Junior-Software-QA-Engineer_R2117105"
"USA","KBR","Junior Software Engineer","IT & Digital","El Segundo, California","2026-03-07","https://kbr.wd5.myworkdayjobs.com/KBR_Careers/job/El-Segundo-California/Junior-Software-Engineer_R2117104"
"USA","KBR","Junior Software Engineer","IT & Digital","El Segundo, California","2026-03-07","https://kbr.wd5.myworkdayjobs.com/KBR_Careers/job/El-Segundo-California/Junior-Software-Engineer_R2117103"
"USA","KBR","Procurement Specialist","Supply Chain","USA","2026-03-07","https://kbr.wd5.myworkdayjobs.com/KBR_Careers/job/Chantilly-Virginia/Procurement-Specialist_R2111580"
"Australia","KBR","Custodian","Other","Alice Springs, Northern Territory, Australia","2026-03-07","https://kbr.wd5.myworkdayjobs.com/KBR_Careers/job/Alice-Springs-Northern-Territory-Australia/Custodian_R2100464"
"USA","KBR","Joint/COCOM Account Executive","Other","USA","2026-03-07","https://kbr.wd5.myworkdayjobs.com/KBR_Careers/job/Chantilly-Virginia/Joint-COCOM-Account-Executive_R2117076"
"USA","KBR","Systems Engineer","Other","Chantilly, Virginia","2026-03-07","https://kbr.wd5.myworkdayjobs.com/KBR_Careers/job/Chantilly-Virginia/Systems-Engineer_R2103941"
"USA","KBR","Master Scheduler","Project Management","Chantilly, Virginia","2026-03-07","https://kbr.wd5.myworkdayjobs.com/KBR_Careers/job/Chantilly-Virginia/Master-Scheduler_R2115999"
"USA","KBR","Technical Writer (Fed Civ)","Other","USA","2026-03-07","https://kbr.wd5.myworkdayjobs.com/KBR_Careers/job/Fulton-Maryland/Technical-Writer--Fed-Civ-_R2117029-1"
"USA","KBR","Operations Coordinator - Event Coordinator","Other","USA","2026-03-07","https://kbr.wd5.myworkdayjobs.com/KBR_Careers/job/Chantilly-Virginia/Operations-Coordinator---Event-Coordinator_R2115460"
"USA","KBR","Corrosion Control Technician - 2nd Shift","Operations & Process","Jacksonville, Florida","2026-03-07","https://kbr.wd5.myworkdayjobs.com/KBR_Careers/job/Jacksonville-Florida/Corrosion-Control-Technician_R2116459-1"
"USA","KBR","National Security Solutions (NSS) Internship - Positioning, Navigation and Timing (PNT)","Internship & Graduate","Beavercreek Township, Ohio","2026-03-07","https://kbr.wd5.myworkdayjobs.com/KBR_Careers/job/Beavercreek-Township-Ohio/National-Security-Solutions--NSS--Internship---Positioning--Navigation-and-Timing--PNT-_R2116882"
"Azerbaijan","KBR","Process Safety Engineer","HSE & Environment","Baku, Azerbaijan","2026-03-07","https://kbr.wd5.myworkdayjobs.com/KBR_Careers/job/Baku-Azerbaijan/Process-Safety-Engineer_R2116856"
"Azerbaijan","KBR","Rotating Packaged Equipment Engineer","Mechanical & Structural","Baku, Azerbaijan","2026-03-07","https://kbr.wd5.myworkdayjobs.com/KBR_Careers/job/Baku-Azerbaijan/Rotating-Packaged-Equipment-Engineer_R2116858"
"USA","KBR","Program Scheduler","Project Management","Chantilly, Virginia","2026-03-07","https://kbr.wd5.myworkdayjobs.com/KBR_Careers/job/Chantilly-Virginia/Program-Scheduler_R2116743"
"USA","KBR","Principal System Engineer/Program Portfolio Manager","Management & Administration","Bethesda-Chevy Chase, Maryland","2026-03-07","https://kbr.wd5.myworkdayjobs.com/KBR_Careers/job/Bethesda-Chevy-Chase-Maryland/Principal-System-Engineer-Program-Portfolio-Manager_R2104077"
"USA","KBR","Mission Protection Systems Engineer","Other","Las Cruces, New Mexico","2026-03-07","https://kbr.wd5.myworkdayjobs.com/KBR_Careers/job/Las-Cruces-New-Mexico/Mission-Protection-Systems-Engineer_R2116757"
"USA","KBR","Ground Systems Engineer","Other","Chantilly, Virginia","2026-03-07","https://kbr.wd5.myworkdayjobs.com/KBR_Careers/job/Chantilly-Virginia/Ground-Systems-Engineer_R2116711"
"USA","KBR","Systems Engineer","Other","Chantilly, Virginia","2026-03-07","https://kbr.wd5.myworkdayjobs.com/KBR_Careers/job/Chantilly-Virginia/Systems-Engineer_R2116712"
"USA","KBR","National Security Solutions (NSS) Systems Engineering Internship","Internship & Graduate","Chantilly, Virginia","2026-03-07","https://kbr.wd5.myworkdayjobs.com/KBR_Careers/job/Chantilly-Virginia/National-Security-Solutions--NSS--Systems-Engineering-Internship_R2116617"
"USA","KBR","Senior FEDSIM Slide Designer / Developer","IT & Digital","Houston, Texas","2026-03-07","https://kbr.wd5.myworkdayjobs.com/KBR_Careers/job/Houston-Texas/Senior-FEDSIM-Slide-Designer---Developer_R2116695"
"USA","KBR","Systems Admin (Network)","IT & Digital","Lexington Park, Maryland","2026-03-07","https://kbr.wd5.myworkdayjobs.com/KBR_Careers/job/Lexington-Park-Maryland/Network-Engineer_R2114325"
"USA","KBR","Program Test Systems Engineer","Other","El Segundo, California","2026-03-07","https://kbr.wd5.myworkdayjobs.com/KBR_Careers/job/El-Segundo-California/Program-Test-Systems-Engineer_R2116643"
"USA","KBR","SIGINT Assessments & Data Analytics Engineer","IT & Digital","Chantilly, Virginia","2026-03-07","https://kbr.wd5.myworkdayjobs.com/KBR_Careers/job/Chantilly-Virginia/SIGINT-Assessments---Data-Analytics-Engineer_R2105670"
"USA","KBR","National Security Solutions (NSS) - Cyber Engineer Intern","IT & Digital","Beavercreek Township, Ohio","2026-03-07","https://kbr.wd5.myworkdayjobs.com/KBR_Careers/job/Beavercreek-Township-Ohio/National-Security-Solutions--NSS----Cyber-Engineer-Intern_R2116574"
"USA","KBR","Proposal Manager","Management & Administration","Chantilly, Virginia","2026-03-07","https://kbr.wd5.myworkdayjobs.com/KBR_Careers/job/Chantilly-Virginia/Proposal-Manager_R2115519"
"Australia","KBR","People Manager","HR & People","Alice Springs, Northern Territory, Australia","2026-03-07","https://kbr.wd5.myworkdayjobs.com/KBR_Careers/job/Alice-Springs-Northern-Territory-Australia/People-Manager_R2116484-1"
"Australia","KBR","Track Engineer","Other","Melbourne, Victoria, Australia","2026-03-07","https://kbr.wd5.myworkdayjobs.com/KBR_Careers/job/Melbourne-Victoria-Australia/Track-Engineer_R2116581"
"USA","KBR","Sr. Proposal Manager","Management & Administration","USA","2026-03-07","https://kbr.wd5.myworkdayjobs.com/KBR_Careers/job/Houston-Texas/Sr-Proposal-Manager_R2115864"
"USA","KBR","Environmental/Energy Manager (Contingency Hire)","HSE & Environment","Jacksonville, Florida","2026-03-07","https://kbr.wd5.myworkdayjobs.com/KBR_Careers/job/Jacksonville-Florida/Environmental-Energy-Manager--Contingency-Hire-_R2116347"
"USA","KBR","Senior Business Development Manager - Hanscom AFB","Commercial & Business","Lincoln, Massachusetts","2026-03-07","https://kbr.wd5.myworkdayjobs.com/KBR_Careers/job/Lincoln-Massachusetts/Senior-Capture-Manager---Hanscom-AFB_R2116086"
"USA","KBR","Account Manager","Management & Administration","Crane, Indiana","2026-03-07","https://kbr.wd5.myworkdayjobs.com/KBR_Careers/job/Crane-Indiana/Account-Manager_R2114544-1"
"Australia","KBR","Senior Designer","Management & Administration","Melbourne, Victoria, Australia","2026-03-07","https://kbr.wd5.myworkdayjobs.com/KBR_Careers/job/Melbourne-Victoria-Australia/Senior-Designer_R2116531"
"USA","KBR","Sensor Analysis Manager","Management & Administration","Huntsville, Alabama","2026-03-07","https://kbr.wd5.myworkdayjobs.com/KBR_Careers/job/Huntsville-Alabama/Sensor-Analysis-Manager_R2113879"
"USA","KBR","Associate Aerospace Engineer","Other","Huntsville, Alabama","2026-03-07","https://kbr.wd5.myworkdayjobs.com/KBR_Careers/job/Huntsville-Alabama/Associate-Aerospace-Engineer_R2114971"
"USA","KBR","Threat System Engineer","HR & People","Huntsville, Alabama","2026-03-07","https://kbr.wd5.myworkdayjobs.com/KBR_Careers/job/Huntsville-Alabama/Threat-System-Engineer_R2115590"
"USA","KBR","Principal Aerospace Engineer","Management & Administration","Huntsville, Alabama","2026-03-07","https://kbr.wd5.myworkdayjobs.com/KBR_Careers/job/Huntsville-Alabama/Principal-Aerospace-Engineer_R2113584"
"USA","KBR","Program Integrator","Other","Redstone Arsenal, Alabama","2026-03-07","https://kbr.wd5.myworkdayjobs.com/KBR_Careers/job/Redstone-Arsenal-Alabama/Program-Integrator_R2113279"
"USA","KBR","Radar Engineer","Other","Huntsville, Alabama","2026-03-07","https://kbr.wd5.myworkdayjobs.com/KBR_Careers/job/Huntsville-Alabama/Radar-Engineer_R2113265"
"USA","KBR","Radar Engineer","Other","Huntsville, Alabama","2026-03-07","https://kbr.wd5.myworkdayjobs.com/KBR_Careers/job/Huntsville-Alabama/Radar-Engineer_R2113143"
"Azerbaijan","KBR","Site Engineering Team Lead","Project Management","Baku, Azerbaijan","2026-03-07","https://kbr.wd5.myworkdayjobs.com/KBR_Careers/job/Baku-Azerbaijan/Site-Engineering-Team-Lead_R2116230"
"USA","KBR","Senior Computer Scientist","Science & Laboratory","Huntsville, Alabama","2026-03-07","https://kbr.wd5.myworkdayjobs.com/KBR_Careers/job/Huntsville-Alabama/Senior-Computer-Scientist_R2114969"
"USA","KBR","Automated Software Tester/Engineer","IT & Digital","Colorado Springs, Colorado","2026-03-07","https://kbr.wd5.myworkdayjobs.com/KBR_Careers/job/Colorado-Springs-Colorado/Automated-Software-Tester-Engineer_R2116413"
"USA","KBR","Water Treatment Plant Lead/Chief Operator (Contingency Hire)","Operations & Process","USA","2026-03-07","https://kbr.wd5.myworkdayjobs.com/KBR_Careers/job/Jacksonville-Florida/Water-Treatment-Plant-Lead-Chief-Operator--Contingency-Hire-_R2116409"
"USA","KBR","Facilities Manager (Contingency Hire)","Management & Administration","USA","2026-03-07","https://kbr.wd5.myworkdayjobs.com/KBR_Careers/job/Jacksonville-Florida/Facilities-Manager--Contingency-Hire-_R2116414"
"USA","KBR","Weight Handling Equipment Operations & Maintenance (Contingency Hire)","Mechanical & Structural","Jacksonville, Florida","2026-03-07","https://kbr.wd5.myworkdayjobs.com/KBR_Careers/job/Jacksonville-Florida/Weight-Handling-Equipment-Operations---Maintenance--Contingency-Hire-_R2116358"
"USA","KBR","Water Distribution System Lead (Contingency Hire)","Management & Administration","Jacksonville, Florida","2026-03-07","https://kbr.wd5.myworkdayjobs.com/KBR_Careers/job/Jacksonville-Florida/Water-Distribution-System-Lead--Contingency-Hire-_R2116355"
"USA","KBR","MCSF-BI Site  Manager (Contingency Hire)","Management & Administration","Jacksonville, Florida","2026-03-07","https://kbr.wd5.myworkdayjobs.com/KBR_Careers/job/Jacksonville-Florida/MCSF-BI-Site--Manager--Contingency-Hire-_R2116346"
"USA","KBR","Quality Manager (Contingency Hire)","HSE & Environment","Jacksonville, Florida","2026-03-07","https://kbr.wd5.myworkdayjobs.com/KBR_Careers/job/Jacksonville-Florida/Quality-Manager--Contingency-Hire-_R2116343-1"
"USA","KBR","MBOS Project Manager  (Contingency Hire)","Project Management","Jacksonville, Florida","2026-03-07","https://kbr.wd5.myworkdayjobs.com/KBR_Careers/job/Jacksonville-Florida/MBOS-Project-Manager---Contingency-Hire-_R2116323"
"USA","KBR","Transportation Manager (Contingency Hire)","Management & Administration","USA","2026-03-07","https://kbr.wd5.myworkdayjobs.com/KBR_Careers/job/Jacksonville-Florida/Transportation-Manager--Contingency-Hire-_R2116381"
"USA","KBR","Site Safety and Health Officer (Contingency Hire)","HSE & Environment","USA","2026-03-07","https://kbr.wd5.myworkdayjobs.com/KBR_Careers/job/Jacksonville-Florida/Site-Safety-and-Health-Officer--Contingency-Hire-_R2116371"
"USA","KBR","HVAC Supervisor (Contingency Hire)","Mechanical & Structural","USA","2026-03-07","https://kbr.wd5.myworkdayjobs.com/KBR_Careers/job/Jacksonville-Florida/HVAC-Supervisor--Contingency-Hire-_R2116359-1"
"USA","KBR","Hazardous Material Coordinator (Contingency Hire)","Supply Chain","USA","2026-03-07","https://kbr.wd5.myworkdayjobs.com/KBR_Careers/job/Jacksonville-Florida/Hazardous-Material-Coordinator--Contingency-Hire-_R2116351"
"Germany","KBR","GFEBS Project Manager","Project Management","Mohringen, Germany","2026-03-07","https://kbr.wd5.myworkdayjobs.com/KBR_Careers/job/Mohringen-Germany/GFEBS-Project-Manager_R2116392-1"
"USA","KBR","Berthing Services Coordinator-(Contingency Hire)","Other","Jacksonville, Florida","2026-03-07","https://kbr.wd5.myworkdayjobs.com/KBR_Careers/job/Jacksonville-Florida/Berthing-Services-Coordinator--Contingency-Hire-_R2116320"
"USA","KBR","Sr. Mechanical Engineer (Flight Hardware Development)","Mechanical & Structural","Houston, Texas","2026-03-07","https://kbr.wd5.myworkdayjobs.com/KBR_Careers/job/Houston-Texas/Sr-Mechanical-Engineer--Flight-Hardware-Development-_R2116316"
"United Kingdom","KBR","Civil Engineer","Mechanical & Structural","United Kingdom","2026-03-07","https://kbr.wd5.myworkdayjobs.com/KBR_Careers/job/Glasgow/Civil-Engineer_R2116253-2"
"Saudi Arabia","KBR","Area Maintenance Head (Refinery)","Management & Administration","Corniche, Al Khobar, Eastern Region, Saudi Arabia","2026-03-07","https://kbr.wd5.myworkdayjobs.com/KBR_Careers/job/Corniche-Al-Khobar-Eastern-Region-Saudi-Arabia/Area-Maintenance-Head--Refinery-_R2116229"
"Saudi Arabia","KBR","Manager, Site Maintenance (Refinery)","Management & Administration","Corniche, Al Khobar, Eastern Region, Saudi Arabia","2026-03-07","https://kbr.wd5.myworkdayjobs.com/KBR_Careers/job/Corniche-Al-Khobar-Eastern-Region-Saudi-Arabia/Manager--Site-Maintenance--Refinery-_R2116228"
"USA","KBR","Field Service Automation Engineer  (Contingency Hire)","Operations & Process","USA","2026-03-07","https://kbr.wd5.myworkdayjobs.com/KBR_Careers/job/Charleston-South-Carolina/Field-Service-Automation-Engineer---Contingency-Hire-_R2112910"
"USA","KBR","Automated Material Handling Equipment Tech I (Contingency Hire)","Mechanical & Structural","USA","2026-03-07","https://kbr.wd5.myworkdayjobs.com/KBR_Careers/job/Charleston-South-Carolina/Automated-Material-Handling-Equipment-Tech-I--Contingency-Hire-_R2114326"
"USA","KBR","Automated Material Handling Equipment Tech II (Contingency Hire)","Mechanical & Structural","USA","2026-03-07","https://kbr.wd5.myworkdayjobs.com/KBR_Careers/job/Charleston-South-Carolina/Automated-Material-Handling-Equipment-Tech-II--Contingency-Hire-_R2114327"
"USA","KBR","Automated Material Handling Equipment Tech III (Contingency Hire)","Mechanical & Structural","USA","2026-03-07","https://kbr.wd5.myworkdayjobs.com/KBR_Careers/job/Charleston-South-Carolina/Automated-Material-Handling-Equipment-Tech-III--Contingency-Hire-_R2114328"
"Iraq","KBR","Operations Readiness Advisor","Other","Basra, Al Başrah, Iraq","2026-03-07","https://kbr.wd5.myworkdayjobs.com/KBR_Careers/job/Basra-Al-Barah-Iraq/Operations-Readiness-Advisor_R2115118"
"USA","KBR","Deputy Director Operations, 4PL+","Management & Administration","USA","2026-03-07","https://kbr.wd5.myworkdayjobs.com/KBR_Careers/job/Houston-Texas/Deputy-Director-Operations--4PL-_R2116098"
"USA","KBR","Vending Machine Technician","Operations & Process","USA","2026-03-07","https://kbr.wd5.myworkdayjobs.com/KBR_Careers/job/Chantilly-Virginia/Vending-Machine-Technician_R2116095"
"USA","KBR","Project Coordinator","Other","Chantilly, Virginia","2026-03-07","https://kbr.wd5.myworkdayjobs.com/KBR_Careers/job/Chantilly-Virginia/Project-Coordinator_R2107993"
"Azerbaijan","KBR","IT Technical Support","Other","Baku, Azerbaijan","2026-03-07","https://kbr.wd5.myworkdayjobs.com/KBR_Careers/job/Baku-Azerbaijan/IT-Technical-Support_R2115899"
"Australia","KBR","Network Administrator","IT & Digital","Alice Springs, Northern Territory, Australia","2026-03-07","https://kbr.wd5.myworkdayjobs.com/KBR_Careers/job/Alice-Springs-Northern-Territory-Australia/Network-Administrator_R2100618"
"USA","KBR","Mechanical/Facilities Project Manager","Mechanical & Structural","Bethesda-Chevy Chase, Maryland","2026-03-07","https://kbr.wd5.myworkdayjobs.com/KBR_Careers/job/Bethesda-Chevy-Chase-Maryland/Mechanical-Facilities-Project-Manager_R2115456"
"USA","KBR","Base Operations Support (BOS) Program Manager","Management & Administration","Chantilly, Virginia","2026-03-07","https://kbr.wd5.myworkdayjobs.com/KBR_Careers/job/Chantilly-Virginia/Base-Operations-Support--BOS--Program-Manager_R2115844"
"USA","KBR","Spacecraft Signals Analyst","Other","USA","2026-03-07","https://kbr.wd5.myworkdayjobs.com/KBR_Careers/job/Denver-Colorado/Spacecraft-Signals-Analyst_R2109551"
"USA","KBR","Lead ISO 9001:2015 Auditor","Finance & Accounting","USA","2026-03-07","https://kbr.wd5.myworkdayjobs.com/KBR_Careers/job/Jacksonville-Florida/Lead-ISO-9001-2015-Auditor_R2111902"
"USA","KBR","Spacecraft Operations Technician","Operations & Process","Colorado Springs, Colorado","2026-03-07","https://kbr.wd5.myworkdayjobs.com/KBR_Careers/job/Colorado-Springs-Colorado/Spacecraft-Operations-Technician_R2108141"
"USA","KBR","Orbit Analyst","Other","Colorado Springs, Colorado","2026-03-07","https://kbr.wd5.myworkdayjobs.com/KBR_Careers/job/Colorado-Springs-Colorado/Orbit-Analyst_R2096519"
"USA","KBR","Strategic Senior Acquisition Support Specialist","Management & Administration","El Segundo, California","2026-03-07","https://kbr.wd5.myworkdayjobs.com/KBR_Careers/job/El-Segundo-California/Strategic-Senior-Acquisition-Support-Specialist_R2110210"
"USA","KBR","Operations Research Analyst- Foundational","Other","Arlington, Virginia","2026-03-07","https://kbr.wd5.myworkdayjobs.com/KBR_Careers/job/Arlington-Virginia/Operations-Research-Analyst--Foundational_R2114720"
"USA","KBR","KBR DoD SkillBridge Internship - Multiple Roles (Evergreen)","Internship & Graduate","Houston, Texas","2026-03-07","https://kbr.wd5.myworkdayjobs.com/KBR_Careers/job/Houston-Texas/KBR-DoD-SkillBridge-Internship---Multiple-Roles--Evergreen-_R2115438"
"USA","KBR","Planning Specialist (MCPIC) - MCPP","Other","USA","2026-03-07","https://kbr.wd5.myworkdayjobs.com/KBR_Careers/job/Jacksonville-Florida/Planning-Specialist--MCPIC----MCPP_R2115598-1"
"Australia","KBR","Civil Track Engineer","Mechanical & Structural","Perth, Western Australia, Australia","2026-03-07","https://kbr.wd5.myworkdayjobs.com/KBR_Careers/job/Perth-Western-Australia-Australia/Civil-Track-Engineer_R2115613-1"
"Iraq","KBR","Maintenance Coordinator","Other","Basra, Al Başrah, Iraq","2026-03-07","https://kbr.wd5.myworkdayjobs.com/KBR_Careers/job/Basra-Al-Barah-Iraq/Maintenance-Coordinator_R2115434"
"Saudi Arabia","KBR","Electrical Technician II","Operations & Process","Jubail, Saudi Arabia","2026-03-07","https://kbr.wd5.myworkdayjobs.com/KBR_Careers/job/Jubail-Saudi-Arabia/Electrical-Technician-II_R2115422"
"Australia","KBR","Senior Environmental Planning Consultant","HSE & Environment","Adelaide, South Australia, Australia","2026-03-07","https://kbr.wd5.myworkdayjobs.com/KBR_Careers/job/Adelaide-South-Australia-Australia/Senior-Environmental-Planning-Consultant_R2115396-1"
"India","KBR","Sr. Designer - Instrumentation","Electrical & Instrumentation","Chennai, Tamil Nadu, India","2026-03-07","https://kbr.wd5.myworkdayjobs.com/KBR_Careers/job/Chennai-Tamil-Nadu-India/Sr-Designer---Instrumentation_R2114976"
"India","KBR","Designer - Instrumentation","Electrical & Instrumentation","Chennai, Tamil Nadu, India","2026-03-07","https://kbr.wd5.myworkdayjobs.com/KBR_Careers/job/Chennai-Tamil-Nadu-India/Designer---Instrumentation_R2114843"
"Iraq","KBR","Maintenance Specialist Instrumentation & Controls","Electrical & Instrumentation","Basra, Al Başrah, Iraq","2026-03-07","https://kbr.wd5.myworkdayjobs.com/KBR_Careers/job/Basra-Al-Barah-Iraq/Maintenance-Specialist-Instrumentation---Controls_R2112668"
"Australia","KBR","Expression of Interest – Systems Modeller (Digital Engineering)","IT & Digital","Australia","2026-03-07","https://kbr.wd5.myworkdayjobs.com/KBR_Careers/job/Brisbane-Queensland-Australia/Expression-of-Interest---Systems-Modeller--Digital-Engineering-_R2114796"
"USA","KBR","National Security Solutions (NSS) Systems Engineering Internship","Internship & Graduate","USA","2026-03-07","https://kbr.wd5.myworkdayjobs.com/KBR_Careers/job/Chantilly-Virginia/National-Security-Solutions--NSS--Systems-Engineering-Internship_R2112154"
"USA","KBR","Electronics Test Logistician","Other","Aguadilla, Puerto Rico","2026-03-07","https://kbr.wd5.myworkdayjobs.com/KBR_Careers/job/Aguadilla-Puerto-Rico/Electronics-Test-Logistician_R2110125"
"USA","KBR","Security Control Assessor","Electrical & Instrumentation","USA","2026-03-07","https://kbr.wd5.myworkdayjobs.com/KBR_Careers/job/Washington-DC/Security-Control-Assessor_R2114542"
"USA","KBR","Senior RF Communications Engineer","Management & Administration","Chantilly, Virginia","2026-03-07","https://kbr.wd5.myworkdayjobs.com/KBR_Careers/job/Chantilly-Virginia/Senior-Communications-Engineer_R2114494"
"USA","KBR","Space Vehicle Systems Engineer","Other","Chantilly, Virginia","2026-03-07","https://kbr.wd5.myworkdayjobs.com/KBR_Careers/job/Chantilly-Virginia/Space-Vehicle-Systems-Engineer_R2114186"
"USA","KBR","Artillery Mechanic - MCPP","Mechanical & Structural","USA","2026-03-07","https://kbr.wd5.myworkdayjobs.com/KBR_Careers/job/Jacksonville-Florida/Artillery-Mechanic---MCPP_R2114138-1"
"Qatar","KBR","Mechanical Technician","Operations & Process","Ras Laffan City, Al Khawr wa adh Dhakhīrah, Qatar","2026-03-07","https://kbr.wd5.myworkdayjobs.com/KBR_Careers/job/Ras-Laffan-City-Al-Khawr-wa-adh-Dhakhrah-Qatar/Mechanical-Technician_R2111611"
"Djibouti","KBR","DLA: Warehouse Specialist Supervisor (Contingency Hire)","Project Management","Djibouti, Djibouti","2026-03-07","https://kbr.wd5.myworkdayjobs.com/KBR_Careers/job/Djibouti-Djibouti/DLA--Warehouse-Specialist-Supervisor_R2114020"
"Djibouti","KBR","DLA: Warehouse Specialist (Contingency Hire)","Supply Chain","Djibouti, Djibouti","2026-03-07","https://kbr.wd5.myworkdayjobs.com/KBR_Careers/job/Djibouti-Djibouti/DLA--Warehouse-Specialist_R2114025"
"Djibouti","KBR","DLA: Site Manager (Contingency Hire)","Project Management","Djibouti, Djibouti","2026-03-07","https://kbr.wd5.myworkdayjobs.com/KBR_Careers/job/Djibouti-Djibouti/DLA--Site-Manager_R2114019"
"Djibouti","KBR","DLA: Transportation Assistant / Alternate Site Manager (Contingency Hire)","Project Management","Djibouti, Djibouti","2026-03-07","https://kbr.wd5.myworkdayjobs.com/KBR_Careers/job/Djibouti-Djibouti/DLA--Transportation-Assistant---Alternate-Site-Manager_R2114021"
"Djibouti","KBR","DLA: Warehouse Specialist - Hazardous Material (Contingency Hire)","Supply Chain","Djibouti, Djibouti","2026-03-07","https://kbr.wd5.myworkdayjobs.com/KBR_Careers/job/Djibouti-Djibouti/DLA--Warehouse-Specialist--Hazardous-Material-_R2114026"
"USA","KBR","Electrical Engineer New Grad","Electrical & Instrumentation","Newark, Delaware","2026-03-07","https://kbr.wd5.myworkdayjobs.com/KBR_Careers/job/Newark-Delaware/Electrical-Engineer-New-Grad_R2114080"
"Australia","KBR","Power System Engineers","Other","Melbourne, Victoria, Australia","2026-03-07","https://kbr.wd5.myworkdayjobs.com/KBR_Careers/job/Melbourne-Victoria-Australia/Power-System-Engineers_R2114108-1"
"Djibouti","KBR","DLA: Supply Systems Analyst","Supply Chain","Djibouti, Djibouti","2026-03-07","https://kbr.wd5.myworkdayjobs.com/KBR_Careers/job/Djibouti-Djibouti/DLA--Supply-Systems-Analyst_R2114023"
"USA","KBR","Engineer Equipment Mechanic","Mechanical & Structural","USA","2026-03-07","https://kbr.wd5.myworkdayjobs.com/KBR_Careers/job/Jacksonville-Florida/Engineer-Equipment-Mechanic_R2113342"
"Australia","KBR","Payroll Officers | Talent Pool for Future Opportunities","Finance & Accounting","Melbourne, Victoria, Australia","2026-03-07","https://kbr.wd5.myworkdayjobs.com/KBR_Careers/job/Melbourne-Victoria-Australia/Payroll-Officers---Talent-Pool-for-Future-Opportunities_R2114044"
"USA","KBR","Data Engineer","IT & Digital","Camarillo, California","2026-03-07","https://kbr.wd5.myworkdayjobs.com/KBR_Careers/job/Camarillo-California/Data-Engineer_R2111231"
"United Arab Emirates","KBR","Senior Engineer (Reliability)","Mechanical & Structural","Abu Dhabi, United Arab Emirates","2026-03-07","https://kbr.wd5.myworkdayjobs.com/KBR_Careers/job/Abu-Dhabi-United-Arab-Emirates/Senior-Engineer--Reliability-_R2112852"
"United Arab Emirates","KBR","Specialist Engineer (Reliability)","Mechanical & Structural","Abu Dhabi, United Arab Emirates","2026-03-07","https://kbr.wd5.myworkdayjobs.com/KBR_Careers/job/Abu-Dhabi-United-Arab-Emirates/Specialist-Engineer--Reliability-_R2112851"
"Mexico","KBR","Construction QA Manager","Project Management","Monterrey, Nuevo León, Mexico","2026-03-07","https://kbr.wd5.myworkdayjobs.com/KBR_Careers/job/Monterrey-Nuevo-Len-Mexico/Construction-QA-Manager_R2113348"
"Mexico","KBR","Construction Safety Professional","HSE & Environment","Monterrey, Nuevo León, Mexico","2026-03-07","https://kbr.wd5.myworkdayjobs.com/KBR_Careers/job/Monterrey-Nuevo-Len-Mexico/Construction-Safety-Professional_R2113346"
"Qatar","KBR","Electrical Technician","Operations & Process","Ad Dawhah, Qatar","2026-03-07","https://kbr.wd5.myworkdayjobs.com/KBR_Careers/job/Ad-Dawhah-Qatar/Electrical-Technician_R2111678"
"Qatar","KBR","Instrument Technician","Operations & Process","Ad Dawhah, Qatar","2026-03-07","https://kbr.wd5.myworkdayjobs.com/KBR_Careers/job/Ad-Dawhah-Qatar/Instrument-Technician_R2110389"
"USA","KBR","Radar Research Engineer","Other","Chantilly, Virginia","2026-03-07","https://kbr.wd5.myworkdayjobs.com/KBR_Careers/job/Chantilly-Virginia/Radar-Research-Engineer_R2112012"
"USA","KBR","Project Engineer","Project Management","Dayton, Ohio","2026-03-07","https://kbr.wd5.myworkdayjobs.com/KBR_Careers/job/Dayton-Ohio/Project-Engineer_R2112980"
"Saudi Arabia","KBR","QA/QC Instrument Engineer","Electrical & Instrumentation","Jubail, Saudi Arabia","2026-03-07","https://kbr.wd5.myworkdayjobs.com/KBR_Careers/job/Jubail-Saudi-Arabia/QA-QC-Instrument-Engineer_R2112849-1"
"United Arab Emirates","KBR","Engineer (Reliability)","Mechanical & Structural","Abu Dhabi, United Arab Emirates","2026-03-07","https://kbr.wd5.myworkdayjobs.com/KBR_Careers/job/Abu-Dhabi-United-Arab-Emirates/Engineer--Reliability-_R2112853"
"USA","KBR","Automotive Diesel Mechanic","Mechanical & Structural","Jacksonville, Florida","2026-03-07","https://kbr.wd5.myworkdayjobs.com/KBR_Careers/job/Jacksonville-Florida/Automotive-Diesel-Mechanic_R2109354"
"USA","KBR","System Dynamics Specialist","Other","Beavercreek Township, Ohio","2026-03-07","https://kbr.wd5.myworkdayjobs.com/KBR_Careers/job/Beavercreek-Township-Ohio/System-Dynamics-Specialist_R2108822"
"USA","KBR","Program Manager","Management & Administration","Midwest City, Oklahoma","2026-03-07","https://kbr.wd5.myworkdayjobs.com/KBR_Careers/job/Midwest-City-Oklahoma/Program-Manager_R2112698"
"Australia","KBR","EOI - Business Development Managers","Commercial & Business","Australia","2026-03-07","https://kbr.wd5.myworkdayjobs.com/KBR_Careers/job/Canberra-Australian-Capital-Territory-Australia/EOI---Business-Development-Managers_R2112724"
"Australia","KBR","EOI - Capture Managers","Management & Administration","Australia","2026-03-07","https://kbr.wd5.myworkdayjobs.com/KBR_Careers/job/Canberra-Australian-Capital-Territory-Australia/EOI---Capture-Managers_R2112726"
"USA","KBR","Senior Project Manager - Engineering","Project Management","Newark, Delaware","2026-03-07","https://kbr.wd5.myworkdayjobs.com/KBR_Careers/job/Newark-Delaware/Senior-Project-Manager---Engineering_R2110988"
"USA","KBR","Heavy Equipment Supervisor (Engineers)","Mechanical & Structural","USA","2026-03-07","https://kbr.wd5.myworkdayjobs.com/KBR_Careers/job/Jacksonville-Florida/Heavy-Equipment-Supervisor--Engineers-_R2112404"
"USA","KBR","*** SkillBridge *** Spacecraft Operations Tech","Operations & Process","Colorado Springs, Colorado","2026-03-07","https://kbr.wd5.myworkdayjobs.com/KBR_Careers/job/Colorado-Springs-Colorado/XMLNAME-----SkillBridge-----Spacecraft-Operations-Tech_R2112359"
"USA","KBR","*** SkillBridge*** Orbit Analyst","Other","Colorado Springs, Colorado","2026-03-07","https://kbr.wd5.myworkdayjobs.com/KBR_Careers/job/Colorado-Springs-Colorado/XMLNAME-----SkillBridge----Orbit-Analyst_R2112360"
"USA","KBR","Engineer Equipment Mechanic Sr.","Mechanical & Structural","USA","2026-03-07","https://kbr.wd5.myworkdayjobs.com/KBR_Careers/job/Jacksonville-Florida/Engineer-Equipment-Mechanic-Sr_R2111359"
"Australia","KBR","Electrical Engineer","Electrical & Instrumentation","Melbourne, Victoria, Australia","2026-03-07","https://kbr.wd5.myworkdayjobs.com/KBR_Careers/job/Melbourne-Victoria-Australia/Electrical-Engineer_R2112191-1"
"USA","KBR","Automotive Diesel Mechanic","Mechanical & Structural","Jacksonville, Florida","2026-03-07","https://kbr.wd5.myworkdayjobs.com/KBR_Careers/job/Jacksonville-Florida/Automotive-Diesel-Mechanic_R2108151-1"
"Singapore","KBR","Electrical Engineer","Electrical & Instrumentation","Singapore, Singapore","2026-03-07","https://kbr.wd5.myworkdayjobs.com/KBR_Careers/job/Singapore-Singapore/Electrical-Engineer_R2112013"
"USA","KBR","COMSEC Program Analyst","Other","Chantilly, Virginia","2026-03-07","https://kbr.wd5.myworkdayjobs.com/KBR_Careers/job/Chantilly-Virginia/COMSEC-Program-Analyst_R2111961-1"
"Saudi Arabia","KBR","Business Operations Specialist","Other","Corniche, Al Khobar, Eastern Region, Saudi Arabia","2026-03-07","https://kbr.wd5.myworkdayjobs.com/KBR_Careers/job/Corniche-Al-Khobar-Eastern-Region-Saudi-Arabia/Business-Operations-Specialist_R2111195"
"USA","KBR","Systems Administrator - COMSEC","Other","Chantilly, Virginia","2026-03-07","https://kbr.wd5.myworkdayjobs.com/KBR_Careers/job/Chantilly-Virginia/Systems-Administrator---COMSEC_R2111726"
"USA","KBR","Crypto Systems Engineer","Other","Chantilly, Virginia","2026-03-07","https://kbr.wd5.myworkdayjobs.com/KBR_Careers/job/Chantilly-Virginia/Crypto-Systems-Engineer_R2111693"
"Mexico","KBR","Document Management - Manager","Management & Administration","Monterrey, Nuevo León, Mexico","2026-03-07","https://kbr.wd5.myworkdayjobs.com/KBR_Careers/job/Monterrey-Nuevo-Len-Mexico/Document-Management---Manager_R2111578"
"USA","KBR","Automotive Diesel Mechanic","Mechanical & Structural","Jacksonville, Florida","2026-03-07","https://kbr.wd5.myworkdayjobs.com/KBR_Careers/job/Jacksonville-Florida/Automotive-Diesel-Mechanic_R2109353"
"Australia","KBR","Principal Process Engineer","Operations & Process","Brisbane, Queensland, Australia","2026-03-07","https://kbr.wd5.myworkdayjobs.com/KBR_Careers/job/Brisbane-Queensland-Australia/Principal-Process-Engineer_R2111135"
"Australia","KBR","Alice Springs Opportunity","Other","Alice Springs, Northern Territory, Australia","2026-03-07","https://kbr.wd5.myworkdayjobs.com/KBR_Careers/job/Alice-Springs-Northern-Territory-Australia/Alice-Springs-Opportunity_R2111349"
"USA","KBR","Equipment Support Team Mechanic (Engineer Heavy Equip)","Mechanical & Structural","USA","2026-03-07","https://kbr.wd5.myworkdayjobs.com/KBR_Careers/job/Jacksonville-Florida/Equipment-Support-Team-Mechanic--Engineer-Heavy-Equip-_R2110909"
"USA","KBR","Data Engineer","IT & Digital","USA","2026-03-07","https://kbr.wd5.myworkdayjobs.com/KBR_Careers/job/Niceville-Florida/Data-Engineer_R2111230"
"Iraq","KBR","MISS: IT Customer Support Analyst (Contingency Hire)","Other","Baghdad, Iraq","2026-03-07","https://kbr.wd5.myworkdayjobs.com/KBR_Careers/job/Baghdad-Iraq/MISS--IT-Communications-Specialist--Contingency-Hire-_R2098164"
"USA","KBR","ASSISTANT SITE MANAGER (Contingency Hire)","Project Management","Albany, Georgia","2026-03-07","https://kbr.wd5.myworkdayjobs.com/KBR_Careers/job/Albany-Georgia/ASSISTANT-SITE-MANAGER_R2109489"
"USA","KBR","MISS: HR Specialist (Contingency Hire)","HR & People","USA","2026-03-07","https://kbr.wd5.myworkdayjobs.com/KBR_Careers/job/Houston-Texas/MISS--HR-Specialist--Contingency-Hire-_R2098163"
"USA","KBR","MISS: Administrative Specialist (Contingency Hire)","Other","USA","2026-03-07","https://kbr.wd5.myworkdayjobs.com/KBR_Careers/job/Houston-Texas/MISS--Administrative-Specialist--Contingency-Hire-_R2098166"
"USA","KBR","MISS: HR Manager (Contingency Hire)","HR & People","USA","2026-03-07","https://kbr.wd5.myworkdayjobs.com/KBR_Careers/job/Houston-Texas/MISS--HR-Manager--Contingency-Hire-_R2098162"
"USA","KBR","LIS SECREP: Site Manager (Contingency Hire)","Project Management","USA","2026-03-07","https://kbr.wd5.myworkdayjobs.com/KBR_Careers/job/Albany-Georgia/LIS-SECREP--Site-Manager--Contingency-Hire-_R2107889"
"USA","KBR","Surge Support Medical Equipment Repairer","Mechanical & Structural","USA","2026-03-07","https://kbr.wd5.myworkdayjobs.com/KBR_Careers/job/Jacksonville-Florida/Surge-Support-Medical-Equipment-Repairer_R2110347"
"USA","KBR","Senior Technical Lead Radar Systems Engineering","Management & Administration","Ann Arbor, Michigan","2026-03-07","https://kbr.wd5.myworkdayjobs.com/KBR_Careers/job/Ann-Arbor-Michigan/Sr-Technical-Lead-Radar-Systems-Engineering_R2107376"
"USA","KBR","Big Data Systems Engineer (Remote)","IT & Digital","USA","2026-03-07","https://kbr.wd5.myworkdayjobs.com/KBR_Careers/job/Huntsville-Alabama/Big-Data-Integration-Engineer_R2094453"
"USA","KBR","Photogrammetric Engineer","Other","Springfield, Virginia","2026-03-07","https://kbr.wd5.myworkdayjobs.com/KBR_Careers/job/Springfield-Virginia/Photogrammetric-Engineer_R2109564"
"USA","KBR","*SkillBridge Only * Aircraft Maintenance or Electronics","Other","Tinker AFB, Oklahoma","2026-03-07","https://kbr.wd5.myworkdayjobs.com/KBR_Careers/job/Tinker-AFB-Oklahoma/XMLNAME--SkillBridge-Only---Aircraft-Maintenance-or-Electronics_R2109017"
"USA","KBR","Sr. Manager, Consulting","Management & Administration","Newark, Delaware","2026-03-07","https://kbr.wd5.myworkdayjobs.com/KBR_Careers/job/Newark-Delaware/Sr-Manager--Consulting_R2108962-1"
"USA","KBR","Project Director, EPC","Management & Administration","Newark, Delaware","2026-03-07","https://kbr.wd5.myworkdayjobs.com/KBR_Careers/job/Newark-Delaware/Project-Director--EPC_R2108037"
"USA","KBR","Project Manager - Engineering","Project Management","Newark, Delaware","2026-03-07","https://kbr.wd5.myworkdayjobs.com/KBR_Careers/job/Newark-Delaware/Project-Manager---Engineering_R2108035"
"Saudi Arabia","KBR","Senior Commercial Manager","Commercial & Business","Riyadh, Riyadh, Saudi Arabia","2026-03-07","https://kbr.wd5.myworkdayjobs.com/KBR_Careers/job/Riyadh-Riyadh-Saudi-Arabia/Senior-Commercial-Manager_R2107488"
"Australia","KBR","HV Secondary Engineer","Other","Australia","2026-03-07","https://kbr.wd5.myworkdayjobs.com/KBR_Careers/job/Melbourne-Victoria-Australia/HV-Secondary-Engineer_R2106629-1"
"Saudi Arabia","KBR","Planning Manager","Management & Administration","Riyadh, Riyadh, Saudi Arabia","2026-03-07","https://kbr.wd5.myworkdayjobs.com/KBR_Careers/job/Riyadh-Riyadh-Saudi-Arabia/Planning-Manager_R2105658"
"Saudi Arabia","KBR","Procurement Cost and Commercial Director","Supply Chain","Riyadh, Riyadh, Saudi Arabia","2026-03-07","https://kbr.wd5.myworkdayjobs.com/KBR_Careers/job/Riyadh-Riyadh-Saudi-Arabia/Procurement-Cost-and-Commercial-Director_R2105444"
"USA","KBR","Cryptologic Test Engineer","Other","Chantilly, Virginia","2026-03-07","https://kbr.wd5.myworkdayjobs.com/KBR_Careers/job/Chantilly-Virginia/Cryptologic-Test-Engineer_R2101277"
"Australia","KBR","Senior Registered Nurse","Management & Administration","Alice Springs, Northern Territory, Australia","2026-03-07","https://kbr.wd5.myworkdayjobs.com/KBR_Careers/job/Alice-Springs-Northern-Territory-Australia/Senior-Registered-Nurse_R2097323"
"Saudi Arabia","KBR","HSE Manager","HSE & Environment","Corniche, Al Khobar, Eastern Region, Saudi Arabia","2026-03-07","https://kbr.wd5.myworkdayjobs.com/KBR_Careers/job/Corniche-Al-Khobar-Eastern-Region-Saudi-Arabia/HSE-Manager_R2102293-1"
"Saudi Arabia","KBR","Human Resources Manager","HR & People","Corniche, Al Khobar, Eastern Region, Saudi Arabia","2026-03-07","https://kbr.wd5.myworkdayjobs.com/KBR_Careers/job/Corniche-Al-Khobar-Eastern-Region-Saudi-Arabia/Human-Resources-Manager_R2102113-1"
"USA","KBR","MISS: Assistant Operations Manager (Contingency Hire)","Management & Administration","Houston, Texas","2026-03-07","https://kbr.wd5.myworkdayjobs.com/KBR_Careers/job/Houston-Texas/MISS--Assistant-Operations-Manager_R2098107"
"USA","KBR","Spaceport Integration Senior Manager / Deputy PM","Management & Administration","Cape Canaveral, Florida","2026-03-07","https://kbr.wd5.myworkdayjobs.com/KBR_Careers/job/Cape-Canaveral-Florida/Spaceport-Integration-Senior-Manager---Deputy-PM_R2101552"
"USA","KBR","Exploration Ground Systems Senior Operations Manager","Management & Administration","Cape Canaveral, Florida","2026-03-07","https://kbr.wd5.myworkdayjobs.com/KBR_Careers/job/Cape-Canaveral-Florida/Exploration-Ground-Systems-Senior-Operations-Manager_R2101551-1"
"USA","KBR","Engineering Director","Management & Administration","Cape Canaveral, Florida","2026-03-07","https://kbr.wd5.myworkdayjobs.com/KBR_Careers/job/Cape-Canaveral-Florida/Engineering-Director_R2101549"
"USA","KBR","Safety, Environmental and Mission Assurance Senior Manager","HSE & Environment","Cape Canaveral, Florida","2026-03-07","https://kbr.wd5.myworkdayjobs.com/KBR_Careers/job/Cape-Canaveral-Florida/Safety--Environmental-and-Mission-Assurance-Senior-Manager_R2101554"
"USA","KBR","GEOINT Systems Engineer","Other","Chantilly, Virginia","2026-03-07","https://kbr.wd5.myworkdayjobs.com/KBR_Careers/job/Chantilly-Virginia/GEOINT-Systems-Engineer_R2098630-1"
"Iraq","KBR","MISS: IT Customer Support Analyst (Contingency Hire)","Other","Baghdad, Baghdād, Iraq","2026-03-07","https://kbr.wd5.myworkdayjobs.com/KBR_Careers/job/Baghdad-Baghdd-Iraq/MISS--IT-Customer-Support-Analyst--Contingency-Hire-_R2098653"
"Iraq","KBR","MISS: Senior IT Customer Support Analyst (Contingency Hire)","Management & Administration","Baghdad, Baghdād, Iraq","2026-03-07","https://kbr.wd5.myworkdayjobs.com/KBR_Careers/job/Baghdad-Baghdd-Iraq/MISS--Senior-IT-Customer-Support-Analyst--Contingency-Hire-_R2098658"
"Iraq","KBR","MISS: IT Customer Support Analyst (Contingency Hire)","Other","Baghdad, Baghdād, Iraq","2026-03-07","https://kbr.wd5.myworkdayjobs.com/KBR_Careers/job/Baghdad-Baghdd-Iraq/MISS--IT-Customer-Support-Analyst--Contingency-Hire-_R2098649"
"Iraq","KBR","MISS: IT Customer Support Analyst (Contingency Hire)","Other","Baghdad, Baghdād, Iraq","2026-03-07","https://kbr.wd5.myworkdayjobs.com/KBR_Careers/job/Baghdad-Baghdd-Iraq/MISS--IT-Customer-Support-Analyst--Contingency-Hire-_R2098652"
"Iraq","KBR","MISS: Plumbing Supervisor (Contingency Hire)","Project Management","Iraq","2026-03-07","https://kbr.wd5.myworkdayjobs.com/KBR_Careers/job/Baghdad-Baghdd-Iraq/MISS--Plumbing-Supervisor_R2098112"
"Iraq","KBR","MISS: Plumbing Supervisor (Contingency Hire)","Project Management","Iraq","2026-03-07","https://kbr.wd5.myworkdayjobs.com/KBR_Careers/job/Baghdad-Baghdd-Iraq/MISS--Plumbing-Supervisor_R2098093"
"Iraq","KBR","MISS: Mechanical Supervisor (Contingency Hire)","Mechanical & Structural","Iraq","2026-03-07","https://kbr.wd5.myworkdayjobs.com/KBR_Careers/job/Baghdad-Baghdd-Iraq/MISS--Mechanical-Supervisor_R2098092"
"USA","KBR","MISS: Assistant Chief Engineer (Contingency Hire)","Management & Administration","Houston, Texas","2026-03-07","https://kbr.wd5.myworkdayjobs.com/KBR_Careers/job/Houston-Texas/MISS--Assistant-Chief-Engineer_R2098090"
"USA","KBR","MISS: Assistant Site Services Manager (Contingency Hire)","Management & Administration","Houston, Texas","2026-03-07","https://kbr.wd5.myworkdayjobs.com/KBR_Careers/job/Houston-Texas/MISS--Assistant-Site-Services-Manager--Contingency-Hire-_R2098181"
"USA","KBR","MISS: Assistant Site Services Manager (Contingency Hire)","Management & Administration","Houston, Texas","2026-03-07","https://kbr.wd5.myworkdayjobs.com/KBR_Careers/job/Houston-Texas/MISS--Assistant-Site-Services-Manager--Contingency-Hire-_R2098180"
"USA","KBR","MISS: Assistant Site Services Manager (Contingency Hire)","Management & Administration","Houston, Texas","2026-03-07","https://kbr.wd5.myworkdayjobs.com/KBR_Careers/job/Houston-Texas/MISS--Assistant-Site-Services-Manager--Contingency-Hire-_R2098100"
"USA","KBR","MISS: Assistant Chief Engineer (Contingency Hire)","Management & Administration","Houston, Texas","2026-03-07","https://kbr.wd5.myworkdayjobs.com/KBR_Careers/job/Houston-Texas/MISS--Assistant-Chief-Engineer_R2098109"
"Iraq","KBR","MISS: Senior IT Customer Support Analyst (Contingency Hire)","Management & Administration","Baghdad, Baghdād, Iraq","2026-03-07","https://kbr.wd5.myworkdayjobs.com/KBR_Careers/job/Baghdad-Baghdd-Iraq/MISS--Senior-IT-Customer-Support-Analyst--Contingency-Hire-_R2098657"
"USA","KBR","MISS: Electrical Supervisor (Contingency Hire)","Electrical & Instrumentation","USA","2026-03-07","https://kbr.wd5.myworkdayjobs.com/KBR_Careers/job/Houston-Texas/MISS--Electrical-Supervisor_R2098094-1"
"USA","KBR","MISS: Electrical Supervisor (Contingency Hire)","Electrical & Instrumentation","USA","2026-03-07","https://kbr.wd5.myworkdayjobs.com/KBR_Careers/job/Houston-Texas/MISS--Electrical-Supervisor_R2098114"
"USA","KBR","MISS: Fuel Systems Supervisor (Contingency Hire)","Project Management","USA","2026-03-07","https://kbr.wd5.myworkdayjobs.com/KBR_Careers/job/Houston-Texas/MISS--Fuel-Systems-Supervisor_R2098096"
