"Country","Company","Title","Category","Location","Date Posted","Link"
"Saudi Arabia","Larsen & Toubro","Asst. eALPS+ Administrator","Management & Administration","Kingdom Of Saudi Arabia, Saudi Arabia","2026-04-01","https://larsentoubrocareers.peoplestrong.com/job/detail/LNT_-A_1711353"
"India","Larsen & Toubro","Senior Engineer","Management & Administration","Faridabad, India","2026-04-01","https://larsentoubrocareers.peoplestrong.com/job/detail/LNT_SE_1669042"
"India","Larsen & Toubro","Depot Layout Engineer","Management & Administration","Faridabad, India","2026-04-01","https://larsentoubrocareers.peoplestrong.com/job/detail/LNT_DLE_1675087"
"India","Larsen & Toubro","Asst Engineering Manager","Management & Administration","Faridabad, India","2026-04-01","https://larsentoubrocareers.peoplestrong.com/job/detail/LNT_AEM_1677770"
"India","Larsen & Toubro","Domain Architect & Digital Adviser – Cyber security /OA &IT System","IT & Digital","Faridabad, India","2026-04-01","https://larsentoubrocareers.peoplestrong.com/job/detail/LNT_DA-DA-CS-S_1625015"
"India","Larsen & Toubro","Ballast less Track Designer","Management & Administration","Faridabad, India","2026-04-01","https://larsentoubrocareers.peoplestrong.com/job/detail/LNT_BLTD_1627752"
"India","Larsen & Toubro","Draft Person - BLT","Management & Administration","Faridabad, India","2026-04-01","https://larsentoubrocareers.peoplestrong.com/job/detail/LNT_DP-B_1629011"
"India","Larsen & Toubro","Asst Engineering Manager -Signalling","Management & Administration","Faridabad, India","2026-04-01","https://larsentoubrocareers.peoplestrong.com/job/detail/LNT_AEM_1698293"
"India","Larsen & Toubro","Project Management - CIWS (Radar)","Management & Administration","Powai Campus, India","2026-04-01","https://larsentoubrocareers.peoplestrong.com/job/detail/LNT_PM-C_1704630"
"India","Larsen & Toubro","Lead Design Engineer Civil & Structural - Renewables (Utility Scale Solar PV, BESS and Wind)","Mechanical & Structural","Chennai Head Qrs., India","2026-04-01","https://larsentoubrocareers.peoplestrong.com/job/detail/LNT_LDEC-S-R-SS-BA_1673925"
"India","Larsen & Toubro","T&C Engineer","Management & Administration","Ahmedabad, India","2026-04-01","https://larsentoubrocareers.peoplestrong.com/job/detail/LNT_-E_1695135"
"India","Larsen & Toubro","Design Engineer – HVAC (Data Center)","Mechanical & Structural","AMN Tower, Powai, India","2026-03-31","https://larsentoubrocareers.peoplestrong.com/job/detail/LNT_DE-H_1710104"
"India","Larsen & Toubro","Design Engineer – Fire Protection & ELV Services","Electrical & Instrumentation","AMN Tower, Powai, India","2026-03-31","https://larsentoubrocareers.peoplestrong.com/job/detail/LNT_DE-FP-ES_1710108"
"India","Larsen & Toubro","Architect – Data Center Design","IT & Digital","AMN Tower, Powai, India","2026-03-31","https://larsentoubrocareers.peoplestrong.com/job/detail/LNT_A-DCD_1710131"
"India","Larsen & Toubro","QC Engineer","Management & Administration","Hazira Mfg Complex, India","2026-03-31","https://larsentoubrocareers.peoplestrong.com/job/detail/LNT_QE_1710096"
"India","Larsen & Toubro","QC Engineer","Management & Administration","Hazira Mfg Complex, India","2026-03-31","https://larsentoubrocareers.peoplestrong.com/job/detail/LNT_QE_1710098"
"India","Larsen & Toubro","Engineer Quality LMTG","HSE","Hazira Mfg Complex, India","2026-03-31","https://larsentoubrocareers.peoplestrong.com/job/detail/LNT_EQL_1710099"
"India","Larsen & Toubro","Engineer Quality LMTG","HSE","Hazira Mfg Complex, India","2026-03-31","https://larsentoubrocareers.peoplestrong.com/job/detail/LNT_EQL_1710102"
"India","Larsen & Toubro","Manager Quality LMTG","HSE","Hazira Mfg Complex, India","2026-03-31","https://larsentoubrocareers.peoplestrong.com/job/detail/LNT_MQL_1710590"
"India","Larsen & Toubro","Office Assistant","Management & Administration","Knowledge City Vadodara - VAD3, India","2026-03-31","https://larsentoubrocareers.peoplestrong.com/job/detail/LNT_OA_1708958"
"India","Larsen & Toubro","Civil Engineer - KUP","Management & Administration","Kattupalli, India","2026-03-31","https://larsentoubrocareers.peoplestrong.com/job/detail/LNT_CE-K_1711098"
"India","Larsen & Toubro","information Security Lead","Management & Administration","Knowledge City Vadodara - VAD3, India","2026-03-30","https://larsentoubrocareers.peoplestrong.com/job/detail/LNT_ISL_1614515"
"India","Larsen & Toubro","BIM Coordinator","Management & Administration","Mumbai, India","2026-03-30","https://larsentoubrocareers.peoplestrong.com/job/detail/LNT_BC_1705009"
"India","Larsen & Toubro","MEP-HVAC Engineer","Mechanical & Structural","Mumbai, India","2026-03-30","https://larsentoubrocareers.peoplestrong.com/job/detail/LNT_-E_1707741"
"India","Larsen & Toubro","Safety Engineer","HSE","Mumbai, India","2026-03-30","https://larsentoubrocareers.peoplestrong.com/job/detail/LNT_SE_1707742"
"India","Larsen & Toubro","Quality Engineer","HSE","Mumbai, India","2026-03-30","https://larsentoubrocareers.peoplestrong.com/job/detail/LNT_QE_1707743"
"India","Larsen & Toubro","Sr.Manager","Management & Administration","Mumbai, India","2026-03-30","https://larsentoubrocareers.peoplestrong.com/job/detail/LNT_-_1707723"
"India","Larsen & Toubro","MEP-Sr.Manager","Mechanical & Structural","Mumbai, India","2026-03-30","https://larsentoubrocareers.peoplestrong.com/job/detail/LNT_-_1707735"
"India","Larsen & Toubro","Planning /billing Engineer","Management & Administration","Bengaluru, India","2026-03-30","https://larsentoubrocareers.peoplestrong.com/job/detail/LNT_P-E_1704827"
"India","Larsen & Toubro","Manager - Quality","HSE","Bengaluru, India","2026-03-30","https://larsentoubrocareers.peoplestrong.com/job/detail/LNT_M-Q_1704831"
"India","Larsen & Toubro","Design Manager","Management & Administration","Bengaluru, India","2026-03-30","https://larsentoubrocareers.peoplestrong.com/job/detail/LNT_DM_1704834"
"India","Larsen & Toubro","EHS ENGINEER","HSE","Bengaluru, India","2026-03-30","https://larsentoubrocareers.peoplestrong.com/job/detail/LNT_EE_1704843"
"India","Larsen & Toubro","Planning/Billing Engineer","Management & Administration","Bengaluru, India","2026-03-30","https://larsentoubrocareers.peoplestrong.com/job/detail/LNT_-E_1704829"
"India","Larsen & Toubro","MEP-PHE Engineer","Mechanical & Structural","Mumbai, India","2026-03-30","https://larsentoubrocareers.peoplestrong.com/job/detail/LNT_-E_1707738"
"India","Larsen & Toubro","Precast Erection","Management & Administration","Navi Mumbai, India","2026-03-30","https://larsentoubrocareers.peoplestrong.com/job/detail/LNT_PE_1707852"
"India","Larsen & Toubro","Engineer Quality Outsource","HSE","Hazira Mfg Complex, India","2026-03-30","https://larsentoubrocareers.peoplestrong.com/job/detail/LNT_EQO_1709237"
"India","Larsen & Toubro","Branch Manager-DMN, Ranchi","Management & Administration","Ranchi, India","2026-03-27","https://larsentoubrocareers.peoplestrong.com/job/detail/LNT_B-R_1707532"
"India","Larsen & Toubro","Lead –PMS & Management Reporting","Management & Administration","Bengaluru, India","2026-03-27","https://larsentoubrocareers.peoplestrong.com/job/detail/LNT_L-MR_1674734"
"India","Larsen & Toubro","Shift Manager - DC Operations","Operations & Process","AMN Tower, Powai, India","2026-03-27","https://larsentoubrocareers.peoplestrong.com/job/detail/LNT_SM-DO_1697447"
"India","Larsen & Toubro","Lead Strategy, MIS, Pricing, Risk Management","Management & Administration","AMN Tower, Powai, India","2026-03-27","https://larsentoubrocareers.peoplestrong.com/job/detail/LNT_L--RM_1697469"
"India","Larsen & Toubro","Category Manager-IT Procurement, Data Center & Cloud Services","IT & Digital","AMN Tower, Powai, India","2026-03-27","https://larsentoubrocareers.peoplestrong.com/job/detail/LNT_C-DC-CS_1707841"
"India","Larsen & Toubro","Electrical Physical Designer","Electrical & Instrumentation","Vadodara, India","2026-03-27","https://larsentoubrocareers.peoplestrong.com/job/detail/LNT_EPD_1581915"
"India","Larsen & Toubro","Electrical Engineering (System design) : BE Electrical","Electrical & Instrumentation","Vadodara, India","2026-03-27","https://larsentoubrocareers.peoplestrong.com/job/detail/LNT_EE--BE_1581924"
"India","Larsen & Toubro","Sr. manager-PROCUREMENT","Supply Chain","Chennai, India","2026-03-27","https://larsentoubrocareers.peoplestrong.com/job/detail/LNT_-_1704743"
"India","Larsen & Toubro","Service Engineer","Management & Administration","Kolkata, India","2026-03-26","https://larsentoubrocareers.peoplestrong.com/job/detail/LNT_SE_1708523"
"India","Larsen & Toubro","Senior Manager - MEP Execution ( Mechanical)","Mechanical & Structural","Mumbai, India","2026-03-26","https://larsentoubrocareers.peoplestrong.com/job/detail/LNT_SM-ME_1708332"
"India","Larsen & Toubro","Manager - MEP Execution ( Electricals), Thane Projects","Electrical & Instrumentation","Mumbai, India","2026-03-26","https://larsentoubrocareers.peoplestrong.com/job/detail/LNT_M-ME-TP_1708303"
"India","Larsen & Toubro","PSI - Transformer and Equipment Expert","Management & Administration","Haryana sites, India","2026-03-26","https://larsentoubrocareers.peoplestrong.com/job/detail/LNT_P-TAEE_1579471"
"India","Larsen & Toubro","Central Service Coordinator - Pronto","Management & Administration","Chennai, India","2026-03-26","https://larsentoubrocareers.peoplestrong.com/job/detail/LNT_CSC-P_1699001"
"India","Larsen & Toubro","WELDING AND DEVELOPMENT ENGINEER","Inspection & Integrity","Hazira Mfg Complex, India","2026-03-26","https://larsentoubrocareers.peoplestrong.com/job/detail/LNT_WADE_1611799"
"India","Larsen & Toubro","Engineer -Generator testing","Management & Administration","Hazira Mfg Complex, India","2026-03-26","https://larsentoubrocareers.peoplestrong.com/job/detail/LNT_E_1683487"
"India","Larsen & Toubro","Purchase Engineer - Machining/Fabrication","Mechanical & Structural","Hazira Mfg Complex, India","2026-03-26","https://larsentoubrocareers.peoplestrong.com/job/detail/LNT_PE_1691271"
"India","Larsen & Toubro","Supervisor Mechanical Maintenance","Mechanical & Structural","Hazira Mfg Complex, India","2026-03-26","https://larsentoubrocareers.peoplestrong.com/job/detail/LNT_SMM_1695105"
"India","Larsen & Toubro","Manager- Turbine Design(Rotary)","Management & Administration","Hazira Mfg Complex, India","2026-03-26","https://larsentoubrocareers.peoplestrong.com/job/detail/LNT_-T_1702529"
"UAE","Larsen & Toubro","Engineer (Civil) - QA/QC","HSE","Dubai, UAE","2026-03-25","https://larsentoubrocareers.peoplestrong.com/job/detail/LNT_E-_1683830"
"Oman","Larsen & Toubro","Planning Engineer","Management & Administration","Oman","2026-03-25","https://larsentoubrocareers.peoplestrong.com/job/detail/LNT_PE_1687492"
"Oman","Larsen & Toubro","Site Engineer - Civil","Management & Administration","Oman","2026-03-25","https://larsentoubrocareers.peoplestrong.com/job/detail/LNT_SE-C_1687511"
"Kuwait","Larsen & Toubro","Electrical Construction Supervisor","Electrical & Instrumentation","Kuwait","2026-03-25","https://larsentoubrocareers.peoplestrong.com/job/detail/LNT_ECS_1694675"
"UAE","Larsen & Toubro","Engineer (EHS)","HSE","Dubai, UAE","2026-03-25","https://larsentoubrocareers.peoplestrong.com/job/detail/LNT_E_1699122"
"UAE","Larsen & Toubro","Engineer (Civil) - QA/QC","HSE","Dubai, UAE","2026-03-25","https://larsentoubrocareers.peoplestrong.com/job/detail/LNT_E-_1699133"
"UAE","Larsen & Toubro","Planning Engineer","Management & Administration","Dubai, UAE","2026-03-25","https://larsentoubrocareers.peoplestrong.com/job/detail/LNT_PE_1699141"
"UAE","Larsen & Toubro","Construction Manager- (Civil)","Management & Administration","Dubai, UAE","2026-03-25","https://larsentoubrocareers.peoplestrong.com/job/detail/LNT_E_1699164"
"UAE","Larsen & Toubro","Engineer (Civil)","Management & Administration","Dubai, UAE","2026-03-25","https://larsentoubrocareers.peoplestrong.com/job/detail/LNT_E_1700161"
"UAE","Larsen & Toubro","Engineer - (EHS)","HSE","Dubai, UAE","2026-03-25","https://larsentoubrocareers.peoplestrong.com/job/detail/LNT_E_1700212"
"UAE","Larsen & Toubro","Construction Manager - Electrical","Electrical & Instrumentation","Abu Dhabi, UAE","2026-03-25","https://larsentoubrocareers.peoplestrong.com/job/detail/LNT_CM-E_1700239"
"UAE","Larsen & Toubro","Engineer (Civil) - QA/QC","HSE","Dubai, UAE","2026-03-25","https://larsentoubrocareers.peoplestrong.com/job/detail/LNT_E-_1700361"
"UAE","Larsen & Toubro","Construction Manager - Civil","Management & Administration","Abu Dhabi, UAE","2026-03-25","https://larsentoubrocareers.peoplestrong.com/job/detail/LNT_CM-C_1700372"
"UAE","Larsen & Toubro","Asst. Construction Manager - Civil","Management & Administration","Dubai, UAE","2026-03-25","https://larsentoubrocareers.peoplestrong.com/job/detail/LNT_CM-C_1700390"
"UAE","Larsen & Toubro","Construction Manager - Civil","Management & Administration","Dubai, UAE","2026-03-25","https://larsentoubrocareers.peoplestrong.com/job/detail/LNT_CM-C_1700422"
"UAE","Larsen & Toubro","Construction Manager - Civil","Management & Administration","Dubai, UAE","2026-03-25","https://larsentoubrocareers.peoplestrong.com/job/detail/LNT_CM-C_1700518"
"UAE","Larsen & Toubro","Engineer (Civil) - QA/QC","HSE","Dubai, UAE","2026-03-25","https://larsentoubrocareers.peoplestrong.com/job/detail/LNT_E-_1700539"
"UAE","Larsen & Toubro","Construction Manager - Civil","Management & Administration","Dubai, UAE","2026-03-25","https://larsentoubrocareers.peoplestrong.com/job/detail/LNT_CM-C_1700563"
"UAE","Larsen & Toubro","Engineer (EHS)","HSE","Abu Dhabi, UAE","2026-03-25","https://larsentoubrocareers.peoplestrong.com/job/detail/LNT_E_1700589"
"UAE","Larsen & Toubro","Planning Engineer","Management & Administration","Dubai, UAE","2026-03-25","https://larsentoubrocareers.peoplestrong.com/job/detail/LNT_PE_1700615"
"UAE","Larsen & Toubro","Construction Manager - Civil","Management & Administration","Abu Dhabi, UAE","2026-03-25","https://larsentoubrocareers.peoplestrong.com/job/detail/LNT_CM-C_1700642"
"India","Larsen & Toubro","Senior FPGA Engineer (T&IC)","Management & Administration","Mumbai, India","2026-03-25","https://larsentoubrocareers.peoplestrong.com/job/detail/LNT_SFE_1671798"
"India","Larsen & Toubro","EHS officer for SHAR","HSE","Sri City, India","2026-03-25","https://larsentoubrocareers.peoplestrong.com/job/detail/LNT_EOFS_1691751"
"India","Larsen & Toubro","Senior Engineer - Pre Silicon Validation and Firmware","Management & Administration","Bengaluru, India","2026-03-25","https://larsentoubrocareers.peoplestrong.com/job/detail/LNT_SE-PSVAF_1707326"
"India","Larsen & Toubro","Senior Engineer - Emulation","Management & Administration","Bengaluru, India","2026-03-25","https://larsentoubrocareers.peoplestrong.com/job/detail/LNT_SE-E_1707339"
"India","Larsen & Toubro","Quality Engineer","HSE","Vijaywada, India","2026-03-25","https://larsentoubrocareers.peoplestrong.com/job/detail/LNT_QE_1705210"
"India","Larsen & Toubro","Construction Manager","Management & Administration","Vijaywada, India","2026-03-25","https://larsentoubrocareers.peoplestrong.com/job/detail/LNT_CM_1705220"
"India","Larsen & Toubro","Construction Manager","Management & Administration","Vijaywada, India","2026-03-25","https://larsentoubrocareers.peoplestrong.com/job/detail/LNT_CM_1705300"
"India","Larsen & Toubro","Sub contractor Billing Engineer","Legal & Compliance","Vijaywada, India","2026-03-25","https://larsentoubrocareers.peoplestrong.com/job/detail/LNT_SCBE_1705144"
"India","Larsen & Toubro","Execution - Civil engineer","Management & Administration","Vijaywada, India","2026-03-25","https://larsentoubrocareers.peoplestrong.com/job/detail/LNT_E-CE_1705180"
"India","Larsen & Toubro","Execution Incharge","Management & Administration","Vijaywada, India","2026-03-25","https://larsentoubrocareers.peoplestrong.com/job/detail/LNT_EI_1705194"
"India","Larsen & Toubro","Fabrication Supervisor","Mechanical & Structural","Hazira Mfg Complex, India","2026-03-24","https://larsentoubrocareers.peoplestrong.com/job/detail/LNT_FS_1700235"
"India","Larsen & Toubro","Engineering Electrical","Electrical & Instrumentation","AMN Tower, Powai, India","2026-03-24","https://larsentoubrocareers.peoplestrong.com/job/detail/LNT_EE_1705956"
"India","Larsen & Toubro","Senior Engineer-Boiler Layout Enginnering","Management & Administration","Knowledge City Vadodara, India","2026-03-23","https://larsentoubrocareers.peoplestrong.com/job/detail/LNT_S-LE_1684020"
"India","Larsen & Toubro","Senior Engineer -Civil","Management & Administration","Bengaluru, India","2026-03-23","https://larsentoubrocareers.peoplestrong.com/job/detail/LNT_SE_1704825"
"India","Larsen & Toubro","MEP - Electrical","Electrical & Instrumentation","Chennai, India","2026-03-23","https://larsentoubrocareers.peoplestrong.com/job/detail/LNT_M-E_1704860"
"India","Larsen & Toubro","MEP - Electrical-Engineer","Electrical & Instrumentation","Chennai, India","2026-03-23","https://larsentoubrocareers.peoplestrong.com/job/detail/LNT_M_1704864"
"India","Larsen & Toubro","Formwork Foreman","Management & Administration","Chennai, India","2026-03-23","https://larsentoubrocareers.peoplestrong.com/job/detail/LNT_FF_1704573"
"India","Larsen & Toubro","Formwork and scaffolding Engineer","Management & Administration","Chennai, India","2026-03-23","https://larsentoubrocareers.peoplestrong.com/job/detail/LNT_FASE_1704587"
"India","Larsen & Toubro","Formwork Inchrge","Human Resources","Chennai, India","2026-03-23","https://larsentoubrocareers.peoplestrong.com/job/detail/LNT_FI_1704809"
"India","Larsen & Toubro","MEP Engineer - PHE","Mechanical & Structural","Hyderabad, India","2026-03-23","https://larsentoubrocareers.peoplestrong.com/job/detail/LNT_ME-P_1703013"
"India","Larsen & Toubro","civil supervisor","Management & Administration","Chennai, India","2026-03-23","https://larsentoubrocareers.peoplestrong.com/job/detail/LNT_CS_1703501"
"India","Larsen & Toubro","Senior Engineer - Rebar","Management & Administration","Chennai, India","2026-03-23","https://larsentoubrocareers.peoplestrong.com/job/detail/LNT_SE-R_1704874"
"India","Larsen & Toubro","Formwork and scaffolding Engineer","Management & Administration","Hyderabad, India","2026-03-23","https://larsentoubrocareers.peoplestrong.com/job/detail/LNT_FASE_1702805"
"India","Larsen & Toubro","Senior Engineer -Civil","Management & Administration","Hyderabad, India","2026-03-23","https://larsentoubrocareers.peoplestrong.com/job/detail/LNT_SE_1702815"
"India","Larsen & Toubro","Execution Engineer Civil - Finishes","Management & Administration","Hyderabad, India","2026-03-23","https://larsentoubrocareers.peoplestrong.com/job/detail/LNT_EEC-F_1702835"
"India","Larsen & Toubro","Civil Execution","Management & Administration","Hyderabad, India","2026-03-23","https://larsentoubrocareers.peoplestrong.com/job/detail/LNT_CE_1702786"
"India","Larsen & Toubro","Engineer Execution","Management & Administration","Hyderabad, India","2026-03-23","https://larsentoubrocareers.peoplestrong.com/job/detail/LNT_EE_1702796"
"India","Larsen & Toubro","Engineer-Quality","HSE","Hyderabad, India","2026-03-23","https://larsentoubrocareers.peoplestrong.com/job/detail/LNT_-_1703009"
"India","Larsen & Toubro","MEP - Electrical-Engineer","Electrical & Instrumentation","Hyderabad, India","2026-03-23","https://larsentoubrocareers.peoplestrong.com/job/detail/LNT_M_1703011"
"India","Larsen & Toubro","Planning- Costing","Management & Administration","Chennai, India","2026-03-23","https://larsentoubrocareers.peoplestrong.com/job/detail/LNT_-C_1704877"
"India","Larsen & Toubro","QAQC","Management & Administration","Chennai, India","2026-03-23","https://larsentoubrocareers.peoplestrong.com/job/detail/LNT_Q_1704878"
"India","Larsen & Toubro","Foreman (Civil Finishing)","Management & Administration","Chennai, India","2026-03-23","https://larsentoubrocareers.peoplestrong.com/job/detail/LNT_F_1704454"
"India","Larsen & Toubro","Execution Engineer Civil - Finishes","Management & Administration","Chennai, India","2026-03-23","https://larsentoubrocareers.peoplestrong.com/job/detail/LNT_EEC-F_1704507"
"India","Larsen & Toubro","MANAGER (CIVIL) - QA&QC","Management & Administration","Chennai, India","2026-03-23","https://larsentoubrocareers.peoplestrong.com/job/detail/LNT_M-_1704879"
"India","Larsen & Toubro","Tower Incharge","Management & Administration","Chennai, India","2026-03-23","https://larsentoubrocareers.peoplestrong.com/job/detail/LNT_TI_1704890"
"India","Larsen & Toubro","Construction Manager","Management & Administration","Chennai, India","2026-03-23","https://larsentoubrocareers.peoplestrong.com/job/detail/LNT_CM_1704897"
"India","Larsen & Toubro","Supervisor","Management & Administration","Kancheepuram Works, India","2026-03-23","https://larsentoubrocareers.peoplestrong.com/job/detail/LNT_S_1705007"
"India","Larsen & Toubro","Assessment - Service Delivery","Management & Administration","Chennai Head Qrs., India","2026-03-21","https://larsentoubrocareers.peoplestrong.com/job/detail/LNT_A-SD_1704679"
"India","Larsen & Toubro","EHS Manager","HSE","Mumbai, India","2026-03-20","https://larsentoubrocareers.peoplestrong.com/job/detail/LNT_EM_1685553"
"Saudi Arabia","Larsen & Toubro","QA/QC - Civil / Mech. / E&I","HSE","Kingdom Of Saudi Arabia, Saudi Arabia","2026-03-20","https://larsentoubrocareers.peoplestrong.com/job/detail/LNT_-C-_1704336"
"India","Larsen & Toubro","MEP- Electrical/ HVAC","Electrical & Instrumentation","Ahmedabad, India","2026-03-20","https://larsentoubrocareers.peoplestrong.com/job/detail/LNT_-H_1703947"
"India","Larsen & Toubro","MEP","Mechanical & Structural","Ahmedabad, India","2026-03-20","https://larsentoubrocareers.peoplestrong.com/job/detail/LNT_M_1703954"
"India","Larsen & Toubro","Taxation (Indirect, Trade & Export Compliance) executive","Finance & Accounting","Coimbatore Campus, India","2026-03-20","https://larsentoubrocareers.peoplestrong.com/job/detail/LNT_T-T-E-E_1674794"
"India","Larsen & Toubro","Finance operations Lead","Operations & Process","Bengaluru, India","2026-03-20","https://larsentoubrocareers.peoplestrong.com/job/detail/LNT_FOL_1674766"
"India","Larsen & Toubro","Executive – Procure to Pay & Fixed Assets","Management & Administration","Bengaluru, India","2026-03-20","https://larsentoubrocareers.peoplestrong.com/job/detail/LNT_E-PTP-FA_1674816"
"India","Larsen & Toubro","Accounts receivables executive","Finance & Accounting","Bengaluru, India","2026-03-20","https://larsentoubrocareers.peoplestrong.com/job/detail/LNT_ARE_1674838"
"India","Larsen & Toubro","Hull Production Supervisor","Management & Administration","Kattupalli, India","2026-03-23","https://larsentoubrocareers.peoplestrong.com/job/detail/LNT_HPS_1697990"
"India","Larsen & Toubro","Senior Engineer (Production) - HVAC","Mechanical & Structural","Kattupalli, India","2026-03-20","https://larsentoubrocareers.peoplestrong.com/job/detail/LNT_AOE_1697667"
"India","Larsen & Toubro","WELDING ENGINEER","Inspection & Integrity","Kattupalli, India","2026-03-20","https://larsentoubrocareers.peoplestrong.com/job/detail/LNT_WE_1700763"
"India","Larsen & Toubro","R&D Head -BESS","Management & Administration","Bengaluru, India","2026-03-20","https://larsentoubrocareers.peoplestrong.com/job/detail/LNT_-H_1665769"
"India","Larsen & Toubro","Deputy General Manager – Administration","Management & Administration","Coimbatore Campus, India","2026-03-20","https://larsentoubrocareers.peoplestrong.com/job/detail/LNT_DGM-A_1702938"
"India","Larsen & Toubro","Assistant Manager (Production) - Hull & Hull Outfit","Management & Administration","Kattupalli, India","2026-03-20","https://larsentoubrocareers.peoplestrong.com/job/detail/LNT_SE_1696945"
"India","Larsen & Toubro","PRODUCTION ENGINEER","Management & Administration","Kattupalli, India","2026-03-20","https://larsentoubrocareers.peoplestrong.com/job/detail/LNT_PE_1700826"
"India","Larsen & Toubro","Electrical/ Controls/ Robotics Engineer","Electrical & Instrumentation","Powai Campus, India","2026-03-19","https://larsentoubrocareers.peoplestrong.com/job/detail/LNT_-RE_1617388"
"India","Larsen & Toubro","Electrical/ Controls/ Robotics Engineer","Electrical & Instrumentation","Powai Campus, India","2026-03-19","https://larsentoubrocareers.peoplestrong.com/job/detail/LNT_-RE_1689968"
"India","Larsen & Toubro","Process Senior Lead Manager","Management & Administration","Chennai Head Qrs., India","2026-03-19","https://larsentoubrocareers.peoplestrong.com/job/detail/LNT_PSLM_1698686"
"India","Larsen & Toubro","Project Manager – O&M","Management & Administration","Varanasi, India","2026-03-19","https://larsentoubrocareers.peoplestrong.com/job/detail/LNT_PM_1701004"
"India","Larsen & Toubro","O&M E&I Engineer","Management & Administration","Bhubaneswar, India","2026-03-19","https://larsentoubrocareers.peoplestrong.com/job/detail/LNT_-E_1701022"
"India","Larsen & Toubro","Senior Structural Engineer for Hydel Design","Mechanical & Structural","Faridabad, India","2026-03-19","https://larsentoubrocareers.peoplestrong.com/job/detail/LNT_SSEFHD_1688510"
"India","Larsen & Toubro","Project Execution - Wagle Projects","Management & Administration","Mumbai, India","2026-03-19","https://larsentoubrocareers.peoplestrong.com/job/detail/LNT_PE-WP_1703220"
"India","Larsen & Toubro","Stores Lead","Management & Administration","Nabinagar, Bihar, India","2026-03-19","https://larsentoubrocareers.peoplestrong.com/job/detail/LNT_-S_1349694"
"India","Larsen & Toubro","R&D Facilities Manager","Management & Administration","Hazira Mfg Complex, India","2026-03-19","https://larsentoubrocareers.peoplestrong.com/job/detail/LNT_-FM_1702635"
"India","Larsen & Toubro","R&D Engineer - Materials","Supply Chain","Hazira Mfg Complex, India","2026-03-19","https://larsentoubrocareers.peoplestrong.com/job/detail/LNT_-E-M_1702677"
"India","Larsen & Toubro","HSE Manager","HSE","Kattupalli, India","2026-03-18","https://larsentoubrocareers.peoplestrong.com/job/detail/LNT_HM_1702462"
"India","Larsen & Toubro","Quatity Surveyor","Management & Administration","Kattupalli, India","2026-03-18","https://larsentoubrocareers.peoplestrong.com/job/detail/LNT_QS_1702471"
"India","Larsen & Toubro","Assistant Engineer - NPI PM","Management & Administration","Coimbatore Campus, India","2026-03-18","https://larsentoubrocareers.peoplestrong.com/job/detail/LNT_AE-NP_1684891"
"India","Larsen & Toubro","DGM-Subcontracts -Kattuppalli","Legal & Compliance","Kattupalli, India","2026-03-18","https://larsentoubrocareers.peoplestrong.com/job/detail/LNT_-_1678911"
"UAE","Larsen & Toubro","Sr. Lead Engineering Manager - Design","Management & Administration","Dubai, UAE","2026-03-18","https://larsentoubrocareers.peoplestrong.com/job/detail/LNT_-LEM-D_1700805"
"India","Larsen & Toubro","MBCL (Residential) - Survey (TC/SP)","Management & Administration","AMN Tower, Powai, India","2026-03-17","https://larsentoubrocareers.peoplestrong.com/job/detail/LNT_M-S_1700737"
"India","Larsen & Toubro","MBCL (Residential) - FA&A - IR (S&E)","Management & Administration","AMN Tower, Powai, India","2026-03-17","https://larsentoubrocareers.peoplestrong.com/job/detail/LNT_M--I_1700710"
"India","Larsen & Toubro","MBCL (Residential) - FA&A - IR (Tier 1)","Management & Administration","AMN Tower, Powai, India","2026-03-17","https://larsentoubrocareers.peoplestrong.com/job/detail/LNT_M--I_1700700"
"India","Larsen & Toubro","MBCL (Residential) - Surveyor (Tier 1)","Management & Administration","AMN Tower, Powai, India","2026-03-17","https://larsentoubrocareers.peoplestrong.com/job/detail/LNT_M-S_1700720"
"India","Larsen & Toubro","MBCL (Residential) - Rebar/BBS (S&E)","Management & Administration","AMN Tower, Powai, India","2026-03-17","https://larsentoubrocareers.peoplestrong.com/job/detail/LNT_M-_1700182"
"India","Larsen & Toubro","MBCL (Residential) - Survey (S&E)","Management & Administration","AMN Tower, Powai, India","2026-03-17","https://larsentoubrocareers.peoplestrong.com/job/detail/LNT_M-S_1700731"
"India","Larsen & Toubro","MBCL (Residential) - Finishes (S&E)","Management & Administration","AMN Tower, Powai, India","2026-03-17","https://larsentoubrocareers.peoplestrong.com/job/detail/LNT_M-F_1700224"
"India","Larsen & Toubro","MBCL (Residential) - Rebar/BBS (Tier 1)","Management & Administration","AMN Tower, Powai, India","2026-03-17","https://larsentoubrocareers.peoplestrong.com/job/detail/LNT_M--_1700153"
"India","Larsen & Toubro","MBCL (Residential) - Stores (S&E)","Management & Administration","AMN Tower, Powai, India","2026-03-17","https://larsentoubrocareers.peoplestrong.com/job/detail/LNT_M-S_1700684"
"India","Larsen & Toubro","MBCL (Residential) - Finishing (Tier 1)","Management & Administration","AMN Tower, Powai, India","2026-03-17","https://larsentoubrocareers.peoplestrong.com/job/detail/LNT_M-F_1700216"
"India","Larsen & Toubro","MBCL (Residential) - Rebar/BBS (TC/SP)","Management & Administration","AMN Tower, Powai, India","2026-03-17","https://larsentoubrocareers.peoplestrong.com/job/detail/LNT_M-_1700201"
"India","Larsen & Toubro","MBCL (Residential) - Planning (Tier2)","Management & Administration","AMN Tower, Powai, India","2026-03-17","https://larsentoubrocareers.peoplestrong.com/job/detail/LNT_M-P_1700001"
"India","Larsen & Toubro","MBCL (Residential) - Civil Execution (Tier2)","Management & Administration","AMN Tower, Powai, India","2026-03-17","https://larsentoubrocareers.peoplestrong.com/job/detail/LNT_M-CE_1700017"
"India","Larsen & Toubro","Res-West-Planning","Management & Administration","AMN Tower, Powai, India","2026-03-17","https://larsentoubrocareers.peoplestrong.com/job/detail/LNT_-_1695518"
"India","Larsen & Toubro","MBCL (Residential) - Civil Execution (Tier1)","Management & Administration","AMN Tower, Powai, India","2026-03-17","https://larsentoubrocareers.peoplestrong.com/job/detail/LNT_M-CE_1700024"
"India","Larsen & Toubro","MBCL (Residential) - Civil Execution (S&E)","Management & Administration","AMN Tower, Powai, India","2026-03-17","https://larsentoubrocareers.peoplestrong.com/job/detail/LNT_M-CE_1700037"
"India","Larsen & Toubro","MBCL (Residential) - Civil Execution (TC/SP)","Management & Administration","AMN Tower, Powai, India","2026-03-17","https://larsentoubrocareers.peoplestrong.com/job/detail/LNT_M-CE_1700074"
"India","Larsen & Toubro","MBCL (Residential) - Formwork (Tier1)","Management & Administration","AMN Tower, Powai, India","2026-03-17","https://larsentoubrocareers.peoplestrong.com/job/detail/LNT_M-F_1700103"
"India","Larsen & Toubro","MBCL (Residential) - Formwork (S&E)","Management & Administration","AMN Tower, Powai, India","2026-03-17","https://larsentoubrocareers.peoplestrong.com/job/detail/LNT_M-F_1700120"
"India","Larsen & Toubro","MBCL (Residential) - Formwork Execution (TC/SP)","Management & Administration","AMN Tower, Powai, India","2026-03-17","https://larsentoubrocareers.peoplestrong.com/job/detail/LNT_M-FE_1700146"
"India","Larsen & Toubro","MBCL (Residential) - Finishing (TC/SP)","Management & Administration","AMN Tower, Powai, India","2026-03-17","https://larsentoubrocareers.peoplestrong.com/job/detail/LNT_M-F_1700248"
"India","Larsen & Toubro","MBCL (Residential) - MEP - Electrical (S&E)","Electrical & Instrumentation","AMN Tower, Powai, India","2026-03-17","https://larsentoubrocareers.peoplestrong.com/job/detail/LNT_M-M-E_1700339"
"India","Larsen & Toubro","MBCL (Residential) - MEP - Electrical (TC/SP)","Electrical & Instrumentation","AMN Tower, Powai, India","2026-03-17","https://larsentoubrocareers.peoplestrong.com/job/detail/LNT_M-M-E_1700346"
"India","Larsen & Toubro","MBCL (Residential) - Billing (S&E)","Management & Administration","AMN Tower, Powai, India","2026-03-17","https://larsentoubrocareers.peoplestrong.com/job/detail/LNT_M-B_1700012"
"India","Larsen & Toubro","MBCL (Residential) - MEP - PHE/FPS (S&E)","Mechanical & Structural","AMN Tower, Powai, India","2026-03-17","https://larsentoubrocareers.peoplestrong.com/job/detail/LNT_M-M-_1700353"
"India","Larsen & Toubro","MBCL (Residential) - MEP - PHE/FPS (TC/SP)","Mechanical & Structural","AMN Tower, Powai, India","2026-03-17","https://larsentoubrocareers.peoplestrong.com/job/detail/LNT_M-M-_1700366"
"India","Larsen & Toubro","MBCL (Residential) - EHS (Tier 2)","HSE","AMN Tower, Powai, India","2026-03-17","https://larsentoubrocareers.peoplestrong.com/job/detail/LNT_M-E_1700385"
"India","Larsen & Toubro","MBCL (Residential) - EHS (S&E)","HSE","AMN Tower, Powai, India","2026-03-17","https://larsentoubrocareers.peoplestrong.com/job/detail/LNT_M-E_1700502"
"India","Larsen & Toubro","MBCL (Residential) - QA/QC (Tier 2)","HSE","AMN Tower, Powai, India","2026-03-17","https://larsentoubrocareers.peoplestrong.com/job/detail/LNT_M--_1700516"
"India","Larsen & Toubro","MBCL (Residential) - QA/QC (S&E)","HSE","AMN Tower, Powai, India","2026-03-17","https://larsentoubrocareers.peoplestrong.com/job/detail/LNT_M-_1700551"
"India","Larsen & Toubro","MBCL (Residential) - P&M (Tier 1)","Management & Administration","AMN Tower, Powai, India","2026-03-17","https://larsentoubrocareers.peoplestrong.com/job/detail/LNT_M--_1700575"
"India","Larsen & Toubro","MBCL (Residential) - QA/QC (Tier 1)","HSE","AMN Tower, Powai, India","2026-03-17","https://larsentoubrocareers.peoplestrong.com/job/detail/LNT_M--_1700536"
"India","Larsen & Toubro","MBCL (Residential) - P&M (S&E)","Management & Administration","AMN Tower, Powai, India","2026-03-17","https://larsentoubrocareers.peoplestrong.com/job/detail/LNT_M-_1700598"
"India","Larsen & Toubro","MBCL (Residential) -FA&A (Tier 1)","Management & Administration","AMN Tower, Powai, India","2026-03-17","https://larsentoubrocareers.peoplestrong.com/job/detail/LNT_M-_1700617"
"India","Larsen & Toubro","MBCL (Residential) - Stores (Tier 1)","Management & Administration","AMN Tower, Powai, India","2026-03-17","https://larsentoubrocareers.peoplestrong.com/job/detail/LNT_M-S_1700674"
"India","Larsen & Toubro","MBCL (Residential) - Planning (S&E)","Management & Administration","AMN Tower, Powai, India","2026-03-17","https://larsentoubrocareers.peoplestrong.com/job/detail/LNT_M-P_1700003"
"India","Larsen & Toubro","Planning","Management & Administration","Dibrugarh, India","2026-03-17","https://larsentoubrocareers.peoplestrong.com/job/detail/LNT_P_1699204"
"India","Larsen & Toubro","Service Engineer","Management & Administration","Kancheepuram, India","2026-03-16","https://larsentoubrocareers.peoplestrong.com/job/detail/LNT_SE_1700824"
"India","Larsen & Toubro","Service Engineer","Management & Administration","Hyderabad, India","2026-03-16","https://larsentoubrocareers.peoplestrong.com/job/detail/LNT_SE_1700828"
"India","Larsen & Toubro","Service Engineer","Management & Administration","Hyderabad, India","2026-03-16","https://larsentoubrocareers.peoplestrong.com/job/detail/LNT_SE_1700820"
"India","Larsen & Toubro","Service Engineer","Management & Administration","Hyderabad, India","2026-03-16","https://larsentoubrocareers.peoplestrong.com/job/detail/LNT_SE_1700812"
"UAE","Larsen & Toubro","Manager - IR & Admin","Management & Administration","Dubai, UAE","2026-03-16","https://larsentoubrocareers.peoplestrong.com/job/detail/LNT_M-I-A_1687638"
"India","Larsen & Toubro","Service Engineer","Management & Administration","Kancheepuram, India","2026-03-16","https://larsentoubrocareers.peoplestrong.com/job/detail/LNT_SE_1700716"
"India","Larsen & Toubro","Service Engineer","Management & Administration","Kancheepuram, India","2026-03-16","https://larsentoubrocareers.peoplestrong.com/job/detail/LNT_SE_1700707"
"India","Larsen & Toubro","Site Engineer","Management & Administration","Talegaon, India","2026-03-16","https://larsentoubrocareers.peoplestrong.com/job/detail/LNT_SE_1453170"
"India","Larsen & Toubro","CNC Machine Shop Superviosr","Management & Administration","Hazira Mfg Complex, India","2026-03-16","https://larsentoubrocareers.peoplestrong.com/job/detail/LNT_CMSS_1693667"
"India","Larsen & Toubro","Asst Manager- Talent Management - F&A","Finance & Accounting","AMN Tower, Powai, India","2026-03-16","https://larsentoubrocareers.peoplestrong.com/job/detail/LNT_A-TM_1694166"
"India","Larsen & Toubro","Assistant Manager-CRM","Management & Administration","Mumbai, India","2026-03-14","https://larsentoubrocareers.peoplestrong.com/job/detail/LNT_A_1699905"
"India","Larsen & Toubro","EHS Manager","HSE","Vadodara, India","2026-03-14","https://larsentoubrocareers.peoplestrong.com/job/detail/LNT_EM_1684749"
"India","Larsen & Toubro","EHS Manager","HSE","Vadodara, India","2026-03-14","https://larsentoubrocareers.peoplestrong.com/job/detail/LNT_EM_1684788"
"India","Larsen & Toubro","TLTRS IN CHARGE","Management & Administration","Chennai Head Qrs., India","2026-03-13","https://larsentoubrocareers.peoplestrong.com/job/detail/LNT_TIC_1619776"
"India","Larsen & Toubro","Fabrication Coordinator","Mechanical & Structural","AMN Tower, Powai, India","2026-03-12","https://larsentoubrocareers.peoplestrong.com/job/detail/LNT_FC_1695832"
"India","Larsen & Toubro","Quality Control","HSE","Hazira Mfg Complex, India","2026-03-12","https://larsentoubrocareers.peoplestrong.com/job/detail/LNT_QC_1698214"
"India","Larsen & Toubro","SUPERVISOR-TRAVEL DESK","Management & Administration","Chennai Head Qrs., India","2026-03-12","https://larsentoubrocareers.peoplestrong.com/job/detail/LNT_-D_1692567"
"India","Larsen & Toubro","Executive - Administration","Management & Administration","Hazira Mfg Complex, India","2026-03-12","https://larsentoubrocareers.peoplestrong.com/job/detail/LNT_E-A_1695977"
"India","Larsen & Toubro","Design Coordinator - UG Structure","Management & Administration","Bengaluru, India","2026-03-11","https://larsentoubrocareers.peoplestrong.com/job/detail/LNT_DC-US_1683860"
"India","Larsen & Toubro","Design Manager","Management & Administration","Bengaluru, India","2026-03-11","https://larsentoubrocareers.peoplestrong.com/job/detail/LNT_DM_1683887"
"India","Larsen & Toubro","O&M Site incharge - Mechanical","Mechanical & Structural","Chennai Head Qrs., India","2026-03-11","https://larsentoubrocareers.peoplestrong.com/job/detail/LNT_-SI-M_1692572"
"India","Larsen & Toubro","Non-Revenue Water & Operation Maintenance Engineer","Management & Administration","Hubli, India","2026-03-11","https://larsentoubrocareers.peoplestrong.com/job/detail/LNT_-W-OME_1692355"
"India","Larsen & Toubro","Site Administration - NCR","Management & Administration","Gurgaon, India","2026-03-11","https://larsentoubrocareers.peoplestrong.com/job/detail/LNT_SA-N_1696947"
"India","Larsen & Toubro","Head - Central IR AMNHEC","Management & Administration","Hazira Mfg Complex, India","2026-03-11","https://larsentoubrocareers.peoplestrong.com/job/detail/LNT_H-CIA_1696907"
"India","Larsen & Toubro","Mechanical Design Engineer","Mechanical & Structural","Bengaluru, India","2026-03-11","https://larsentoubrocareers.peoplestrong.com/job/detail/LNT_MDE_1679107"
"India","Larsen & Toubro","Product Manager - inverters & Converters","Management & Administration","Bengaluru, India","2026-03-11","https://larsentoubrocareers.peoplestrong.com/job/detail/LNT_PM-I-C_1678801"
"India","Larsen & Toubro","Sr. Mechanical design Engineer","Mechanical & Structural","Bengaluru, India","2026-03-11","https://larsentoubrocareers.peoplestrong.com/job/detail/LNT_-MDE_1685957"
"India","Larsen & Toubro","Sr. Electrical design Engineer","Electrical & Instrumentation","Bengaluru, India","2026-03-11","https://larsentoubrocareers.peoplestrong.com/job/detail/LNT_-EDE_1685934"
"India","Larsen & Toubro","Mechanical design Lead","Mechanical & Structural","Bengaluru, India","2026-03-11","https://larsentoubrocareers.peoplestrong.com/job/detail/LNT_-MDE_1685948"
"India","Larsen & Toubro","Lead Electrical Design Engineer","Electrical & Instrumentation","Bengaluru, India","2026-03-11","https://larsentoubrocareers.peoplestrong.com/job/detail/LNT_LEDE_1685912"
"India","Larsen & Toubro","BD & Sales Manager – Central Inverter and Power Converters (AC-DC and DC-DC)","Management & Administration","Bengaluru, India","2026-03-11","https://larsentoubrocareers.peoplestrong.com/job/detail/LNT_B-SM-CIAPC-A_1679990"
"India","Larsen & Toubro","Business Analyst - PMO","IT & Digital","Chennai Head Qrs., India","2026-03-10","https://larsentoubrocareers.peoplestrong.com/job/detail/LNT_BA-P_1694797"
"Saudi Arabia","Larsen & Toubro","NDT Coordinator","Management & Administration","Damam-I, SA, Saudi Arabia","2026-03-10","https://larsentoubrocareers.peoplestrong.com/job/detail/LNT_NC_1696176"
"Saudi Arabia","Larsen & Toubro","HSE - Lead","HSE","Damam-I, SA, Saudi Arabia","2026-03-10","https://larsentoubrocareers.peoplestrong.com/job/detail/LNT_H-L_1696187"
"UAE","Larsen & Toubro","Engineer- MEP (FPS)","Mechanical & Structural","Dubai, UAE","2026-03-10","https://larsentoubrocareers.peoplestrong.com/job/detail/LNT_-M_1681300"
"UAE","Larsen & Toubro","Engineer- MEP (FPS)","Mechanical & Structural","Dubai, UAE","2026-03-10","https://larsentoubrocareers.peoplestrong.com/job/detail/LNT_-M_1681308"
"UAE","Larsen & Toubro","Engineer- MEP (FPS)","Mechanical & Structural","Dubai, UAE","2026-03-10","https://larsentoubrocareers.peoplestrong.com/job/detail/LNT_-M_1681317"
"UAE","Larsen & Toubro","Engineer- MEP (FPS)","Mechanical & Structural","Abu Dhabi, UAE","2026-03-10","https://larsentoubrocareers.peoplestrong.com/job/detail/LNT_-M_1681366"
"UAE","Larsen & Toubro","Engineer - MEP (HVAC)","Mechanical & Structural","Dubai, UAE","2026-03-10","https://larsentoubrocareers.peoplestrong.com/job/detail/LNT_E-M_1681385"
"UAE","Larsen & Toubro","Engineer- MEP (HVAC)","Mechanical & Structural","Dubai, UAE","2026-03-10","https://larsentoubrocareers.peoplestrong.com/job/detail/LNT_-M_1681401"
"UAE","Larsen & Toubro","Engineer - MEP (HVAC/LSP)","Mechanical & Structural","Dubai, UAE","2026-03-10","https://larsentoubrocareers.peoplestrong.com/job/detail/LNT_E-M_1681415"
"UAE","Larsen & Toubro","Engineer - MEP (HVAC/LSP)","Mechanical & Structural","Abu Dhabi, UAE","2026-03-10","https://larsentoubrocareers.peoplestrong.com/job/detail/LNT_E-M_1681419"
"UAE","Larsen & Toubro","Engineer - T&C","Management & Administration","Dubai, UAE","2026-03-10","https://larsentoubrocareers.peoplestrong.com/job/detail/LNT_E_1681445"
"UAE","Larsen & Toubro","Engineer - T&C","Management & Administration","Dubai, UAE","2026-03-10","https://larsentoubrocareers.peoplestrong.com/job/detail/LNT_E_1681454"
"UAE","Larsen & Toubro","Engineer T&C","Management & Administration","Abu Dhabi, UAE","2026-03-10","https://larsentoubrocareers.peoplestrong.com/job/detail/LNT_E_1681463"
"UAE","Larsen & Toubro","Planning Engineer","Management & Administration","Abu Dhabi, UAE","2026-03-10","https://larsentoubrocareers.peoplestrong.com/job/detail/LNT_PE_1681500"
"UAE","Larsen & Toubro","Planning Engineer","Management & Administration","Abu Dhabi, UAE","2026-03-10","https://larsentoubrocareers.peoplestrong.com/job/detail/LNT_PE_1681507"
"UAE","Larsen & Toubro","Site Engineer- Civil","Management & Administration","Dubai, UAE","2026-03-10","https://larsentoubrocareers.peoplestrong.com/job/detail/LNT_S-C_1681596"
"UAE","Larsen & Toubro","Engineer (Civil) - QA/QC","HSE","Dubai, UAE","2026-03-10","https://larsentoubrocareers.peoplestrong.com/job/detail/LNT_E-_1682784"
"UAE","Larsen & Toubro","Engineer (Civil) - QA/QC","HSE","Dubai, UAE","2026-03-10","https://larsentoubrocareers.peoplestrong.com/job/detail/LNT_E-_1683153"
"UAE","Larsen & Toubro","Engineer (Civil) - QA/QC","HSE","Abu Dhabi, UAE","2026-03-10","https://larsentoubrocareers.peoplestrong.com/job/detail/LNT_E-_1683172"
"UAE","Larsen & Toubro","Engineer (Civil) - QA/QC","HSE","Abu Dhabi, UAE","2026-03-10","https://larsentoubrocareers.peoplestrong.com/job/detail/LNT_E-_1683262"
"UAE","Larsen & Toubro","Engineer (Civil) - QA/QC","HSE","Dubai, UAE","2026-03-10","https://larsentoubrocareers.peoplestrong.com/job/detail/LNT_E-_1683507"
"UAE","Larsen & Toubro","Engineer (Civil) - QA/QC","HSE","Dubai, UAE","2026-03-10","https://larsentoubrocareers.peoplestrong.com/job/detail/LNT_E-_1683517"
"UAE","Larsen & Toubro","Engineer (Civil) - QA/QC","HSE","Dubai, UAE","2026-03-10","https://larsentoubrocareers.peoplestrong.com/job/detail/LNT_E-_1683820"
"UAE","Larsen & Toubro","Engineer (EHS)","HSE","Dubai, UAE","2026-03-10","https://larsentoubrocareers.peoplestrong.com/job/detail/LNT_E_1692012"
"UAE","Larsen & Toubro","Engineer (EHS)","HSE","Dubai, UAE","2026-03-10","https://larsentoubrocareers.peoplestrong.com/job/detail/LNT_E_1692025"
"UAE","Larsen & Toubro","Engineer (EHS)","HSE","Abu Dhabi, UAE","2026-03-10","https://larsentoubrocareers.peoplestrong.com/job/detail/LNT_E_1692363"
"India","Larsen & Toubro","Instrumentation Engineer","Electrical & Instrumentation","Nabinagar, Bihar, India","2026-03-09","https://larsentoubrocareers.peoplestrong.com/job/detail/LNT_IE_1662120"
"India","Larsen & Toubro","Instrumentation Engineer","Electrical & Instrumentation","Assam Sites, India","2026-03-09","https://larsentoubrocareers.peoplestrong.com/job/detail/LNT_IE_1662127"
"India","Larsen & Toubro","TBM OPERATOR (EPB)","Management & Administration","Patna, India","2026-03-09","https://larsentoubrocareers.peoplestrong.com/job/detail/LNT_TO_1693156"
"India","Larsen & Toubro","Nuclear - Manufacturing Shops","Management & Administration","Hazira Mfg Complex, India","2026-03-09","https://larsentoubrocareers.peoplestrong.com/job/detail/LNT_N-MS_1694766"
"India","Larsen & Toubro","Electronics System Lead","Management & Administration","Bengaluru, India","2026-03-09","https://larsentoubrocareers.peoplestrong.com/job/detail/LNT_ESL_1668037"
"India","Larsen & Toubro","Software design lead for Command and control","IT & Digital","Mumbai, India","2026-03-09","https://larsentoubrocareers.peoplestrong.com/job/detail/LNT_SDLFCAC_1383661"
"India","Larsen & Toubro","Aerostructure Design Lead","Management & Administration","Bengaluru, India","2026-03-09","https://larsentoubrocareers.peoplestrong.com/job/detail/LNT_ADL_1667020"
"India","Larsen & Toubro","PCB Layout Engineer","Management & Administration","Bengaluru, India","2026-03-07","https://larsentoubrocareers.peoplestrong.com/job/detail/LNT_PLE_1678803"
"India","Larsen & Toubro","PCB Layout Engineer","Management & Administration","Bengaluru, India","2026-03-07","https://larsentoubrocareers.peoplestrong.com/job/detail/LNT_PLE_1678792"
"India","Larsen & Toubro","Power Electronics Design Lead -Traction","Management & Administration","Bengaluru, India","2026-03-07","https://larsentoubrocareers.peoplestrong.com/job/detail/LNT_PEDL_1685041"
"India","Larsen & Toubro","Power Electronics Design Lead","Management & Administration","Bengaluru, India","2026-03-07","https://larsentoubrocareers.peoplestrong.com/job/detail/LNT_PEDL_1679320"
"India","Larsen & Toubro","Power Electronics Design Engineer-Traction","Management & Administration","Bengaluru, India","2026-03-07","https://larsentoubrocareers.peoplestrong.com/job/detail/LNT_PED_1685042"
"India","Larsen & Toubro","Lead Embedded Hardware for Power Electronics","Management & Administration","Bengaluru, India","2026-03-07","https://larsentoubrocareers.peoplestrong.com/job/detail/LNT_LEHFPE_1679158"
"India","Larsen & Toubro","Embedded Hardware Design Engineer","Management & Administration","Bengaluru, India","2026-03-07","https://larsentoubrocareers.peoplestrong.com/job/detail/LNT_EHDE_1679175"
"India","Larsen & Toubro","Embedded Firmware Development Engineer","Management & Administration","Bengaluru, India","2026-03-07","https://larsentoubrocareers.peoplestrong.com/job/detail/LNT_EFDE_1678818"
"India","Larsen & Toubro","Embedded Firmware Development Engineer","Management & Administration","Bengaluru, India","2026-03-07","https://larsentoubrocareers.peoplestrong.com/job/detail/LNT_EFDE_1678816"
"India","Larsen & Toubro","Accounts Executive","Finance & Accounting","Nabinagar, Bihar, India","2026-03-07","https://larsentoubrocareers.peoplestrong.com/job/detail/LNT_AE_1666871"
"UAE","Larsen & Toubro","Engineer - MEP (FPS)","Mechanical & Structural","Abu Dhabi, UAE","2026-03-06","https://larsentoubrocareers.peoplestrong.com/job/detail/LNT_E-M_1681292"
"UAE","Larsen & Toubro","Construction Manager","Management & Administration","Abu Dhabi, UAE","2026-03-06","https://larsentoubrocareers.peoplestrong.com/job/detail/LNT_CM_1483447"
"India","Larsen & Toubro","Press Operation - LTSSHF","Management & Administration","Hazira Mfg Complex, India","2026-03-06","https://larsentoubrocareers.peoplestrong.com/job/detail/LNT_PO-L_1693414"
"India","Larsen & Toubro","Marketing - LTSSHF","Management & Administration","Hazira Mfg Complex, India","2026-03-06","https://larsentoubrocareers.peoplestrong.com/job/detail/LNT_M-L_1693420"
"India","Larsen & Toubro","Manager - Automation","Management & Administration","Chennai Manapakkam - CHE1, India","2026-03-06","https://larsentoubrocareers.peoplestrong.com/job/detail/LNT_M-A_1684762"
"India","Larsen & Toubro","Assistant Manager - Digital","IT & Digital","Chennai Manapakkam - CHE1, India","2026-03-06","https://larsentoubrocareers.peoplestrong.com/job/detail/LNT_AM-D_1684775"
"India","Larsen & Toubro","Surveyor","Management & Administration","Hyderabad, India","2026-03-05","https://larsentoubrocareers.peoplestrong.com/job/detail/LNT_S_1676694"
"India","Larsen & Toubro","Surveyor","Management & Administration","Chennai Head Qrs., India","2026-03-05","https://larsentoubrocareers.peoplestrong.com/job/detail/LNT_S_1676679"
"India","Larsen & Toubro","Surveyor","Management & Administration","Ahmedabad Regional Sites, India","2026-03-05","https://larsentoubrocareers.peoplestrong.com/job/detail/LNT_S_1676546"
"India","Larsen & Toubro","Surveyor","Management & Administration","Jaipur, India","2026-03-05","https://larsentoubrocareers.peoplestrong.com/job/detail/LNT_S_1676539"
"India","Larsen & Toubro","Surveyor","Management & Administration","Nagaur, Rajasthan, India","2026-03-05","https://larsentoubrocareers.peoplestrong.com/job/detail/LNT_S_1676517"
"India","Larsen & Toubro","SERVICE ENGINEER","Management & Administration","Vijaywada, India","2026-03-05","https://larsentoubrocareers.peoplestrong.com/job/detail/LNT_SE_1692490"
"India","Larsen & Toubro","SERVICE ENGINEER","Management & Administration","Nellore, India","2026-03-05","https://larsentoubrocareers.peoplestrong.com/job/detail/LNT_SE_1692525"
"India","Larsen & Toubro","Sales Officer","Management & Administration","Chennai, India","2026-03-05","https://larsentoubrocareers.peoplestrong.com/job/detail/LNT_SO_1692423"
"UAE","Larsen & Toubro","Engineer (EHS)","HSE","Jabeli Ali, Dubai, UAE","2026-03-05","https://larsentoubrocareers.peoplestrong.com/job/detail/LNT_E_1681193"
"India","Larsen & Toubro","Lead- Retrofit and Modernization","IT & Digital","Hazira Mfg Complex, India","2026-03-05","https://larsentoubrocareers.peoplestrong.com/job/detail/LNT_-RAM_1684468"
"India","Larsen & Toubro","PIPING ENGINEER","Mechanical & Structural","Hazira Mfg Complex, India","2026-03-05","https://larsentoubrocareers.peoplestrong.com/job/detail/LNT_PE_1680811"
"India","Larsen & Toubro","Supervisor-Manufacturing Engineering- Process Sub-Section Turbine Assembly","Management & Administration","Hazira Mfg Complex, India","2026-03-05","https://larsentoubrocareers.peoplestrong.com/job/detail/LNT_-P-TA_1611950"
"India","Larsen & Toubro","Design Engineer for Rotor and Blades of Steam Turbine","Management & Administration","Hazira Mfg Complex, India","2026-03-05","https://larsentoubrocareers.peoplestrong.com/job/detail/LNT_DEFRABOST_1661530"
"India","Larsen & Toubro","Purchase - Manager for Casting, Forging, Raw Material","Supply Chain","Hazira Mfg Complex, India","2026-03-05","https://larsentoubrocareers.peoplestrong.com/job/detail/LNT_P-MF-RM_1680893"
"UAE","Larsen & Toubro","Engineer (EHS)","HSE","Abu Dhabi, UAE","2026-03-05","https://larsentoubrocareers.peoplestrong.com/job/detail/LNT_E_1681135"
"UAE","Larsen & Toubro","Engineer (EHS)","HSE","Abu Dhabi, UAE","2026-03-05","https://larsentoubrocareers.peoplestrong.com/job/detail/LNT_E_1681095"
"Oman","Larsen & Toubro","NDT Co-Ordinator","Management & Administration","Sohar, Oman","2026-03-04","https://larsentoubrocareers.peoplestrong.com/job/detail/LNT_N_1691615"
"Oman","Larsen & Toubro","Asst. General Manager - P&M","Management & Administration","Sohar, Oman","2026-03-04","https://larsentoubrocareers.peoplestrong.com/job/detail/LNT_-GM_1691604"
"India","Larsen & Toubro","Marine Biologist","Management & Administration","Mumbai, India","2026-03-04","https://larsentoubrocareers.peoplestrong.com/job/detail/LNT_MB_1659777"
"India","Larsen & Toubro","QA/QC Manager - Pre Cast Yard","HSE","Mumbai, India","2026-03-04","https://larsentoubrocareers.peoplestrong.com/job/detail/LNT_-M-PCY_1659459"
"India","Larsen & Toubro","Tunnel Shift Engineer - QA/QC","HSE","Mumbai, India","2026-03-04","https://larsentoubrocareers.peoplestrong.com/job/detail/LNT_TSE_1659465"
"India","Larsen & Toubro","SERVICE ENGINEER","Management & Administration","Chennai, India","2026-03-03","https://larsentoubrocareers.peoplestrong.com/job/detail/LNT_SE_1691229"
"India","Larsen & Toubro","SERVICE ENGINEER","Management & Administration","Delhi, India","2026-03-03","https://larsentoubrocareers.peoplestrong.com/job/detail/LNT_SE_1691249"
"India","Larsen & Toubro","Supervisor/Executive F&A","Finance & Accounting","Surat, India","2026-03-02","https://larsentoubrocareers.peoplestrong.com/job/detail/LNT_-_1690045"
"India","Larsen & Toubro","Senior Officer - CRM","Management & Administration","AMN Tower, Powai, India","2026-03-02","https://larsentoubrocareers.peoplestrong.com/job/detail/LNT_SO-C_1690613"
"India","Larsen & Toubro","Manager-HR","Human Resources","Mumbai, India","2026-03-02","https://larsentoubrocareers.peoplestrong.com/job/detail/LNT_-_1678144"
"India","Larsen & Toubro","Design-Draughtsman","Management & Administration","Mumbai, India","2026-03-02","https://larsentoubrocareers.peoplestrong.com/job/detail/LNT_-_1678254"
"India","Larsen & Toubro","Tunnel Surveyor","Management & Administration","Mumbai, India","2026-03-02","https://larsentoubrocareers.peoplestrong.com/job/detail/LNT_TS_1666768"
"India","Larsen & Toubro","HOD - Design & Engineering (Yard)","Management & Administration","AMN Tower, Powai, India","2026-03-02","https://larsentoubrocareers.peoplestrong.com/job/detail/LNT_H-D-E_1688654"
"India","Larsen & Toubro","Assistant Manager F&A","Finance & Accounting","Chennai Manapakkam - CHE1, India","2026-03-02","https://larsentoubrocareers.peoplestrong.com/job/detail/LNT_AM_1688484"
"India","Larsen & Toubro","Branch Lead","Management & Administration","Faridabad, India","2026-03-02","https://larsentoubrocareers.peoplestrong.com/job/detail/LNT_BL_1690069"
"India","Larsen & Toubro","CAD Engineer","Management & Administration","Chennai Head Qrs., India","2026-03-02","https://larsentoubrocareers.peoplestrong.com/job/detail/LNT_-E_1505284"
"India","Larsen & Toubro","GEOTECHNICAL MANAGER for BSMILE project at site","Management & Administration","Chennai Head Qrs., India","2026-03-02","https://larsentoubrocareers.peoplestrong.com/job/detail/LNT_GMFBPAS_1686086"
"India","Larsen & Toubro","GEOTECHNICAL DESIGN ENGINEER","Management & Administration","Chennai Head Qrs., India","2026-03-02","https://larsentoubrocareers.peoplestrong.com/job/detail/LNT_GDE_1686116"
"India","Larsen & Toubro","CAD ENGINEERS CIVIL FOR BSMILE PROJECT","Management & Administration","Chennai Head Qrs., India","2026-03-02","https://larsentoubrocareers.peoplestrong.com/job/detail/LNT_CECFBP_1686178"
"India","Larsen & Toubro","Sr Engineering Manager","Management & Administration","Chennai Head Qrs., India","2026-03-02","https://larsentoubrocareers.peoplestrong.com/job/detail/LNT_SEM_1686892"
"India","Larsen & Toubro","Project Management - Yard Head","Management & Administration","AMN Tower, Powai, India","2026-02-27","https://larsentoubrocareers.peoplestrong.com/job/detail/LNT_PM-YH_1688817"
"India","Larsen & Toubro","Senior Architect","Management & Administration","Knowledge City Vadodara - VAD3, India","2026-02-27","https://larsentoubrocareers.peoplestrong.com/job/detail/LNT_SA_1687677"
"India","Larsen & Toubro","2Executive - PSD - 3","Management & Administration","Kancheepuram Works, India","2026-02-26","https://larsentoubrocareers.peoplestrong.com/job/detail/LNT_-P_1685595"
"India","Larsen & Toubro","Verification Engineer (IP/AMS)","Management & Administration","Bengaluru, India","2026-02-26","https://larsentoubrocareers.peoplestrong.com/job/detail/LNT_VE_1687692"
"India","Larsen & Toubro","Senior Analog Design Engineer","Management & Administration","Bengaluru, India","2026-02-26","https://larsentoubrocareers.peoplestrong.com/job/detail/LNT_SADE_1687735"
"India","Larsen & Toubro","Senior Layout Lead/Manager","Management & Administration","Bengaluru, India","2026-02-26","https://larsentoubrocareers.peoplestrong.com/job/detail/LNT_SL_1687810"
"India","Larsen & Toubro","Project Engineer - CDDS","Management & Administration","AMN Tower, Powai, India","2026-02-26","https://larsentoubrocareers.peoplestrong.com/job/detail/LNT_PE-C_1687634"
"India","Larsen & Toubro","Executive - Assurance and Operational Excellence","Management & Administration","AMN Tower, Powai, India","2026-02-26","https://larsentoubrocareers.peoplestrong.com/job/detail/LNT_E-AAOE_1664409"
"India","Larsen & Toubro","Senior Engineer (Structural Design)","Mechanical & Structural","Chennai Head Qrs., India","2026-02-26","https://larsentoubrocareers.peoplestrong.com/job/detail/LNT_SE_1683653"
"India","Larsen & Toubro","Planning / Billing","Management & Administration","Chennai Head Qrs., India","2026-02-26","https://larsentoubrocareers.peoplestrong.com/job/detail/LNT_P-B_1687479"
"India","Larsen & Toubro","Engineer- Pressure Part Manufacturing","Mechanical & Structural","Hazira Mfg Complex, India","2026-02-25","https://larsentoubrocareers.peoplestrong.com/job/detail/LNT_-PPM_1562311"
"India","Larsen & Toubro","Manager- Pressure Part Manufacturing","Mechanical & Structural","Hazira Mfg Complex, India","2026-02-25","https://larsentoubrocareers.peoplestrong.com/job/detail/LNT_-PPM_1563438"
"India","Larsen & Toubro","Senior Engineer - SCM","Management & Administration","Knowledge City Vadodara - VAD3, India","2026-02-25","https://larsentoubrocareers.peoplestrong.com/job/detail/LNT_SE_1603905"
"India","Larsen & Toubro","Manager - Finance & Accounts","Finance & Accounting","Knowledge City Vadodara - VAD3, India","2026-02-25","https://larsentoubrocareers.peoplestrong.com/job/detail/LNT_M-F-A_1605826"
"India","Larsen & Toubro","STRUCTURAL ENGINEER","Mechanical & Structural","Knowledge City Vadodara, India","2026-02-25","https://larsentoubrocareers.peoplestrong.com/job/detail/LNT_SE_1623481"
"India","Larsen & Toubro","Engineer (Tekla Modeler)","Management & Administration","Knowledge City Vadodara, India","2026-02-25","https://larsentoubrocareers.peoplestrong.com/job/detail/LNT_E_1623494"
"India","Larsen & Toubro","Store Supervisor","Management & Administration","Hazira Mfg Complex, India","2026-02-25","https://larsentoubrocareers.peoplestrong.com/job/detail/LNT_SS_1623817"
"India","Larsen & Toubro","Assistant General Manager - SCM","Management & Administration","Knowledge City Vadodara - VAD3, India","2026-02-25","https://larsentoubrocareers.peoplestrong.com/job/detail/LNT_AGM_1664869"
"India","Larsen & Toubro","Electrical Maintenance Engineer","Electrical & Instrumentation","Hazira Gujarat, India","2026-02-25","https://larsentoubrocareers.peoplestrong.com/job/detail/LNT_EME_1679948"
"India","Larsen & Toubro","Site Quality Manager","HSE","Nabinagar, Bihar, India","2026-02-25","https://larsentoubrocareers.peoplestrong.com/job/detail/LNT_SQM_1680495"
"UAE","Larsen & Toubro","Project Manager","Management & Administration","Abu Dhabi, UAE","2026-02-24","https://larsentoubrocareers.peoplestrong.com/job/detail/LNT_PM_1442615"
"UAE","Larsen & Toubro","ENGINEER (EHS)","HSE","Abu Dhabi, UAE","2026-02-24","https://larsentoubrocareers.peoplestrong.com/job/detail/LNT_E_1464850"
"Kuwait","Larsen & Toubro","Planning Engineer","Management & Administration","Kuwait","2026-02-24","https://larsentoubrocareers.peoplestrong.com/job/detail/LNT_PE_1471052"
"UAE","Larsen & Toubro","Construction Manager- Emirati","Management & Administration","Abu Dhabi, UAE","2026-02-24","https://larsentoubrocareers.peoplestrong.com/job/detail/LNT_C-E_1477623"
"Kuwait","Larsen & Toubro","civil supervisor","Management & Administration","Kuwait","2026-02-24","https://larsentoubrocareers.peoplestrong.com/job/detail/LNT_CS_1501933"
"Kuwait","Larsen & Toubro","Lead Costing Engineer","Management & Administration","Kuwait","2026-02-24","https://larsentoubrocareers.peoplestrong.com/job/detail/LNT_LCE_1503772"
"Qatar","Larsen & Toubro","Project Manager – Electrical","Electrical & Instrumentation","Doha, Qatar","2026-02-24","https://larsentoubrocareers.peoplestrong.com/job/detail/LNT_PM-E_1534027"
"Kuwait","Larsen & Toubro","QA/QC Inspector - Civil","HSE","Kuwait","2026-02-24","https://larsentoubrocareers.peoplestrong.com/job/detail/LNT_-I-C_1557372"
"Kuwait","Larsen & Toubro","HSE Supervisor","HSE","Kuwait","2026-02-24","https://larsentoubrocareers.peoplestrong.com/job/detail/LNT_HS_1501923"
"Kuwait","Larsen & Toubro","Instrumentation Engineer","Electrical & Instrumentation","Kuwait","2026-02-24","https://larsentoubrocareers.peoplestrong.com/job/detail/LNT_IE_1579437"
"India","Larsen & Toubro","Junior Enginner","Management & Administration","Hazira Mfg Complex, India","2026-02-24","https://larsentoubrocareers.peoplestrong.com/job/detail/LNT_JE_1603752"
"India","Larsen & Toubro","Sr Engineering Manager","Management & Administration","Chennai Head Qrs., India","2026-02-24","https://larsentoubrocareers.peoplestrong.com/job/detail/LNT_SEM_1334807"
"India","Larsen & Toubro","Engineering Manager","Management & Administration","Chennai Head Qrs., India","2026-02-24","https://larsentoubrocareers.peoplestrong.com/job/detail/LNT_EM_1302593"
"India","Larsen & Toubro","Design Engineer Marine structures","Management & Administration","Chennai Head Qrs., India","2026-02-24","https://larsentoubrocareers.peoplestrong.com/job/detail/LNT_DEMS_1583194"
"India","Larsen & Toubro","Cad Designer","Management & Administration","Chennai Head Qrs., India","2026-02-24","https://larsentoubrocareers.peoplestrong.com/job/detail/LNT_CD_1675293"
"India","Larsen & Toubro","CMPC ENGINEER","Management & Administration","Chennai, India","2026-02-24","https://larsentoubrocareers.peoplestrong.com/job/detail/LNT_CE_1680334"
"India","Larsen & Toubro","CMPC - DRAFTSMAN","Management & Administration","Chennai Head Qrs., India","2026-02-24","https://larsentoubrocareers.peoplestrong.com/job/detail/LNT_C-D_1682959"
"India","Larsen & Toubro","Cluster Lead - MEP Mechanical","Mechanical & Structural","Mumbai, India","2026-02-23","https://larsentoubrocareers.peoplestrong.com/job/detail/LNT_CL-MM_1684743"
"India","Larsen & Toubro","BIM Modeller - Process","Management & Administration","Chennai Head Qrs., India","2026-02-23","https://larsentoubrocareers.peoplestrong.com/job/detail/LNT_BM-P_1681344"
"India","Larsen & Toubro","Data Lead - RDSPP","IT & Digital","AMN Tower, Powai, India","2026-02-23","https://larsentoubrocareers.peoplestrong.com/job/detail/LNT_DL-R_1683782"
"India","Larsen & Toubro","Integration and Commissioning Manager","Operations & Process","Talegaon, India","2026-02-23","https://larsentoubrocareers.peoplestrong.com/job/detail/LNT_IACM_1670184"
"India","Larsen & Toubro","Radar Testing Manager","Management & Administration","Talegaon, India","2026-02-23","https://larsentoubrocareers.peoplestrong.com/job/detail/LNT_RTM_1670172"
"India","Larsen & Toubro","Electrical Lead Engineer","Electrical & Instrumentation","Chennai Head Qrs., India","2026-02-23","https://larsentoubrocareers.peoplestrong.com/job/detail/LNT_ELE_1668544"
"India","Larsen & Toubro","Assistant Manager","Management & Administration","Mumbai, India","2026-02-23","https://larsentoubrocareers.peoplestrong.com/job/detail/LNT_AM_1684113"
"India","Larsen & Toubro","BIM Modeller - Piping","Mechanical & Structural","Chennai Head Qrs., India","2026-02-23","https://larsentoubrocareers.peoplestrong.com/job/detail/LNT_BM-P_1681335"
"India","Larsen & Toubro","CSR/Finishes/MEP/EDRC","Mechanical & Structural","Chennai Head Qrs., India","2026-02-20","https://larsentoubrocareers.peoplestrong.com/job/detail/LNT_-_1683211"
"India","Larsen & Toubro","CSR/Finishes/MEP/EDRC","Mechanical & Structural","Chennai Head Qrs., India","2026-02-20","https://larsentoubrocareers.peoplestrong.com/job/detail/LNT_-_1683214"
"India","Larsen & Toubro","strutural engineer","Management & Administration","Chennai Head Qrs., India","2026-02-20","https://larsentoubrocareers.peoplestrong.com/job/detail/LNT_SE_1680028"
"India","Larsen & Toubro","Architect","Management & Administration","Chennai Head Qrs., India","2026-02-20","https://larsentoubrocareers.peoplestrong.com/job/detail/LNT_A_1680039"
"India","Larsen & Toubro","MEP engineer","Mechanical & Structural","Chennai Head Qrs., India","2026-02-20","https://larsentoubrocareers.peoplestrong.com/job/detail/LNT_ME_1680052"
"India","Larsen & Toubro","Civil & Structural - Lead & Engineer","Mechanical & Structural","Kolkata, India","2026-02-20","https://larsentoubrocareers.peoplestrong.com/job/detail/LNT_C-S-L-E_1680638"
"India","Larsen & Toubro","CSR / Finishes / MEP / EDRC","Mechanical & Structural","Chennai Head Qrs., India","2026-02-20","https://larsentoubrocareers.peoplestrong.com/job/detail/LNT_CE_1682830"
"India","Larsen & Toubro","Traffic CAD (Mumbai)","Management & Administration","Landmark, India","2026-02-20","https://larsentoubrocareers.peoplestrong.com/job/detail/LNT_TC_1675276"
"India","Larsen & Toubro","Yellow Plant Manager","Management & Administration","Faridabad, India","2026-02-20","https://larsentoubrocareers.peoplestrong.com/job/detail/LNT_YPM_1544171"
"India","Larsen & Toubro","DraughtsMan","Management & Administration","Chennai Head Qrs., India","2026-02-20","https://larsentoubrocareers.peoplestrong.com/job/detail/LNT_D_1680879"
"India","Larsen & Toubro","Sr.Engineer-NATM","Management & Administration","Mumbai, India","2026-02-20","https://larsentoubrocareers.peoplestrong.com/job/detail/LNT_-_1547483"
"India","Larsen & Toubro","CAD Engineer","Management & Administration","Mumbai, India","2026-02-20","https://larsentoubrocareers.peoplestrong.com/job/detail/LNT_CE_1578628"
"India","Larsen & Toubro","Formwork Manager","Management & Administration","Mumbai, India","2026-02-20","https://larsentoubrocareers.peoplestrong.com/job/detail/LNT_FM_1623836"
"India","Larsen & Toubro","SHE Manager","HSE","Mumbai, India","2026-02-18","https://larsentoubrocareers.peoplestrong.com/job/detail/LNT_SM_1667511"
"India","Larsen & Toubro","Dy. Chief Environmental Officer","HSE","Mumbai, India","2026-02-18","https://larsentoubrocareers.peoplestrong.com/job/detail/LNT_-CEO_1667547"
"India","Larsen & Toubro","SHE (Electrical) Engineer","HSE","Mumbai, India","2026-02-18","https://larsentoubrocareers.peoplestrong.com/job/detail/LNT_S-E_1677321"
"India","Larsen & Toubro","Sr. Environmental Manager","HSE","Vadodara, India","2026-02-18","https://larsentoubrocareers.peoplestrong.com/job/detail/LNT_-EM-M_1665255"
"India","Larsen & Toubro","Senior SHE Manager","HSE","Mumbai, India","2026-02-18","https://larsentoubrocareers.peoplestrong.com/job/detail/LNT_SSM_1678955"
"India","Larsen & Toubro","Structure","Management & Administration","Chennai Head Qrs., India","2026-02-18","https://larsentoubrocareers.peoplestrong.com/job/detail/LNT_S_1679586"
"India","Larsen & Toubro","Structural engineering","Mechanical & Structural","Chennai Head Qrs., India","2026-02-18","https://larsentoubrocareers.peoplestrong.com/job/detail/LNT_SE_1679588"
"India","Larsen & Toubro","Structural Engineer","Mechanical & Structural","Chennai, India","2026-02-18","https://larsentoubrocareers.peoplestrong.com/job/detail/LNT_SE_1679590"
"India","Larsen & Toubro","Architect","Management & Administration","Chennai Head Qrs., India","2026-02-18","https://larsentoubrocareers.peoplestrong.com/job/detail/LNT_A_1679581"
"India","Larsen & Toubro","Electrical - Design","Electrical & Instrumentation","Chennai Head Qrs., India","2026-02-18","https://larsentoubrocareers.peoplestrong.com/job/detail/LNT_E-D_1679583"
"India","Larsen & Toubro","Structure","Management & Administration","Chennai Head Qrs., India","2026-02-18","https://larsentoubrocareers.peoplestrong.com/job/detail/LNT_S_1679584"
"India","Larsen & Toubro","Structural Design","Mechanical & Structural","Chennai Head Qrs., India","2026-02-18","https://larsentoubrocareers.peoplestrong.com/job/detail/LNT_SD_1679575"
"India","Larsen & Toubro","STRUCTURAL ENGINEER - E BAND","Mechanical & Structural","Chennai Head Qrs., India","2026-02-18","https://larsentoubrocareers.peoplestrong.com/job/detail/LNT_SE-EB_1679576"
"India","Larsen & Toubro","Structural Engineer","Mechanical & Structural","Chennai Head Qrs., India","2026-02-18","https://larsentoubrocareers.peoplestrong.com/job/detail/LNT_SE_1679572"
"India","Larsen & Toubro","Architects","Management & Administration","Chennai Head Qrs., India","2026-02-18","https://larsentoubrocareers.peoplestrong.com/job/detail/LNT_A_1679563"
"India","Larsen & Toubro","Structural Design Eng","Mechanical & Structural","AMN Tower, Powai, India","2026-02-18","https://larsentoubrocareers.peoplestrong.com/job/detail/LNT_SDE_1679567"
"India","Larsen & Toubro","Architect","Management & Administration","Chennai Head Qrs., India","2026-02-18","https://larsentoubrocareers.peoplestrong.com/job/detail/LNT_A_1679578"
"India","Larsen & Toubro","ELV Engineer","Electrical & Instrumentation","Chennai Head Qrs., India","2026-02-18","https://larsentoubrocareers.peoplestrong.com/job/detail/LNT_EE_1609505"
"India","Larsen & Toubro","Lead Engineer- ELV","Electrical & Instrumentation","Chennai Head Qrs., India","2026-02-18","https://larsentoubrocareers.peoplestrong.com/job/detail/LNT_L-E_1609537"
"India","Larsen & Toubro","Design Engineer - Fire & Life Safety","HSE","Chennai Head Qrs., India","2026-02-18","https://larsentoubrocareers.peoplestrong.com/job/detail/LNT_DE-F-LS_1613449"
"India","Larsen & Toubro","Public Health Engineering Works - BIM Modeller","HSE","Chennai Head Qrs., India","2026-02-18","https://larsentoubrocareers.peoplestrong.com/job/detail/LNT_MD-PHEW_1613457"
"India","Larsen & Toubro","PHE Engineering Manager","Management & Administration","Chennai, India","2026-02-18","https://larsentoubrocareers.peoplestrong.com/job/detail/LNT_PEM_1613619"
"India","Larsen & Toubro","BIM Modeller - HVAC","Mechanical & Structural","Chennai Head Qrs., India","2026-02-18","https://larsentoubrocareers.peoplestrong.com/job/detail/LNT_BM-H_1613985"
"India","Larsen & Toubro","Engineering Manager - Fire Protection System","Management & Administration","Chennai Head Qrs., India","2026-02-18","https://larsentoubrocareers.peoplestrong.com/job/detail/LNT_EM-FPS_1613997"
"India","Larsen & Toubro","Engineering Manager - HVAC","Mechanical & Structural","Chennai Head Qrs., India","2026-02-18","https://larsentoubrocareers.peoplestrong.com/job/detail/LNT_EM-H_1614038"
"India","Larsen & Toubro","Engineering Manager - TVS","Management & Administration","Chennai Head Qrs., India","2026-02-18","https://larsentoubrocareers.peoplestrong.com/job/detail/LNT_EM-T_1614187"
"India","Larsen & Toubro","Assistant Engineering Manager","Management & Administration","Chennai Head Qrs., India","2026-02-18","https://larsentoubrocareers.peoplestrong.com/job/detail/LNT_AEM_1617837"
"India","Larsen & Toubro","BIM MODELLER","Management & Administration","Chennai Head Qrs., India","2026-02-18","https://larsentoubrocareers.peoplestrong.com/job/detail/LNT_BM_1663790"
"India","Larsen & Toubro","BIM COORDINATOR","Management & Administration","Chennai Head Qrs., India","2026-02-18","https://larsentoubrocareers.peoplestrong.com/job/detail/LNT_BC_1663894"
"India","Larsen & Toubro","CAD Designer","Management & Administration","Chennai Head Qrs., India","2026-02-18","https://larsentoubrocareers.peoplestrong.com/job/detail/LNT_CD_1665101"
"India","Larsen & Toubro","CAD Designer-Replacement","Management & Administration","Chennai Head Qrs., India","2026-02-18","https://larsentoubrocareers.peoplestrong.com/job/detail/LNT_C_1665102"
"India","Larsen & Toubro","CAD Designer (Highway Rail)","Management & Administration","Chennai Head Qrs., India","2026-02-18","https://larsentoubrocareers.peoplestrong.com/job/detail/LNT_CD_1665105"
"India","Larsen & Toubro","Chief Architect","Management & Administration","Chennai Head Qrs., India","2026-02-18","https://larsentoubrocareers.peoplestrong.com/job/detail/LNT_CA_1666738"
"India","Larsen & Toubro","Lead Architect","Management & Administration","Chennai Head Qrs., India","2026-02-18","https://larsentoubrocareers.peoplestrong.com/job/detail/LNT_LA_1666758"
"India","Larsen & Toubro","Lead Quantity Surveyor","Management & Administration","Chennai Head Qrs., India","2026-02-18","https://larsentoubrocareers.peoplestrong.com/job/detail/LNT_LQS_1668168"
"India","Larsen & Toubro","Senior Quantity Surveyor","Management & Administration","Chennai Head Qrs., India","2026-02-18","https://larsentoubrocareers.peoplestrong.com/job/detail/LNT_SQS_1668170"
"India","Larsen & Toubro","Document Controller","Management & Administration","Chennai Head Qrs., India","2026-02-18","https://larsentoubrocareers.peoplestrong.com/job/detail/LNT_DC_1668180"
"India","Larsen & Toubro","Senior Tunnel Engineer - Design","Management & Administration","Chennai Head Qrs., India","2026-02-18","https://larsentoubrocareers.peoplestrong.com/job/detail/LNT_STE-D_1670004"
"India","Larsen & Toubro","Senior Transportation Engineer (Rail and Highway Design)","Management & Administration","Chennai Head Qrs., India","2026-02-18","https://larsentoubrocareers.peoplestrong.com/job/detail/LNT_STE-AH_1670008"
"India","Larsen & Toubro","Transportation Engineer (Rail and Highway Design)","Management & Administration","Chennai Head Qrs., India","2026-02-18","https://larsentoubrocareers.peoplestrong.com/job/detail/LNT_TE-AH_1670009"
"India","Larsen & Toubro","Lead Tunnel Designer","Management & Administration","Chennai Head Qrs., India","2026-02-18","https://larsentoubrocareers.peoplestrong.com/job/detail/LNT_LTD_1670011"
"India","Larsen & Toubro","CMPC - DRAFTSMAN","Management & Administration","Chennai, India","2026-02-18","https://larsentoubrocareers.peoplestrong.com/job/detail/LNT_C-D_1670199"
"India","Larsen & Toubro","CMPC GEOTECH REPLACMENT","Management & Administration","Chennai Head Qrs., India","2026-02-18","https://larsentoubrocareers.peoplestrong.com/job/detail/LNT_CGR_1670211"
"India","Larsen & Toubro","CMPC - DRAFTSMAN","Management & Administration","Chennai Head Qrs., India","2026-02-18","https://larsentoubrocareers.peoplestrong.com/job/detail/LNT_C-D_1670228"
"India","Larsen & Toubro","CMPC ENGINEER - SENIOR TEAM LEADER","Management & Administration","Chennai Head Qrs., India","2026-02-18","https://larsentoubrocareers.peoplestrong.com/job/detail/LNT_CE-STL_1670347"
"India","Larsen & Toubro","CMPC ENGINEER - SENIOR TEAM LEADER","Management & Administration","Chennai Head Qrs., India","2026-02-18","https://larsentoubrocareers.peoplestrong.com/job/detail/LNT_CE-STL_1670354"
"India","Larsen & Toubro","CMPC ENGINEER REPLACEMENT","Management & Administration","Chennai Head Qrs., India","2026-02-18","https://larsentoubrocareers.peoplestrong.com/job/detail/LNT_CER_1670360"
"India","Larsen & Toubro","Design Engineer – Depot Design","Management & Administration","Chennai Head Qrs., India","2026-02-18","https://larsentoubrocareers.peoplestrong.com/job/detail/LNT_DE-DD_1672923"
"India","Larsen & Toubro","Lead designer – Depot Design","Management & Administration","Chennai Head Qrs., India","2026-02-18","https://larsentoubrocareers.peoplestrong.com/job/detail/LNT_LD-DD_1672924"
"India","Larsen & Toubro","Lead Designer – Structural Steel","Mechanical & Structural","Chennai Head Qrs., India","2026-02-18","https://larsentoubrocareers.peoplestrong.com/job/detail/LNT_LD-SS_1672925"
"India","Larsen & Toubro","Design Engineer – Structural Steel","Mechanical & Structural","Chennai Head Qrs., India","2026-02-18","https://larsentoubrocareers.peoplestrong.com/job/detail/LNT_DE-SS_1672927"
"India","Larsen & Toubro","Lead Engineer - Structural","Mechanical & Structural","Chennai Head Qrs., India","2026-02-18","https://larsentoubrocareers.peoplestrong.com/job/detail/LNT_LE-S_1672928"
"India","Larsen & Toubro","Design Engineer - Structural","Mechanical & Structural","Chennai Head Qrs., India","2026-02-18","https://larsentoubrocareers.peoplestrong.com/job/detail/LNT_DE-S_1672929"
"India","Larsen & Toubro","Design Engineer","Management & Administration","Chennai Head Qrs., India","2026-02-18","https://larsentoubrocareers.peoplestrong.com/job/detail/LNT_DE_1672930"
"India","Larsen & Toubro","SUPERVISOR ACCOUNTS","Finance & Accounting","AMN Tower, Powai, India","2026-02-18","https://larsentoubrocareers.peoplestrong.com/job/detail/LNT_SA_1669114"
"India","Larsen & Toubro","Project Execution, Malad Projects","Management & Administration","Mumbai, India","2026-02-17","https://larsentoubrocareers.peoplestrong.com/job/detail/LNT_P-MP_1679447"
"India","Larsen & Toubro","Lead - EDRC - LTSSHF","Management & Administration","Hazira Mfg Complex, India","2026-02-17","https://larsentoubrocareers.peoplestrong.com/job/detail/LNT_L-E-L_1678690"
"India","Larsen & Toubro","Steel Melting Shop - LTSSHF","Management & Administration","Hazira Mfg Complex, India","2026-02-17","https://larsentoubrocareers.peoplestrong.com/job/detail/LNT_SMS-L_1678694"
"India","Larsen & Toubro","Lead - Mechanical Maintenance (LTSSHF)","Mechanical & Structural","Hazira Mfg Complex, India","2026-02-17","https://larsentoubrocareers.peoplestrong.com/job/detail/LNT_L-MM_1678697"
"India","Larsen & Toubro","FTC – PMG (Chemical Supervisor) AIP Project","Management & Administration","Hazira Gujarat, India","2026-02-17","https://larsentoubrocareers.peoplestrong.com/job/detail/LNT_F-P-AP_1666127"
"India","Larsen & Toubro","FTC – PMG (Mechanical) AIP Project","Mechanical & Structural","Hazira Gujarat, India","2026-02-17","https://larsentoubrocareers.peoplestrong.com/job/detail/LNT_F-P-AP_1666143"
"India","Larsen & Toubro","FTC – PMG (Safety officer / Assistant) AIP Project","HSE","Hazira Gujarat, India","2026-02-17","https://larsentoubrocareers.peoplestrong.com/job/detail/LNT_F-P-O-AP_1666183"
"India","Larsen & Toubro","Outsourcing and Subcontracting Engineer","Legal & Compliance","Hazira Mfg Complex, India","2026-02-17","https://larsentoubrocareers.peoplestrong.com/job/detail/LNT_OASE_1620769"
"India","Larsen & Toubro","Outsourcing and Subcontracting Engineer","Legal & Compliance","Hazira Mfg Complex, India","2026-02-17","https://larsentoubrocareers.peoplestrong.com/job/detail/LNT_OASE_1620801"
"India","Larsen & Toubro","Pressure Part Manufacturing Engineer","Mechanical & Structural","Hazira Mfg Complex, India","2026-02-17","https://larsentoubrocareers.peoplestrong.com/job/detail/LNT_E_1623244"
"India","Larsen & Toubro","Engineer (Tekla Modeler)","Management & Administration","Knowledge City Vadodara, India","2026-03-07","https://larsentoubrocareers.peoplestrong.com/job/detail/LNT_E_1623445"
"India","Larsen & Toubro","STRUCTURAL ENGINEER","Mechanical & Structural","Knowledge City Vadodara, India","2026-03-07","https://larsentoubrocareers.peoplestrong.com/job/detail/LNT_SE_1623472"
"India","Larsen & Toubro","Lead - Pulveriser Engineering","Management & Administration","Hazira Mfg Complex, India","2026-02-17","https://larsentoubrocareers.peoplestrong.com/job/detail/LNT_L-PE_1676030"
"Saudi Arabia","Larsen & Toubro","Planning Engineer","Management & Administration","Damam, SA, Saudi Arabia","2026-02-16","https://larsentoubrocareers.peoplestrong.com/job/detail/LNT_PE_1673277"
"Saudi Arabia","Larsen & Toubro","Execution-Pipeline","Management & Administration","Damam, SA, Saudi Arabia","2026-02-16","https://larsentoubrocareers.peoplestrong.com/job/detail/LNT_-_1673252"
"India","Larsen & Toubro","PSD South - Safety Engineer","HSE","Kancheepuram, India","2026-02-16","https://larsentoubrocareers.peoplestrong.com/job/detail/LNT_PS-SE_1678226"
"India","Larsen & Toubro","Manager - Marketing","Management & Administration","AMN Tower, Powai, India","2026-02-16","https://larsentoubrocareers.peoplestrong.com/job/detail/LNT_M-M_1677590"
"India","Larsen & Toubro","Senior Executive - Sales","Management & Administration","Mumbai, India","2026-02-16","https://larsentoubrocareers.peoplestrong.com/job/detail/LNT_SE-S_1677752"
"India","Larsen & Toubro","Manager - Planning, Malad Projects","Management & Administration","Mumbai, India","2026-02-16","https://larsentoubrocareers.peoplestrong.com/job/detail/LNT_M-MP_1677566"
"India","Larsen & Toubro","Structural steel execution","Mechanical & Structural","Chennai Head Qrs., India","2026-02-16","https://larsentoubrocareers.peoplestrong.com/job/detail/LNT_SSE_1676695"
"India","Larsen & Toubro","Computer Vision Engineer","Management & Administration","Bengaluru, India","2026-02-13","https://larsentoubrocareers.peoplestrong.com/job/detail/LNT_CVE_1672640"
"India","Larsen & Toubro","Industrial Relations & Administration Executive (IR / ADMIN)","Management & Administration","Mumbai Reg Sites, India","2026-02-12","https://larsentoubrocareers.peoplestrong.com/job/detail/LNT_IR-AE-_1621135"
"India","Larsen & Toubro","IR & Admin- Executive","Management & Administration","Vadodara, India","2026-02-12","https://larsentoubrocareers.peoplestrong.com/job/detail/LNT_I-E_1620793"
"India","Larsen & Toubro","Manager - IR & Admin","Management & Administration","Vadodara, India","2026-02-12","https://larsentoubrocareers.peoplestrong.com/job/detail/LNT_M-I-A_1620839"
"India","Larsen & Toubro","Planning Manager - Mechanical","Mechanical & Structural","Vadodara, India","2026-02-12","https://larsentoubrocareers.peoplestrong.com/job/detail/LNT_PM-E_1530014"
"India","Larsen & Toubro","QAQC Engineer","Management & Administration","Kattupalli, India","2026-02-12","https://larsentoubrocareers.peoplestrong.com/job/detail/LNT_QE_1675639"
"India","Larsen & Toubro","Assistant Manager - Billing & QS, Thane Wagle Projects","Management & Administration","Mumbai, India","2026-02-12","https://larsentoubrocareers.peoplestrong.com/job/detail/LNT_AM-B-TWP_1675282"
"India","Larsen & Toubro","Incharge-Machine shop","Management & Administration","Hazira Mfg Complex, India","2026-02-11","https://larsentoubrocareers.peoplestrong.com/job/detail/LNT_-S_1627064"
"India","Larsen & Toubro","Supervisor - Painting & Shot Blasting","Management & Administration","Hazira Mfg Complex, India","2026-02-11","https://larsentoubrocareers.peoplestrong.com/job/detail/LNT_S-P-SB_1620404"
"India","Larsen & Toubro","Electrical Maintenance Engineer-Machine Shop","Electrical & Instrumentation","Hazira Mfg Complex, India","2026-02-11","https://larsentoubrocareers.peoplestrong.com/job/detail/LNT_EM-S_1662404"
"India","Larsen & Toubro","Cost Accounting & Inventory Management","Finance & Accounting","Hazira Mfg Complex, India","2026-02-11","https://larsentoubrocareers.peoplestrong.com/job/detail/LNT_CA-IM_1667656"
"India","Larsen & Toubro","Manager F&A","Finance & Accounting","AMN Tower, Powai, India","2026-02-11","https://larsentoubrocareers.peoplestrong.com/job/detail/LNT_M_1673806"
"India","Larsen & Toubro","Sr. Engineer / Executive - Tool Design","Management & Administration","Coimbatore Appu. Rd, India","2026-02-11","https://larsentoubrocareers.peoplestrong.com/job/detail/LNT_-E-E-TD_1674278"
"Oman","Larsen & Toubro","Dimension Controller","Management & Administration","Sohar, Oman","2026-02-10","https://larsentoubrocareers.peoplestrong.com/job/detail/LNT_DC_1674037"
"Oman","Larsen & Toubro","Asst. Manager / Manager -Production","Management & Administration","Sohar, Oman","2026-02-10","https://larsentoubrocareers.peoplestrong.com/job/detail/LNT_-M-M_1673573"
"India","Larsen & Toubro","Manager / Asst. Manager - Automation","Management & Administration","Kattupalli, India","2026-02-10","https://larsentoubrocareers.peoplestrong.com/job/detail/LNT_M-M-A_1673499"
"Oman","Larsen & Toubro","Asst. Manager - Planning","Management & Administration","Sohar, Oman","2026-02-10","https://larsentoubrocareers.peoplestrong.com/job/detail/LNT_-M-P_1673481"
"Oman","Larsen & Toubro","HSE Supervisor","HSE","Sohar, Oman","2026-02-09","https://larsentoubrocareers.peoplestrong.com/job/detail/LNT_HS_1672934"
"India","Larsen & Toubro","civil execution","Management & Administration","Chennai, India","2026-02-09","https://larsentoubrocareers.peoplestrong.com/job/detail/LNT_CE_1669476"
"Saudi Arabia","Larsen & Toubro","Project Scheduler","Management & Administration","Kingdom Of Saudi Arabia, Saudi Arabia","2026-02-07","https://larsentoubrocareers.peoplestrong.com/job/detail/LNT_PS_1671906"
"Saudi Arabia","Larsen & Toubro","Engineering","Management & Administration","Kingdom Of Saudi Arabia, Saudi Arabia","2026-02-07","https://larsentoubrocareers.peoplestrong.com/job/detail/LNT_E_1671904"
"Saudi Arabia","Larsen & Toubro","Procurement","Supply Chain","Kingdom Of Saudi Arabia, Saudi Arabia","2026-02-07","https://larsentoubrocareers.peoplestrong.com/job/detail/LNT_P_1671902"
"Saudi Arabia","Larsen & Toubro","Project MEP Head","Mechanical & Structural","Kingdom Of Saudi Arabia, Saudi Arabia","2026-02-07","https://larsentoubrocareers.peoplestrong.com/job/detail/LNT_PMH_1671901"
"Saudi Arabia","Larsen & Toubro","Project Controls","Management & Administration","Kingdom Of Saudi Arabia, Saudi Arabia","2026-02-07","https://larsentoubrocareers.peoplestrong.com/job/detail/LNT_PC_1671900"
"Saudi Arabia","Larsen & Toubro","P&M","Management & Administration","Kingdom Of Saudi Arabia, Saudi Arabia","2026-02-07","https://larsentoubrocareers.peoplestrong.com/job/detail/LNT_-_1671898"
"Saudi Arabia","Larsen & Toubro","EHS","HSE","Kingdom Of Saudi Arabia, Saudi Arabia","2026-02-07","https://larsentoubrocareers.peoplestrong.com/job/detail/LNT_E_1671891"
"Saudi Arabia","Larsen & Toubro","FAA","Management & Administration","Kingdom Of Saudi Arabia, Saudi Arabia","2026-02-07","https://larsentoubrocareers.peoplestrong.com/job/detail/LNT_E_1671884"
"Saudi Arabia","Larsen & Toubro","QA/QC","HSE","Kingdom Of Saudi Arabia, Saudi Arabia","2026-02-07","https://larsentoubrocareers.peoplestrong.com/job/detail/LNT_E_1671876"
"India","Larsen & Toubro","Asst. lead - FP&A and Indirect Taxation","Finance & Accounting","Hazira Mfg Complex, India","2026-02-07","https://larsentoubrocareers.peoplestrong.com/job/detail/LNT_-L-AIT_1668058"
"Saudi Arabia","Larsen & Toubro","MEP - Mechanical","Mechanical & Structural","Kingdom Of Saudi Arabia, Saudi Arabia","2026-02-07","https://larsentoubrocareers.peoplestrong.com/job/detail/LNT_M-E_1671872"
"Saudi Arabia","Larsen & Toubro","MEP - Testing & Commissioning","Operations & Process","Kingdom Of Saudi Arabia, Saudi Arabia","2026-02-07","https://larsentoubrocareers.peoplestrong.com/job/detail/LNT_M-E_1671864"
"India","Larsen & Toubro","Project Engineer","Management & Administration","AMN Tower, Powai, India","2026-02-07","https://larsentoubrocareers.peoplestrong.com/job/detail/LNT_PE_1671835"
"Saudi Arabia","Larsen & Toubro","MEP - Electrical","Electrical & Instrumentation","Kingdom Of Saudi Arabia, Saudi Arabia","2026-02-07","https://larsentoubrocareers.peoplestrong.com/job/detail/LNT_PC_1671847"
"India","Larsen & Toubro","EHS Engineer","HSE","Hazira Mfg Complex, India","2026-02-07","https://larsentoubrocareers.peoplestrong.com/job/detail/LNT_EE_1668937"
"India","Larsen & Toubro","Formwork Incharge","Management & Administration","Delhi, India","2026-02-06","https://larsentoubrocareers.peoplestrong.com/job/detail/LNT_FI_1621555"
"India","Larsen & Toubro","Civil Execution","Management & Administration","Chennai, India","2026-02-06","https://larsentoubrocareers.peoplestrong.com/job/detail/LNT_CE_1669468"
"India","Larsen & Toubro","Sales Engineer","Management & Administration","Goa, India","2026-02-06","https://larsentoubrocareers.peoplestrong.com/job/detail/LNT_SE_1670732"
"India","Larsen & Toubro","Analytical Chemist","Management & Administration","Bengaluru, India","2026-02-06","https://larsentoubrocareers.peoplestrong.com/job/detail/LNT_AC_1429831"
"India","Larsen & Toubro","Avionics_Software_Design_Manager","IT & Digital","Bengaluru, India","2026-02-06","https://larsentoubrocareers.peoplestrong.com/job/detail/LNT_-_1562897"
"India","Larsen & Toubro","Sr. Engineer","Management & Administration","Bengaluru, India","2026-02-06","https://larsentoubrocareers.peoplestrong.com/job/detail/LNT_-E_1425624"
"India","Larsen & Toubro","DGM (QA/QC)","HSE","AMN Tower, Powai, India","2026-02-06","https://larsentoubrocareers.peoplestrong.com/job/detail/LNT_D_1666708"
"India","Larsen & Toubro","Senior Manager - Site Administration","Management & Administration","Bengaluru, India","2026-02-05","https://larsentoubrocareers.peoplestrong.com/job/detail/LNT_M-HR_1669852"
"India","Larsen & Toubro","CMPC ENGINEER REPLACEMENT","Management & Administration","Chennai Head Qrs., India","2026-02-05","https://larsentoubrocareers.peoplestrong.com/job/detail/LNT_CER_1661465"
"India","Larsen & Toubro","CMPC ENGINEER REPLACEMENT","Management & Administration","Chennai Head Qrs., India","2026-02-05","https://larsentoubrocareers.peoplestrong.com/job/detail/LNT_CER_1661489"
"India","Larsen & Toubro","Manager : Control & Instrumentation","Electrical & Instrumentation","Knowledge City Vadodara - VAD3, India","2026-02-05","https://larsentoubrocareers.peoplestrong.com/job/detail/LNT_M-C-I_1628699"
"India","Larsen & Toubro","Technical advisor Steam Turbine","Management & Administration","Hazira Mfg Complex, India","2026-02-05","https://larsentoubrocareers.peoplestrong.com/job/detail/LNT_TAST_1620149"
"India","Larsen & Toubro","Logistic Buyer","Management & Administration","Knowledge City Vadodara, India","2026-02-05","https://larsentoubrocareers.peoplestrong.com/job/detail/LNT_LB_1425345"
"India","Larsen & Toubro","Dy. Chief SHE Officer","HSE","Mumbai, India","2026-02-04","https://larsentoubrocareers.peoplestrong.com/job/detail/LNT_-CSO_1660412"
"India","Larsen & Toubro","Senior SHE Manager","HSE","Mumbai, India","2026-02-04","https://larsentoubrocareers.peoplestrong.com/job/detail/LNT_SSM_1660434"
"India","Larsen & Toubro","TBM foreman","Management & Administration","Patna - PTNA, India","2026-02-04","https://larsentoubrocareers.peoplestrong.com/job/detail/LNT_TF_1620173"
"India","Larsen & Toubro","Certification Coordinator","Management & Administration","AMN Tower, Powai, India","2026-02-03","https://larsentoubrocareers.peoplestrong.com/job/detail/LNT_CC_1667661"
"India","Larsen & Toubro","Senior SHE Manager","HSE","Agra, India","2026-02-03","https://larsentoubrocareers.peoplestrong.com/job/detail/LNT_SSM_1617838"
"India","Larsen & Toubro","Jr SHE Manager","HSE","Agra, India","2026-02-03","https://larsentoubrocareers.peoplestrong.com/job/detail/LNT_JSM_1617887"
"India","Larsen & Toubro","Sr.Manager - Interface","Management & Administration","Mumbai, India","2026-02-03","https://larsentoubrocareers.peoplestrong.com/job/detail/LNT_-I_1628073"
"UAE","Larsen & Toubro","Mechanic - Motor Vehicle","Management & Administration","United Arab Emirates","2026-02-03","https://larsentoubrocareers.peoplestrong.com/job/detail/LNT_M-MV_1617014"
"UAE","Larsen & Toubro","Engineer - Civil (QA/QC) - PV","HSE","United Arab Emirates","2026-02-03","https://larsentoubrocareers.peoplestrong.com/job/detail/LNT_E-C-P_1617871"
"UAE","Larsen & Toubro","Engineer - EHS","HSE","United Arab Emirates","2026-02-03","https://larsentoubrocareers.peoplestrong.com/job/detail/LNT_E-E_1617911"
"UAE","Larsen & Toubro","Project Manager- Substation","Management & Administration","Abu Dhabi, UAE","2026-02-03","https://larsentoubrocareers.peoplestrong.com/job/detail/LNT_P-S_1667110"
"UAE","Larsen & Toubro","Engineer - E&S","Management & Administration","Jabeli Ali, Dubai, UAE","2026-02-03","https://larsentoubrocareers.peoplestrong.com/job/detail/LNT_E_1667136"
"India","Larsen & Toubro","Lead - Project Execution, Seawoods","Management & Administration","Mumbai, India","2026-02-03","https://larsentoubrocareers.peoplestrong.com/job/detail/LNT_L-PE_1667118"
"India","Larsen & Toubro","Sourcing Manager – Power Electronics Products","Management & Administration","Bengaluru, India","2026-02-03","https://larsentoubrocareers.peoplestrong.com/job/detail/LNT_SM-PEP_1665844"
"India","Larsen & Toubro","EHS Manager","HSE","Coimbatore Campus, India","2026-02-03","https://larsentoubrocareers.peoplestrong.com/job/detail/LNT_EM_1661129"
"India","Larsen & Toubro","Product Leader Electrification","Management & Administration","Bengaluru, India","2026-02-03","https://larsentoubrocareers.peoplestrong.com/job/detail/LNT_PLE_1664606"
"India","Larsen & Toubro","CFD & Thermal Analysis","Management & Administration","Bengaluru, India","2026-02-03","https://larsentoubrocareers.peoplestrong.com/job/detail/LNT_C-TA_1664903"
"India","Larsen & Toubro","Head of Engineering","Management & Administration","Bengaluru, India","2026-02-03","https://larsentoubrocareers.peoplestrong.com/job/detail/LNT_HOE_1664906"
"India","Larsen & Toubro","BESS Product Manager (Utility and Industry)","Management & Administration","Bengaluru, India","2026-02-03","https://larsentoubrocareers.peoplestrong.com/job/detail/LNT_BPM-A_1665893"
"India","Larsen & Toubro","Product Lead ADAS","Management & Administration","Bengaluru, India","2026-02-03","https://larsentoubrocareers.peoplestrong.com/job/detail/LNT_PLA_1666128"
"India","Larsen & Toubro","Network Engineer","Management & Administration","Chennai Head Qrs., India","2026-02-02","https://larsentoubrocareers.peoplestrong.com/job/detail/LNT_NE_1666471"
"Saudi Arabia","Larsen & Toubro","site electrical engineer","Electrical & Instrumentation","Kingdom Of Saudi Arabia, Saudi Arabia","2026-02-01","https://larsentoubrocareers.peoplestrong.com/job/detail/LNT_SEE_1666066"
"India","Larsen & Toubro","GET/PGET - LTSSHF (Hazira)","Management & Administration","Hazira Mfg Complex, India","2026-01-31","https://larsentoubrocareers.peoplestrong.com/job/detail/LNT_-L_1664721"
"India","Larsen & Toubro","Civil","Management & Administration","Kattupalli, India","2026-01-30","https://larsentoubrocareers.peoplestrong.com/job/detail/LNT_C_1664329"
"Saudi Arabia","Larsen & Toubro","Safety Supervisor - HSE","HSE","Kingdom Of Saudi Arabia, Saudi Arabia","2026-01-30","https://larsentoubrocareers.peoplestrong.com/job/detail/LNT_SS-H_1663465"
"India","Larsen & Toubro","Radiograph Safety Officer- Quality","HSE","Hazira Mfg Complex, India","2026-01-29","https://larsentoubrocareers.peoplestrong.com/job/detail/LNT_RS-Q_1662377"
"India","Larsen & Toubro","Manager - Legal","Legal & Compliance","Bengaluru, India","2026-01-29","https://larsentoubrocareers.peoplestrong.com/job/detail/LNT_SM-L_1662353"
"India","Larsen & Toubro","Manager - Sales","Management & Administration","Mumbai, India","2026-01-28","https://larsentoubrocareers.peoplestrong.com/job/detail/LNT_M-S_1663154"
"India","Larsen & Toubro","Project Execution - Mahim Projects","Management & Administration","Mumbai, India","2026-01-28","https://larsentoubrocareers.peoplestrong.com/job/detail/LNT_PE-MP_1663123"
"India","Larsen & Toubro","Project Execution - Seawoods Project","Management & Administration","Mumbai, India","2026-01-28","https://larsentoubrocareers.peoplestrong.com/job/detail/LNT_PE-SP_1663106"
"India","Larsen & Toubro","Assistant Engineering Manager - Process","Management & Administration","Chennai Head Qrs., India","2026-01-28","https://larsentoubrocareers.peoplestrong.com/job/detail/LNT_AEM-P_1617865"
"India","Larsen & Toubro","HVAC Lead Engineer","Mechanical & Structural","Chennai Head Qrs., India","2026-01-28","https://larsentoubrocareers.peoplestrong.com/job/detail/LNT_HLE_1662574"
"India","Larsen & Toubro","Piping Engineer","Mechanical & Structural","Kolkata, India","2026-01-28","https://larsentoubrocareers.peoplestrong.com/job/detail/LNT_PE_1662580"
"India","Larsen & Toubro","Lead Design - Instrumentation - WTG","Electrical & Instrumentation","Chennai Head Qrs., India","2026-01-28","https://larsentoubrocareers.peoplestrong.com/job/detail/LNT_LD-I-W_1661152"
"Saudi Arabia","Larsen & Toubro","EHS Engineers","HSE","Kingdom Of Saudi Arabia, Saudi Arabia","2026-01-28","https://larsentoubrocareers.peoplestrong.com/job/detail/LNT_EE_1662179"
"India","Larsen & Toubro","Permit & License Coordinator","IT & Digital","AMN Tower, Powai, India","2026-01-28","https://larsentoubrocareers.peoplestrong.com/job/detail/LNT_P-LC_1662108"
"India","Larsen & Toubro","Lead - Technical Services, Bangalore","Management & Administration","Bengaluru Realty, India","2026-01-28","https://larsentoubrocareers.peoplestrong.com/job/detail/LNT_L-T-B_1662280"
"India","Larsen & Toubro","Senior Lead SOC Verification Engineer","Management & Administration","Bengaluru, India","2026-01-27","https://larsentoubrocareers.peoplestrong.com/job/detail/LNT_SLSVE_1660052"
"India","Larsen & Toubro","Senior/Lead SOC Formal Verification Engineer","Management & Administration","Bengaluru, India","2026-01-27","https://larsentoubrocareers.peoplestrong.com/job/detail/LNT_-SFVE_1660207"
"India","Larsen & Toubro","SoC AMS Low Power","Management & Administration","Bengaluru, India","2026-01-27","https://larsentoubrocareers.peoplestrong.com/job/detail/LNT_SALP_1659863"
"Saudi Arabia","Larsen & Toubro","Site Mechanical Manager","Mechanical & Structural","Kingdom Of Saudi Arabia, Saudi Arabia","2026-01-27","https://larsentoubrocareers.peoplestrong.com/job/detail/LNT_SMM_1622077"
"Saudi Arabia","Larsen & Toubro","Site Electrical Engineer","Electrical & Instrumentation","Kingdom Of Saudi Arabia, Saudi Arabia","2026-01-27","https://larsentoubrocareers.peoplestrong.com/job/detail/LNT_SEE_1622118"
"Saudi Arabia","Larsen & Toubro","site electrical engineer","Electrical & Instrumentation","Kingdom Of Saudi Arabia, Saudi Arabia","2026-01-27","https://larsentoubrocareers.peoplestrong.com/job/detail/LNT_SEE_1622109"
"India","Larsen & Toubro","Technician - P&M","Management & Administration","Chennai, India","2026-01-27","https://larsentoubrocareers.peoplestrong.com/job/detail/LNT_T_1619393"
"India","Larsen & Toubro","Technician - P&M","Management & Administration","Chennai, India","2026-01-27","https://larsentoubrocareers.peoplestrong.com/job/detail/LNT_T_1619394"
"India","Larsen & Toubro","Geotechnical Design engineer","Management & Administration","Chennai Head Qrs., India","2026-01-23","https://larsentoubrocareers.peoplestrong.com/job/detail/LNT_GDE_1615794"
"India","Larsen & Toubro","CAD ENGINEERS CIVIL","Management & Administration","Chennai Head Qrs., India","2026-01-23","https://larsentoubrocareers.peoplestrong.com/job/detail/LNT_CEC_1615809"
"India","Larsen & Toubro","RTL Digital Design Engineer for analog mixed signal IP/IC.","IT & Digital","Bengaluru, India","2026-01-23","https://larsentoubrocareers.peoplestrong.com/job/detail/LNT_RDDEFAMS_1660326"
"India","Larsen & Toubro","RTL Digital Design Engineer","IT & Digital","Bengaluru, India","2026-01-23","https://larsentoubrocareers.peoplestrong.com/job/detail/LNT_RDDE_1660317"
"India","Larsen & Toubro","SHE ELECTRICAL ENGINEER","HSE","Vadodara, India","2026-01-23","https://larsentoubrocareers.peoplestrong.com/job/detail/LNT_SEE_1491801"
"Indonesia","Larsen & Toubro","Safety officer -supervisor (Electrical Safety)","HSE","Jakarta, Indonesia","2026-01-23","https://larsentoubrocareers.peoplestrong.com/job/detail/LNT_SO-_1507701"
"India","Larsen & Toubro","MEP Engineering Manager HVAC","Mechanical & Structural","Faridabad, India","2026-01-23","https://larsentoubrocareers.peoplestrong.com/job/detail/LNT_MEMH_1571909"
"India","Larsen & Toubro","MEP Engineering Manager","Mechanical & Structural","Faridabad, India","2026-01-23","https://larsentoubrocareers.peoplestrong.com/job/detail/LNT_MEM_1571925"
"India","Larsen & Toubro","Engineering Lead - Electrical Distribution utility & lighting","Electrical & Instrumentation","Faridabad, India","2026-01-23","https://larsentoubrocareers.peoplestrong.com/job/detail/LNT_EL-EDU-L_1571965"
"India","Larsen & Toubro","Senior Lead Engineering Manager","Management & Administration","Faridabad, India","2026-01-23","https://larsentoubrocareers.peoplestrong.com/job/detail/LNT_SLEM_1573598"
"India","Larsen & Toubro","Transportation Planning Manager","Management & Administration","Faridabad, India","2026-01-23","https://larsentoubrocareers.peoplestrong.com/job/detail/LNT_TPM_1574713"
"India","Larsen & Toubro","Sr. Design Engineering Manager","Management & Administration","Faridabad, India","2026-01-23","https://larsentoubrocareers.peoplestrong.com/job/detail/LNT_-DEM_1575227"
"India","Larsen & Toubro","Lead Civil (Bridges, Tunnels & Structures)","Management & Administration","Faridabad, India","2026-01-23","https://larsentoubrocareers.peoplestrong.com/job/detail/LNT_LC-T_1575314"
"India","Larsen & Toubro","Telecom Design Engineer","Management & Administration","Faridabad, India","2026-01-23","https://larsentoubrocareers.peoplestrong.com/job/detail/LNT_TDE_1576818"
"India","Larsen & Toubro","RAMS Manager","Management & Administration","Faridabad, India","2026-01-23","https://larsentoubrocareers.peoplestrong.com/job/detail/LNT_RM_1577988"
"India","Larsen & Toubro","Senior Engineering Manager Telecom","Management & Administration","Faridabad, India","2026-01-23","https://larsentoubrocareers.peoplestrong.com/job/detail/LNT_SEMT_1578062"
"India","Larsen & Toubro","Senior Engineering Manager","Management & Administration","Faridabad, India","2026-01-23","https://larsentoubrocareers.peoplestrong.com/job/detail/LNT_SEM_1612342"
"Indonesia","Larsen & Toubro","Telecom Manager","Management & Administration","Jakarta, Indonesia","2026-01-23","https://larsentoubrocareers.peoplestrong.com/job/detail/LNT_TM_1620863"
"Indonesia","Larsen & Toubro","Power Manager","Management & Administration","Jakarta, Indonesia","2026-01-23","https://larsentoubrocareers.peoplestrong.com/job/detail/LNT_PM_1620885"
"Indonesia","Larsen & Toubro","Sr. Safety / OSH Engineer","HSE","Jakarta, Indonesia","2026-01-23","https://larsentoubrocareers.peoplestrong.com/job/detail/LNT_-S-OE_1626520"
"Indonesia","Larsen & Toubro","Sr. Designer (Signaling Construction Design)","Management & Administration","Jakarta, Indonesia","2026-01-23","https://larsentoubrocareers.peoplestrong.com/job/detail/LNT_-D-C_1626561"
"Indonesia","Larsen & Toubro","QC Electrical & System","Electrical & Instrumentation","Jakarta, Indonesia","2026-01-23","https://larsentoubrocareers.peoplestrong.com/job/detail/LNT_QE-S_1626645"
"India","Larsen & Toubro","Executive - Sales","Management & Administration","Mumbai, India","2026-01-22","https://larsentoubrocareers.peoplestrong.com/job/detail/LNT_A-S_1623380"
"India","Larsen & Toubro","IT Support Engineer","IT & Digital","AMN Tower, Powai, India","2026-01-22","https://larsentoubrocareers.peoplestrong.com/job/detail/LNT_ISE_1629022"
"India","Larsen & Toubro","Process Engineer - Customer Support Service","Operations & Process","Hazira Mfg Complex, India","2026-01-22","https://larsentoubrocareers.peoplestrong.com/job/detail/LNT_PE-CSS_1617730"
"India","Larsen & Toubro","Rectifier Thyristor Expert - Electrical","Electrical & Instrumentation","Hazira Mfg Complex, India","2026-01-22","https://larsentoubrocareers.peoplestrong.com/job/detail/LNT_RTE-E_1620634"
"India","Larsen & Toubro","Technical Incharge","Management & Administration","AMN Tower, Powai, India","2026-01-22","https://larsentoubrocareers.peoplestrong.com/job/detail/LNT_TI_1582705"
"India","Larsen & Toubro","Industrial Relations & Administration Manager (Site In-Charge)","Management & Administration","Surat, India","2026-01-21","https://larsentoubrocareers.peoplestrong.com/job/detail/LNT_IR-AM_1622392"
"India","Larsen & Toubro","Industrial Relations & Administration Executive","Management & Administration","Surat, India","2026-01-21","https://larsentoubrocareers.peoplestrong.com/job/detail/LNT_IR-AE_1622403"
"India","Larsen & Toubro","Senior Manager - Fabrication","Mechanical & Structural","Seawoods Ltd, India","2026-01-21","https://larsentoubrocareers.peoplestrong.com/job/detail/LNT_SM-F_1628070"
"India","Larsen & Toubro","HVAC Engineer","Mechanical & Structural","AMN Tower, Powai, India","2026-01-21","https://larsentoubrocareers.peoplestrong.com/job/detail/LNT_HE_1623631"
"India","Larsen & Toubro","NDE Supervisor","Management & Administration","Hazira Mfg Complex, India","2026-01-21","https://larsentoubrocareers.peoplestrong.com/job/detail/LNT_NS_1615167"
"India","Larsen & Toubro","ISD Engineer","Management & Administration","Mumbai, India","2026-01-21","https://larsentoubrocareers.peoplestrong.com/job/detail/LNT_IE_1558079"
"India","Larsen & Toubro","Third Rail Expert","Management & Administration","Agra, India","2026-01-21","https://larsentoubrocareers.peoplestrong.com/job/detail/LNT_TRE_1615069"
"India","Larsen & Toubro","Sr. Manager (MVLV/MEP)","Mechanical & Structural","Surat, India","2026-01-21","https://larsentoubrocareers.peoplestrong.com/job/detail/LNT_-M_1611693"
"India","Larsen & Toubro","Primavera Scheduler","Management & Administration","Mumbai, India","2026-01-21","https://larsentoubrocareers.peoplestrong.com/job/detail/LNT_PS_1617448"
"India","Larsen & Toubro","Contracts and Claims Manager","Legal & Compliance","Mumbai, India","2026-01-20","https://larsentoubrocareers.peoplestrong.com/job/detail/LNT_CACM_1609077"
"India","Larsen & Toubro","Surveyor","Management & Administration","Bhavali, India","2026-01-20","https://larsentoubrocareers.peoplestrong.com/job/detail/LNT_S_1591758"
"UAE","Larsen & Toubro","Project Engineering Manager - Substation","Management & Administration","Abu Dhabi, UAE","2026-01-20","https://larsentoubrocareers.peoplestrong.com/job/detail/LNT_PEM-S_1609416"
"UAE","Larsen & Toubro","Lead Design - BESS","Management & Administration","Abu Dhabi, UAE","2026-01-20","https://larsentoubrocareers.peoplestrong.com/job/detail/LNT_LD-B_1609536"
"Saudi Arabia","Larsen & Toubro","Lead Design - BESS","Management & Administration","Riyadh, Saudi Arabia","2026-01-20","https://larsentoubrocareers.peoplestrong.com/job/detail/LNT_LD-B_1609572"
"Saudi Arabia","Larsen & Toubro","Lead Design - AC","Management & Administration","Kingdom Of Saudi Arabia, Saudi Arabia","2026-01-20","https://larsentoubrocareers.peoplestrong.com/job/detail/LNT_LD-A_1609642"
"UAE","Larsen & Toubro","Lead Design - DC","Management & Administration","Abu Dhabi, UAE","2026-01-20","https://larsentoubrocareers.peoplestrong.com/job/detail/LNT_LD-D_1609673"
"UAE","Larsen & Toubro","Lead Design - WTG","Management & Administration","Sharjah, Uae, UAE","2026-01-20","https://larsentoubrocareers.peoplestrong.com/job/detail/LNT_LD-W_1625210"
"India","Larsen & Toubro","Lead Design - BESS","Management & Administration","Chennai, India","2026-01-20","https://larsentoubrocareers.peoplestrong.com/job/detail/LNT_LD-B_1609579"
"India","Larsen & Toubro","Stressing Manager","Management & Administration","Chennai, India","2026-01-20","https://larsentoubrocareers.peoplestrong.com/job/detail/LNT_SM_1615162"
"India","Larsen & Toubro","Procurement Planner","Supply Chain","Hazira Mfg Complex, India","2026-01-20","https://larsentoubrocareers.peoplestrong.com/job/detail/LNT_PP_1592307"
"India","Larsen & Toubro","Main Store Incharge","Management & Administration","Hazira Mfg Complex, India","2026-01-20","https://larsentoubrocareers.peoplestrong.com/job/detail/LNT_MSI_1625107"
"India","Larsen & Toubro","Lead - Secondary Design Engineer","Management & Administration","Chennai, India","2026-01-19","https://larsentoubrocareers.peoplestrong.com/job/detail/LNT_L-SDE_1625200"
"India","Larsen & Toubro","Buyer Relationship Manager","Management & Administration","Mysore Campus, India","2026-01-19","https://larsentoubrocareers.peoplestrong.com/job/detail/LNT_BRM_1625447"
"India","Larsen & Toubro","Manager - Subcontracts","Legal & Compliance","Faridabad, India","2026-01-19","https://larsentoubrocareers.peoplestrong.com/job/detail/LNT_M-S_1604716"
"Qatar","Larsen & Toubro","Public Relations Officer (PRO) -Qatari","Management & Administration","Qatar","2026-01-18","https://larsentoubrocareers.peoplestrong.com/job/detail/LNT_PRO_1624790"
"India","Larsen & Toubro","Site engineer","Management & Administration","Ahmedabad, India","2026-01-17","https://larsentoubrocareers.peoplestrong.com/job/detail/LNT_SE_1623637"
"India","Larsen & Toubro","EHS Engineer/Supervisor","HSE","Ahmedabad, India","2026-01-17","https://larsentoubrocareers.peoplestrong.com/job/detail/LNT_E_1623623"
"India","Larsen & Toubro","EHS Incharge Lead/Manager","HSE","Ahmedabad, India","2026-01-17","https://larsentoubrocareers.peoplestrong.com/job/detail/LNT_EI_1623595"
"India","Larsen & Toubro","ACDC Field: Engineer - Elec","Management & Administration","Ahmedabad, India","2026-01-17","https://larsentoubrocareers.peoplestrong.com/job/detail/LNT_A-E-E_1623573"
"India","Larsen & Toubro","Electrical construction manager","Electrical & Instrumentation","Ahmedabad, India","2026-01-17","https://larsentoubrocareers.peoplestrong.com/job/detail/LNT_ECM_1623541"
"India","Larsen & Toubro","civil field engineer","Operations & Process","Ahmedabad, India","2026-01-17","https://larsentoubrocareers.peoplestrong.com/job/detail/LNT_CFE_1623518"
"India","Larsen & Toubro","Sr. construction manager","Management & Administration","Ahmedabad, India","2026-01-17","https://larsentoubrocareers.peoplestrong.com/job/detail/LNT_-CM_1623498"
"India","Larsen & Toubro","Civil Field Engineer","Operations & Process","Ahmedabad, India","2026-01-17","https://larsentoubrocareers.peoplestrong.com/job/detail/LNT_CFE_1623512"
"India","Larsen & Toubro","Manager - Subcontracts","Legal & Compliance","Faridabad, India","2026-01-17","https://larsentoubrocareers.peoplestrong.com/job/detail/LNT_M-S_1623335"
"India","Larsen & Toubro","Project Coordinator","Management & Administration","Chennai Head Qrs., India","2026-01-17","https://larsentoubrocareers.peoplestrong.com/job/detail/LNT_PC_1622376"
"India","Larsen & Toubro","Planning Manager","Management & Administration","Ahmedabad, India","2026-01-17","https://larsentoubrocareers.peoplestrong.com/job/detail/LNT_PM_1620442"
"India","Larsen & Toubro","construction manager","Management & Administration","Ahmedabad, India","2026-01-17","https://larsentoubrocareers.peoplestrong.com/job/detail/LNT_CM_1620334"
"India","Larsen & Toubro","Planning Assistant","Management & Administration","Ahmedabad, India","2026-01-17","https://larsentoubrocareers.peoplestrong.com/job/detail/LNT_PA_1620449"
"India","Larsen & Toubro","Senior engineer-civil","Management & Administration","Ahmedabad, India","2026-01-17","https://larsentoubrocareers.peoplestrong.com/job/detail/LNT_S_1620212"
"India","Larsen & Toubro","EHS Engineer/supervisor","HSE","Ahmedabad, India","2026-01-17","https://larsentoubrocareers.peoplestrong.com/job/detail/LNT_E_1623613"
"India","Larsen & Toubro","Quality Engineer","HSE","Ahmedabad, India","2026-01-17","https://larsentoubrocareers.peoplestrong.com/job/detail/LNT_QE_1623650"
"India","Larsen & Toubro","Site Incharge - SOLAR O&M - TELANGANA, GUJARAT, BIHAR JHARKHAND","Management & Administration","Chennai Head Qrs., India","2026-01-17","https://larsentoubrocareers.peoplestrong.com/job/detail/LNT_SI-S--BJ_1616600"
"India","Larsen & Toubro","Quality Incharge Lead","HSE","Ahmedabad, India","2026-01-17","https://larsentoubrocareers.peoplestrong.com/job/detail/LNT_QIL_1623655"
"India","Larsen & Toubro","Quality Engineer-Coordinator","HSE","Ahmedabad, India","2026-01-17","https://larsentoubrocareers.peoplestrong.com/job/detail/LNT_Q_1623659"
"India","Larsen & Toubro","Site Admin","Management & Administration","Ahmedabad, India","2026-01-17","https://larsentoubrocareers.peoplestrong.com/job/detail/LNT_SA_1623665"
"India","Larsen & Toubro","P&M Incharge","Management & Administration","Ahmedabad, India","2026-01-17","https://larsentoubrocareers.peoplestrong.com/job/detail/LNT_-I_1623821"
"India","Larsen & Toubro","Site Incharge- SOLAR O&M - GUJARAT , TELANGANA, BIHAR, JHARKHAND","Management & Administration","Jamnagar, India","2026-01-17","https://larsentoubrocareers.peoplestrong.com/job/detail/LNT_S-S-G--J_1616564"
"India","Larsen & Toubro","Asst. Manager - Planning","Management & Administration","Ahmedabad, India","2026-01-17","https://larsentoubrocareers.peoplestrong.com/job/detail/LNT_-M-P_1574405"
"India","Larsen & Toubro","Lead Design - DC","Management & Administration","Chennai, India","2026-01-17","https://larsentoubrocareers.peoplestrong.com/job/detail/LNT_LD-D_1609681"
"India","Larsen & Toubro","Site Incharge- SOLAR O&M - WEST BENGAL","Management & Administration","Kolkata, India","2026-01-17","https://larsentoubrocareers.peoplestrong.com/job/detail/LNT_S-S-WB_1561321"
"India","Larsen & Toubro","Testing lead","Management & Administration","Ahmedabad, India","2026-01-17","https://larsentoubrocareers.peoplestrong.com/job/detail/LNT_TL_1623838"
"India","Larsen & Toubro","Testing engineer","Management & Administration","Ahmedabad, India","2026-01-17","https://larsentoubrocareers.peoplestrong.com/job/detail/LNT_TE_1623848"
"India","Larsen & Toubro","Civil Engineer - Solar Project","Management & Administration","Madurai, India","2026-01-17","https://larsentoubrocareers.peoplestrong.com/job/detail/LNT_CE-SP_1309665"
"India","Larsen & Toubro","Site Civil Engineer – Renewable EPC Projects","Management & Administration","Rajashtan Sites, India","2026-01-17","https://larsentoubrocareers.peoplestrong.com/job/detail/LNT_SCE-REP_1304297"
"India","Larsen & Toubro","IR & Admin Manager","Management & Administration","Chennai, India","2026-01-17","https://larsentoubrocareers.peoplestrong.com/job/detail/LNT_I-AM_1624441"
"Saudi Arabia","Larsen & Toubro","Coordinator - Power System Study Engineer","Management & Administration","Riyadh, Saudi Arabia","2026-01-17","https://larsentoubrocareers.peoplestrong.com/job/detail/LNT_C-PSSE_1623310"
"Saudi Arabia","Larsen & Toubro","Lead - Power System Study","Management & Administration","Riyadh, Saudi Arabia","2026-01-17","https://larsentoubrocareers.peoplestrong.com/job/detail/LNT_L-PSS_1623320"
"Saudi Arabia","Larsen & Toubro","Coordinator - Power System Study","Management & Administration","Riyadh, Saudi Arabia","2026-01-17","https://larsentoubrocareers.peoplestrong.com/job/detail/LNT_C-PSS_1623322"
"Uzbekistan","Larsen & Toubro","Lead Engineer - Civil - Wind","Management & Administration","Tashkent, Uzbekistan","2026-01-17","https://larsentoubrocareers.peoplestrong.com/job/detail/LNT_LE-C-W_1623329"
"India","Larsen & Toubro","Planning Manager-Mechanical","Mechanical & Structural","Vadodara, India","2026-01-17","https://larsentoubrocareers.peoplestrong.com/job/detail/LNT_P_1553180"
"India","Larsen & Toubro","Civil & Structural - Draftsperson","Mechanical & Structural","Chennai Head Qrs., India","2026-01-17","https://larsentoubrocareers.peoplestrong.com/job/detail/LNT_C-S-D_1623202"
"Uzbekistan","Larsen & Toubro","Engineer - Civil - Wind","Management & Administration","Tashkent, Uzbekistan","2026-01-17","https://larsentoubrocareers.peoplestrong.com/job/detail/LNT_E-C-W_1623241"
"Uzbekistan","Larsen & Toubro","Lead Engineer - Civil - Wind","Management & Administration","Tashkent, Uzbekistan","2026-01-17","https://larsentoubrocareers.peoplestrong.com/job/detail/LNT_LE-C-W_1623250"
"India","Larsen & Toubro","Managers / Engineers - Design","Management & Administration","Chennai, India","2026-01-16","https://larsentoubrocareers.peoplestrong.com/job/detail/LNT_M-E-D_1576187"
"India","Larsen & Toubro","Lead - F&A, Khalapur","Finance & Accounting","AMN Tower, Powai, India","2026-01-16","https://larsentoubrocareers.peoplestrong.com/job/detail/LNT_L-K_1622788"
"India","Larsen & Toubro","Team Member - MEP","Mechanical & Structural","Gujarat sites, India","2026-01-16","https://larsentoubrocareers.peoplestrong.com/job/detail/LNT_TM-M_1615165"
"India","Larsen & Toubro","Senior Team Member - MEP","Mechanical & Structural","Gujarat sites, India","2026-01-16","https://larsentoubrocareers.peoplestrong.com/job/detail/LNT_H-M_1615158"
"India","Larsen & Toubro","Lead - MEP","Mechanical & Structural","Gujarat sites, India","2026-01-16","https://larsentoubrocareers.peoplestrong.com/job/detail/LNT_L-M_1615150"
"India","Larsen & Toubro","Senior Lead - MEP","Mechanical & Structural","Gujarat sites, India","2026-01-16","https://larsentoubrocareers.peoplestrong.com/job/detail/LNT_SL-M_1615144"
"India","Larsen & Toubro","Head - MEP","Mechanical & Structural","Gujarat sites, India","2026-01-16","https://larsentoubrocareers.peoplestrong.com/job/detail/LNT_H-M_1614736"
"India","Larsen & Toubro","Project - Quality Incharge","HSE","Gujarat sites, India","2026-01-16","https://larsentoubrocareers.peoplestrong.com/job/detail/LNT_-I-S_1614652"
"India","Larsen & Toubro","Project - EHS - Incharge","HSE","Chennai Head Qrs., India","2026-01-16","https://larsentoubrocareers.peoplestrong.com/job/detail/LNT_EI-S_1614625"
"India","Larsen & Toubro","Planning - Marine","Management & Administration","Mumbai, India","2026-01-16","https://larsentoubrocareers.peoplestrong.com/job/detail/LNT_P-M_1614599"
"India","Larsen & Toubro","Project Manager - Marine","Management & Administration","Mumbai, India","2026-01-16","https://larsentoubrocareers.peoplestrong.com/job/detail/LNT_PM-M_1614591"
"India","Larsen & Toubro","Project Head","Management & Administration","Mumbai, India","2026-01-16","https://larsentoubrocareers.peoplestrong.com/job/detail/LNT_PH_1614410"
"India","Larsen & Toubro","Head - Business Development Manager","Management & Administration","Chennai Head Qrs., India","2026-01-16","https://larsentoubrocareers.peoplestrong.com/job/detail/LNT_HBD_1614394"
"India","Larsen & Toubro","Project - P&M Incharge","Management & Administration","Chennai, India","2026-01-16","https://larsentoubrocareers.peoplestrong.com/job/detail/LNT_-I-S_1614710"
"India","Larsen & Toubro","Manager - CRM","Management & Administration","Mumbai, India","2026-01-14","https://larsentoubrocareers.peoplestrong.com/job/detail/LNT_M-C_1574063"
"India","Larsen & Toubro","Manager CRM","Management & Administration","Mumbai, India","2026-01-14","https://larsentoubrocareers.peoplestrong.com/job/detail/LNT_MC_1575163"
"India","Larsen & Toubro","Assistant Manager CRM","Management & Administration","Mumbai, India","2026-01-14","https://larsentoubrocareers.peoplestrong.com/job/detail/LNT_AMC_1614762"
"India","Larsen & Toubro","Head - P&M and Electrical","Electrical & Instrumentation","AMN Tower, Powai, India","2026-01-14","https://larsentoubrocareers.peoplestrong.com/job/detail/LNT_H-AE_1622668"
"India","Larsen & Toubro","Supervisor - Operations","Operations & Process","AMN Tower, Powai, India","2026-01-14","https://larsentoubrocareers.peoplestrong.com/job/detail/LNT_S-O_1571579"
"Saudi Arabia","Larsen & Toubro","Procurement QC Supervisor","Supply Chain","Damam, SA, Saudi Arabia","2026-01-14","https://larsentoubrocareers.peoplestrong.com/job/detail/LNT_PQS_1564375"
"India","Larsen & Toubro","SHE Manager","HSE","Vadodara, India","2026-01-14","https://larsentoubrocareers.peoplestrong.com/job/detail/LNT_SM_1615182"
"India","Larsen & Toubro","Senior Engineer ( Instrumentation)","Electrical & Instrumentation","Patna, India","2026-01-13","https://larsentoubrocareers.peoplestrong.com/job/detail/LNT_SE_1558172"
"India","Larsen & Toubro","Engineer - Mechanical","Mechanical & Structural","Golaghat, India","2026-01-13","https://larsentoubrocareers.peoplestrong.com/job/detail/LNT_E-M_1588860"
"India","Larsen & Toubro","E&I Commissioning Manager","Operations & Process","Chennai Head Qrs., India","2026-01-13","https://larsentoubrocareers.peoplestrong.com/job/detail/LNT_-CM_1588815"
"India","Larsen & Toubro","Commissioning manager -Mechanical","Operations & Process","Angul, Odisha, India","2026-01-13","https://larsentoubrocareers.peoplestrong.com/job/detail/LNT_CM_1588961"
"India","Larsen & Toubro","Innovation Manager - Desalination","Management & Administration","Kancheepuram Works, India","2026-01-13","https://larsentoubrocareers.peoplestrong.com/job/detail/LNT_IM-D_1612520"
"India","Larsen & Toubro","Membrane Technologies Specialist","Management & Administration","Kancheepuram, India","2026-01-13","https://larsentoubrocareers.peoplestrong.com/job/detail/LNT_MTS_1612530"
"India","Larsen & Toubro","Innovation Manager - Industrial Wastewater Treatment","Management & Administration","Kancheepuram, India","2026-01-13","https://larsentoubrocareers.peoplestrong.com/job/detail/LNT_IM-IWT_1612566"
"India","Larsen & Toubro","Process Specialist - Industrial Wastewater","Management & Administration","Kancheepuram, India","2026-01-13","https://larsentoubrocareers.peoplestrong.com/job/detail/LNT_PS-IW_1612583"
"India","Larsen & Toubro","Research Scientist - Colloidal Chemistry","Management & Administration","Kancheepuram, India","2026-01-13","https://larsentoubrocareers.peoplestrong.com/job/detail/LNT_RS-CC_1612590"
"India","Larsen & Toubro","Research Scientist - Organic Chemistry","Management & Administration","Kancheepuram, India","2026-01-13","https://larsentoubrocareers.peoplestrong.com/job/detail/LNT_RS-OC_1612595"
"India","Larsen & Toubro","Research Scientist - Nanotechnology","IT & Digital","Kancheepuram, India","2026-01-13","https://larsentoubrocareers.peoplestrong.com/job/detail/LNT_RS-N_1612601"
"India","Larsen & Toubro","Senior Platform Developer","Management & Administration","Chennai Manapakkam, India","2026-01-13","https://larsentoubrocareers.peoplestrong.com/job/detail/LNT_SPD_1621062"
"India","Larsen & Toubro","Solution Architect / Technical Lead","Management & Administration","Chennai Manapakkam, India","2026-01-13","https://larsentoubrocareers.peoplestrong.com/job/detail/LNT_SA-TL_1621073"
"India","Larsen & Toubro","Junior Developers Backend and Frontend","Management & Administration","Chennai Manapakkam, India","2026-01-13","https://larsentoubrocareers.peoplestrong.com/job/detail/LNT_JDBAF_1621080"
"India","Larsen & Toubro","DevOps Engineers","Management & Administration","Chennai Manapakkam, India","2026-01-13","https://larsentoubrocareers.peoplestrong.com/job/detail/LNT_DE_1621083"
"India","Larsen & Toubro","Test Engineers (QA)","Management & Administration","Chennai Manapakkam, India","2026-01-13","https://larsentoubrocareers.peoplestrong.com/job/detail/LNT_TE_1621090"
"India","Larsen & Toubro","Programme Managers","Management & Administration","Chennai Manapakkam, India","2026-01-13","https://larsentoubrocareers.peoplestrong.com/job/detail/LNT_PM_1621111"
"UAE","Larsen & Toubro","Project Manager - BESS","Management & Administration","AbuDhabi-I,UAE, UAE","2026-01-13","https://larsentoubrocareers.peoplestrong.com/job/detail/LNT_PM-B_1604896"
"Saudi Arabia","Larsen & Toubro","Manger - Mechanical (MEP)","Mechanical & Structural","Tabuk, KSA, Saudi Arabia","2026-01-13","https://larsentoubrocareers.peoplestrong.com/job/detail/LNT_M-M_1618015"
"India","Larsen & Toubro","HR Executive","Human Resources","Chennai, India","2026-01-13","https://larsentoubrocareers.peoplestrong.com/job/detail/LNT_HE_1615867"
"Uzbekistan","Larsen & Toubro","Senior Manager - Administration","Management & Administration","Tashkent, Uzbekistan","2026-01-12","https://larsentoubrocareers.peoplestrong.com/job/detail/LNT_SM-A_1619497"
"India","Larsen & Toubro","Tunnel Head","Management & Administration","Mumbai, India","2026-01-12","https://larsentoubrocareers.peoplestrong.com/job/detail/LNT_TH_1619434"
"India","Larsen & Toubro","Executive - HR","Human Resources","AMN Tower, Powai, India","2026-01-12","https://larsentoubrocareers.peoplestrong.com/job/detail/LNT_S-AM-H_1620272"
"India","Larsen & Toubro","Telecom Engineer","Management & Administration","AMN Tower, Powai, India","2026-01-12","https://larsentoubrocareers.peoplestrong.com/job/detail/LNT_TE_1445958"
"India","Larsen & Toubro","Lead Engineer","Management & Administration","AMN Tower, Powai, India","2026-01-12","https://larsentoubrocareers.peoplestrong.com/job/detail/LNT_LE_1423254"
"India","Larsen & Toubro","SUBSEA PIPELINE ENGINEER","Management & Administration","AMN Tower, Powai, India","2026-01-12","https://larsentoubrocareers.peoplestrong.com/job/detail/LNT_SPE_1574810"
"India","Larsen & Toubro","Lead Subsea Pipeline Engineer","Management & Administration","AMN Tower, Powai, India","2026-01-12","https://larsentoubrocareers.peoplestrong.com/job/detail/LNT_LSPE_1530165"
"India","Larsen & Toubro","Sr. MEP Engineer","Mechanical & Structural","Surat, India","2026-01-09","https://larsentoubrocareers.peoplestrong.com/job/detail/LNT_-ME_1473258"
"India","Larsen & Toubro","Testing & Commissioning","Operations & Process","Mumbai, India","2026-01-09","https://larsentoubrocareers.peoplestrong.com/job/detail/LNT_T-C_1613542"
"India","Larsen & Toubro","Testing & Commissioning","Operations & Process","Mumbai, India","2026-01-09","https://larsentoubrocareers.peoplestrong.com/job/detail/LNT_T-C_1613819"
"India","Larsen & Toubro","SCADA Manager","Electrical & Instrumentation","Mumbai, India","2026-01-09","https://larsentoubrocareers.peoplestrong.com/job/detail/LNT_SM_1613830"
"India","Larsen & Toubro","Industrial Relations & Administration Manager (Site In-Charge)","Management & Administration","Mumbai, India","2026-01-09","https://larsentoubrocareers.peoplestrong.com/job/detail/LNT_IR-AM_1613958"
"India","Larsen & Toubro","FAA - Admin & Accounts","Finance & Accounting","Mumbai, India","2026-01-09","https://larsentoubrocareers.peoplestrong.com/job/detail/LNT_F-A-A_1614002"
"India","Larsen & Toubro","Sr. Manager (Traction Power System)","Management & Administration","Surat, India","2026-01-09","https://larsentoubrocareers.peoplestrong.com/job/detail/LNT_-M-P_1611703"
"India","Larsen & Toubro","Civil Site Engineer (Building & Finishing works)","Management & Administration","Surat, India","2026-01-09","https://larsentoubrocareers.peoplestrong.com/job/detail/LNT_CSE-F_1608955"
"India","Larsen & Toubro","Manager (MVLV/MEP)","Mechanical & Structural","Surat, India","2026-01-09","https://larsentoubrocareers.peoplestrong.com/job/detail/LNT_M_1611697"
"India","Larsen & Toubro","Civil Site Supervisor (Building & Finishing Works)","Management & Administration","Surat, India","2026-01-09","https://larsentoubrocareers.peoplestrong.com/job/detail/LNT_CSS-F_1609088"
"India","Larsen & Toubro","Engineer (MVLV/MEP)","Mechanical & Structural","Surat, India","2026-01-09","https://larsentoubrocareers.peoplestrong.com/job/detail/LNT_E_1611698"
"India","Larsen & Toubro","Engineer (Traction Power System)","Management & Administration","Surat, India","2026-01-09","https://larsentoubrocareers.peoplestrong.com/job/detail/LNT_E-P_1611707"
"India","Larsen & Toubro","Manager (Traction Power System)","Management & Administration","Surat, India","2026-01-09","https://larsentoubrocareers.peoplestrong.com/job/detail/LNT_M-P_1611706"
"India","Larsen & Toubro","EHS Manager","HSE","Mumbai, India","2026-01-09","https://larsentoubrocareers.peoplestrong.com/job/detail/LNT_EM_1613991"
"India","Larsen & Toubro","Lead- Sales and BD (Power Electronics)","Management & Administration","Bengaluru, India","2026-01-09","https://larsentoubrocareers.peoplestrong.com/job/detail/LNT_-SAB_1589174"
"India","Larsen & Toubro","Manager","Management & Administration","Bengaluru, India","2026-01-09","https://larsentoubrocareers.peoplestrong.com/job/detail/LNT_M_1589183"
"India","Larsen & Toubro","Manager","Management & Administration","Bengaluru, India","2026-01-09","https://larsentoubrocareers.peoplestrong.com/job/detail/LNT_M_1589166"
"India","Larsen & Toubro","Supervisor Accounts","Finance & Accounting","Powai Campus, India","2026-01-09","https://larsentoubrocareers.peoplestrong.com/job/detail/LNT_SA_1612855"
"India","Larsen & Toubro","CMPC - DRAFTSMAN","Management & Administration","Chennai Head Qrs., India","2026-01-09","https://larsentoubrocareers.peoplestrong.com/job/detail/LNT_C-D_1578460"
"India","Larsen & Toubro","CMPC ENGINEER","Management & Administration","Chennai, India","2026-01-09","https://larsentoubrocareers.peoplestrong.com/job/detail/LNT_CE_1587040"
"India","Larsen & Toubro","Safety Supervisor","HSE","Panipat, Haryana, India","2026-01-09","https://larsentoubrocareers.peoplestrong.com/job/detail/LNT_SS_1610063"
"India","Larsen & Toubro","Talent Acquisition Specialist for Electronics Business","Human Resources","Bengaluru, India","2026-01-08","https://larsentoubrocareers.peoplestrong.com/job/detail/LNT_TASFEB_1568314"
"India","Larsen & Toubro","Interior Design - Mumbai","Management & Administration","AMN Tower, Powai, India","2026-01-08","https://larsentoubrocareers.peoplestrong.com/job/detail/LNT_ID-M_1616856"
"Saudi Arabia","Larsen & Toubro","T&C Protection Engineer","Management & Administration","Riyadh, Saudi Arabia","2026-01-07","https://larsentoubrocareers.peoplestrong.com/job/detail/LNT_-PE_1578171"
"Saudi Arabia","Larsen & Toubro","T&C Protection Engineer","Management & Administration","Riyadh, Saudi Arabia","2026-01-07","https://larsentoubrocareers.peoplestrong.com/job/detail/LNT_-PE_1578173"
"Oman","Larsen & Toubro","Asst. Manager - Structural Design","Mechanical & Structural","Sohar, Oman","2026-01-07","https://larsentoubrocareers.peoplestrong.com/job/detail/LNT_-M-SD_1613390"
"Oman","Larsen & Toubro","Piping Design Engineer","Mechanical & Structural","Sohar, Oman","2026-01-07","https://larsentoubrocareers.peoplestrong.com/job/detail/LNT_PDE_1613398"
"Oman","Larsen & Toubro","Manager - E&I","Management & Administration","Sohar, Oman","2026-01-07","https://larsentoubrocareers.peoplestrong.com/job/detail/LNT_M_1613404"
"Oman","Larsen & Toubro","Asst. Manager - HSE","HSE","Sohar, Oman","2026-01-07","https://larsentoubrocareers.peoplestrong.com/job/detail/LNT_-M-H_1613406"
"Oman","Larsen & Toubro","Manager - NDT Level III","Management & Administration","Sohar, Oman","2026-01-07","https://larsentoubrocareers.peoplestrong.com/job/detail/LNT_M-NLI_1613419"
"Oman","Larsen & Toubro","Asst. Manager - Planning","Management & Administration","Sohar, Oman","2026-01-07","https://larsentoubrocareers.peoplestrong.com/job/detail/LNT_-M-P_1614898"
"Oman","Larsen & Toubro","Production Engineer","Management & Administration","Sohar, Oman","2026-01-07","https://larsentoubrocareers.peoplestrong.com/job/detail/LNT_PE_1614935"
"Oman","Larsen & Toubro","Asst. Manager / Manager - Production","Management & Administration","Sohar, Oman","2026-01-07","https://larsentoubrocareers.peoplestrong.com/job/detail/LNT_-M-M-P_1614951"
"Oman","Larsen & Toubro","Welding Inspector","Inspection & Integrity","Sohar, Oman","2026-01-07","https://larsentoubrocareers.peoplestrong.com/job/detail/LNT_WI_1615070"
"Oman","Larsen & Toubro","Manager - Production","Management & Administration","Sohar, Oman","2026-01-07","https://larsentoubrocareers.peoplestrong.com/job/detail/LNT_M-P_1616033"
"India","Larsen & Toubro","Transportation Engineer (Rail and Highway Design)","Management & Administration","Chennai Manapakkam, India","2026-01-07","https://larsentoubrocareers.peoplestrong.com/job/detail/LNT_TE-AH_1568682"
"India","Larsen & Toubro","BIM","Management & Administration","AMN Tower, Powai, India","2026-01-07","https://larsentoubrocareers.peoplestrong.com/job/detail/LNT_B_1616150"
"Saudi Arabia","Larsen & Toubro","BIM Manager","Management & Administration","Riyadh, Saudi Arabia","2026-01-07","https://larsentoubrocareers.peoplestrong.com/job/detail/LNT_-BM_1583551"
"India","Larsen & Toubro","System Engineering Head – Embedded Solutions and Software","IT & Digital","Bengaluru, India","2026-01-07","https://larsentoubrocareers.peoplestrong.com/job/detail/LNT_SEH-ESAS_1413187"
"India","Larsen & Toubro","Detail Engineer – Software (Robotics and Industrial Automation)","IT & Digital","Bengaluru, India","2026-01-07","https://larsentoubrocareers.peoplestrong.com/job/detail/LNT_DE-S-AI_1413138"
"India","Larsen & Toubro","Detail Engineers (Mechatronics)- Robotics and Industrial Automation","Management & Administration","Bengaluru, India","2026-01-07","https://larsentoubrocareers.peoplestrong.com/job/detail/LNT_DE-RAIA_1413111"
"India","Larsen & Toubro","Application Engineer- Robotics and Industrial Automation","Management & Administration","Bengaluru, India","2026-01-07","https://larsentoubrocareers.peoplestrong.com/job/detail/LNT_A-RAIA_1413070"
"India","Larsen & Toubro","Asst Manager / Manager - HR","Human Resources","Coimbatore Campus, India","2026-01-07","https://larsentoubrocareers.peoplestrong.com/job/detail/LNT_AM-M-H_1615836"
"India","Larsen & Toubro","Manager-F&A","Finance & Accounting","Hazira Mfg Complex, India","2026-01-06","https://larsentoubrocareers.peoplestrong.com/job/detail/LNT_-_1576588"
"India","Larsen & Toubro","Assistant manager Site QA QC","Management & Administration","Kolkata, India","2026-01-05","https://larsentoubrocareers.peoplestrong.com/job/detail/LNT_AMSQQ_1582907"
"India","Larsen & Toubro","Assistant Manager Stores","Management & Administration","Jharkhand Sites, India","2026-01-05","https://larsentoubrocareers.peoplestrong.com/job/detail/LNT_AMS_1568853"
"India","Larsen & Toubro","P&M Asst. Manager","Management & Administration","Ahemdabad Sakar II, India","2026-01-05","https://larsentoubrocareers.peoplestrong.com/job/detail/LNT_-M_1568212"
"India","Larsen & Toubro","Manager Supplier Quality","HSE","Ahmedabad, India","2026-01-05","https://larsentoubrocareers.peoplestrong.com/job/detail/LNT_MSQ_1559335"
"India","Larsen & Toubro","CAD Engineer (Draughtsman) Highway - Mumbai","Management & Administration","Landmark, India","2026-01-05","https://larsentoubrocareers.peoplestrong.com/job/detail/LNT_CE-H-M_1577932"
"India","Larsen & Toubro","Quantity Surveyor - Highway (Mumbai)","Management & Administration","Landmark, India","2026-01-05","https://larsentoubrocareers.peoplestrong.com/job/detail/LNT_QS-H_1577980"
"India","Larsen & Toubro","Project Control Lead","Management & Administration","Knowledge City Vadodara, India","2026-01-05","https://larsentoubrocareers.peoplestrong.com/job/detail/LNT_PCL_1610002"
"India","Larsen & Toubro","D&E","Management & Administration","AMN Tower, Powai, India","2026-01-05","https://larsentoubrocareers.peoplestrong.com/job/detail/LNT_-_1603707"
"India","Larsen & Toubro","Project Managers","Management & Administration","Kolkata, India","2026-01-03","https://larsentoubrocareers.peoplestrong.com/job/detail/LNT_PM_1613335"
"India","Larsen & Toubro","Head-Quality (Engineering)","HSE","Kolkata, India","2026-01-03","https://larsentoubrocareers.peoplestrong.com/job/detail/LNT_-_1613331"
"India","Larsen & Toubro","Business Development (Spares & Services)","Management & Administration","Kolkata, India","2026-01-03","https://larsentoubrocareers.peoplestrong.com/job/detail/LNT_BD-_1613330"
"India","Larsen & Toubro","Specialist-Welding","Inspection & Integrity","Kolkata, India","2026-01-03","https://larsentoubrocareers.peoplestrong.com/job/detail/LNT_-_1613329"
"India","Larsen & Toubro","Specialist-Heavy Lifting","Management & Administration","Kolkata, India","2026-01-03","https://larsentoubrocareers.peoplestrong.com/job/detail/LNT_-L_1613327"
"India","Larsen & Toubro","Construction Manager","Management & Administration","Chennai, India","2026-01-03","https://larsentoubrocareers.peoplestrong.com/job/detail/LNT_CM_1610269"
"India","Larsen & Toubro","Design Engineer","Management & Administration","Talegaon, India","2026-01-02","https://larsentoubrocareers.peoplestrong.com/job/detail/LNT_DE_1572137"
"India","Larsen & Toubro","SERVICE ENGINEER","Management & Administration","Vijaywada, India","2026-01-02","https://larsentoubrocareers.peoplestrong.com/job/detail/LNT_SE_1612515"
"India","Larsen & Toubro","Fabrication Manager","Mechanical & Structural","Hazira Gujarat, India","2026-01-02","https://larsentoubrocareers.peoplestrong.com/job/detail/LNT_M_1412936"
"India","Larsen & Toubro","Engineer Quality LMTG","HSE","Hazira Mfg Complex, India","2026-01-02","https://larsentoubrocareers.peoplestrong.com/job/detail/LNT_EQL_1605406"
"India","Larsen & Toubro","Sub section In charge-Manufacturing Engineering-Fabrication (Process, Tooling, Jigs & Fixture)","Mechanical & Structural","Hazira Mfg Complex, India","2026-01-02","https://larsentoubrocareers.peoplestrong.com/job/detail/LNT_SSI--J_1608315"
"India","Larsen & Toubro","Fabrication Engineer","Mechanical & Structural","Hazira Mfg Complex, India","2026-01-02","https://larsentoubrocareers.peoplestrong.com/job/detail/LNT_FE_1609169"
"India","Larsen & Toubro","Project Planning Manager","Management & Administration","Hazira Mfg Complex, India","2026-01-02","https://larsentoubrocareers.peoplestrong.com/job/detail/LNT_PPM_1567236"
"India","Larsen & Toubro","Environment Manager","HSE","Mumbai, India","2026-01-02","https://larsentoubrocareers.peoplestrong.com/job/detail/LNT_EM_1611129"
"India","Larsen & Toubro","Lead - Welding Engineering – LTSSHF","Inspection & Integrity","Hazira Mfg Complex, India","2026-01-01","https://larsentoubrocareers.peoplestrong.com/job/detail/LNT_-WE-L_1611747"
"India","Larsen & Toubro","Lead - R&D/ New Product Development– LTSSHF","Management & Administration","Hazira Mfg Complex, India","2026-01-01","https://larsentoubrocareers.peoplestrong.com/job/detail/LNT_-NP-L_1611751"
"India","Larsen & Toubro","Lead - Mechanical Design – LTSSHF","Mechanical & Structural","Hazira Mfg Complex, India","2026-01-01","https://larsentoubrocareers.peoplestrong.com/job/detail/LNT_-MD-L_1611752"
"India","Larsen & Toubro","Lead Finishing - Mumbai","Management & Administration","AMN Tower, Powai, India","2025-12-31","https://larsentoubrocareers.peoplestrong.com/job/detail/LNT_LF-M_1611396"
"India","Larsen & Toubro","Store supervisor/Engineer","Management & Administration","Hazira Mfg Complex, India","2025-12-31","https://larsentoubrocareers.peoplestrong.com/job/detail/LNT_S_1587066"
"India","Larsen & Toubro","Manager - Finance & Accounts","Finance & Accounting","Hazira Mfg Complex, India","2025-12-31","https://larsentoubrocareers.peoplestrong.com/job/detail/LNT_M-F-A_1610768"
"India","Larsen & Toubro","Engineer- Formwork and Scaffolding","Management & Administration","Knowledge City Vadodara, India","2026-01-22","https://larsentoubrocareers.peoplestrong.com/job/detail/LNT_-FAS_1611261"
"India","Larsen & Toubro","Resident Construction Manager","Management & Administration","Knowledge City Vadodara, India","2026-01-22","https://larsentoubrocareers.peoplestrong.com/job/detail/LNT_RCM_1611250"
"India","Larsen & Toubro","Engineer- Proposal & Estimation","Management & Administration","Knowledge City Vadodara, India","2026-01-22","https://larsentoubrocareers.peoplestrong.com/job/detail/LNT_-P-E_1611233"
"India","Larsen & Toubro","Billing and Invoicing Engineer","Management & Administration","Knowledge City Vadodara, India","2026-01-22","https://larsentoubrocareers.peoplestrong.com/job/detail/LNT_BAIE_1611225"
"India","Larsen & Toubro","Project Control Manager","Management & Administration","Knowledge City Vadodara, India","2026-01-22","https://larsentoubrocareers.peoplestrong.com/job/detail/LNT_PCM_1611109"
"India","Larsen & Toubro","Lead Engineer (Electrical)","Electrical & Instrumentation","Knowledge City Vadodara, India","2026-01-22","https://larsentoubrocareers.peoplestrong.com/job/detail/LNT_LE_1611093"
"India","Larsen & Toubro","Lead Engineer - HVAC","Mechanical & Structural","Knowledge City Vadodara, India","2026-01-22","https://larsentoubrocareers.peoplestrong.com/job/detail/LNT_LE-H_1611076"
"India","Larsen & Toubro","Lead Engineer- Telecom","Management & Administration","Knowledge City Vadodara, India","2026-01-22","https://larsentoubrocareers.peoplestrong.com/job/detail/LNT_L-T_1610991"
"India","Larsen & Toubro","Lead Engineer- Control Systems","Electrical & Instrumentation","Knowledge City Vadodara, India","2026-01-22","https://larsentoubrocareers.peoplestrong.com/job/detail/LNT_L-CS_1610971"
"India","Larsen & Toubro","Area Lead Engineer - Piping","Mechanical & Structural","Knowledge City Vadodara, India","2026-01-22","https://larsentoubrocareers.peoplestrong.com/job/detail/LNT_ALE-P_1610942"
"India","Larsen & Toubro","Lead Engineer - Piping","Mechanical & Structural","Knowledge City Vadodara, India","2026-01-22","https://larsentoubrocareers.peoplestrong.com/job/detail/LNT_LE-P_1610911"
"India","Larsen & Toubro","Project Director","Management & Administration","Knowledge City Vadodara, India","2026-01-22","https://larsentoubrocareers.peoplestrong.com/job/detail/LNT_PD_1610865"
"India","Larsen & Toubro","Head- Project Control","Management & Administration","Knowledge City Vadodara, India","2026-01-22","https://larsentoubrocareers.peoplestrong.com/job/detail/LNT_-PC_1610826"
"India","Larsen & Toubro","Project Construction Manager","Management & Administration","AMN Tower, Powai, India","2025-12-30","https://larsentoubrocareers.peoplestrong.com/job/detail/LNT_PCM_1609756"
"India","Larsen & Toubro","Engineer (Electrical Maintenance)","Electrical & Instrumentation","Hazira Mfg Complex, India","2025-12-30","https://larsentoubrocareers.peoplestrong.com/job/detail/LNT_E_1472738"
"India","Larsen & Toubro","Engineer (Mechanical- Maintenence)","Mechanical & Structural","Hazira Mfg Complex, India","2025-12-30","https://larsentoubrocareers.peoplestrong.com/job/detail/LNT_E_1560248"
"India","Larsen & Toubro","BRANCH MANAGER (EAST)","Management & Administration","East, India","2025-12-30","https://larsentoubrocareers.peoplestrong.com/job/detail/LNT_BM_1608210"
"India","Larsen & Toubro","Process Engineer","Operations & Process","AMN Tower, Powai, India","2025-12-30","https://larsentoubrocareers.peoplestrong.com/job/detail/LNT_PE_1609504"
"India","Larsen & Toubro","Lead Electrical Engineer (WET)","Electrical & Instrumentation","Chennai Head Qrs., India","2025-12-29","https://larsentoubrocareers.peoplestrong.com/job/detail/LNT_LEE_1608355"
"India","Larsen & Toubro","BIM Engineer - Electrical (WET)","Electrical & Instrumentation","Chennai Head Qrs., India","2025-12-29","https://larsentoubrocareers.peoplestrong.com/job/detail/LNT_BE-E_1608372"
"India","Larsen & Toubro","Lead Design Manager","Management & Administration","Chennai, India","2025-12-29","https://larsentoubrocareers.peoplestrong.com/job/detail/LNT_LDM_1583468"
"India","Larsen & Toubro","Survey Engineer","Management & Administration","Mumbai, India","2026-03-23","https://larsentoubrocareers.peoplestrong.com/job/detail/LNT_SE_1576061"
"India","Larsen & Toubro","DFT Engineer","Management & Administration","Bengaluru, India","2025-12-29","https://larsentoubrocareers.peoplestrong.com/job/detail/LNT_DE_1553239"
"India","Larsen & Toubro","Senior Engineer - DFT","Management & Administration","Bengaluru, India","2025-12-29","https://larsentoubrocareers.peoplestrong.com/job/detail/LNT_SE-D_1553257"
"India","Larsen & Toubro","Lead RTL Design Engineer","Management & Administration","Bengaluru, India","2025-12-29","https://larsentoubrocareers.peoplestrong.com/job/detail/LNT_LRDE_1553275"
"India","Larsen & Toubro","RTL Designer","Management & Administration","Bengaluru, India","2025-12-29","https://larsentoubrocareers.peoplestrong.com/job/detail/LNT_RD_1578536"
"India","Larsen & Toubro","Linux BSP & Device Driver development: Developers/Tech Lead","Management & Administration","Bengaluru, India","2025-12-29","https://larsentoubrocareers.peoplestrong.com/job/detail/LNT_LB-DD-L_1605952"
"India","Larsen & Toubro","Linux BSP & Device Driver development: Developers/Tech Lead","Management & Administration","Bengaluru, India","2025-12-29","https://larsentoubrocareers.peoplestrong.com/job/detail/LNT_LB-DD-L_1605971"
"India","Larsen & Toubro","Lead Application Engineer - Power Conversion Expert","Management & Administration","Bengaluru, India","2025-12-29","https://larsentoubrocareers.peoplestrong.com/job/detail/LNT_LAE-PCE_1605989"
"India","Larsen & Toubro","Lead FW/SW Validation","Management & Administration","Bengaluru, India","2025-12-29","https://larsentoubrocareers.peoplestrong.com/job/detail/LNT_L-V_1605994"
"India","Larsen & Toubro","Senior Technical Writer","IT & Digital","Bengaluru, India","2025-12-29","https://larsentoubrocareers.peoplestrong.com/job/detail/LNT_STW_1606013"
"India","Larsen & Toubro","MEP Design, Mumbai","Mechanical & Structural","AMN Tower, Powai, India","2025-12-28","https://larsentoubrocareers.peoplestrong.com/job/detail/LNT_M-M_1608052"
"India","Larsen & Toubro","Planning","Management & Administration","Kattupalli, India","2025-12-27","https://larsentoubrocareers.peoplestrong.com/job/detail/LNT_P_1607723"
"India","Larsen & Toubro","Quality","HSE","Kattupalli, India","2025-12-27","https://larsentoubrocareers.peoplestrong.com/job/detail/LNT_Q_1607622"
"India","Larsen & Toubro","QC&I - Engineer","Management & Administration","Hazira Mfg Complex, India","2025-12-27","https://larsentoubrocareers.peoplestrong.com/job/detail/LNT_-E_1607586"
"India","Larsen & Toubro","Executive - Assurance and Operational Excellence","Management & Administration","AMN Tower, Powai, India","2025-12-26","https://larsentoubrocareers.peoplestrong.com/job/detail/LNT_E-AAOE_1573221"
"India","Larsen & Toubro","Sr.Engineer / Assistant Manager-NDE","Management & Administration","Hazira Mfg Complex, India","2025-12-26","https://larsentoubrocareers.peoplestrong.com/job/detail/LNT_-A_1606266"
"India","Larsen & Toubro","Fabrication Engineer","Mechanical & Structural","Chennai, India","2025-12-24","https://larsentoubrocareers.peoplestrong.com/job/detail/LNT_FE_1604193"
"India","Larsen & Toubro","Assistant Manager - Production and Quality","HSE","Kanpur, India","2025-12-24","https://larsentoubrocareers.peoplestrong.com/job/detail/LNT_AM-PAQ_1605789"
"India","Larsen & Toubro","Supply Chain Executive","Supply Chain","Metropolitan-BKC, India","2025-12-24","https://larsentoubrocareers.peoplestrong.com/job/detail/LNT_SCE_1605809"
"India","Larsen & Toubro","IR","Management & Administration","Jharkhand Sites, India","2025-12-24","https://larsentoubrocareers.peoplestrong.com/job/detail/LNT_I_1568354"
"India","Larsen & Toubro","Accounts Manager","Finance & Accounting","Jharkhand Sites, India","2025-12-24","https://larsentoubrocareers.peoplestrong.com/job/detail/LNT_AM_1568352"
"India","Larsen & Toubro","IR Manager","Management & Administration","Gujarat sites, India","2025-12-24","https://larsentoubrocareers.peoplestrong.com/job/detail/LNT_IM_1565729"
"India","Larsen & Toubro","Testing & Commissioning Lead","Operations & Process","Chennai Head Qrs., India","2025-12-24","https://larsentoubrocareers.peoplestrong.com/job/detail/LNT_T-CL_1559442"
"India","Larsen & Toubro","Testing and Commissioning Engineer","Operations & Process","Chennai Head Qrs., India","2025-12-24","https://larsentoubrocareers.peoplestrong.com/job/detail/LNT_TACE_1559411"
"India","Larsen & Toubro","STORES","Management & Administration","Chennai Head Qrs., India","2025-12-24","https://larsentoubrocareers.peoplestrong.com/job/detail/LNT_S_1605131"
"India","Larsen & Toubro","EXECUTIVE/ASST. MANAGER","Management & Administration","AMN Tower, Powai, India","2025-12-24","https://larsentoubrocareers.peoplestrong.com/job/detail/LNT_-M_1583700"
"Oman","Larsen & Toubro","Asst. General Manager","Management & Administration","Sohar, Oman","2025-12-22","https://larsentoubrocareers.peoplestrong.com/job/detail/LNT_-GM_1590264"
"Oman","Larsen & Toubro","Asst. General Manager - Design","Management & Administration","Sohar, Oman","2025-12-22","https://larsentoubrocareers.peoplestrong.com/job/detail/LNT_-GM-D_1590277"
"India","Larsen & Toubro","Hook-up & Commissioning Manager","Operations & Process","AMN Tower, Powai, India","2025-12-22","https://larsentoubrocareers.peoplestrong.com/job/detail/LNT_-CM_1578044"
"India","Larsen & Toubro","Electrical Engineer","Electrical & Instrumentation","AMN Tower, Powai, India","2025-12-22","https://larsentoubrocareers.peoplestrong.com/job/detail/LNT_EE_1564654"
"India","Larsen & Toubro","Subject Matter Expert (SME) – Civil Engineering","Management & Administration","Chennai Head Qrs., India","2025-12-20","https://larsentoubrocareers.peoplestrong.com/job/detail/LNT_SME-CE_1589919"
"Saudi Arabia","Larsen & Toubro","QC Inspector","Inspection & Integrity","Damam, SA, Saudi Arabia","2025-12-18","https://larsentoubrocareers.peoplestrong.com/job/detail/LNT_QI_1576198"
"India","Larsen & Toubro","Lead - Metallurgy – LTSSHF","Management & Administration","Hazira Mfg Complex, India","2025-12-18","https://larsentoubrocareers.peoplestrong.com/job/detail/LNT_L-M-L_1581692"
"India","Larsen & Toubro","LEAD 3D ADMINSTARTOR","Management & Administration","AMN Tower, Powai, India","2025-12-18","https://larsentoubrocareers.peoplestrong.com/job/detail/LNT_L-A_1574943"
"India","Larsen & Toubro","3D MODEL ADMINISTRATOR","Management & Administration","AMN Tower, Powai, India","2025-12-18","https://larsentoubrocareers.peoplestrong.com/job/detail/LNT_-MA_1574979"
"India","Larsen & Toubro","Welding Engineering - Assistant Manager","Inspection & Integrity","Hazira Mfg Complex, India","2025-12-18","https://larsentoubrocareers.peoplestrong.com/job/detail/LNT_WE-AM_1589541"
"India","Larsen & Toubro","MM-BOM Nuclear PEE Specialist","Management & Administration","Vadodara, India","2025-12-17","https://larsentoubrocareers.peoplestrong.com/job/detail/LNT_-NPS_1548440"
"India","Larsen & Toubro","MM-BOM Nuclear PEE Specialist","Management & Administration","Vadodara, India","2025-12-17","https://larsentoubrocareers.peoplestrong.com/job/detail/LNT_-NPS_1548529"
"India","Larsen & Toubro","Instrumentation Design Engineer","Electrical & Instrumentation","Chennai Head Qrs., India","2025-12-17","https://larsentoubrocareers.peoplestrong.com/job/detail/LNT_IDE_1574276"
"India","Larsen & Toubro","Assistant Engineering Manager - Civil","Management & Administration","Chennai Head Qrs., India","2025-12-17","https://larsentoubrocareers.peoplestrong.com/job/detail/LNT_AEM-C_1579209"
"India","Larsen & Toubro","Senior Engineering Manager - Civil","Management & Administration","Chennai Head Qrs., India","2025-12-17","https://larsentoubrocareers.peoplestrong.com/job/detail/LNT_SEM-C_1579237"
"Saudi Arabia","Larsen & Toubro","Quantity Surveyor","Management & Administration","Kingdom Of Saudi Arabia, Saudi Arabia","2025-12-16","https://larsentoubrocareers.peoplestrong.com/job/detail/LNT_QS_1579253"
"India","Larsen & Toubro","ELV Engineer","Electrical & Instrumentation","Chennai Head Qrs., India","2025-12-15","https://larsentoubrocareers.peoplestrong.com/job/detail/LNT_EE_1579185"
"India","Larsen & Toubro","Executive - Legal and Compliance","Legal & Compliance","AMN Tower, Powai, India","2025-12-15","https://larsentoubrocareers.peoplestrong.com/job/detail/LNT_E-LAC_1586353"
"India","Larsen & Toubro","Electrical Execution Engineer / Manager","Electrical & Instrumentation","Hazira Mfg Complex, India","2025-12-12","https://larsentoubrocareers.peoplestrong.com/job/detail/LNT_EEE-M_1583987"
"India","Larsen & Toubro","Planning Engineer","Management & Administration","Hazira Mfg Complex, India","2025-12-12","https://larsentoubrocareers.peoplestrong.com/job/detail/LNT_PE_1563887"
"India","Larsen & Toubro","CNC Programmer- Manufacturing Engineering","Management & Administration","Hazira Mfg Complex, India","2025-12-12","https://larsentoubrocareers.peoplestrong.com/job/detail/LNT_C-ME_1570985"
"India","Larsen & Toubro","DGM Projects- Bangalore","Management & Administration","Bengaluru, India","2025-12-12","https://larsentoubrocareers.peoplestrong.com/job/detail/LNT_H-B_1583777"
"India","Larsen & Toubro","Contract Engineer/Manager","Legal & Compliance","Nashik, India","2025-12-11","https://larsentoubrocareers.peoplestrong.com/job/detail/LNT_CE_1430573"
"India","Larsen & Toubro","PSD West - Service Engineer","Management & Administration","Nagpur, India","2025-12-11","https://larsentoubrocareers.peoplestrong.com/job/detail/LNT_PW-SE_1583139"
"India","Larsen & Toubro","Landscape Design Architect - Mumbai","Management & Administration","Mumbai, India","2025-12-10","https://larsentoubrocareers.peoplestrong.com/job/detail/LNT_LDA-M_1581905"
"India","Larsen & Toubro","Sr. Bridge Design Engineer (Mumbai)","Management & Administration","Landmark, India","2025-12-10","https://larsentoubrocareers.peoplestrong.com/job/detail/LNT_-BDE_1571954"
"India","Larsen & Toubro","Sr. Bridge Design Engineers (Chennai)","Management & Administration","Chennai Manapakkam, India","2025-12-10","https://larsentoubrocareers.peoplestrong.com/job/detail/LNT_-BDE_1578094"
"India","Larsen & Toubro","Asst. Engineering Manager - Structures (Mumbai)","Management & Administration","Landmark, India","2025-12-10","https://larsentoubrocareers.peoplestrong.com/job/detail/LNT_-EM-S_1571963"
"India","Larsen & Toubro","Asst. Engineering Manager – Structures (Chennai)","Management & Administration","Chennai Manapakkam, India","2025-12-10","https://larsentoubrocareers.peoplestrong.com/job/detail/LNT_-EM-S_1578097"
"India","Larsen & Toubro","Engineering Manager - Structures (Mumbai)","Management & Administration","Landmark, India","2025-12-10","https://larsentoubrocareers.peoplestrong.com/job/detail/LNT_EM-S_1572000"
"India","Larsen & Toubro","Engineering Manager - Structures (Chennai)","Management & Administration","Chennai Manapakkam, India","2025-12-10","https://larsentoubrocareers.peoplestrong.com/job/detail/LNT_EM-S_1578106"
"India","Larsen & Toubro","Sr. Lead Engineering Manager (Mumbai)","Management & Administration","Landmark, India","2025-12-10","https://larsentoubrocareers.peoplestrong.com/job/detail/LNT_-LEM_1572031"
"India","Larsen & Toubro","Sr. Lead Engineering Manager – Structures (Chennai)","Management & Administration","Chennai Manapakkam, India","2025-12-10","https://larsentoubrocareers.peoplestrong.com/job/detail/LNT_-LEM-S_1578115"
"India","Larsen & Toubro","Draughtsman – Structures (Chennai)","Management & Administration","Chennai Manapakkam, India","2025-12-10","https://larsentoubrocareers.peoplestrong.com/job/detail/LNT_D-S_1578122"
"India","Larsen & Toubro","Sr. Lead Engineering Manager - Geotech (Mumbai)","Management & Administration","Landmark, India","2025-12-10","https://larsentoubrocareers.peoplestrong.com/job/detail/LNT_-LEM-G_1574644"
"India","Larsen & Toubro","Geotechnical Engineer","Management & Administration","Landmark, India","2025-12-10","https://larsentoubrocareers.peoplestrong.com/job/detail/LNT_GE_1574669"
"India","Larsen & Toubro","Asst. Engineering Manager - Hydrology (Mumbai)","Management & Administration","Landmark, India","2025-12-10","https://larsentoubrocareers.peoplestrong.com/job/detail/LNT_-EM-H_1574682"
"India","Larsen & Toubro","BIM Coordinator","Management & Administration","Delhi, India","2025-12-10","https://larsentoubrocareers.peoplestrong.com/job/detail/LNT_BC_1577406"
"India","Larsen & Toubro","Stores Manager","Management & Administration","Hazira Mfg Complex, India","2025-12-09","https://larsentoubrocareers.peoplestrong.com/job/detail/LNT_SM_1577611"
"India","Larsen & Toubro","Lead - SCADA","Electrical & Instrumentation","Chennai, India","2025-12-09","https://larsentoubrocareers.peoplestrong.com/job/detail/LNT_L-S_1578471"
"India","Larsen & Toubro","Surveyor - Tunnel","Management & Administration","Mumbai, India","2025-12-09","https://larsentoubrocareers.peoplestrong.com/job/detail/LNT_S-T_1575807"
"India","Larsen & Toubro","Project Management","Management & Administration","Hazira Mfg Complex, India","2025-12-09","https://larsentoubrocareers.peoplestrong.com/job/detail/LNT_PM_1579570"
"India","Larsen & Toubro","PHE Design Lead","Management & Administration","Gujarat sites, India","2025-12-09","https://larsentoubrocareers.peoplestrong.com/job/detail/LNT_PDL_1538765"
"India","Larsen & Toubro","Engineer P&M","Management & Administration","Vijaywada, India","2025-12-09","https://larsentoubrocareers.peoplestrong.com/job/detail/LNT_E_1552801"
"India","Larsen & Toubro","HORTICULTURE","Management & Administration","Delhi, India","2025-12-09","https://larsentoubrocareers.peoplestrong.com/job/detail/LNT_H_1557552"
"India","Larsen & Toubro","Design Manager – UPW/WWT","Management & Administration","Gujarat sites, India","2025-12-09","https://larsentoubrocareers.peoplestrong.com/job/detail/LNT_DM_1538589"
"India","Larsen & Toubro","CSA Shop Drawing Coordinator","Management & Administration","Gujarat sites, India","2025-12-09","https://larsentoubrocareers.peoplestrong.com/job/detail/LNT_CSDC_1538615"
"India","Larsen & Toubro","MEP Shop Drawing Coordinator","Mechanical & Structural","Gujarat sites, India","2025-12-09","https://larsentoubrocareers.peoplestrong.com/job/detail/LNT_MSDC_1538674"
"India","Larsen & Toubro","ELV/ FMCS Design Lead","Electrical & Instrumentation","Gujarat sites, India","2025-12-09","https://larsentoubrocareers.peoplestrong.com/job/detail/LNT_-FDL_1538549"
"India","Larsen & Toubro","Design Manager – Gas/Chemical/ Piping","Mechanical & Structural","Ahmedabad, India","2025-12-09","https://larsentoubrocareers.peoplestrong.com/job/detail/LNT_DM-P_1538567"
"India","Larsen & Toubro","Coordinator – Quantity Survey","Management & Administration","Gujarat sites, India","2025-12-09","https://larsentoubrocareers.peoplestrong.com/job/detail/LNT_C-QS_1538691"
"India","Larsen & Toubro","Structural Design Lead","Mechanical & Structural","Gujarat sites, India","2025-12-09","https://larsentoubrocareers.peoplestrong.com/job/detail/LNT_SDL_1538380"
"India","Larsen & Toubro","Mechanical Design Lead","Mechanical & Structural","Gujarat sites, India","2025-12-09","https://larsentoubrocareers.peoplestrong.com/job/detail/LNT_MDL_1538478"
"India","Larsen & Toubro","Electrical Design Lead","Electrical & Instrumentation","Gujarat sites, India","2025-12-09","https://larsentoubrocareers.peoplestrong.com/job/detail/LNT_EDL_1538744"
"India","Larsen & Toubro","Manager - Quality , Bangalore Projects","HSE","Bengaluru Realty, India","2025-12-08","https://larsentoubrocareers.peoplestrong.com/job/detail/LNT_M-Q-BP_1578926"
"India","Larsen & Toubro","Trench Cutter Operator","Management & Administration","Chennai, India","2025-12-08","https://larsentoubrocareers.peoplestrong.com/job/detail/LNT_TC_1578768"
"India","Larsen & Toubro","Instrumentation","Electrical & Instrumentation","Knowledge City Vadodara, India","2025-12-06","https://larsentoubrocareers.peoplestrong.com/job/detail/LNT_I_1578077"
"India","Larsen & Toubro","Mechanical Manager - TBM","Mechanical & Structural","Mumbai, India","2025-12-06","https://larsentoubrocareers.peoplestrong.com/job/detail/LNT_MM-T_1573870"
"India","Larsen & Toubro","Electrical Engineer","Electrical & Instrumentation","Mumbai, India","2025-12-06","https://larsentoubrocareers.peoplestrong.com/job/detail/LNT_EE_1546243"
"India","Larsen & Toubro","PURCHASE ENGINEER","Supply Chain","Doddaballapur, India","2025-12-05","https://larsentoubrocareers.peoplestrong.com/job/detail/LNT_PE_1576760"
"India","Larsen & Toubro","Structural Design - Mumbai","Mechanical & Structural","Mumbai, India","2025-12-04","https://larsentoubrocareers.peoplestrong.com/job/detail/LNT_M-SD_1575398"
"India","Larsen & Toubro","Team Lead - CRM","Management & Administration","Delhi, India","2025-12-03","https://larsentoubrocareers.peoplestrong.com/job/detail/LNT_TL-C_1574052"
"Saudi Arabia","Larsen & Toubro","PIPING ENGINEER","Mechanical & Structural","Damam, SA, Saudi Arabia","2025-12-03","https://larsentoubrocareers.peoplestrong.com/job/detail/LNT_PE_1571102"
"India","Larsen & Toubro","SAP Operator","IT & Digital","AMN Tower, Powai, India","2025-12-02","https://larsentoubrocareers.peoplestrong.com/job/detail/LNT_SO_1573897"
"India","Larsen & Toubro","Project Manager","Management & Administration","AMN Tower, Powai, India","2025-12-02","https://larsentoubrocareers.peoplestrong.com/job/detail/LNT_PM_1574013"
"India","Larsen & Toubro","Engineering Management","Management & Administration","AMN Tower, Powai, India","2025-12-02","https://larsentoubrocareers.peoplestrong.com/job/detail/LNT_EM_1573580"
"India","Larsen & Toubro","E3D ADMINISTRATOR","Management & Administration","AMN Tower, Powai, India","2025-12-02","https://larsentoubrocareers.peoplestrong.com/job/detail/LNT_-A_518586"
"India","Larsen & Toubro","Geologist with Experience in Hydropower Projects","Geoscience & Reservoir","Faridabad, India","2025-12-01","https://larsentoubrocareers.peoplestrong.com/job/detail/LNT_GWEIHP_1436453"
"India","Larsen & Toubro","CMPC ENGINEER","Management & Administration","Chennai, India","2025-12-01","https://larsentoubrocareers.peoplestrong.com/job/detail/LNT_CE_1556357"
"India","Larsen & Toubro","CMPC - DRAFTSMAN","Management & Administration","Chennai Head Qrs., India","2025-12-01","https://larsentoubrocareers.peoplestrong.com/job/detail/LNT_C-D_1556366"
"India","Larsen & Toubro","CMPC ENGINEER REPLACEMENT","Management & Administration","Chennai Head Qrs., India","2025-12-01","https://larsentoubrocareers.peoplestrong.com/job/detail/LNT_CER_1565705"
"India","Larsen & Toubro","ROCS Manager","Management & Administration","Chennai, India","2025-11-27","https://larsentoubrocareers.peoplestrong.com/job/detail/LNT_RM_1547652"
"India","Larsen & Toubro","Assistant Manager - Cloud & IT Infrastructure","IT & Digital","AMN Tower, Powai, India","2025-11-27","https://larsentoubrocareers.peoplestrong.com/job/detail/LNT_AM-C-II_1563149"
"India","Larsen & Toubro","Project Execution, Thane Projects","Management & Administration","Mumbai, India","2025-11-21","https://larsentoubrocareers.peoplestrong.com/job/detail/LNT_AM-PE_1563774"
"India","Larsen & Toubro","Design Engineer","Management & Administration","Chennai, India","2025-11-21","https://larsentoubrocareers.peoplestrong.com/job/detail/LNT_DE_1559465"
"India","Larsen & Toubro","Project Control Manager","Management & Administration","AMN Tower, Powai, India","2025-11-21","https://larsentoubrocareers.peoplestrong.com/job/detail/LNT_PCM_1562475"
"India","Larsen & Toubro","HSE Manager","HSE","AMN Tower, Powai, India","2025-11-21","https://larsentoubrocareers.peoplestrong.com/job/detail/LNT_HM_1562578"
"India","Larsen & Toubro","CAD Engineer","Management & Administration","Chennai Manapakkam, India","2025-11-20","https://larsentoubrocareers.peoplestrong.com/job/detail/LNT_CE_1502936"
"India","Larsen & Toubro","Project Control Manager","Management & Administration","Mumbai, India","2025-11-20","https://larsentoubrocareers.peoplestrong.com/job/detail/LNT_PCM_1562450"
"India","Larsen & Toubro","Instrumentation","Electrical & Instrumentation","Knowledge City Vadodara, India","2025-11-20","https://larsentoubrocareers.peoplestrong.com/job/detail/LNT_I_1562264"
"India","Larsen & Toubro","SCM - Buyer & Expeditor","Management & Administration","AMN Tower, Powai, India","2025-11-20","https://larsentoubrocareers.peoplestrong.com/job/detail/LNT_S-B-E_1561773"
"India","Larsen & Toubro","Engineer - Planning - Site (Document Controller)","Management & Administration","Mumbai, India","2025-11-20","https://larsentoubrocareers.peoplestrong.com/job/detail/LNT_E-P-S_1554263"
"India","Larsen & Toubro","EHS Engineer/Supervisor","HSE","Delhi, India","2025-11-20","https://larsentoubrocareers.peoplestrong.com/job/detail/LNT_E_1544747"
"India","Larsen & Toubro","Tunnel Foreman","Management & Administration","Delhi, India","2025-11-20","https://larsentoubrocareers.peoplestrong.com/job/detail/LNT_TF_1544564"
"India","Larsen & Toubro","Asst. Manager (TBM) - Electrical","Electrical & Instrumentation","Mumbai, India","2025-11-20","https://larsentoubrocareers.peoplestrong.com/job/detail/LNT_-M-E_1308545"
"India","Larsen & Toubro","STP Engineer/Operator","Management & Administration","Mumbai, India","2025-11-20","https://larsentoubrocareers.peoplestrong.com/job/detail/LNT_S_1308643"
"India","Larsen & Toubro","TBM Operator","Management & Administration","Mumbai, India","2025-11-20","https://larsentoubrocareers.peoplestrong.com/job/detail/LNT_TO_1308599"
"India","Larsen & Toubro","Tunnel Engineer - Civil","Management & Administration","Mumbai, India","2025-11-20","https://larsentoubrocareers.peoplestrong.com/job/detail/LNT_TE-C_1308659"
"India","Larsen & Toubro","Civil Execution - Deep Shaft","Management & Administration","Nashik, India","2025-11-20","https://larsentoubrocareers.peoplestrong.com/job/detail/LNT_-M-C_1560362"
"India","Larsen & Toubro","Asst. Manager - Civil","Management & Administration","Nashik, India","2025-11-20","https://larsentoubrocareers.peoplestrong.com/job/detail/LNT_-M-C_1560392"
"India","Larsen & Toubro","Sr. Construction Manager - Mech","Management & Administration","Nashik, India","2025-11-20","https://larsentoubrocareers.peoplestrong.com/job/detail/LNT_-CM-M_1560548"
"India","Larsen & Toubro","Section In charge/Sr. Deputy Project Manager","Management & Administration","Nashik, India","2025-11-20","https://larsentoubrocareers.peoplestrong.com/job/detail/LNT_SIC_1560562"
"India","Larsen & Toubro","Sr. Chargehand - Civil","Management & Administration","Nashik, India","2025-11-20","https://larsentoubrocareers.peoplestrong.com/job/detail/LNT_-C-C_1560582"
"India","Larsen & Toubro","Digital Service Leader","IT & Digital","Chennai Head Qrs., India","2025-11-20","https://larsentoubrocareers.peoplestrong.com/job/detail/LNT_DSL_1485485"
"Saudi Arabia","Larsen & Toubro","Project Engineering & Delivery Manager","Management & Administration","Riyadh, Saudi Arabia","2025-11-20","https://larsentoubrocareers.peoplestrong.com/job/detail/LNT_PE-DM_1483351"
"Saudi Arabia","Larsen & Toubro","SCADA & Control Room Engineer","Electrical & Instrumentation","Riyadh, Saudi Arabia","2025-11-20","https://larsentoubrocareers.peoplestrong.com/job/detail/LNT_S-CRE_1481596"
"India","Larsen & Toubro","Project Engineering Lead for MECIS Projects","Management & Administration","Chennai, India","2025-11-20","https://larsentoubrocareers.peoplestrong.com/job/detail/LNT_PELFMP_1481640"
"Saudi Arabia","Larsen & Toubro","OSI PI Engineeer","Management & Administration","Riyadh, Saudi Arabia","2025-11-20","https://larsentoubrocareers.peoplestrong.com/job/detail/LNT_OPE_1481610"
"Saudi Arabia","Larsen & Toubro","System Test and Performance Engineer","Management & Administration","Riyadh, Saudi Arabia","2025-11-20","https://larsentoubrocareers.peoplestrong.com/job/detail/LNT_STAPE_1444344"
"Saudi Arabia","Larsen & Toubro","Senior Hardware and Network Engineer","Management & Administration","Riyadh, Saudi Arabia","2025-11-20","https://larsentoubrocareers.peoplestrong.com/job/detail/LNT_SHANE_1444312"
"Saudi Arabia","Larsen & Toubro","Commissioning Engineer","Operations & Process","Riyadh, Saudi Arabia","2025-11-20","https://larsentoubrocareers.peoplestrong.com/job/detail/LNT_CE_1441550"
"Saudi Arabia","Larsen & Toubro","OSI PI Engineeer","Management & Administration","Riyadh, Saudi Arabia","2025-11-20","https://larsentoubrocareers.peoplestrong.com/job/detail/LNT_OPE_1436983"
"Saudi Arabia","Larsen & Toubro","SCADA Control Room Engineer","Electrical & Instrumentation","Riyadh, Saudi Arabia","2025-11-20","https://larsentoubrocareers.peoplestrong.com/job/detail/LNT_SCRE_1416916"
"Saudi Arabia","Larsen & Toubro","Commissioning Manager","Operations & Process","Riyadh, Saudi Arabia","2025-11-20","https://larsentoubrocareers.peoplestrong.com/job/detail/LNT_CM_1414920"
"India","Larsen & Toubro","Product Development Engineer","Management & Administration","Chennai Head Qrs., India","2025-11-20","https://larsentoubrocareers.peoplestrong.com/job/detail/LNT_PDE_1372849"
"India","Larsen & Toubro","Planning Engineer","Management & Administration","Delhi, India","2025-11-20","https://larsentoubrocareers.peoplestrong.com/job/detail/LNT_PE_1364767"
"India","Larsen & Toubro","Assit. Manager Engineering","Management & Administration","Chennai Head Qrs., India","2025-11-20","https://larsentoubrocareers.peoplestrong.com/job/detail/LNT_-ME_1304104"
"India","Larsen & Toubro","Commissioning Engineer- Power Plant Controller and BESS - Solar Project","Operations & Process","Chennai Head Qrs., India","2025-11-20","https://larsentoubrocareers.peoplestrong.com/job/detail/LNT_C-PPCAB-SP_1291129"
"India","Larsen & Toubro","Commissioning Engineer- SCADA/PLC for Solar Project","Operations & Process","Chennai Head Qrs., India","2025-11-20","https://larsentoubrocareers.peoplestrong.com/job/detail/LNT_C-FSP_1290992"
"India","Larsen & Toubro","Software Engineer","IT & Digital","Pune, India","2025-11-20","https://larsentoubrocareers.peoplestrong.com/job/detail/LNT_SE_1279917"
"India","Larsen & Toubro","Sr. Software Engineer","IT & Digital","Pune, India","2025-11-20","https://larsentoubrocareers.peoplestrong.com/job/detail/LNT_-SE_1279918"
"India","Larsen & Toubro","Software Engineer","IT & Digital","Indore, India","2025-11-20","https://larsentoubrocareers.peoplestrong.com/job/detail/LNT_SE_1277574"
"India","Larsen & Toubro","F&A Executive","Finance & Accounting","AMN Tower, Powai, India","2025-11-19","https://larsentoubrocareers.peoplestrong.com/job/detail/LNT_-E_1561129"
"India","Larsen & Toubro","Executive- Architecture","Management & Administration","AMN Tower, Powai, India","2025-11-17","https://larsentoubrocareers.peoplestrong.com/job/detail/LNT_-A_1558215"
"India","Larsen & Toubro","Purchase - Manager for Raw Material and Valves","Supply Chain","Hazira Mfg Complex, India","2025-11-17","https://larsentoubrocareers.peoplestrong.com/job/detail/LNT_P-MFRMAV_1551699"
"India","Larsen & Toubro","Asst.Manager-NATM","Management & Administration","Mumbai, India","2025-11-15","https://larsentoubrocareers.peoplestrong.com/job/detail/LNT_-_1547563"
"India","Larsen & Toubro","MEP Electrical Design","Electrical & Instrumentation","Mumbai, India","2025-11-15","https://larsentoubrocareers.peoplestrong.com/job/detail/LNT_MED_1557484"
"India","Larsen & Toubro","Mechanical Engineering","Mechanical & Structural","AMN Tower, Powai, India","2025-11-15","https://larsentoubrocareers.peoplestrong.com/job/detail/LNT_ME_1557376"
"India","Larsen & Toubro","Manager - Product Development (BESS)","Management & Administration","Chennai Head Qrs., India","2025-11-14","https://larsentoubrocareers.peoplestrong.com/job/detail/LNT_M-PD_1545189"
"India","Larsen & Toubro","SCADA ENGINEER","Electrical & Instrumentation","Madurai, India","2025-11-14","https://larsentoubrocareers.peoplestrong.com/job/detail/LNT_SE_1533742"
"India","Larsen & Toubro","Supplier quality engineer","HSE","Ahemdabad Sakar II, India","2025-11-14","https://larsentoubrocareers.peoplestrong.com/job/detail/LNT_SQE_1549187"
"India","Larsen & Toubro","Engineering Management","Management & Administration","AMN Tower, Powai, India","2025-11-14","https://larsentoubrocareers.peoplestrong.com/job/detail/LNT_EM_1555561"
"India","Larsen & Toubro","Accounts Assistant","Finance & Accounting","Vadodara, India","2025-11-14","https://larsentoubrocareers.peoplestrong.com/job/detail/LNT_AA-GP_1474012"
"India","Larsen & Toubro","Accounts Executive","Finance & Accounting","Vadodara, India","2025-11-14","https://larsentoubrocareers.peoplestrong.com/job/detail/LNT_AE-N_1474459"
"India","Larsen & Toubro","Project Finance Controler","Finance & Accounting","Vadodara, India","2025-11-14","https://larsentoubrocareers.peoplestrong.com/job/detail/LNT_PFC_1504570"
"India","Larsen & Toubro","Engineer - Pressure Parts Manufacturing","Mechanical & Structural","Hazira Mfg Complex, India","2025-11-14","https://larsentoubrocareers.peoplestrong.com/job/detail/LNT_E_1531281"
"India","Larsen & Toubro","Finance Executive","Finance & Accounting","Vadodara, India","2025-11-14","https://larsentoubrocareers.peoplestrong.com/job/detail/LNT_E_1538401"
"India","Larsen & Toubro","Mechanical Maintenance Supervisor - Machine Shop","Mechanical & Structural","Hazira Mfg Complex, India","2025-11-14","https://larsentoubrocareers.peoplestrong.com/job/detail/LNT_MMS-MS_1549444"
"India","Larsen & Toubro","Shop QC Engineer","Management & Administration","Hazira Mfg Complex, India","2025-11-14","https://larsentoubrocareers.peoplestrong.com/job/detail/LNT_SQE_1553269"
"India","Larsen & Toubro","Engineer Shop QC","Management & Administration","Hazira Mfg Complex, India","2025-11-14","https://larsentoubrocareers.peoplestrong.com/job/detail/LNT_ESQ_1553292"
"India","Larsen & Toubro","Head Generator Design","Management & Administration","Hazira Mfg Complex, India","2025-11-14","https://larsentoubrocareers.peoplestrong.com/job/detail/LNT_HGD_1545594"
"Oman","Larsen & Toubro","Asst. Manager - Production","Management & Administration","Sohar, Oman","2025-11-12","https://larsentoubrocareers.peoplestrong.com/job/detail/LNT_-M-P_1539894"
"Oman","Larsen & Toubro","Asst. General Manager - E&I","Management & Administration","Sohar, Oman","2025-11-12","https://larsentoubrocareers.peoplestrong.com/job/detail/LNT_-GM_1539924"
"Oman","Larsen & Toubro","Coating Inspector","Inspection & Integrity","Sohar, Oman","2025-11-12","https://larsentoubrocareers.peoplestrong.com/job/detail/LNT_CI_1539931"
"India","Larsen & Toubro","Principal Power Architect","Management & Administration","Bengaluru, India","2025-11-12","https://larsentoubrocareers.peoplestrong.com/job/detail/LNT_PPA_1545753"
"India","Larsen & Toubro","Cellular Certification Testing Lead","Management & Administration","Bengaluru, India","2025-11-12","https://larsentoubrocareers.peoplestrong.com/job/detail/LNT_CCTL_1552013"
"India","Larsen & Toubro","DGM MEP, Bangalore","Mechanical & Structural","Bengaluru, India","2025-11-10","https://larsentoubrocareers.peoplestrong.com/job/detail/LNT_D-B_1551474"
"India","Larsen & Toubro","Civil Engineer for Construction Method Planning of Hydropower Projects","Management & Administration","Faridabad, India","2025-11-10","https://larsentoubrocareers.peoplestrong.com/job/detail/LNT_CEFCMPOHP_1416845"
"India","Larsen & Toubro","Engineering Manager (Mech)","Management & Administration","Chennai Head Qrs., India","2025-11-10","https://larsentoubrocareers.peoplestrong.com/job/detail/LNT_EM_1328065"
"India","Larsen & Toubro","Manager","Management & Administration","Talegaon, India","2025-11-10","https://larsentoubrocareers.peoplestrong.com/job/detail/LNT_M_1465569"
"India","Larsen & Toubro","Cluster Lead - Finishes, Mumbai","Management & Administration","Powai, India","2025-11-07","https://larsentoubrocareers.peoplestrong.com/job/detail/LNT_CL-M_1549454"
"India","Larsen & Toubro","Supervisor - Pressure Part Manufacturing","Mechanical & Structural","Hazira Mfg Complex, India","2025-11-07","https://larsentoubrocareers.peoplestrong.com/job/detail/LNT_S_1457838"
"India","Larsen & Toubro","Detailing Engineer","Management & Administration","Chennai, India","2025-11-06","https://larsentoubrocareers.peoplestrong.com/job/detail/LNT_DE_1543966"
"India","Larsen & Toubro","MRU Planning","Management & Administration","Hazira Mfg Complex, India","2025-11-06","https://larsentoubrocareers.peoplestrong.com/job/detail/LNT_MP_1539063"
"India","Larsen & Toubro","Senior Manager EHS (WET IC)","HSE","Chennai, India","2025-11-05","https://larsentoubrocareers.peoplestrong.com/job/detail/LNT_SME_1536418"
"India","Larsen & Toubro","Site Incharge- O&M - GUJARAT","Management & Administration","Gujarat sites, India","2025-11-04","https://larsentoubrocareers.peoplestrong.com/job/detail/LNT_S--G_1498038"
"India","Larsen & Toubro","Site Engineer - O&M- SOLAR - KHAVADA","Management & Administration","Gujarat sites, India","2025-11-04","https://larsentoubrocareers.peoplestrong.com/job/detail/LNT_SE-S-K_1488290"
"India","Larsen & Toubro","Site Incharge - O&M - SOLAR","Management & Administration","Gujarat sites, India","2025-11-04","https://larsentoubrocareers.peoplestrong.com/job/detail/LNT_SI--S_1488197"
"India","Larsen & Toubro","Assistant Manager QAQC - Site Civil & ELE","Management & Administration","Ahmedabad Regional Sites, India","2025-11-04","https://larsentoubrocareers.peoplestrong.com/job/detail/LNT_AMQ-SC-E_1455787"
"India","Larsen & Toubro","Engineer / Sr. Engineer- solar o&m","Management & Administration","Ahmedabad Regional Sites, India","2025-11-04","https://larsentoubrocareers.peoplestrong.com/job/detail/LNT_E--S_1368072"
"India","Larsen & Toubro","Engineer / Sr. Engineer- solar o&m","Management & Administration","Gujarat sites, India","2025-11-04","https://larsentoubrocareers.peoplestrong.com/job/detail/LNT_E--S_1368102"
"India","Larsen & Toubro","Site Engineer - O&M- SOLAR- GUJARAT","Management & Administration","Gujarat sites, India","2025-11-04","https://larsentoubrocareers.peoplestrong.com/job/detail/LNT_SE--G_1488286"
"India","Larsen & Toubro","Executive- Marketing","Management & Administration","Mumbai, India","2025-11-04","https://larsentoubrocareers.peoplestrong.com/job/detail/LNT_GD_1546173"
"India","Larsen & Toubro","AMS ESD Expert","Management & Administration","Bengaluru, India","2025-11-04","https://larsentoubrocareers.peoplestrong.com/job/detail/LNT_AEE_1542426"
"India","Larsen & Toubro","Principal Architect – Isolated Gate Driver IC","Management & Administration","Bengaluru, India","2025-11-04","https://larsentoubrocareers.peoplestrong.com/job/detail/LNT_PA-IGDI_1545580"
"India","Larsen & Toubro","Senior Engineer EHS (WET IC)","HSE","Chennai, India","2025-11-04","https://larsentoubrocareers.peoplestrong.com/job/detail/LNT_SEE_1536386"
"India","Larsen & Toubro","BOP Engineer","Mechanical & Structural","Vadodara, India","2025-11-03","https://larsentoubrocareers.peoplestrong.com/job/detail/LNT_BE_1485721"
"India","Larsen & Toubro","Senior Civil/Structural Engineer / Reviewer","Mechanical & Structural","Vadodara, India","2025-11-03","https://larsentoubrocareers.peoplestrong.com/job/detail/LNT_S-E-R_1437182"
"India","Larsen & Toubro","Designers","Management & Administration","Vadodara, India","2025-11-03","https://larsentoubrocareers.peoplestrong.com/job/detail/LNT_D_1485673"
"India","Larsen & Toubro","Senior Designers","Management & Administration","Vadodara, India","2025-11-03","https://larsentoubrocareers.peoplestrong.com/job/detail/LNT_SD_1485683"
"India","Larsen & Toubro","Senior Civil/Structural Designer","Mechanical & Structural","Vadodara, India","2025-11-03","https://larsentoubrocareers.peoplestrong.com/job/detail/LNT_S-D_1437194"
"India","Larsen & Toubro","Piping Engineer","Mechanical & Structural","Vadodara, India","2025-11-03","https://larsentoubrocareers.peoplestrong.com/job/detail/LNT_PE_1485697"
"India","Larsen & Toubro","Water Treatment Design Engineer","Management & Administration","Vadodara, India","2025-11-03","https://larsentoubrocareers.peoplestrong.com/job/detail/LNT_WTDE_1485702"
"India","Larsen & Toubro","Main Plant Engineer","Management & Administration","Vadodara, India","2025-11-03","https://larsentoubrocareers.peoplestrong.com/job/detail/LNT_MPE_1485707"
"India","Larsen & Toubro","Fire Protection Engineer","Management & Administration","Vadodara, India","2025-11-03","https://larsentoubrocareers.peoplestrong.com/job/detail/LNT_FPE_1485713"
"India","Larsen & Toubro","Stress Engineer","Mechanical & Structural","Vadodara, India","2025-11-03","https://larsentoubrocareers.peoplestrong.com/job/detail/LNT_SE_1485719"
"India","Larsen & Toubro","BOP Engineer","Mechanical & Structural","Vadodara, India","2025-11-03","https://larsentoubrocareers.peoplestrong.com/job/detail/LNT_BE_1485742"
"India","Larsen & Toubro","HVAC Designers","Mechanical & Structural","Vadodara, India","2025-11-03","https://larsentoubrocareers.peoplestrong.com/job/detail/LNT_HD_1485763"
"India","Larsen & Toubro","Transmission line project manager","Management & Administration","Ahmedabad, India","2025-11-03","https://larsentoubrocareers.peoplestrong.com/job/detail/LNT_TLPM_1505603"
"India","Larsen & Toubro","Transmission Line safety Engineeer","HSE","Panipat, Haryana, India","2025-11-03","https://larsentoubrocareers.peoplestrong.com/job/detail/LNT_TLSE_1506014"
"India","Larsen & Toubro","Transmission line Quality Manager","HSE","Panipat, Haryana, India","2025-11-03","https://larsentoubrocareers.peoplestrong.com/job/detail/LNT_TLQM_1506031"
"India","Larsen & Toubro","Project coordinator","Management & Administration","Panipat, Haryana, India","2025-11-03","https://larsentoubrocareers.peoplestrong.com/job/detail/LNT_PC_1506046"
"India","Larsen & Toubro","Project Engineer - EHV Substation","Management & Administration","Gujarat sites, India","2025-11-03","https://larsentoubrocareers.peoplestrong.com/job/detail/LNT_PE-ES_1506132"
"India","Larsen & Toubro","Project Coordinator Civil","Management & Administration","Panipat, Haryana, India","2025-11-03","https://larsentoubrocareers.peoplestrong.com/job/detail/LNT_PCC_1506153"
"India","Larsen & Toubro","Project Engineer – Transmission Line (Execution)","Management & Administration","Gujarat sites, India","2025-11-03","https://larsentoubrocareers.peoplestrong.com/job/detail/LNT_PE-TL_1506230"
"India","Larsen & Toubro","Land Liosioning Coordinator","Management & Administration","Panipat, Haryana, India","2025-11-03","https://larsentoubrocareers.peoplestrong.com/job/detail/LNT_LLC_1506259"
"India","Larsen & Toubro","Project Execution - RE (Solar)","Management & Administration","Gujarat sites, India","2025-11-03","https://larsentoubrocareers.peoplestrong.com/job/detail/LNT_PE-R_1506276"
"India","Larsen & Toubro","Project Monitoring- Electrical","Electrical & Instrumentation","Ahmedabad, India","2025-11-03","https://larsentoubrocareers.peoplestrong.com/job/detail/LNT_P-E_1506289"
"India","Larsen & Toubro","Project Monitoring- Mechanical","Mechanical & Structural","Ahmedabad, India","2025-11-03","https://larsentoubrocareers.peoplestrong.com/job/detail/LNT_P-M_1506302"
"India","Larsen & Toubro","Engineering Manager - HVAC","Mechanical & Structural","Chennai Head Qrs., India","2025-11-01","https://larsentoubrocareers.peoplestrong.com/job/detail/LNT_EM-H_1334888"
"India","Larsen & Toubro","AGM Planning","Management & Administration","Vadodara, India","2025-11-01","https://larsentoubrocareers.peoplestrong.com/job/detail/LNT_A_1540374"
"Saudi Arabia","Larsen & Toubro","Lead Contracts (WET IC)","Legal & Compliance","Riyadh, Saudi Arabia","2025-11-01","https://larsentoubrocareers.peoplestrong.com/job/detail/LNT_CM_1534647"
"Saudi Arabia","Larsen & Toubro","Contracts Manager (WET IC)","Legal & Compliance","Kingdom Of Saudi Arabia, Saudi Arabia","2025-11-01","https://larsentoubrocareers.peoplestrong.com/job/detail/LNT_CM_1534653"
"Saudi Arabia","Larsen & Toubro","Project Planning & Control Manager (WET IC)","Management & Administration","Kingdom Of Saudi Arabia, Saudi Arabia","2025-11-01","https://larsentoubrocareers.peoplestrong.com/job/detail/LNT_PCM_1534666"
"India","Larsen & Toubro","Blade Shop Supervisor","Management & Administration","Hazira Mfg Complex, India","2025-11-01","https://larsentoubrocareers.peoplestrong.com/job/detail/LNT_BSS_1503186"
"India","Larsen & Toubro","Blade Shop In-process Quality Engineer","HSE","Hazira Mfg Complex, India","2025-11-01","https://larsentoubrocareers.peoplestrong.com/job/detail/LNT_BS-QE_1503188"
"India","Larsen & Toubro","SAP Consultant","IT & Digital","AMN Tower, Powai, India","2025-10-31","https://larsentoubrocareers.peoplestrong.com/job/detail/LNT_SC_1543679"
"India","Larsen & Toubro","Technical Writer","IT & Digital","Bengaluru, India","2025-10-30","https://larsentoubrocareers.peoplestrong.com/job/detail/LNT_TW_1478581"
"India","Larsen & Toubro","Test Job - Senior manager","Management & Administration","Chennai, India","2025-10-30","https://larsentoubrocareers.peoplestrong.com/job/detail/LNT_TJ-SM_1503854"
"India","Larsen & Toubro","Sr Executive - Compensation, Payroll & MIS","Finance & Accounting","Bengaluru, India","2025-10-30","https://larsentoubrocareers.peoplestrong.com/job/detail/LNT_SE-P-M_1541042"
"India","Larsen & Toubro","Project Engineer (KUP)","Management & Administration","AMN Tower, Powai, India","2025-10-29","https://larsentoubrocareers.peoplestrong.com/job/detail/LNT_PE_1541269"
"India","Larsen & Toubro","Assistant manager","Management & Administration","Powai, India","2025-10-29","https://larsentoubrocareers.peoplestrong.com/job/detail/LNT_AM_1471731"
"India","Larsen & Toubro","Business Excellence (Data Center & Cloud Services)","IT & Digital","AMN Tower, Powai, India","2025-10-29","https://larsentoubrocareers.peoplestrong.com/job/detail/LNT_BE-C-C_1533560"
"India","Larsen & Toubro","Architect","Management & Administration","Chennai, India","2025-10-29","https://larsentoubrocareers.peoplestrong.com/job/detail/LNT_A_1540741"
"India","Larsen & Toubro","EHS ENGINEER","HSE","Hazira Mfg Complex, India","2025-10-29","https://larsentoubrocareers.peoplestrong.com/job/detail/LNT_EE_1536904"
"India","Larsen & Toubro","Senior Manager EHS (WET IC)","HSE","Bhopal, India","2025-10-28","https://larsentoubrocareers.peoplestrong.com/job/detail/LNT_SME_1532967"
"India","Larsen & Toubro","Branch Manager – Ranchi","Management & Administration","Ranchi, India","2025-10-28","https://larsentoubrocareers.peoplestrong.com/job/detail/LNT_BM-R_1539749"
"India","Larsen & Toubro","Hydro Mechanical Works- Incharge","Mechanical & Structural","Indore, India","2025-10-28","https://larsentoubrocareers.peoplestrong.com/job/detail/LNT_HM-I_1458382"
"India","Larsen & Toubro","HUC Manager","Management & Administration","Mumbai, India","2025-10-28","https://larsentoubrocareers.peoplestrong.com/job/detail/LNT_HM_1539299"
"India","Larsen & Toubro","Manager","Management & Administration","Mumbai, India","2025-10-27","https://larsentoubrocareers.peoplestrong.com/job/detail/LNT_M_1537868"
"India","Larsen & Toubro","Assistant Manager - Corporate Audit Services","Finance & Accounting","AMN Tower, Powai, India","2025-10-27","https://larsentoubrocareers.peoplestrong.com/job/detail/LNT_AM_1381770"
"India","Larsen & Toubro","Manager","Management & Administration","Mumbai, India","2025-10-27","https://larsentoubrocareers.peoplestrong.com/job/detail/LNT_M_1537838"
"India","Larsen & Toubro","Production","Management & Administration","Kattupalli, India","2025-10-27","https://larsentoubrocareers.peoplestrong.com/job/detail/LNT_P_1537113"
"India","Larsen & Toubro","CSA DESIGN LEAD","Management & Administration","Gujarat sites, India","2025-10-27","https://larsentoubrocareers.peoplestrong.com/job/detail/LNT_CDL_1538235"
"India","Larsen & Toubro","BIM Modeler - High Rise Towers","Management & Administration","Mumbai, India","2025-10-27","https://larsentoubrocareers.peoplestrong.com/job/detail/LNT_BM-HRT_1533642"
"India","Larsen & Toubro","CMPC In charge - Hige Rise Tower","Management & Administration","Mumbai, India","2025-10-27","https://larsentoubrocareers.peoplestrong.com/job/detail/LNT_CIC-HRT_1533601"
"India","Larsen & Toubro","Finishing Head - High Rise Tower","Management & Administration","Mumbai, India","2025-10-27","https://larsentoubrocareers.peoplestrong.com/job/detail/LNT_FH-HRT_1533555"
"India","Larsen & Toubro","EHS Head - High Rise Tower","HSE","Mumbai, India","2025-10-27","https://larsentoubrocareers.peoplestrong.com/job/detail/LNT_EH-HRT_1533540"
"India","Larsen & Toubro","MEP Head - High Rise Tower","Mechanical & Structural","Mumbai, India","2025-10-27","https://larsentoubrocareers.peoplestrong.com/job/detail/LNT_MH-HRT_1533531"
"India","Larsen & Toubro","Technical Head - Engineering Manager","Management & Administration","Mumbai, India","2025-10-27","https://larsentoubrocareers.peoplestrong.com/job/detail/LNT_TH-EM_1533379"
"India","Larsen & Toubro","Primavera Scheduler","Management & Administration","Mumbai, India","2025-10-27","https://larsentoubrocareers.peoplestrong.com/job/detail/LNT_PS_1533307"
"India","Larsen & Toubro","Architect Design Lead-1","Management & Administration","Gujarat sites, India","2025-10-27","https://larsentoubrocareers.peoplestrong.com/job/detail/LNT_AD_1538249"
"India","Larsen & Toubro","Assistant Manager - EHS (WET IC)","HSE","Bhopal, India","2025-10-27","https://larsentoubrocareers.peoplestrong.com/job/detail/LNT_AM-E_1472354"
"India","Larsen & Toubro","Senior Engineer EHS (WET IC)","HSE","Chennai, India","2025-10-27","https://larsentoubrocareers.peoplestrong.com/job/detail/LNT_SEE_1536302"
"Saudi Arabia","Larsen & Toubro","Process Engineer - Desal (WET IC)","Operations & Process","Riyadh, Saudi Arabia","2025-10-24","https://larsentoubrocareers.peoplestrong.com/job/detail/LNT_PE-D_1530230"
"India","Larsen & Toubro","Equipment Engineers/Managers","Management & Administration","Gujarat sites, India","2025-10-23","https://larsentoubrocareers.peoplestrong.com/job/detail/LNT_E_1535509"
"India","Larsen & Toubro","RF Design Engineer","Management & Administration","Bengaluru, India","2025-10-23","https://larsentoubrocareers.peoplestrong.com/job/detail/LNT_RDE_1426012"
"India","Larsen & Toubro","Senior Manager","Management & Administration","Cuttack, India","2025-10-21","https://larsentoubrocareers.peoplestrong.com/job/detail/LNT_SM_1532905"
"India","Larsen & Toubro","Electrical Engineer HQ (WET IC)","Electrical & Instrumentation","Chennai, India","2025-10-17","https://larsentoubrocareers.peoplestrong.com/job/detail/LNT_EEH_1443973"
"India","Larsen & Toubro","EHS ENGINEER","HSE","Mumbai, India","2025-10-16","https://larsentoubrocareers.peoplestrong.com/job/detail/LNT_EE_1531396"
"India","Larsen & Toubro","Geologist","Geoscience & Reservoir","Ahmedabad, India","2025-10-16","https://larsentoubrocareers.peoplestrong.com/job/detail/LNT_G_1531397"
"India","Larsen & Toubro","Plant & Piping","Mechanical & Structural","Vadodara, India","2026-01-22","https://larsentoubrocareers.peoplestrong.com/job/detail/LNT_P-P_1531889"
"India","Larsen & Toubro","AGM- Architect","Management & Administration","AMN Tower, Powai, India","2025-10-16","https://larsentoubrocareers.peoplestrong.com/job/detail/LNT_-A_1531848"
"India","Larsen & Toubro","Quality Engineer","HSE","Hazira Mfg Complex, India","2025-10-16","https://larsentoubrocareers.peoplestrong.com/job/detail/LNT_QE_1421173"
"India","Larsen & Toubro","Sr EHS Manager (WET IC)","HSE","Chennai, India","2025-10-15","https://larsentoubrocareers.peoplestrong.com/job/detail/LNT_SEM_1499601"
"India","Larsen & Toubro","Senior Manager MEP","Mechanical & Structural","Faridabad, India","2025-10-14","https://larsentoubrocareers.peoplestrong.com/job/detail/LNT_SMM_1394058"
"India","Larsen & Toubro","Draftsperson","Management & Administration","Faridabad, India","2025-10-14","https://larsentoubrocareers.peoplestrong.com/job/detail/LNT_D_1474120"
"India","Larsen & Toubro","CAD Designer - Track","Management & Administration","Faridabad, India","2025-10-14","https://larsentoubrocareers.peoplestrong.com/job/detail/LNT_CD-T_1474161"
"India","Larsen & Toubro","Depot Equipment Design Engineer","Management & Administration","Faridabad, India","2025-10-14","https://larsentoubrocareers.peoplestrong.com/job/detail/LNT_DEDE_1474373"
"India","Larsen & Toubro","Engineer","Management & Administration","Faridabad, India","2025-10-14","https://larsentoubrocareers.peoplestrong.com/job/detail/LNT_E_1474385"
"India","Larsen & Toubro","Assistant Manager- Finishing, Sewri","Management & Administration","Mumbai, India","2025-10-14","https://larsentoubrocareers.peoplestrong.com/job/detail/LNT_A-S_1529229"
"India","Larsen & Toubro","SUBCONTRACTING","Legal & Compliance","Kattupalli, India","2025-10-14","https://larsentoubrocareers.peoplestrong.com/job/detail/LNT_S_1505127"
"India","Larsen & Toubro","AGM- MEP","Mechanical & Structural","Mumbai, India","2025-10-14","https://larsentoubrocareers.peoplestrong.com/job/detail/LNT_-M_1528597"
"India","Larsen & Toubro","Bio Medical","Management & Administration","Haryana sites, India","2025-10-13","https://larsentoubrocareers.peoplestrong.com/job/detail/LNT_BM_1506437"
"India","Larsen & Toubro","Piling","Management & Administration","Ahmedabad, India","2025-10-10","https://larsentoubrocareers.peoplestrong.com/job/detail/LNT_P_1504905"
"India","Larsen & Toubro","Production Engineers","Management & Administration","Hazira Mfg Complex, India","2025-10-07","https://larsentoubrocareers.peoplestrong.com/job/detail/LNT_PE_1502749"
"India","Larsen & Toubro","Manager Quality Assurance","HSE","Mumbai, India","2025-10-06","https://larsentoubrocareers.peoplestrong.com/job/detail/LNT_MQA_1472131"
"India","Larsen & Toubro","MEP Manager","Mechanical & Structural","Surat, India","2025-10-06","https://larsentoubrocareers.peoplestrong.com/job/detail/LNT_MM_1473254"
"India","Larsen & Toubro","SHE Electrical Engineer","HSE","Gujarat sites, India","2025-10-06","https://larsentoubrocareers.peoplestrong.com/job/detail/LNT_SEE_1491455"
"India","Larsen & Toubro","Japanese Interpreter","IT & Digital","Surat, India","2025-10-06","https://larsentoubrocareers.peoplestrong.com/job/detail/LNT_JI_1491524"
"India","Larsen & Toubro","PHE Design","Management & Administration","Chennai, India","2025-10-06","https://larsentoubrocareers.peoplestrong.com/job/detail/LNT_PD_1501523"
"India","Larsen & Toubro","FPS Design","Management & Administration","Chennai, India","2025-10-06","https://larsentoubrocareers.peoplestrong.com/job/detail/LNT_FD_1501503"
"India","Larsen & Toubro","HVAC Design","Mechanical & Structural","Chennai, India","2025-10-06","https://larsentoubrocareers.peoplestrong.com/job/detail/LNT_HD_1501497"
"India","Larsen & Toubro","ELV & ICT Design","Electrical & Instrumentation","Chennai, India","2025-10-06","https://larsentoubrocareers.peoplestrong.com/job/detail/LNT_E-ID_1501488"
"India","Larsen & Toubro","Electrical Design","Electrical & Instrumentation","Chennai, India","2025-10-06","https://larsentoubrocareers.peoplestrong.com/job/detail/LNT_ED_1501478"
"India","Larsen & Toubro","Structural Design","Mechanical & Structural","Chennai, India","2025-10-06","https://larsentoubrocareers.peoplestrong.com/job/detail/LNT_SD_1501459"
"India","Larsen & Toubro","Lead - Electrical Design (WET IC)","Electrical & Instrumentation","Chennai Head Qrs., India","2025-10-06","https://larsentoubrocareers.peoplestrong.com/job/detail/LNT_EM_1432205"
"India","Larsen & Toubro","Instrumentation Engineer","Electrical & Instrumentation","Knowledge City Vadodara, India","2025-10-04","https://larsentoubrocareers.peoplestrong.com/job/detail/LNT_IE_1441570"
"India","Larsen & Toubro","Electrical Designer","Electrical & Instrumentation","Knowledge City Vadodara, India","2025-10-04","https://larsentoubrocareers.peoplestrong.com/job/detail/LNT_ED_1472865"
"India","Larsen & Toubro","Instrumentation Engineer","Electrical & Instrumentation","Vadodara, India","2025-10-04","https://larsentoubrocareers.peoplestrong.com/job/detail/LNT_IE_1488877"
"India","Larsen & Toubro","HSE Manager","HSE","Knowledge City Vadodara, India","2025-10-04","https://larsentoubrocareers.peoplestrong.com/job/detail/LNT_HM_1498696"
"India","Larsen & Toubro","QA/QC- B&F","HSE","Ahmedabad, India","2025-10-04","https://larsentoubrocareers.peoplestrong.com/job/detail/LNT_-_1499662"
"India","Larsen & Toubro","Structural Design Engineer (RCC)","Mechanical & Structural","Faridabad, India","2026-02-11","https://larsentoubrocareers.peoplestrong.com/job/detail/LNT_SDE_1432220"
"India","Larsen & Toubro","Senior SHE Manager","HSE","Surat, India","2026-01-12","https://larsentoubrocareers.peoplestrong.com/job/detail/LNT_SSM_1207556"
"India","Larsen & Toubro","SHE Manager","HSE","Surat, India","2026-01-12","https://larsentoubrocareers.peoplestrong.com/job/detail/LNT_SM_1207574"
"India","Larsen & Toubro","Senior SHE Manager","HSE","Vadodara, India","2026-03-13","https://larsentoubrocareers.peoplestrong.com/job/detail/LNT_A-M_1158966"
