"Country","Company","Title","Category","Location","Date Posted","Link"
"India","SLB","Sales Engineer","Business & Operations","Navi Mumbai, India","2026-04-07","https://careers.slb.com/jobdescription.aspx?id=EF15417-en_US 1"
"Kazakhstan","SLB","Account Manager","Finance & Accounting","Astana, Kazakhstan","2026-04-07","https://careers.slb.com/jobdescription.aspx?id=85656"
"Canada","SLB","Account Manager","Finance & Accounting","Bonnyville, Canada","2026-04-07","https://careers.slb.com/jobdescription.aspx?id=WDR00134594"
"USA","SLB","Account Manager","Finance & Accounting","Midland, USA","2026-04-07","https://careers.slb.com/jobdescription.aspx?id=WDR00134828"
"Canada","SLB","Account Manager","Finance & Accounting","Lloydminster, Canada","2026-04-07","https://careers.slb.com/jobdescription.aspx?id=WDR00135370"
"USA","SLB","Account Manager","Finance & Accounting","Anchorage, USA","2026-04-07","https://careers.slb.com/jobdescription.aspx?id=WDR00132828"
"USA","SLB","Account Manager","Finance & Accounting","Broussard, USA","2026-04-07","https://careers.slb.com/jobdescription.aspx?id=WDR00134914"
"USA","SLB","Account Manager - Upstream Chemicals","Finance & Accounting","Williston, USA","2026-04-07","https://careers.slb.com/jobdescription.aspx?id=WDR00133801"
"Indonesia","SLB","Account Receivable Intern","Finance & Accounting","Balikpapan, Indonesia","2026-04-07","https://careers.slb.com/jobdescription.aspx?id=EF15571-en_US 1"
"Argentina","SLB","Accounts Payable Analyst Junior","Finance & Accounting","Buenos Aires, Argentina","2026-04-07","https://careers.slb.com/jobdescription.aspx?id=WDR00134569"
"USA","SLB","AKA Logistics Lead","Supply Chain & Logistics","Anchorage, USA","2026-04-07","https://careers.slb.com/jobdescription.aspx?id=EF14647-en_US 1"
"USA","SLB","AL Field Specialist","Engineering & Technical","Dickinson, USA","2026-04-07","https://careers.slb.com/jobdescription.aspx?id=EF15118-en_US 1"
"Oman","SLB","ALS Field Specialist","Engineering & Technical","Fahud, Oman","2026-04-07","https://careers.slb.com/jobdescription.aspx?id=EF14049-en_US 1"
"Brazil","SLB","Analista de Contratos I (Projetos)","General","Macae, Brazil","2026-04-07","https://careers.slb.com/jobdescription.aspx?id=EF13972-en_US 1"
"Malaysia","SLB","AP Analyst - VMD OD - Arabic Speaker","General","Petaling Jaya, Malaysia","2026-04-07","https://careers.slb.com/jobdescription.aspx?id=EF14697-en_US 1"
"USA","SLB","AP Specialist","General","Florence, USA","2026-04-07","https://careers.slb.com/jobdescription.aspx?id=EF15366-en_US 1"
"Australia","SLB","Application Engineer","Engineering & Technical","Adelaide, Australia","2026-04-07","https://careers.slb.com/jobdescription.aspx?id=WDR00134819"
"Canada","SLB","Application Engineer - Automation","Engineering & Technical","Edson, Canada","2026-04-07","https://careers.slb.com/jobdescription.aspx?id=WDR00135351"
"Colombia","SLB","Aprendiz SENA","General","Multi-Location, Colombia","2026-04-07","https://careers.slb.com/jobdescription.aspx?id=EF3389-en_US 1"
"Nigeria","SLB","Artificial Lift Field Specialist","Engineering & Technical","Port Harcourt, Nigeria","2026-04-07","https://careers.slb.com/jobdescription.aspx?id=86154"
"Ecuador","SLB","Asociado de Mantenimiento","General","El Coca, Ecuador","2026-04-07","https://careers.slb.com/jobdescription.aspx?id=EF15431-en_US 1"
"USA","SLB","Assembler","General","Houston, USA","2026-04-07","https://careers.slb.com/jobdescription.aspx?id=EF14387-en_US 1"
"USA","SLB","Assembler","General","Ville Platte, USA","2026-04-07","https://careers.slb.com/jobdescription.aspx?id=EF15268-en_US 1"
"USA","SLB","Assembler","General","Florence, USA","2026-04-07","https://careers.slb.com/jobdescription.aspx?id=EF14598-en_US 1"
"USA","SLB","Assistant Plant Operator","Operations & Maintenance","Odessa, USA","2026-04-07","https://careers.slb.com/jobdescription.aspx?id=WDR00135182"
"USA","SLB","Assistant Process Operator","Engineering & Technical","Freeport, USA","2026-04-07","https://careers.slb.com/jobdescription.aspx?id=WDR00135236"
"USA","SLB","Assistant Process Operator","Engineering & Technical","Sugar Land, USA","2026-04-07","https://careers.slb.com/jobdescription.aspx?id=WDR00135479"
"USA","SLB","Automation Applications Engineer","Engineering & Technical","Houston, USA","2026-04-07","https://careers.slb.com/jobdescription.aspx?id=WDR00135447"
"India","SLB","Benefits Specialist","General","Pune, India","2026-04-07","https://careers.slb.com/jobdescription.aspx?id=EF15376-en_US 1"
"USA","SLB","Billing Support Specialist","General","Midland, USA","2026-04-07","https://careers.slb.com/jobdescription.aspx?id=WDR00135154"
"USA","SLB","Branch Supervisor - Pleasanton, TX","Management","Pleasanton, USA","2026-04-07","https://careers.slb.com/jobdescription.aspx?id=WDR00135218"
"USA","SLB","Business Development Manager - Emissions","Business & Operations","Bakersfield, USA","2026-04-07","https://careers.slb.com/jobdescription.aspx?id=WDR00134555"
"USA","SLB","Cable Repair Technician","Engineering & Technical","Odessa, USA","2026-04-07","https://careers.slb.com/jobdescription.aspx?id=WDR00135281"
"Canada","SLB","CAM Field Specialists","Engineering & Technical","St. John's, Canada","2026-04-07","https://careers.slb.com/jobdescription.aspx?id=EF14383-en_US 1"
"Malaysia","SLB","CD Laboratory Intern","General","Kuala Lumpur, Malaysia","2026-04-07","https://careers.slb.com/jobdescription.aspx?id=EF15547-en_US 1"
"USA","SLB","Chemical Data Scientist","Digital & IT","Sugar Land, USA","2026-04-07","https://careers.slb.com/jobdescription.aspx?id=WDR00135246"
"USA","SLB","Chemical Service Technician","Engineering & Technical","Carlsbad, USA","2026-04-07","https://careers.slb.com/jobdescription.aspx?id=WDR00132954"
"USA","SLB","Chemical Service Technician","Engineering & Technical","Bakersfield, USA","2026-04-07","https://careers.slb.com/jobdescription.aspx?id=WDR00133084"
"USA","SLB","Chemical Service Technician","Engineering & Technical","Pecos, USA","2026-04-07","https://careers.slb.com/jobdescription.aspx?id=WDR00132904"
"USA","SLB","Chemist","General","Vernal, USA","2026-04-07","https://careers.slb.com/jobdescription.aspx?id=WDR00133828"
"USA","SLB","Chemist","General","Sugar Land, USA","2026-04-07","https://careers.slb.com/jobdescription.aspx?id=WDR00135126"
"USA","SLB","Chemist - Artificial Intelligence","General","Sugar Land, USA","2026-04-07","https://careers.slb.com/jobdescription.aspx?id=WDR00135283"
"Canada","SLB","Class 1 Truck Driver","General","Leduc, Canada","2026-04-07","https://careers.slb.com/jobdescription.aspx?id=WDR00135410"
"Brazil","SLB","Cloud Support Engineer","Digital & IT","Rio De Janeiro, Brazil","2026-04-07","https://careers.slb.com/jobdescription.aspx?id=EF15048-en_US 1"
"India","SLB","Coil Tool Specialist","General","Navi Mumbai, India","2026-04-07","https://careers.slb.com/jobdescription.aspx?id=EF15400-en_US 1"
"India","SLB","Collections Manager","Management","Navi Mumbai, India","2026-04-07","https://careers.slb.com/jobdescription.aspx?id=EF14120-en_US 1"
"Iraq","SLB","Commercial and Business Internship","Business & Operations","Basrah, Iraq","2026-04-07","https://careers.slb.com/jobdescription.aspx?id=EF12502-en_US 1"
"Colombia","SLB","Commercial and Business Internship","Business & Operations","Bogota, Colombia","2026-04-07","https://careers.slb.com/jobdescription.aspx?id=EF3388-en_US 1"
"Saudi Arabia","SLB","Commercial and Business Internship","Business & Operations","Multi-Location, Saudi Arabia","2026-04-07","https://careers.slb.com/jobdescription.aspx?id=EF6449-en_US 1"
"Qatar","SLB","Commercial and Business Internship","Business & Operations","Multi-Location, Qatar","2026-04-07","https://careers.slb.com/jobdescription.aspx?id=EF6449-en_US 2"
"Peru","SLB","Commercial and Business Internship","Business & Operations","Multi-Location, Peru","2026-04-07","https://careers.slb.com/jobdescription.aspx?id=EF3388-en_US 6"
"Ecuador","SLB","Commercial and Business Internship","Business & Operations","Multi-Location, Ecuador","2026-04-07","https://careers.slb.com/jobdescription.aspx?id=EF3388-en_US 4"
"Kuwait","SLB","Commercial and Business Internship","Business & Operations","Multi-Location, Kuwait","2026-04-07","https://careers.slb.com/jobdescription.aspx?id=EF6449-en_US 5"
"Oman","SLB","Commercial and Business Internship","Business & Operations","Multi-Location, Oman","2026-04-07","https://careers.slb.com/jobdescription.aspx?id=EF6449-en_US 6"
"Chile","SLB","Commercial and Business Internship","Business & Operations","Multi-Location, Chile","2026-04-07","https://careers.slb.com/jobdescription.aspx?id=EF3388-en_US 5"
"Argentina","SLB","Commercial and Business Internship","Business & Operations","Multi-Location, Argentina","2026-04-07","https://careers.slb.com/jobdescription.aspx?id=EF3388-en_US 2"
"Bolivia","SLB","Commercial and Business Internship","Business & Operations","Multi-Location, Bolivia","2026-04-07","https://careers.slb.com/jobdescription.aspx?id=EF3388-en_US 3"
"UAE","SLB","Commercial and Business Internship","Business & Operations","Multi-Location, UAE","2026-04-07","https://careers.slb.com/jobdescription.aspx?id=EF6449-en_US 3"
"Bahrain","SLB","Commercial and Business Internship","Business & Operations","Multi-Location, Bahrain","2026-04-07","https://careers.slb.com/jobdescription.aspx?id=EF6449-en_US 4"
"Pakistan","SLB","Commercial and Business Internship","Business & Operations","Multi-Location, Pakistan","2026-04-07","https://careers.slb.com/jobdescription.aspx?id=EF6449-en_US 7"
"USA","SLB","Commercial Sales Intern","Business & Operations","Williston, USA","2026-04-07","https://careers.slb.com/jobdescription.aspx?id=WDR00133623"
"USA","SLB","Commercial Sales Intern","Business & Operations","Midland, USA","2026-04-07","https://careers.slb.com/jobdescription.aspx?id=WDR00133603"
"India","SLB","Commercialization Geophysicist","Business & Operations","Navi Mumbai, India","2026-04-07","https://careers.slb.com/jobdescription.aspx?id=EF14372-en_US 1"
"Uganda","SLB","Communications Specialist Intern","General","Kampala, Uganda","2026-04-07","https://careers.slb.com/jobdescription.aspx?id=85900"
"Romania","SLB","Compensation Accounting Analyst","Finance & Accounting","Bucharest, Romania","2026-04-07","https://careers.slb.com/jobdescription.aspx?id=EF14981-en_US 1"
"Thailand","SLB","Completions Field Specialist","Drilling & Wells","Hat Yai, Thailand","2026-04-07","https://careers.slb.com/jobdescription.aspx?id=EF14806-en_US 1"
"Mexico","SLB","Construction Manager - Oil & Gas","Management","Mexico City, Mexico","2026-04-07","https://careers.slb.com/jobdescription.aspx?id=EF14766-en_US 1"
"Brazil","SLB","Contract Analyst I","Legal & Compliance","Macae, Brazil","2026-04-07","https://careers.slb.com/jobdescription.aspx?id=EF13973-en_US 1"
"Brazil","SLB","Coordenador de Serviços de Cimentação","General","Macae, Brazil","2026-04-07","https://careers.slb.com/jobdescription.aspx?id=EF12935-en_US 1"
"Malaysia","SLB","Corporate Entity Manager","Management","Petaling Jaya, Malaysia","2026-04-07","https://careers.slb.com/jobdescription.aspx?id=EF14881-en_US 1"
"India","SLB","CPL Field Specialist","Engineering & Technical","Navi Mumbai, India","2026-04-07","https://careers.slb.com/jobdescription.aspx?id=EF14485-en_US 1"
"Brazil","SLB","CPL Field Specialist","Engineering & Technical","Macae, Brazil","2026-04-07","https://careers.slb.com/jobdescription.aspx?id=EF14425-en_US 1"
"India","SLB","CPL Field Specialist","Engineering & Technical","Navi Mumbai, India","2026-04-07","https://careers.slb.com/jobdescription.aspx?id=EF12498-en_US 1"
"India","SLB","CPL Multilateral Field Specialist","Engineering & Technical","Navi Mumbai, India","2026-04-07","https://careers.slb.com/jobdescription.aspx?id=EF14531-en_US 1"
"India","SLB","Credit Analyst","General","Navi Mumbai, India","2026-04-07","https://careers.slb.com/jobdescription.aspx?id=EF12962-en_US 1"
"Colombia","SLB","Customer Contracts Attorney","Legal & Compliance","Cota, Colombia","2026-04-07","https://careers.slb.com/jobdescription.aspx?id=EF15139-en_US 1"
"Romania","SLB","Customer Engagement Coordinator","Management","Aricestii-Rahtivani, Romania","2026-04-07","https://careers.slb.com/jobdescription.aspx?id=EF15429-en_US 1"
"Poland","SLB","Cyber Security Operations Center Analyst / Engineer","Digital & IT","Warsaw, Poland","2026-04-07","https://careers.slb.com/jobdescription.aspx?id=86092"
"Libya","SLB","D&I Data Scientist","Digital & IT","Tripoli, Libya","2026-04-07","https://careers.slb.com/jobdescription.aspx?id=EF13358-en_US 1"
"USA","SLB","Dalton Highway HazMat CDL Driver","General","Anchorage, USA","2026-04-07","https://careers.slb.com/jobdescription.aspx?id=WDR00134640"
"Algeria","SLB","Data and Infrastructure Engineer","Engineering & Technical","Algiers, Algeria","2026-04-07","https://careers.slb.com/jobdescription.aspx?id=EF13366-en_US 1"
"Libya","SLB","Data and Infrastructure Engineer","Engineering & Technical","Tripoli, Libya","2026-04-07","https://careers.slb.com/jobdescription.aspx?id=EF13357-en_US 1"
"India","SLB","Data Logger","General","Navi Mumbai, India","2026-04-07","https://careers.slb.com/jobdescription.aspx?id=EF14630-en_US 1"
"Romania","SLB","Data Privacy Intern","General","Bucharest, Romania","2026-04-07","https://careers.slb.com/jobdescription.aspx?id=EF15358-en_US 1"
"India","SLB","DC Customer Service Specialist","General","Pune, India","2026-04-07","https://careers.slb.com/jobdescription.aspx?id=EF15494-en_US 1"
"USA","SLB","DCN Electrical Engineer - ETO","Engineering & Technical","Houston, USA","2026-04-07","https://careers.slb.com/jobdescription.aspx?id=EF10122-en_US 1"
"India","SLB","DCN Mechanical Engineer","Engineering & Technical","Coimbatore, India","2026-04-07","https://careers.slb.com/jobdescription.aspx?id=EF12904-en_US 1"
"USA","SLB","DCN Structural Engineer - ETO","Engineering & Technical","Houston, USA","2026-04-07","https://careers.slb.com/jobdescription.aspx?id=EF15503-en_US 1"
"Colombia","SLB","Demand Planner II","General","Bogota, Colombia","2026-04-07","https://careers.slb.com/jobdescription.aspx?id=WDR00133167"
"India","SLB","Desktop Software Engineer - Delivery","Digital & IT","Pune, India","2026-04-07","https://careers.slb.com/jobdescription.aspx?id=EF14918-en_US 1"
"India","SLB","Desktop Software Engineer - Delivery","Digital & IT","Pune, India","2026-04-07","https://careers.slb.com/jobdescription.aspx?id=EF14917-en_US 1"
"Argentina","SLB","Digital Drilling Engineer","Digital & IT","Buenos Aires, Argentina","2026-04-07","https://careers.slb.com/jobdescription.aspx?id=EF13337-en 2"
"Libya","SLB","Digital Drilling Engineer","Digital & IT","Tripoli, Libya","2026-04-07","https://careers.slb.com/jobdescription.aspx?id=EF13356-en_US 1"
"Argentina","SLB","Digital Drilling Engineer","Digital & IT","Neuquen, Argentina","2026-04-07","https://careers.slb.com/jobdescription.aspx?id=EF13337-en 1"
"USA","SLB","Digital Enterprise Architect -13868","Digital & IT","Houston, USA","2026-04-07","https://careers.slb.com/jobdescription.aspx?id=EF13868-en_US 1"
"Indonesia","SLB","Digital Technology Internship","Digital & IT","Multi-Location, Indonesia","2026-04-07","https://careers.slb.com/jobdescription.aspx?id=EF12065-en_US 1"
"USA","SLB","Digital Technology IP Attorney","Digital & IT","Houston, USA","2026-04-07","https://careers.slb.com/jobdescription.aspx?id=EF14990-en_US 1"
"USA","SLB","District Account Manager","Finance & Accounting","San Antonio, USA","2026-04-07","https://careers.slb.com/jobdescription.aspx?id=WDR00133916"
"USA","SLB","District Representative","General","Vernal, USA","2026-04-07","https://careers.slb.com/jobdescription.aspx?id=WDR00135286"
"USA","SLB","District Representative - Offshore Rotator","General","Lafayette, USA","2026-04-07","https://careers.slb.com/jobdescription.aspx?id=WDR00135278"
"India","SLB","Drilling Data Analyst","Drilling & Wells","Duliajan, India","2026-04-07","https://careers.slb.com/jobdescription.aspx?id=EF14489-en_US 1"
"India","SLB","Drilling Data Analyst","Drilling & Wells","Dehradun, India","2026-04-07","https://careers.slb.com/jobdescription.aspx?id=EF14076-en_US 1"
"India","SLB","Drilling Data Analyst","Drilling & Wells","Dehradun, India","2026-04-07","https://careers.slb.com/jobdescription.aspx?id=EF14075-en_US 1"
"India","SLB","Drilling Data Analyst","Drilling & Wells","Dehradun, India","2026-04-07","https://careers.slb.com/jobdescription.aspx?id=EF14078-en_US 1"
"India","SLB","Drilling Data Analyst","Drilling & Wells","Dehradun, India","2026-04-07","https://careers.slb.com/jobdescription.aspx?id=EF14077-en_US 1"
"India","SLB","Drilling Data Analyst","Drilling & Wells","Dehradun, India","2026-04-07","https://careers.slb.com/jobdescription.aspx?id=EF14072-en_US 1"
"India","SLB","Drilling Data Analyst","Drilling & Wells","Dehradun, India","2026-04-07","https://careers.slb.com/jobdescription.aspx?id=EF13185-en_US 1"
"India","SLB","Drilling Data Analyst","Drilling & Wells","Dehradun, India","2026-04-07","https://careers.slb.com/jobdescription.aspx?id=EF13184-en_US 1"
"India","SLB","Drilling Data Analyst","Drilling & Wells","Dehradun, India","2026-04-07","https://careers.slb.com/jobdescription.aspx?id=EF14074-en_US 1"
"India","SLB","Drilling Data Analyst","Drilling & Wells","Dehradun, India","2026-04-07","https://careers.slb.com/jobdescription.aspx?id=EF13187-en_US 1"
"India","SLB","Drilling Data Analyst","Drilling & Wells","Dehradun, India","2026-04-07","https://careers.slb.com/jobdescription.aspx?id=EF14073-en_US 1"
"India","SLB","Drilling Data Analyst","Drilling & Wells","Dehradun, India","2026-04-07","https://careers.slb.com/jobdescription.aspx?id=EF14081-en_US 1"
"India","SLB","Drilling Data Analyst","Drilling & Wells","Dehradun, India","2026-04-07","https://careers.slb.com/jobdescription.aspx?id=EF13186-en_US 1"
"India","SLB","Drilling Data Analyst","Drilling & Wells","Dehradun, India","2026-04-07","https://careers.slb.com/jobdescription.aspx?id=EF12174-en_US 1"
"India","SLB","Drilling Data Analyst","Drilling & Wells","Dehradun, India","2026-04-07","https://careers.slb.com/jobdescription.aspx?id=EF12172-en_US 1"
"India","SLB","Drilling Data Analyst","Drilling & Wells","Dehradun, India","2026-04-07","https://careers.slb.com/jobdescription.aspx?id=EF13179-en_US 1"
"India","SLB","Drilling Data Analyst","Drilling & Wells","Dehradun, India","2026-04-07","https://careers.slb.com/jobdescription.aspx?id=EF13178-en_US 1"
"India","SLB","Drilling Data Analyst","Drilling & Wells","Duliajan, India","2026-04-07","https://careers.slb.com/jobdescription.aspx?id=EF14490-en_US 1"
"India","SLB","Drilling Data Analyst","Drilling & Wells","Dehradun, India","2026-04-07","https://careers.slb.com/jobdescription.aspx?id=EF14080-en_US 1"
"India","SLB","Drilling Data Analyst","Drilling & Wells","Dehradun, India","2026-04-07","https://careers.slb.com/jobdescription.aspx?id=EF14079-en_US 1"
"India","SLB","Drilling Data Analyst","Drilling & Wells","Dehradun, India","2026-04-07","https://careers.slb.com/jobdescription.aspx?id=EF13182-en_US 1"
"India","SLB","Drilling Data Analyst","Drilling & Wells","Dehradun, India","2026-04-07","https://careers.slb.com/jobdescription.aspx?id=EF13181-en_US 1"
"Libya","SLB","Drilling Product Sales Engineer","Business & Operations","103 Oilfield, Libya","2026-04-07","https://careers.slb.com/jobdescription.aspx?id=EF13446-en_US 1"
"USA","SLB","Driver","General","Shreveport, USA","2026-04-07","https://careers.slb.com/jobdescription.aspx?id=EF15502-en_US 1"
"USA","SLB","Driver - Night Shift","General","Shreveport, USA","2026-04-07","https://careers.slb.com/jobdescription.aspx?id=EF15057-en_US 1"
"USA","SLB","Driver - Weekend Shift","General","Shreveport, USA","2026-04-07","https://careers.slb.com/jobdescription.aspx?id=EF15058-en_US 1"
"Egypt","SLB","Driver Trainer","General","Madinat Sittah Uktubar, Egypt","2026-04-07","https://careers.slb.com/jobdescription.aspx?id=EF15495-en_US 1"
"Gabon","SLB","Early Careers - Accounting and Finance Internships","Finance & Accounting","Multi-Location, Gabon","2026-04-07","https://careers.slb.com/jobdescription.aspx?id=AcctFinanceIntern&location='GabonMulti-Location'"
"India","SLB","Early Careers - Commercial and Business","Business & Operations","Multi-Location, India","2026-04-07","https://careers.slb.com/jobdescription.aspx?id=EF12069-en_US 1"
"Indonesia","SLB","Early Careers - Commercial and Business","Business & Operations","Multi-Location, Indonesia","2026-04-07","https://careers.slb.com/jobdescription.aspx?id=EF12064-en_US 1"
"Saudi Arabia","SLB","Early Careers - Commercial and Business","Business & Operations","Multi-Location, Saudi Arabia","2026-04-07","https://careers.slb.com/jobdescription.aspx?id=EF6456-en_US 1"
"Malaysia","SLB","Early Careers - Commercial and Business","Business & Operations","Multi-Location, Malaysia","2026-04-07","https://careers.slb.com/jobdescription.aspx?id=EF12058-en_US 1"
"Australia","SLB","Early Careers - Commercial and Business","Business & Operations","Multi-Location, Australia","2026-04-07","https://careers.slb.com/jobdescription.aspx?id=EF12055-en_US 1"
"Indonesia","SLB","Early Careers - Digital Technology","Digital & IT","Multi-Location, Indonesia","2026-04-07","https://careers.slb.com/jobdescription.aspx?id=EF12066-en_US 1"
"India","SLB","Early Careers - Digital Technology","Digital & IT","Multi-Location, India","2026-04-07","https://careers.slb.com/jobdescription.aspx?id=EF12070-en_US 1"
"Malaysia","SLB","Early Careers - Digital Technology","Digital & IT","Multi-Location, Malaysia","2026-04-07","https://careers.slb.com/jobdescription.aspx?id=EF12059-en_US 1"
"Singapore","SLB","Early Careers - Digital Technology","Digital & IT","Multi-Location, Singapore","2026-04-07","https://careers.slb.com/jobdescription.aspx?id=EF12059-en_US 2"
"Thailand","SLB","Early Careers - Digital Technology","Digital & IT","Multi-Location, Thailand","2026-04-07","https://careers.slb.com/jobdescription.aspx?id=EF12059-en_US 3"
"Vietnam","SLB","Early Careers - Digital Technology","Digital & IT","Multi-Location, Vietnam","2026-04-07","https://careers.slb.com/jobdescription.aspx?id=EF12059-en_US 4"
"Brunei","SLB","Early Careers - Digital Technology","Digital & IT","Multi-Location, Brunei","2026-04-07","https://careers.slb.com/jobdescription.aspx?id=EF12059-en_US 5"
"Philippines","SLB","Early Careers - Digital Technology","Digital & IT","Multi-Location, Philippines","2026-04-07","https://careers.slb.com/jobdescription.aspx?id=EF12059-en_US 6"
"China","SLB","Early Careers - Digital Technology","Digital & IT","Multi-Location, China","2026-04-07","https://careers.slb.com/jobdescription.aspx?id=ITSystEng&location='ChinaMulti-Location'"
"Myanmar","SLB","Early Careers - Digital Technology","Digital & IT","Multi-Location, Myanmar","2026-04-07","https://careers.slb.com/jobdescription.aspx?id=EF12059-en_US 7"
"Australia","SLB","Early Careers - Digital Technology","Digital & IT","Multi-Location, Australia","2026-04-07","https://careers.slb.com/jobdescription.aspx?id=EF12057-en_US 1"
"China","SLB","Early Careers - Engineering and Manufacturing","Engineering & Technical","Multi-Location, China","2026-04-07","https://careers.slb.com/jobdescription.aspx?id=EngManf&location='ChinaMulti-Location'"
"Gabon","SLB","Early Careers - Field Engineer","Engineering & Technical","Multi-Location, Gabon","2026-04-07","https://careers.slb.com/jobdescription.aspx?id=FieldEng&location='GabonMulti-Location'"
"Republic of Congo","SLB","Early Careers - Field Engineer","Engineering & Technical","Multi-Location, Republic of Congo","2026-04-07","https://careers.slb.com/jobdescription.aspx?id=FieldEng&location='Republic of CongoMulti-Location'"
"Japan","SLB","Early Careers - Field Engineer","Engineering & Technical","Multi-Location, Japan","2026-04-07","https://careers.slb.com/jobdescription.aspx?id=FieldEng&location='JapanMulti-Location'"
"Azerbaijan","SLB","Early Careers - Field Engineer","Engineering & Technical","Multi-Location, Azerbaijan","2026-04-07","https://careers.slb.com/jobdescription.aspx?id=FieldEng&location='AzerbaijanMulti-Location'"
"Nigeria","SLB","Early Careers - Field Engineer","Engineering & Technical","Multi-Location, Nigeria","2026-04-07","https://careers.slb.com/jobdescription.aspx?id=FieldEng&location='NigeriaMulti-Location'"
"Cameroon","SLB","Early Careers - Field Engineer","Engineering & Technical","Multi-Location, Cameroon","2026-04-07","https://careers.slb.com/jobdescription.aspx?id=FieldEng&location='CameroonMulti-Location'"
"France","SLB","Early Careers - Field Engineer","Engineering & Technical","Multi-Location, France","2026-04-07","https://careers.slb.com/jobdescription.aspx?id=FieldEng&location='FranceMulti-Location'"
"Angola","SLB","Early Careers - Field Engineer","Engineering & Technical","Multi-Location, Angola","2026-04-07","https://careers.slb.com/jobdescription.aspx?id=FieldEng&location='AngolaMulti-Location'"
"Kazakhstan","SLB","Early Careers - Field Engineer","Engineering & Technical","Multi-Location, Kazakhstan","2026-04-07","https://careers.slb.com/jobdescription.aspx?id=FieldEng&location='KazakhstanMulti-Location'"
"Uganda","SLB","Early Careers - Field Engineer","Engineering & Technical","Multi-Location, Uganda","2026-04-07","https://careers.slb.com/jobdescription.aspx?id=FieldEng&location='UgandaMulti-Location'"
"Namibia","SLB","Early Careers - Field Engineer","Engineering & Technical","Multi-Location, Namibia","2026-04-07","https://careers.slb.com/jobdescription.aspx?id=FieldEng&location='NamibiaMulti-Location'"
"South Sudan","SLB","Early Careers - Field Engineer","Engineering & Technical","Multi-Location, South Sudan","2026-04-07","https://careers.slb.com/jobdescription.aspx?id=FieldEng&location='South SudanMulti-Location'"
"China","SLB","Early Careers - Field Engineer","Engineering & Technical","Multi-Location, China","2026-04-07","https://careers.slb.com/jobdescription.aspx?id=FieldEng&location='ChinaMulti-Location'"
"Mozambique","SLB","Early Careers - Field Engineer","Engineering & Technical","Multi-Location, Mozambique","2026-04-07","https://careers.slb.com/jobdescription.aspx?id=FieldEng&location='MozambiqueMulti-Location'"
"Ghana","SLB","Early Careers - Field Engineer","Engineering & Technical","Multi-Location, Ghana","2026-04-07","https://careers.slb.com/jobdescription.aspx?id=FieldEng&location='GhanaMulti-Location'"
"Ivory Coast","SLB","Early Careers - Field Engineer","Engineering & Technical","Multi-Location, Ivory Coast","2026-04-07","https://careers.slb.com/jobdescription.aspx?id=FieldEng&location='Ivory CoastMulti-Location'"
"UK","SLB","Early Careers - Field Engineer","Engineering & Technical","Multi-Location, UK","2026-04-07","https://careers.slb.com/jobdescription.aspx?id=FieldEng&location='United KingdomMulti-Location'"
"Equatorial Guinea","SLB","Early Careers - Field Engineer","Engineering & Technical","Multi-Location, Equatorial Guinea","2026-04-07","https://careers.slb.com/jobdescription.aspx?id=FieldEng&location='Equatorial GuineaMulti-Location'"
"India","SLB","Early Careers - Field Operations","Operations & Maintenance","Multi-Location, India","2026-04-07","https://careers.slb.com/jobdescription.aspx?id=EF12067-en_US 1"
"Indonesia","SLB","Early Careers - Field Operations","Operations & Maintenance","Multi-Location, Indonesia","2026-04-07","https://careers.slb.com/jobdescription.aspx?id=EF12062-en_US 1"
"Vietnam","SLB","Early Careers - Field Operations","Operations & Maintenance","Multi-Location, Vietnam","2026-04-07","https://careers.slb.com/jobdescription.aspx?id=EF12052-en_US 4"
"Brunei","SLB","Early Careers - Field Operations","Operations & Maintenance","Multi-Location, Brunei","2026-04-07","https://careers.slb.com/jobdescription.aspx?id=EF12052-en_US 5"
"Bahrain","SLB","Early Careers - Field Operations","Operations & Maintenance","Multi-Location, Bahrain","2026-04-07","https://careers.slb.com/jobdescription.aspx?id=EF6446-en_US 4"
"Kuwait","SLB","Early Careers - Field Operations","Operations & Maintenance","Multi-Location, Kuwait","2026-04-07","https://careers.slb.com/jobdescription.aspx?id=EF6446-en_US 5"
"Qatar","SLB","Early Careers - Field Operations","Operations & Maintenance","Multi-Location, Qatar","2026-04-07","https://careers.slb.com/jobdescription.aspx?id=EF6446-en_US 2"
"UAE","SLB","Early Careers - Field Operations","Operations & Maintenance","Multi-Location, UAE","2026-04-07","https://careers.slb.com/jobdescription.aspx?id=EF6446-en_US 3"
"Philippines","SLB","Early Careers - Field Operations","Operations & Maintenance","Multi-Location, Philippines","2026-04-07","https://careers.slb.com/jobdescription.aspx?id=EF12052-en_US 6"
"Malaysia","SLB","Early Careers - Field Operations","Operations & Maintenance","Multi-Location, Malaysia","2026-04-07","https://careers.slb.com/jobdescription.aspx?id=EF12052-en_US 1"
"Guyana","SLB","Early Careers - Field Operations","Operations & Maintenance","Multi-Location, Guyana","2026-04-07","https://careers.slb.com/jobdescription.aspx?id=EF3390-en_US 2"
"Myanmar","SLB","Early Careers - Field Operations","Operations & Maintenance","Multi-Location, Myanmar","2026-04-07","https://careers.slb.com/jobdescription.aspx?id=EF12052-en_US 7"
"Suriname","SLB","Early Careers - Field Operations","Operations & Maintenance","Multi-Location, Suriname","2026-04-07","https://careers.slb.com/jobdescription.aspx?id=EF3390-en_US 3"
"Colombia","SLB","Early Careers - Field Operations","Operations & Maintenance","Cota, Colombia","2026-04-07","https://careers.slb.com/jobdescription.aspx?id=EF3383-en_US 1"
"Australia","SLB","Early Careers - Field Operations","Operations & Maintenance","Multi-Location, Australia","2026-04-07","https://careers.slb.com/jobdescription.aspx?id=EF12051-en_US 1"
"Singapore","SLB","Early Careers - Field Operations","Operations & Maintenance","Multi-Location, Singapore","2026-04-07","https://careers.slb.com/jobdescription.aspx?id=EF12052-en_US 2"
"Thailand","SLB","Early Careers - Field Operations","Operations & Maintenance","Multi-Location, Thailand","2026-04-07","https://careers.slb.com/jobdescription.aspx?id=EF12052-en_US 3"
"USA","SLB","Early Careers - Field Operations","Operations & Maintenance","Multi-Location, USA","2026-04-07","https://careers.slb.com/jobdescription.aspx?id=EF10064-en_US 1"
"Brazil","SLB","Early Careers - Field Operations","Operations & Maintenance","Multi-Location, Brazil","2026-04-07","https://careers.slb.com/jobdescription.aspx?id=EF3390-en_US 1"
"Saudi Arabia","SLB","Early Careers - Field Operations","Operations & Maintenance","Multi-Location, Saudi Arabia","2026-04-07","https://careers.slb.com/jobdescription.aspx?id=EF6446-en_US 1"
"Oman","SLB","Early Careers - Field Operations","Operations & Maintenance","Multi-Location, Oman","2026-04-07","https://careers.slb.com/jobdescription.aspx?id=EF6446-en_US 6"
"Pakistan","SLB","Early Careers - Field Operations","Operations & Maintenance","Multi-Location, Pakistan","2026-04-07","https://careers.slb.com/jobdescription.aspx?id=EF6446-en_US 7"
"Equatorial Guinea","SLB","Early Careers - Field Specialist","Engineering & Technical","Multi-Location, Equatorial Guinea","2026-04-07","https://careers.slb.com/jobdescription.aspx?id=FieldSpec&location='Equatorial GuineaMulti-Location'"
"Namibia","SLB","Early Careers - Field Specialist","Engineering & Technical","Multi-Location, Namibia","2026-04-07","https://careers.slb.com/jobdescription.aspx?id=FieldSpec&location='NamibiaMulti-Location'"
"Ghana","SLB","Early Careers - Field Specialist","Engineering & Technical","Multi-Location, Ghana","2026-04-07","https://careers.slb.com/jobdescription.aspx?id=FieldSpec&location='GhanaMulti-Location'"
"Gabon","SLB","Early Careers - Field Specialist","Engineering & Technical","Multi-Location, Gabon","2026-04-07","https://careers.slb.com/jobdescription.aspx?id=FieldSpec&location='GabonMulti-Location'"
"Azerbaijan","SLB","Early Careers - Field Specialist","Engineering & Technical","Multi-Location, Azerbaijan","2026-04-07","https://careers.slb.com/jobdescription.aspx?id=FieldSpec&location='AzerbaijanMulti-Location'"
"Nigeria","SLB","Early Careers - Field Specialist","Engineering & Technical","Multi-Location, Nigeria","2026-04-07","https://careers.slb.com/jobdescription.aspx?id=FieldSpec&location='NigeriaMulti-Location'"
"Republic of Congo","SLB","Early Careers - Field Specialist","Engineering & Technical","Multi-Location, Republic of Congo","2026-04-07","https://careers.slb.com/jobdescription.aspx?id=FieldSpec&location='Republic of CongoMulti-Location'"
"Senegal","SLB","Early Careers - Field Specialist","Engineering & Technical","Multi-Location, Senegal","2026-04-07","https://careers.slb.com/jobdescription.aspx?id=FieldSpec&location='SenegalMulti-Location'"
"France","SLB","Early Careers - Field Specialist","Engineering & Technical","Multi-Location, France","2026-04-07","https://careers.slb.com/jobdescription.aspx?id=FieldSpec&location='FranceMulti-Location'"
"UK","SLB","Early Careers - Field Specialist","Engineering & Technical","Multi-Location, UK","2026-04-07","https://careers.slb.com/jobdescription.aspx?id=FieldSpec&location='United KingdomMulti-Location'"
"Japan","SLB","Early Careers - Field Specialist","Engineering & Technical","Multi-Location, Japan","2026-04-07","https://careers.slb.com/jobdescription.aspx?id=FieldSpec&location='JapanMulti-Location'"
"Ivory Coast","SLB","Early Careers - Field Specialist","Engineering & Technical","Multi-Location, Ivory Coast","2026-04-07","https://careers.slb.com/jobdescription.aspx?id=FieldSpec&location='Ivory CoastMulti-Location'"
"Angola","SLB","Early Careers - Field Specialist","Engineering & Technical","Multi-Location, Angola","2026-04-07","https://careers.slb.com/jobdescription.aspx?id=FieldSpec&location='AngolaMulti-Location'"
"China","SLB","Early Careers - Field Specialist","Engineering & Technical","Multi-Location, China","2026-04-07","https://careers.slb.com/jobdescription.aspx?id=FieldSpec&location='ChinaMulti-Location'"
"South Sudan","SLB","Early Careers - Field Specialist","Engineering & Technical","Multi-Location, South Sudan","2026-04-07","https://careers.slb.com/jobdescription.aspx?id=FieldSpec&location='South SudanMulti-Location'"
"Mozambique","SLB","Early Careers - Field Specialist","Engineering & Technical","Multi-Location, Mozambique","2026-04-07","https://careers.slb.com/jobdescription.aspx?id=FieldSpec&location='MozambiqueMulti-Location'"
"Uganda","SLB","Early Careers - Field Specialist","Engineering & Technical","Multi-Location, Uganda","2026-04-07","https://careers.slb.com/jobdescription.aspx?id=FieldSpec&location='UgandaMulti-Location'"
"Kazakhstan","SLB","Early Careers - Field Specialist","Engineering & Technical","Multi-Location, Kazakhstan","2026-04-07","https://careers.slb.com/jobdescription.aspx?id=FieldSpec&location='KazakhstanMulti-Location'"
"Cameroon","SLB","Early Careers - Field Specialist","Engineering & Technical","Multi-Location, Cameroon","2026-04-07","https://careers.slb.com/jobdescription.aspx?id=FieldSpec&location='CameroonMulti-Location'"
"Gabon","SLB","Early Careers - Field Technical Analyst","Engineering & Technical","Multi-Location, Gabon","2026-04-07","https://careers.slb.com/jobdescription.aspx?id=FieldTechAnalyst&location='GabonMulti-Location'"
"Ghana","SLB","Early Careers - Field Technical Analyst","Engineering & Technical","Multi-Location, Ghana","2026-04-07","https://careers.slb.com/jobdescription.aspx?id=FieldTechAnalyst&location='GhanaMulti-Location'"
"Namibia","SLB","Early Careers - Field Technical Analyst","Engineering & Technical","Multi-Location, Namibia","2026-04-07","https://careers.slb.com/jobdescription.aspx?id=FieldTechAnalyst&location='NamibiaMulti-Location'"
"Ivory Coast","SLB","Early Careers - Field Technical Analyst","Engineering & Technical","Multi-Location, Ivory Coast","2026-04-07","https://careers.slb.com/jobdescription.aspx?id=FieldTechAnalyst&location='Ivory CoastMulti-Location'"
"Angola","SLB","Early Careers - Field Technical Analyst","Engineering & Technical","Multi-Location, Angola","2026-04-07","https://careers.slb.com/jobdescription.aspx?id=FieldTechAnalyst&location='AngolaMulti-Location'"
"Gabon","SLB","Early Careers - Finance","Finance & Accounting","Multi-Location, Gabon","2026-04-07","https://careers.slb.com/jobdescription.aspx?id=FO-Finance&location='GabonMulti-Location'"
"Malaysia","SLB","Early Careers - Finance Internships","Finance & Accounting","Petaling Jaya, Malaysia","2026-04-07","https://careers.slb.com/jobdescription.aspx?id=EF12125-en_US 1"
"Egypt","SLB","Early Careers - Functions Internship","General","Cairo, Egypt","2026-04-07","https://careers.slb.com/jobdescription.aspx?id=EF14459-en_US 1"
"South Sudan","SLB","Early Careers - Geologist","Geosciences","Multi-Location, South Sudan","2026-04-07","https://careers.slb.com/jobdescription.aspx?id=Geologist&location='South SudanMulti-Location'"
"Kazakhstan","SLB","Early Careers - Geologist","Geosciences","Multi-Location, Kazakhstan","2026-04-07","https://careers.slb.com/jobdescription.aspx?id=Geologist&location='KazakhstanMulti-Location'"
"Japan","SLB","Early Careers - Geologist","Geosciences","Multi-Location, Japan","2026-04-07","https://careers.slb.com/jobdescription.aspx?id=Geologist&location='JapanMulti-Location'"
"Angola","SLB","Early Careers - Geologist","Geosciences","Multi-Location, Angola","2026-04-07","https://careers.slb.com/jobdescription.aspx?id=Geologist&location='AngolaMulti-Location'"
"China","SLB","Early Careers - Geologist","Geosciences","Multi-Location, China","2026-04-07","https://careers.slb.com/jobdescription.aspx?id=Geologist&location='ChinaMulti-Location'"
"Kazakhstan","SLB","Early Careers - Geophysicist","Geosciences","Multi-Location, Kazakhstan","2026-04-07","https://careers.slb.com/jobdescription.aspx?id=Geophysicist&location='KazakhstanMulti-Location'"
"Nigeria","SLB","Early Careers - Geophysicist","Geosciences","Multi-Location, Nigeria","2026-04-07","https://careers.slb.com/jobdescription.aspx?id=Geophysicist&location='NigeriaMulti-Location'"
"Angola","SLB","Early Careers - Geophysicist","Geosciences","Multi-Location, Angola","2026-04-07","https://careers.slb.com/jobdescription.aspx?id=Geophysicist&location='AngolaMulti-Location'"
"Japan","SLB","Early Careers - Geophysicist","Geosciences","Multi-Location, Japan","2026-04-07","https://careers.slb.com/jobdescription.aspx?id=Geophysicist&location='JapanMulti-Location'"
"China","SLB","Early Careers - Geophysicist","Geosciences","Multi-Location, China","2026-04-07","https://careers.slb.com/jobdescription.aspx?id=Geophysicist&location='ChinaMulti-Location'"
"Kazakhstan","SLB","Early Careers - Geoscience and Petrotechnical Internships","Engineering & Technical","Multi-Location, Kazakhstan","2026-04-07","https://careers.slb.com/jobdescription.aspx?id=INT-Petro&location='KazakhstanMulti-Location'"
"Australia","SLB","Early Careers - Geoscience&Petrotechnical","Engineering & Technical","Multi-Location, Australia","2026-04-07","https://careers.slb.com/jobdescription.aspx?id=EF12054-en 1"
"Malaysia","SLB","Early Careers - Geoscience&Petrotechnical","Engineering & Technical","Multi-Location, Malaysia","2026-04-07","https://careers.slb.com/jobdescription.aspx?id=EF12053-en 1"
"India","SLB","Early Careers - Geoscience&Petrotechnical","Engineering & Technical","Multi-Location, India","2026-04-07","https://careers.slb.com/jobdescription.aspx?id=EF12068-en_US 1"
"Philippines","SLB","Early Careers - Geoscience&Petrotechnical","Engineering & Technical","Multi-Location, Philippines","2026-04-07","https://careers.slb.com/jobdescription.aspx?id=EF12053-en 4"
"Indonesia","SLB","Early Careers - Geoscience&Petrotechnical","Engineering & Technical","Multi-Location, Indonesia","2026-04-07","https://careers.slb.com/jobdescription.aspx?id=EF12063-en_US 1"
"Myanmar","SLB","Early Careers - Geoscience&Petrotechnical","Engineering & Technical","Multi-Location, Myanmar","2026-04-07","https://careers.slb.com/jobdescription.aspx?id=EF12053-en 5"
"vietnam","SLB","Early Careers - Geoscience&Petrotechnical","Engineering & Technical","Multi-Location, vietnam","2026-04-07","https://careers.slb.com/jobdescription.aspx?id=EF12053-en 2"
"brunei","SLB","Early Careers - Geoscience&Petrotechnical","Engineering & Technical","Multi-Location, brunei","2026-04-07","https://careers.slb.com/jobdescription.aspx?id=EF12053-en 3"
"Thailand","SLB","Early Careers - Geoscience&Petrotechnical","Engineering & Technical","Multi-Location, Thailand","2026-04-07","https://careers.slb.com/jobdescription.aspx?id=EF12053-en 6"
"Malaysia","SLB","Early Careers - HR Internships","HR & Training","Petaling Jaya, Malaysia","2026-04-07","https://careers.slb.com/jobdescription.aspx?id=EF12127-en_US 1"
"Nigeria","SLB","Early Careers - Human Resources","HR & Training","Multi-Location, Nigeria","2026-04-07","https://careers.slb.com/jobdescription.aspx?id=HRPro&location='NigeriaMulti-Location'"
"Nigeria","SLB","Early Careers - Human Resources Internships","HR & Training","Multi-Location, Nigeria","2026-04-07","https://careers.slb.com/jobdescription.aspx?id=73230&location='NigeriaMulti-Location'"
"Namibia","SLB","Early Careers - Human Resources Internships","HR & Training","Multi-Location, Namibia","2026-04-07","https://careers.slb.com/jobdescription.aspx?id=73230&location='NamibiaMulti-Location'"
"China","SLB","Early Careers - Human Resources Internships","HR & Training","Multi-Location, China","2026-04-07","https://careers.slb.com/jobdescription.aspx?id=73230&location='ChinaMulti-Location'"
"Congo","SLB","Early Careers - Human Resources Internships","HR & Training","Multi-Location, Congo","2026-04-07","https://careers.slb.com/jobdescription.aspx?id=73230&location='CongoMulti-Location'"
"Morocco","SLB","Early Careers - Human Resources Internships","HR & Training","Multi-Location, Morocco","2026-04-07","https://careers.slb.com/jobdescription.aspx?id=73230&location='MoroccoMulti-Location'"
"Mozambique","SLB","Early Careers - Human Resources Internships","HR & Training","Multi-Location, Mozambique","2026-04-07","https://careers.slb.com/jobdescription.aspx?id=73230&location='MozambiqueMulti-Location'"
"Senegal","SLB","Early Careers - Human Resources Internships","HR & Training","Multi-Location, Senegal","2026-04-07","https://careers.slb.com/jobdescription.aspx?id=73230&location='SenegalMulti-Location'"
"Tanzania","SLB","Early Careers - Human Resources Internships","HR & Training","Multi-Location, Tanzania","2026-04-07","https://careers.slb.com/jobdescription.aspx?id=73230&location='TanzaniaMulti-Location'"
"Gabon","SLB","Early Careers - Human Resources Internships","HR & Training","Multi-Location, Gabon","2026-04-07","https://careers.slb.com/jobdescription.aspx?id=73230&location='GabonMulti-Location'"
"Uganda","SLB","Early Careers - Human Resources Internships","HR & Training","Multi-Location, Uganda","2026-04-07","https://careers.slb.com/jobdescription.aspx?id=73230&location='UgandaMulti-Location'"
"Ghana","SLB","Early Careers - Human Resources Internships","HR & Training","Multi-Location, Ghana","2026-04-07","https://careers.slb.com/jobdescription.aspx?id=73230&location='GhanaMulti-Location'"
"São Tomé and Príncipe","SLB","Early Careers - Human Resources Internships","HR & Training","Multi-Location, São Tomé and Príncipe","2026-04-07","https://careers.slb.com/jobdescription.aspx?id=73230&location='São Tomé and PríncipeMulti-Location'"
"South Sudan","SLB","Early Careers - Human Resources Internships","HR & Training","Multi-Location, South Sudan","2026-04-07","https://careers.slb.com/jobdescription.aspx?id=73230&location='South SudanMulti-Location'"
"Azerbaijan","SLB","Early Careers - Human Resources Internships","HR & Training","Multi-Location, Azerbaijan","2026-04-07","https://careers.slb.com/jobdescription.aspx?id=73230&location='AzerbaijanMulti-Location'"
"Mauritania","SLB","Early Careers - Human Resources Internships","HR & Training","Multi-Location, Mauritania","2026-04-07","https://careers.slb.com/jobdescription.aspx?id=73230&location='MauritaniaMulti-Location'"
"Niger","SLB","Early Careers - Human Resources Internships","HR & Training","Multi-Location, Niger","2026-04-07","https://careers.slb.com/jobdescription.aspx?id=73230&location='NigerMulti-Location'"
"Kazakhstan","SLB","Early Careers - Human Resources Internships","HR & Training","Multi-Location, Kazakhstan","2026-04-07","https://careers.slb.com/jobdescription.aspx?id=73230&location='KazakhstanMulti-Location'"
"Kenya","SLB","Early Careers - Human Resources Internships","HR & Training","Multi-Location, Kenya","2026-04-07","https://careers.slb.com/jobdescription.aspx?id=73230&location='KenyaMulti-Location'"
"Republic of Congo","SLB","Early Careers - Human Resources Internships","HR & Training","Multi-Location, Republic of Congo","2026-04-07","https://careers.slb.com/jobdescription.aspx?id=73230&location='Republic of CongoMulti-Location'"
"Equatorial Guinea","SLB","Early Careers - Human Resources Internships","HR & Training","Multi-Location, Equatorial Guinea","2026-04-07","https://careers.slb.com/jobdescription.aspx?id=73230&location='Equatorial GuineaMulti-Location'"
"South Africa","SLB","Early Careers - Human Resources Internships","HR & Training","Multi-Location, South Africa","2026-04-07","https://careers.slb.com/jobdescription.aspx?id=73230&location='South AfricaMulti-Location'"
"Ivory Coast","SLB","Early Careers - Human Resources Internships","HR & Training","Multi-Location, Ivory Coast","2026-04-07","https://careers.slb.com/jobdescription.aspx?id=73230&location='Ivory CoastMulti-Location'"
"Jordan","SLB","Early Careers - Human Resources Internships","HR & Training","Multi-Location, Jordan","2026-04-07","https://careers.slb.com/jobdescription.aspx?id=73230&location='JordanMulti-Location'"
"Venezuela","SLB","Early Careers - Human Resources Internships","HR & Training","Multi-Location, Venezuela","2026-04-07","https://careers.slb.com/jobdescription.aspx?id=73230&location='VenezuelaMulti-Location'"
"Japan","SLB","Early Careers - Human Resources Internships","HR & Training","Multi-Location, Japan","2026-04-07","https://careers.slb.com/jobdescription.aspx?id=73230&location='JapanMulti-Location'"
"Cameroon","SLB","Early Careers - Human Resources Internships","HR & Training","Multi-Location, Cameroon","2026-04-07","https://careers.slb.com/jobdescription.aspx?id=73230&location='CameroonMulti-Location'"
"Ethiopia","SLB","Early Careers - Human Resources Internships","HR & Training","Multi-Location, Ethiopia","2026-04-07","https://careers.slb.com/jobdescription.aspx?id=73230&location='EthiopiaMulti-Location'"
"Angola","SLB","Early Careers - Human Resources Internships","HR & Training","Multi-Location, Angola","2026-04-07","https://careers.slb.com/jobdescription.aspx?id=73230&location='AngolaMulti-Location'"
"Uzbekistan","SLB","Early Careers - Human Resources Internships","HR & Training","Multi-Location, Uzbekistan","2026-04-07","https://careers.slb.com/jobdescription.aspx?id=73230&location='UzbekistanMulti-Location'"
"China","SLB","Early Careers - Information Technology","Digital & IT","Multi-Location, China","2026-04-07","https://careers.slb.com/jobdescription.aspx?id=ITServEng&location='ChinaMulti-Location'"
"Angola","SLB","Early Careers - Information Technology","Digital & IT","Multi-Location, Angola","2026-04-07","https://careers.slb.com/jobdescription.aspx?id=ITServEng&location='AngolaMulti-Location'"
"Malaysia","SLB","Early Careers - IT & Digital Internships","Digital & IT","Petaling Jaya, Malaysia","2026-04-07","https://careers.slb.com/jobdescription.aspx?id=EF12129-en_US 1"
"Australia","SLB","Early Careers - IT & Digital Internships","Digital & IT","Perth, Australia","2026-04-07","https://careers.slb.com/jobdescription.aspx?id=EF15102-en_US 1"
"Malaysia","SLB","Early Careers - Legal Internships","Legal & Compliance","Petaling Jaya, Malaysia","2026-04-07","https://careers.slb.com/jobdescription.aspx?id=EF12131-en_US 1"
"Namibia","SLB","Early Careers - Logistics Specialist","Supply Chain & Logistics","Multi-Location, Namibia","2026-04-07","https://careers.slb.com/jobdescription.aspx?id=FO-SupplyChain&location='NamibiaMulti-Location'"
"Uganda","SLB","Early Careers - Logistics Specialist","Supply Chain & Logistics","Multi-Location, Uganda","2026-04-07","https://careers.slb.com/jobdescription.aspx?id=FO-SupplyChain&location='UgandaMulti-Location'"
"China","SLB","Early Careers - Logistics Specialist","Supply Chain & Logistics","Multi-Location, China","2026-04-07","https://careers.slb.com/jobdescription.aspx?id=FO-SupplyChain&location='ChinaMulti-Location'"
"Cameroon","SLB","Early Careers - Logistics Specialist","Supply Chain & Logistics","Multi-Location, Cameroon","2026-04-07","https://careers.slb.com/jobdescription.aspx?id=FO-SupplyChain&location='CameroonMulti-Location'"
"Ghana","SLB","Early Careers - Logistics Specialist","Supply Chain & Logistics","Multi-Location, Ghana","2026-04-07","https://careers.slb.com/jobdescription.aspx?id=FO-SupplyChain&location='GhanaMulti-Location'"
"Ivory Coast","SLB","Early Careers - Logistics Specialist","Supply Chain & Logistics","Multi-Location, Ivory Coast","2026-04-07","https://careers.slb.com/jobdescription.aspx?id=FO-SupplyChain&location='Ivory CoastMulti-Location'"
"China","SLB","Early Careers - Maintenance Engineer","Engineering & Technical","Multi-Location, China","2026-04-07","https://careers.slb.com/jobdescription.aspx?id=MAINT-Eng&location='ChinaMulti-Location'"
"Gabon","SLB","Early Careers - Maintenance Engineer","Engineering & Technical","Multi-Location, Gabon","2026-04-07","https://careers.slb.com/jobdescription.aspx?id=MAINT-Eng&location='GabonMulti-Location'"
"Angola","SLB","Early Careers - Maintenance Engineer","Engineering & Technical","Multi-Location, Angola","2026-04-07","https://careers.slb.com/jobdescription.aspx?id=MAINT-Eng&location='AngolaMulti-Location'"
"Azerbaijan","SLB","Early Careers - Maintenance Engineer","Engineering & Technical","Multi-Location, Azerbaijan","2026-04-07","https://careers.slb.com/jobdescription.aspx?id=MAINT-Eng&location='AzerbaijanMulti-Location'"
"Ivory Coast","SLB","Early Careers - Maintenance Engineer","Engineering & Technical","Multi-Location, Ivory Coast","2026-04-07","https://careers.slb.com/jobdescription.aspx?id=MAINT-Eng&location='Ivory CoastMulti-Location'"
"Ghana","SLB","Early Careers - Maintenance Engineer","Engineering & Technical","Multi-Location, Ghana","2026-04-07","https://careers.slb.com/jobdescription.aspx?id=MAINT-Eng&location='GhanaMulti-Location'"
"Kazakhstan","SLB","Early Careers - Maintenance Engineer","Engineering & Technical","Multi-Location, Kazakhstan","2026-04-07","https://careers.slb.com/jobdescription.aspx?id=MAINT-Eng&location='KazakhstanMulti-Location'"
"Uganda","SLB","Early Careers - Maintenance Engineer","Engineering & Technical","Multi-Location, Uganda","2026-04-07","https://careers.slb.com/jobdescription.aspx?id=MAINT-Eng&location='UgandaMulti-Location'"
"Nigeria","SLB","Early Careers - Maintenance Engineer","Engineering & Technical","Multi-Location, Nigeria","2026-04-07","https://careers.slb.com/jobdescription.aspx?id=MAINT-Eng&location='NigeriaMulti-Location'"
"Republic of Congo","SLB","Early Careers - Maintenance Engineer","Engineering & Technical","Multi-Location, Republic of Congo","2026-04-07","https://careers.slb.com/jobdescription.aspx?id=MAINT-Eng&location='Republic of CongoMulti-Location'"
"Egypt","SLB","Early Careers - Maintenance Internship","Operations & Maintenance","Cairo, Egypt","2026-04-07","https://careers.slb.com/jobdescription.aspx?id=EF14458-en_US 1"
"Gabon","SLB","Early Careers - Maintenance Technician","Engineering & Technical","Multi-Location, Gabon","2026-04-07","https://careers.slb.com/jobdescription.aspx?id=MAINT-Tech&location='GabonMulti-Location'"
"Ghana","SLB","Early Careers - Maintenance Technician","Engineering & Technical","Multi-Location, Ghana","2026-04-07","https://careers.slb.com/jobdescription.aspx?id=MAINT-Tech&location='GhanaMulti-Location'"
"Azerbaijan","SLB","Early Careers - Maintenance Technician","Engineering & Technical","Multi-Location, Azerbaijan","2026-04-07","https://careers.slb.com/jobdescription.aspx?id=MAINT-Tech&location='AzerbaijanMulti-Location'"
"Angola","SLB","Early Careers - Maintenance Technician","Engineering & Technical","Multi-Location, Angola","2026-04-07","https://careers.slb.com/jobdescription.aspx?id=MAINT-Tech&location='AngolaMulti-Location'"
"China","SLB","Early Careers - Maintenance Technician","Engineering & Technical","Multi-Location, China","2026-04-07","https://careers.slb.com/jobdescription.aspx?id=MAINT-Tech&location='ChinaMulti-Location'"
"Nigeria","SLB","Early Careers - Maintenance Technician","Engineering & Technical","Multi-Location, Nigeria","2026-04-07","https://careers.slb.com/jobdescription.aspx?id=MAINT-Tech&location='NigeriaMulti-Location'"
"Namibia","SLB","Early Careers - Maintenance Technician","Engineering & Technical","Multi-Location, Namibia","2026-04-07","https://careers.slb.com/jobdescription.aspx?id=MAINT-Tech&location='NamibiaMulti-Location'"
"Uganda","SLB","Early Careers - Maintenance Technician","Engineering & Technical","Multi-Location, Uganda","2026-04-07","https://careers.slb.com/jobdescription.aspx?id=MAINT-Tech&location='UgandaMulti-Location'"
"Kazakhstan","SLB","Early Careers - Maintenance Technician","Engineering & Technical","Multi-Location, Kazakhstan","2026-04-07","https://careers.slb.com/jobdescription.aspx?id=MAINT-Tech&location='KazakhstanMulti-Location'"
"Equatorial Guinea","SLB","Early Careers - Maintenance Technician","Engineering & Technical","Multi-Location, Equatorial Guinea","2026-04-07","https://careers.slb.com/jobdescription.aspx?id=MAINT-Tech&location='Equatorial GuineaMulti-Location'"
"Mozambique","SLB","Early Careers - Maintenance Technician","Engineering & Technical","Multi-Location, Mozambique","2026-04-07","https://careers.slb.com/jobdescription.aspx?id=MAINT-Tech&location='MozambiqueMulti-Location'"
"Ivory Coast","SLB","Early Careers - Maintenance Technician","Engineering & Technical","Multi-Location, Ivory Coast","2026-04-07","https://careers.slb.com/jobdescription.aspx?id=MAINT-Tech&location='Ivory CoastMulti-Location'"
"China","SLB","Early Careers - Materials Specialist","Supply Chain & Logistics","Multi-Location, China","2026-04-07","https://careers.slb.com/jobdescription.aspx?id=67998&location='ChinaMulti-Location'"
"Cameroon","SLB","Early Careers - Materials Specialist","Supply Chain & Logistics","Multi-Location, Cameroon","2026-04-07","https://careers.slb.com/jobdescription.aspx?id=67998&location='CameroonMulti-Location'"
"Ghana","SLB","Early Careers - Materials Specialist","Supply Chain & Logistics","Multi-Location, Ghana","2026-04-07","https://careers.slb.com/jobdescription.aspx?id=67998&location='GhanaMulti-Location'"
"Uganda","SLB","Early Careers - Materials Specialist","Supply Chain & Logistics","Multi-Location, Uganda","2026-04-07","https://careers.slb.com/jobdescription.aspx?id=67998&location='UgandaMulti-Location'"
"Namibia","SLB","Early Careers - Materials Specialist","Supply Chain & Logistics","Multi-Location, Namibia","2026-04-07","https://careers.slb.com/jobdescription.aspx?id=67998&location='NamibiaMulti-Location'"
"Ivory Coast","SLB","Early Careers - Materials Specialist","Supply Chain & Logistics","Multi-Location, Ivory Coast","2026-04-07","https://careers.slb.com/jobdescription.aspx?id=67998&location='Ivory CoastMulti-Location'"
"Egypt","SLB","Early Careers - Operations","Operations & Maintenance","Multi-Location, Egypt","2026-04-07","https://careers.slb.com/jobdescription.aspx?id=EF12074-en_US 1"
"Italy","SLB","Early Careers - Operations Internship","Operations & Maintenance","Multi-Location, Italy","2026-04-07","https://careers.slb.com/jobdescription.aspx?id=EF12654-en_US 3"
"Netherlands","SLB","Early Careers - Operations Internship","Operations & Maintenance","Multi-Location, Netherlands","2026-04-07","https://careers.slb.com/jobdescription.aspx?id=EF12654-en_US 4"
"Hungary","SLB","Early Careers - Operations Internship","Operations & Maintenance","Multi-Location, Hungary","2026-04-07","https://careers.slb.com/jobdescription.aspx?id=EF12654-en_US 7"
"Australia","SLB","Early Careers - Operations Internship","Operations & Maintenance","Perth, Australia","2026-04-07","https://careers.slb.com/jobdescription.aspx?id=EF15101-en_US 1"
"Ukraine","SLB","Early Careers - Operations Internship","Operations & Maintenance","Multi-Location, Ukraine","2026-04-07","https://careers.slb.com/jobdescription.aspx?id=EF12654-en_US 8"
"Romania","SLB","Early Careers - Operations Internship","Operations & Maintenance","Multi-Location, Romania","2026-04-07","https://careers.slb.com/jobdescription.aspx?id=EF12654-en_US 1"
"UK","SLB","Early Careers - Operations Internship","Operations & Maintenance","Multi-Location, UK","2026-04-07","https://careers.slb.com/jobdescription.aspx?id=EF12654-en_US 2"
"Germany","SLB","Early Careers - Operations Internship","Operations & Maintenance","Multi-Location, Germany","2026-04-07","https://careers.slb.com/jobdescription.aspx?id=EF12654-en_US 5"
"Turkiye","SLB","Early Careers - Operations Internship","Operations & Maintenance","Multi-Location, Turkiye","2026-04-07","https://careers.slb.com/jobdescription.aspx?id=EF12654-en_US 6"
"Unknown","SLB","Early Careers - Operations Internship","Operations & Maintenance","Unknown","2026-04-07","https://careers.slb.com/jobdescription.aspx?id=EF9016-en_US 5"
"Unknown","SLB","Early Careers - Operations Internship","Operations & Maintenance","Unknown","2026-04-07","https://careers.slb.com/jobdescription.aspx?id=EF9016-en_US 6"
"Saudi Arabia","SLB","Early Careers - Operations Internship","Operations & Maintenance","Multi-Location, Saudi Arabia","2026-04-07","https://careers.slb.com/jobdescription.aspx?id=EF9016-en_US 1"
"Unknown","SLB","Early Careers - Operations Internship","Operations & Maintenance","Unknown","2026-04-07","https://careers.slb.com/jobdescription.aspx?id=EF9016-en_US 2"
"Unknown","SLB","Early Careers - Operations Internship","Operations & Maintenance","Unknown","2026-04-07","https://careers.slb.com/jobdescription.aspx?id=EF9016-en_US 7"
"Unknown","SLB","Early Careers - Operations Internship","Operations & Maintenance","Unknown","2026-04-07","https://careers.slb.com/jobdescription.aspx?id=EF9016-en_US 8"
"Unknown","SLB","Early Careers - Operations Internship","Operations & Maintenance","Unknown","2026-04-07","https://careers.slb.com/jobdescription.aspx?id=EF9016-en_US 3"
"Unknown","SLB","Early Careers - Operations Internship","Operations & Maintenance","Unknown","2026-04-07","https://careers.slb.com/jobdescription.aspx?id=EF9016-en_US 4"
"Kazakhstan","SLB","Early Careers - Operations Internships","Operations & Maintenance","Multi-Location, Kazakhstan","2026-04-07","https://careers.slb.com/jobdescription.aspx?id=INT-FieldEng&location='KazakhstanMulti-Location'"
"France","SLB","Early Careers - Operations Internships","Operations & Maintenance","Multi-Location, France","2026-04-07","https://careers.slb.com/jobdescription.aspx?id=INT-FieldEng&location='FranceMulti-Location'"
"China","SLB","Early Careers - Operations Internships","Operations & Maintenance","Multi-Location, China","2026-04-07","https://careers.slb.com/jobdescription.aspx?id=INT-FieldEng&location='ChinaMulti-Location'"
"UK","SLB","Early Careers - Operations Internships","Operations & Maintenance","Multi-Location, UK","2026-04-07","https://careers.slb.com/jobdescription.aspx?id=INT-FieldEng&location='United KingdomMulti-Location'"
"Oman","SLB","Early Careers - Operations Maintenance","Operations & Maintenance","Multi-Location, Oman","2026-04-07","https://careers.slb.com/jobdescription.aspx?id=EF6448-en_US 6"
"Pakistan","SLB","Early Careers - Operations Maintenance","Operations & Maintenance","Multi-Location, Pakistan","2026-04-07","https://careers.slb.com/jobdescription.aspx?id=EF6448-en_US 7"
"Qatar","SLB","Early Careers - Operations Maintenance","Operations & Maintenance","Multi-Location, Qatar","2026-04-07","https://careers.slb.com/jobdescription.aspx?id=EF6448-en_US 2"
"UAE","SLB","Early Careers - Operations Maintenance","Operations & Maintenance","Multi-Location, UAE","2026-04-07","https://careers.slb.com/jobdescription.aspx?id=EF6448-en_US 3"
"Kuwait","SLB","Early Careers - Operations Maintenance","Operations & Maintenance","Multi-Location, Kuwait","2026-04-07","https://careers.slb.com/jobdescription.aspx?id=EF6448-en_US 5"
"Bahrain","SLB","Early Careers - Operations Maintenance","Operations & Maintenance","Multi-Location, Bahrain","2026-04-07","https://careers.slb.com/jobdescription.aspx?id=EF6448-en_US 4"
"Saudi Arabia","SLB","Early Careers - Operations Maintenance","Operations & Maintenance","Multi-Location, Saudi Arabia","2026-04-07","https://careers.slb.com/jobdescription.aspx?id=EF6448-en_US 1"
"Kazakhstan","SLB","Early Careers - Petrophysicist","Geosciences","Multi-Location, Kazakhstan","2026-04-07","https://careers.slb.com/jobdescription.aspx?id=Petrophysicist&location='KazakhstanMulti-Location'"
"China","SLB","Early Careers - Petrophysicist","Geosciences","Multi-Location, China","2026-04-07","https://careers.slb.com/jobdescription.aspx?id=Petrophysicist&location='ChinaMulti-Location'"
"China","SLB","Early Careers - Procurement Specialist","Supply Chain & Logistics","Multi-Location, China","2026-04-07","https://careers.slb.com/jobdescription.aspx?id=ProcurementSpecialist&location='ChinaMulti-Location'"
"Cameroon","SLB","Early Careers - Procurement Specialist","Supply Chain & Logistics","Multi-Location, Cameroon","2026-04-07","https://careers.slb.com/jobdescription.aspx?id=ProcurementSpecialist&location='CameroonMulti-Location'"
"Namibia","SLB","Early Careers - Procurement Specialist","Supply Chain & Logistics","Multi-Location, Namibia","2026-04-07","https://careers.slb.com/jobdescription.aspx?id=ProcurementSpecialist&location='NamibiaMulti-Location'"
"Uganda","SLB","Early Careers - Procurement Specialist","Supply Chain & Logistics","Multi-Location, Uganda","2026-04-07","https://careers.slb.com/jobdescription.aspx?id=ProcurementSpecialist&location='UgandaMulti-Location'"
"Ghana","SLB","Early Careers - Procurement Specialist","Supply Chain & Logistics","Multi-Location, Ghana","2026-04-07","https://careers.slb.com/jobdescription.aspx?id=ProcurementSpecialist&location='GhanaMulti-Location'"
"Ivory Coast","SLB","Early Careers - Procurement Specialist","Supply Chain & Logistics","Multi-Location, Ivory Coast","2026-04-07","https://careers.slb.com/jobdescription.aspx?id=ProcurementSpecialist&location='Ivory CoastMulti-Location'"
"Nigeria","SLB","Early Careers - Production Optimization Engineer","Engineering & Technical","Multi-Location, Nigeria","2026-04-07","https://careers.slb.com/jobdescription.aspx?id=ProdOptEng&location='NigeriaMulti-Location'"
"China","SLB","Early Careers - Production Optimization Engineer","Engineering & Technical","Multi-Location, China","2026-04-07","https://careers.slb.com/jobdescription.aspx?id=ProdOptEng&location='ChinaMulti-Location'"
"Angola","SLB","Early Careers - Production Optimization Engineer","Engineering & Technical","Multi-Location, Angola","2026-04-07","https://careers.slb.com/jobdescription.aspx?id=ProdOptEng&location='AngolaMulti-Location'"
"Angola","SLB","Early Careers - Reservoir Engineer","Geosciences","Multi-Location, Angola","2026-04-07","https://careers.slb.com/jobdescription.aspx?id=ReservoirEng&location='AngolaMulti-Location'"
"China","SLB","Early Careers - Reservoir Engineer","Geosciences","Multi-Location, China","2026-04-07","https://careers.slb.com/jobdescription.aspx?id=ReservoirEng&location='ChinaMulti-Location'"
"Uganda","SLB","Early Careers - Reservoir Engineer","Geosciences","Multi-Location, Uganda","2026-04-07","https://careers.slb.com/jobdescription.aspx?id=ReservoirEng&location='UgandaMulti-Location'"
"Kazakhstan","SLB","Early Careers - Reservoir Engineer","Geosciences","Multi-Location, Kazakhstan","2026-04-07","https://careers.slb.com/jobdescription.aspx?id=ReservoirEng&location='KazakhstanMulti-Location'"
"Nigeria","SLB","Early Careers - Reservoir Engineer","Geosciences","Multi-Location, Nigeria","2026-04-07","https://careers.slb.com/jobdescription.aspx?id=ReservoirEng&location='NigeriaMulti-Location'"
"UK","SLB","Early Careers - Reservoir Engineer","Geosciences","Multi-Location, UK","2026-04-07","https://careers.slb.com/jobdescription.aspx?id=ReservoirEng&location='United KingdomMulti-Location'"
"Japan","SLB","Early Careers - Reservoir Engineer","Geosciences","Multi-Location, Japan","2026-04-07","https://careers.slb.com/jobdescription.aspx?id=ReservoirEng&location='JapanMulti-Location'"
"Nigeria","SLB","Early Careers - Sales Representative","Business & Operations","Multi-Location, Nigeria","2026-04-07","https://careers.slb.com/jobdescription.aspx?id=FO-SALES&location='NigeriaMulti-Location'"
"Namibia","SLB","Early Careers - Sourcing Specialist","General","Multi-Location, Namibia","2026-04-07","https://careers.slb.com/jobdescription.aspx?id=SourcingSpecialist&location='NamibiaMulti-Location'"
"Uganda","SLB","Early Careers - Sourcing Specialist","General","Multi-Location, Uganda","2026-04-07","https://careers.slb.com/jobdescription.aspx?id=SourcingSpecialist&location='UgandaMulti-Location'"
"Cameroon","SLB","Early Careers - Sourcing Specialist","General","Multi-Location, Cameroon","2026-04-07","https://careers.slb.com/jobdescription.aspx?id=SourcingSpecialist&location='CameroonMulti-Location'"
"Ivory Coast","SLB","Early Careers - Sourcing Specialist","General","Multi-Location, Ivory Coast","2026-04-07","https://careers.slb.com/jobdescription.aspx?id=SourcingSpecialist&location='Ivory CoastMulti-Location'"
"China","SLB","Early Careers - Sourcing Specialist","General","Multi-Location, China","2026-04-07","https://careers.slb.com/jobdescription.aspx?id=SourcingSpecialist&location='ChinaMulti-Location'"
"Ghana","SLB","Early Careers - Sourcing Specialist","General","Multi-Location, Ghana","2026-04-07","https://careers.slb.com/jobdescription.aspx?id=SourcingSpecialist&location='GhanaMulti-Location'"
"Ghana","SLB","Early Careers - Supply Chain","Supply Chain & Logistics","Multi-Location, Ghana","2026-04-07","https://careers.slb.com/jobdescription.aspx?id=FO-SupportFunct&location='GhanaMulti-Location'"
"Cameroon","SLB","Early Careers - Supply Chain","Supply Chain & Logistics","Multi-Location, Cameroon","2026-04-07","https://careers.slb.com/jobdescription.aspx?id=FO-SupportFunct&location='CameroonMulti-Location'"
"China","SLB","Early Careers - Supply Chain","Supply Chain & Logistics","Multi-Location, China","2026-04-07","https://careers.slb.com/jobdescription.aspx?id=FO-SupportFunct&location='ChinaMulti-Location'"
"Namibia","SLB","Early Careers - Supply Chain","Supply Chain & Logistics","Multi-Location, Namibia","2026-04-07","https://careers.slb.com/jobdescription.aspx?id=FO-SupportFunct&location='NamibiaMulti-Location'"
"Ivory Coast","SLB","Early Careers - Supply Chain","Supply Chain & Logistics","Multi-Location, Ivory Coast","2026-04-07","https://careers.slb.com/jobdescription.aspx?id=FO-SupportFunct&location='Ivory CoastMulti-Location'"
"Uganda","SLB","Early Careers - Supply Chain","Supply Chain & Logistics","Multi-Location, Uganda","2026-04-07","https://careers.slb.com/jobdescription.aspx?id=FO-SupportFunct&location='UgandaMulti-Location'"
"Malaysia","SLB","Early Careers - Supply Chain Internships","Supply Chain & Logistics","Petaling Jaya, Malaysia","2026-04-07","https://careers.slb.com/jobdescription.aspx?id=EF12126-en_US 1"
"Jordan","SLB","Early Careers - Supply Chain Internships","Supply Chain & Logistics","Multi-Location, Jordan","2026-04-07","https://careers.slb.com/jobdescription.aspx?id=SupplyChainIntern&location='JordanMulti-Location'"
"Japan","SLB","Early Careers - Supply Chain Internships","Supply Chain & Logistics","Multi-Location, Japan","2026-04-07","https://careers.slb.com/jobdescription.aspx?id=SupplyChainIntern&location='JapanMulti-Location'"
"Mozambique","SLB","Early Careers - Supply Chain Internships","Supply Chain & Logistics","Multi-Location, Mozambique","2026-04-07","https://careers.slb.com/jobdescription.aspx?id=SupplyChainIntern&location='MozambiqueMulti-Location'"
"Azerbaijan","SLB","Early Careers - Supply Chain Internships","Supply Chain & Logistics","Multi-Location, Azerbaijan","2026-04-07","https://careers.slb.com/jobdescription.aspx?id=SupplyChainIntern&location='AzerbaijanMulti-Location'"
"Uganda","SLB","Early Careers - Supply Chain Internships","Supply Chain & Logistics","Multi-Location, Uganda","2026-04-07","https://careers.slb.com/jobdescription.aspx?id=SupplyChainIntern&location='UgandaMulti-Location'"
"Namibia","SLB","Early Careers - Supply Chain Internships","Supply Chain & Logistics","Multi-Location, Namibia","2026-04-07","https://careers.slb.com/jobdescription.aspx?id=SupplyChainIntern&location='NamibiaMulti-Location'"
"Angola","SLB","Early Careers - Supply Chain Internships","Supply Chain & Logistics","Multi-Location, Angola","2026-04-07","https://careers.slb.com/jobdescription.aspx?id=SupplyChainIntern&location='AngolaMulti-Location'"
"Cameroon","SLB","Early Careers - Supply Chain Internships","Supply Chain & Logistics","Multi-Location, Cameroon","2026-04-07","https://careers.slb.com/jobdescription.aspx?id=SupplyChainIntern&location='CameroonMulti-Location'"
"Kenya","SLB","Early Careers - Supply Chain Internships","Supply Chain & Logistics","Multi-Location, Kenya","2026-04-07","https://careers.slb.com/jobdescription.aspx?id=SupplyChainIntern&location='KenyaMulti-Location'"
"Uzbekistan","SLB","Early Careers - Supply Chain Internships","Supply Chain & Logistics","Multi-Location, Uzbekistan","2026-04-07","https://careers.slb.com/jobdescription.aspx?id=SupplyChainIntern&location='UzbekistanMulti-Location'"
"Nigeria","SLB","Early Careers - Supply Chain Internships","Supply Chain & Logistics","Multi-Location, Nigeria","2026-04-07","https://careers.slb.com/jobdescription.aspx?id=SupplyChainIntern&location='NigeriaMulti-Location'"
"Tanzania","SLB","Early Careers - Supply Chain Internships","Supply Chain & Logistics","Multi-Location, Tanzania","2026-04-07","https://careers.slb.com/jobdescription.aspx?id=SupplyChainIntern&location='TanzaniaMulti-Location'"
"Equatorial Guinea","SLB","Early Careers - Supply Chain Internships","Supply Chain & Logistics","Multi-Location, Equatorial Guinea","2026-04-07","https://careers.slb.com/jobdescription.aspx?id=SupplyChainIntern&location='Equatorial GuineaMulti-Location'"
"Congo","SLB","Early Careers - Supply Chain Internships","Supply Chain & Logistics","Multi-Location, Congo","2026-04-07","https://careers.slb.com/jobdescription.aspx?id=SupplyChainIntern&location='CongoMulti-Location'"
"China","SLB","Early Careers - Supply Chain Internships","Supply Chain & Logistics","Multi-Location, China","2026-04-07","https://careers.slb.com/jobdescription.aspx?id=SupplyChainIntern&location='ChinaMulti-Location'"
"Niger","SLB","Early Careers - Supply Chain Internships","Supply Chain & Logistics","Multi-Location, Niger","2026-04-07","https://careers.slb.com/jobdescription.aspx?id=SupplyChainIntern&location='NigerMulti-Location'"
"Kazakhstan","SLB","Early Careers - Supply Chain Internships","Supply Chain & Logistics","Multi-Location, Kazakhstan","2026-04-07","https://careers.slb.com/jobdescription.aspx?id=SupplyChainIntern&location='KazakhstanMulti-Location'"
"São Tomé and Príncipe","SLB","Early Careers - Supply Chain Internships","Supply Chain & Logistics","Multi-Location, São Tomé and Príncipe","2026-04-07","https://careers.slb.com/jobdescription.aspx?id=SupplyChainIntern&location='São Tomé and PríncipeMulti-Location'"
"Ivory Coast","SLB","Early Careers - Supply Chain Internships","Supply Chain & Logistics","Multi-Location, Ivory Coast","2026-04-07","https://careers.slb.com/jobdescription.aspx?id=SupplyChainIntern&location='Ivory CoastMulti-Location'"
"Mauritania","SLB","Early Careers - Supply Chain Internships","Supply Chain & Logistics","Multi-Location, Mauritania","2026-04-07","https://careers.slb.com/jobdescription.aspx?id=SupplyChainIntern&location='MauritaniaMulti-Location'"
"Gabon","SLB","Early Careers - Supply Chain Internships","Supply Chain & Logistics","Multi-Location, Gabon","2026-04-07","https://careers.slb.com/jobdescription.aspx?id=SupplyChainIntern&location='GabonMulti-Location'"
"Ghana","SLB","Early Careers - Supply Chain Internships","Supply Chain & Logistics","Multi-Location, Ghana","2026-04-07","https://careers.slb.com/jobdescription.aspx?id=SupplyChainIntern&location='GhanaMulti-Location'"
"South Africa","SLB","Early Careers - Supply Chain Internships","Supply Chain & Logistics","Multi-Location, South Africa","2026-04-07","https://careers.slb.com/jobdescription.aspx?id=SupplyChainIntern&location='South AfricaMulti-Location'"
"South Sudan","SLB","Early Careers - Supply Chain Internships","Supply Chain & Logistics","Multi-Location, South Sudan","2026-04-07","https://careers.slb.com/jobdescription.aspx?id=SupplyChainIntern&location='South SudanMulti-Location'"
"Morocco","SLB","Early Careers - Supply Chain Internships","Supply Chain & Logistics","Multi-Location, Morocco","2026-04-07","https://careers.slb.com/jobdescription.aspx?id=SupplyChainIntern&location='MoroccoMulti-Location'"
"Senegal","SLB","Early Careers - Supply Chain Internships","Supply Chain & Logistics","Multi-Location, Senegal","2026-04-07","https://careers.slb.com/jobdescription.aspx?id=SupplyChainIntern&location='SenegalMulti-Location'"
"Republic of Congo","SLB","Early Careers - Supply Chain Internships","Supply Chain & Logistics","Multi-Location, Republic of Congo","2026-04-07","https://careers.slb.com/jobdescription.aspx?id=SupplyChainIntern&location='Republic of CongoMulti-Location'"
"Venezuela","SLB","Early Careers - Supply Chain Internships","Supply Chain & Logistics","Multi-Location, Venezuela","2026-04-07","https://careers.slb.com/jobdescription.aspx?id=SupplyChainIntern&location='VenezuelaMulti-Location'"
"Ethiopia","SLB","Early Careers - Supply Chain Internships","Supply Chain & Logistics","Multi-Location, Ethiopia","2026-04-07","https://careers.slb.com/jobdescription.aspx?id=SupplyChainIntern&location='EthiopiaMulti-Location'"
"Philippines","SLB","Early Careers - Technology Development","General","Multi-Location, Philippines","2026-04-07","https://careers.slb.com/jobdescription.aspx?id=EF12060-en_US 6"
"Myanmar","SLB","Early Careers - Technology Development","General","Multi-Location, Myanmar","2026-04-07","https://careers.slb.com/jobdescription.aspx?id=EF12060-en_US 7"
"Malaysia","SLB","Early Careers - Technology Development","General","Multi-Location, Malaysia","2026-04-07","https://careers.slb.com/jobdescription.aspx?id=EF12060-en_US 1"
"Singapore","SLB","Early Careers - Technology Development","General","Multi-Location, Singapore","2026-04-07","https://careers.slb.com/jobdescription.aspx?id=EF12060-en_US 2"
"Thailand","SLB","Early Careers - Technology Development","General","Multi-Location, Thailand","2026-04-07","https://careers.slb.com/jobdescription.aspx?id=EF12060-en_US 3"
"Vietnam","SLB","Early Careers - Technology Development","General","Multi-Location, Vietnam","2026-04-07","https://careers.slb.com/jobdescription.aspx?id=EF12060-en_US 4"
"Brunei","SLB","Early Careers - Technology Development","General","Multi-Location, Brunei","2026-04-07","https://careers.slb.com/jobdescription.aspx?id=EF12060-en_US 5"
"Kuwait","SLB","Early Careers -Geoscience&Petrotechnical","Engineering & Technical","Multi-Location, Kuwait","2026-04-07","https://careers.slb.com/jobdescription.aspx?id=EF6447-en_US 5"
"Oman","SLB","Early Careers -Geoscience&Petrotechnical","Engineering & Technical","Multi-Location, Oman","2026-04-07","https://careers.slb.com/jobdescription.aspx?id=EF6447-en_US 6"
"Qatar","SLB","Early Careers -Geoscience&Petrotechnical","Engineering & Technical","Multi-Location, Qatar","2026-04-07","https://careers.slb.com/jobdescription.aspx?id=EF6447-en_US 2"
"Saudi Arabia","SLB","Early Careers -Geoscience&Petrotechnical","Engineering & Technical","Multi-Location, Saudi Arabia","2026-04-07","https://careers.slb.com/jobdescription.aspx?id=EF6447-en_US 1"
"Bahrain","SLB","Early Careers -Geoscience&Petrotechnical","Engineering & Technical","Multi-Location, Bahrain","2026-04-07","https://careers.slb.com/jobdescription.aspx?id=EF6447-en_US 4"
"UAE","SLB","Early Careers -Geoscience&Petrotechnical","Engineering & Technical","Multi-Location, UAE","2026-04-07","https://careers.slb.com/jobdescription.aspx?id=EF6447-en_US 3"
"Pakistan","SLB","Early Careers -Geoscience&Petrotechnical","Engineering & Technical","Multi-Location, Pakistan","2026-04-07","https://careers.slb.com/jobdescription.aspx?id=EF6447-en_US 7"
"Ecuador","SLB","Early Careers- FET Ecuador","General","El Coca, Ecuador","2026-04-07","https://careers.slb.com/jobdescription.aspx?id=EF4634-en_US 1"
"Romania","SLB","Early Careers-Geoscience&Petrotechnical","Engineering & Technical","Multi-Location, Romania","2026-04-07","https://careers.slb.com/jobdescription.aspx?id=EF12075-en_US 1"
"Italy","SLB","Early Careers-Geoscience&Petrotechnical","Engineering & Technical","Multi-Location, Italy","2026-04-07","https://careers.slb.com/jobdescription.aspx?id=EF12075-en_US 2"
"UK","SLB","Early Careers-Geoscience&Petrotechnical","Engineering & Technical","Multi-Location, UK","2026-04-07","https://careers.slb.com/jobdescription.aspx?id=EF12075-en_US 3"
"Austria","SLB","Early Careers-Geoscience&Petrotechnical","Engineering & Technical","Multi-Location, Austria","2026-04-07","https://careers.slb.com/jobdescription.aspx?id=EF12075-en_US 4"
"Italy","SLB","Early Carreers - Wellsite Engineer Trainee","Drilling & Wells","Multi-Location, Italy","2026-04-07","https://careers.slb.com/jobdescription.aspx?id=EF12073-en 3"
"Germany","SLB","Early Carreers - Wellsite Engineer Trainee","Drilling & Wells","Multi-Location, Germany","2026-04-07","https://careers.slb.com/jobdescription.aspx?id=EF12073-en 4"
"Turkiye","SLB","Early Carreers - Wellsite Engineer Trainee","Drilling & Wells","Multi-Location, Turkiye","2026-04-07","https://careers.slb.com/jobdescription.aspx?id=EF12073-en 5"
"Hungary","SLB","Early Carreers - Wellsite Engineer Trainee","Drilling & Wells","Multi-Location, Hungary","2026-04-07","https://careers.slb.com/jobdescription.aspx?id=EF12073-en 6"
"UK","SLB","Early Carreers - Wellsite Engineer Trainee","Drilling & Wells","Multi-Location, UK","2026-04-07","https://careers.slb.com/jobdescription.aspx?id=EF12073-en 7"
"Romania","SLB","Early Carreers - Wellsite Engineer Trainee","Drilling & Wells","Multi-Location, Romania","2026-04-07","https://careers.slb.com/jobdescription.aspx?id=EF12073-en 1"
"Netherlands","SLB","Early Carreers - Wellsite Engineer Trainee","Drilling & Wells","Multi-Location, Netherlands","2026-04-07","https://careers.slb.com/jobdescription.aspx?id=EF12073-en 2"
"USA","SLB","EarlyCareers - Geoscience and Petrotechn","General","Multi-Location, USA","2026-04-07","https://careers.slb.com/jobdescription.aspx?id=EF10590-en_US 1"
"Ecuador","SLB","Ecuador Internship Program","General","Quito, Ecuador","2026-04-07","https://careers.slb.com/jobdescription.aspx?id=EF5557-en_US 1"
"Unknown","SLB","Ecuador Internship Program","General","Unknown","2026-04-07","https://careers.slb.com/jobdescription.aspx?id=EF5557-en_US 2"
"Libya","SLB","Edge Support Analyst","General","Tripoli, Libya","2026-04-07","https://careers.slb.com/jobdescription.aspx?id=EF13361-en_US 1"
"USA","SLB","Electrical Engineer","Engineering & Technical","Houston, USA","2026-04-07","https://careers.slb.com/jobdescription.aspx?id=EF10124-en_US 1"
"Romania","SLB","Electrical Maintenance Technician","Engineering & Technical","Campina, Romania","2026-04-07","https://careers.slb.com/jobdescription.aspx?id=EF13217-en_US 1"
"Algeria","SLB","Electronic Technician","Engineering & Technical","Hassi Messaoud, Algeria","2026-04-07","https://careers.slb.com/jobdescription.aspx?id=EF15293-en_US 1"
"USA","SLB","Electronic Technician","Engineering & Technical","Lafayette, USA","2026-04-07","https://careers.slb.com/jobdescription.aspx?id=EF14266-en_US 1"
"USA","SLB","Electronics Technician","Engineering & Technical","Tulsa, USA","2026-04-07","https://careers.slb.com/jobdescription.aspx?id=WDR00134814"
"USA","SLB","Electronics Technician - Night shift","Engineering & Technical","Tulsa, USA","2026-04-07","https://careers.slb.com/jobdescription.aspx?id=WDR00132735"
"USA","SLB","Electronics Test Technician","Engineering & Technical","Broken Arrow, USA","2026-04-07","https://careers.slb.com/jobdescription.aspx?id=WDR00135344"
"Brazil","SLB","Engenheiro (a) de Qualidade","General","Rio De Janeiro, Brazil","2026-04-07","https://careers.slb.com/jobdescription.aspx?id=EF13285-en_US 1"
"Brazil","SLB","Engenheiro de Campo de Completação","General","Macae, Brazil","2026-04-07","https://careers.slb.com/jobdescription.aspx?id=EF15246-en_US 1"
"USA","SLB","Engineer II","Engineering & Technical","Freeport, USA","2026-04-07","https://careers.slb.com/jobdescription.aspx?id=WDR00134728"
"Malaysia","SLB","Engineering Internship","Engineering & Technical","Multi-Location, Malaysia","2026-04-07","https://careers.slb.com/jobdescription.aspx?id=EF15082-en_US 1"
"Brunei","SLB","Engineering Internship","Engineering & Technical","Multi-Location, Brunei","2026-04-07","https://careers.slb.com/jobdescription.aspx?id=EF15082-en_US 2"
"Thailand","SLB","Engineering Internship","Engineering & Technical","Multi-Location, Thailand","2026-04-07","https://careers.slb.com/jobdescription.aspx?id=EF15082-en_US 5"
"Vietnam","SLB","Engineering Internship","Engineering & Technical","Multi-Location, Vietnam","2026-04-07","https://careers.slb.com/jobdescription.aspx?id=EF15082-en_US 6"
"Myanmar","SLB","Engineering Internship","Engineering & Technical","Multi-Location, Myanmar","2026-04-07","https://careers.slb.com/jobdescription.aspx?id=EF15082-en_US 3"
"Philippines","SLB","Engineering Internship","Engineering & Technical","Multi-Location, Philippines","2026-04-07","https://careers.slb.com/jobdescription.aspx?id=EF15082-en_US 4"
"Iraq","SLB","Equipment Operator","Operations & Maintenance","Basrah, Iraq","2026-04-07","https://careers.slb.com/jobdescription.aspx?id=EF13641-en_US 1"
"India","SLB","Equipment Operator","Operations & Maintenance","Navi Mumbai, India","2026-04-07","https://careers.slb.com/jobdescription.aspx?id=EF12320-en_US 1"
"USA","SLB","Equipment Operator","Operations & Maintenance","Lafayette, USA","2026-04-07","https://careers.slb.com/jobdescription.aspx?id=EF14769-en_US 1"
"Pakistan","SLB","Equipment Operator - Cementing","Operations & Maintenance","Khaskheli, Pakistan","2026-04-07","https://careers.slb.com/jobdescription.aspx?id=EF15569-en_US 1"
"USA","SLB","Equipment Readiness Engineer","Engineering & Technical","Lafayette, USA","2026-04-07","https://careers.slb.com/jobdescription.aspx?id=EF10645-en_US 1"
"Argentina","SLB","Especialista de Campo Direccional o MWD","General","Neuquen, Argentina","2026-04-07","https://careers.slb.com/jobdescription.aspx?id=EF5225-en_US 1"
"Argentina","SLB","Especialista de Campo Fractura","General","Neuquen, Argentina","2026-04-07","https://careers.slb.com/jobdescription.aspx?id=EF8108-en_US 1"
"Brazil","SLB","Especialista em Fluidos de Perfuração","General","Macae, Brazil","2026-04-07","https://careers.slb.com/jobdescription.aspx?id=EF15319-en_US 1"
"Brazil","SLB","Especialista em Logística","General","Manaus, Brazil","2026-04-07","https://careers.slb.com/jobdescription.aspx?id=EF14985-en_US 1"
"Argentina","SLB","Especialista en Fluidos - Inyeccionista","General","Neuquen, Argentina","2026-04-07","https://careers.slb.com/jobdescription.aspx?id=EF5103-en_US 1"
"Ecuador","SLB","Especialista Químico de Campo","General","El Coca, Ecuador","2026-04-07","https://careers.slb.com/jobdescription.aspx?id=EF15435-en_US 1"
"Brazil","SLB","Estágio - Banco de Talentos | Aracaju/SE","HR & Training","Nossa Senhora Do Socorro, Brazil","2026-04-07","https://careers.slb.com/jobdescription.aspx?id=EF11924-en_US 1"
"Brazil","SLB","Estágio - Banco de Talentos | Catu/BA","HR & Training","Nossa Senhora Do Socorro, Brazil","2026-04-07","https://careers.slb.com/jobdescription.aspx?id=EF11925-en_US 1"
"Brazil","SLB","Estágio - Banco de Talentos | Macaé/RJ","HR & Training","Macae, Brazil","2026-04-07","https://careers.slb.com/jobdescription.aspx?id=EF11926-en_US 1"
"Brazil","SLB","Estágio - Banco de Talentos | Rio/RJ","HR & Training","Rio De Janeiro, Brazil","2026-04-07","https://careers.slb.com/jobdescription.aspx?id=EF8062-en_US 1"
"Brazil","SLB","Estágio - Banco de Talentos | Taubaté/SP","HR & Training","Taubate, Brazil","2026-04-07","https://careers.slb.com/jobdescription.aspx?id=EF11927-en_US 1"
"USA","SLB","ETO Electrical Engineer","Engineering & Technical","Mobile, USA","2026-04-07","https://careers.slb.com/jobdescription.aspx?id=EF11788-en_US 1"
"USA","SLB","ETO Instrumentation engineer","Engineering & Technical","Houston, USA","2026-04-07","https://careers.slb.com/jobdescription.aspx?id=EF10130-en_US 1"
"USA","SLB","ETO Mechanical Engineer","Engineering & Technical","Houston, USA","2026-04-07","https://careers.slb.com/jobdescription.aspx?id=EF10121-en_US 1"
"UAE","SLB","ETO Process Engineer","Engineering & Technical","Dubai, UAE","2026-04-07","https://careers.slb.com/jobdescription.aspx?id=EF14930-en_US 1"
"USA","SLB","ETO Process Engineer","Engineering & Technical","Houston, USA","2026-04-07","https://careers.slb.com/jobdescription.aspx?id=EF12207-en_US 1"
"USA","SLB","Executive Administrative Assistant","Management","Houston, USA","2026-04-07","https://careers.slb.com/jobdescription.aspx?id=EF15095-en_US 1"
"Libya","SLB","Exploitation Manager","Management","Tripoli, Libya","2026-04-07","https://careers.slb.com/jobdescription.aspx?id=EF15561-en_US 1"
"USA","SLB","Export Planner","General","Sugar Land, USA","2026-04-07","https://careers.slb.com/jobdescription.aspx?id=WDR00134866"
"USA","SLB","FACILITY MAINTENANCE TECHNICIAN","Engineering & Technical","Ville Platte, USA","2026-04-07","https://careers.slb.com/jobdescription.aspx?id=EF13816-en_US 1"
"Mexico","SLB","Facility Specialist (Enfoque Electrico)","Operations & Maintenance","Villahermosa, Mexico","2026-04-07","https://careers.slb.com/jobdescription.aspx?id=EF14984-en_US 1"
"Ghana","SLB","Facility Specialist Intern","Operations & Maintenance","Accra, Ghana","2026-04-07","https://careers.slb.com/jobdescription.aspx?id=85784"
"Libya","SLB","FET - CWI Engineer","Engineering & Technical","Awjilah, Libya","2026-04-07","https://careers.slb.com/jobdescription.aspx?id=EF14641-en_US 1"
"Libya","SLB","FET - CWI Engineer","Engineering & Technical","Awjilah, Libya","2026-04-07","https://careers.slb.com/jobdescription.aspx?id=EF14642-en_US 1"
"Libya","SLB","FET - Facilities Engineer","Engineering & Technical","Awjilah, Libya","2026-04-07","https://careers.slb.com/jobdescription.aspx?id=EF14644-en_US 1"
"Libya","SLB","FET - Production Engineer","Engineering & Technical","Awjilah, Libya","2026-04-07","https://careers.slb.com/jobdescription.aspx?id=EF14643-en_US 1"
"Algeria","SLB","Field Engineer Trainee","Engineering & Technical","Hassi Messaoud, Algeria","2026-04-07","https://careers.slb.com/jobdescription.aspx?id=EF13024-en_US 1"
"Romania","SLB","Field Engineer Trainee","Engineering & Technical","Aricestii-Rahtivani, Romania","2026-04-07","https://careers.slb.com/jobdescription.aspx?id=EF13789-en_US 1"
"Guyana","SLB","Field Engineer Trainee","Engineering & Technical","Georgetown, Guyana","2026-04-07","https://careers.slb.com/jobdescription.aspx?id=EF13436-en_US 1"
"Algeria","SLB","Field Engineer Trainee","Engineering & Technical","Hassi Messaoud, Algeria","2026-04-07","https://careers.slb.com/jobdescription.aspx?id=EF13022-en_US 1"
"USA","SLB","Field Engineer Trainee","Engineering & Technical","Prudhoe Bay, USA","2026-04-07","https://careers.slb.com/jobdescription.aspx?id=EF12681-en_US 1"
"Canada","SLB","Field Engineer Trainee","Engineering & Technical","Calgary, Canada","2026-04-07","https://careers.slb.com/jobdescription.aspx?id=EF13934-en_US 1"
"USA","SLB","Field Engineer Trainee - Offshore","Engineering & Technical","Houma, USA","2026-04-07","https://careers.slb.com/jobdescription.aspx?id=EF12163-en_US 1"
"USA","SLB","Field Sales & Service Representative","Business & Operations","Tyler, USA","2026-04-07","https://careers.slb.com/jobdescription.aspx?id=WDR00135088"
"Canada","SLB","Field Sales Representative Drill Bits","Business & Operations","Grande Prairie, Canada","2026-04-07","https://careers.slb.com/jobdescription.aspx?id=EF14133-en_US 1"
"USA","SLB","Field Service Technician","Engineering & Technical","Watford City, USA","2026-04-07","https://careers.slb.com/jobdescription.aspx?id=WDR00135312"
"Canada","SLB","Field Service Technician","Engineering & Technical","Slave Lake, Canada","2026-04-07","https://careers.slb.com/jobdescription.aspx?id=WDR00135176"
"USA","SLB","Field Service Technician Trainee","Engineering & Technical","Odessa, USA","2026-04-07","https://careers.slb.com/jobdescription.aspx?id=WDR00135156"
"Canada","SLB","Field Specialist - Fluid Analysis","Engineering & Technical","Nisku, Canada","2026-04-07","https://careers.slb.com/jobdescription.aspx?id=EF14275-en_US 1"
"Brunei Darussalam","SLB","Field Specialist Trainee","Engineering & Technical","Seria, Brunei Darussalam","2026-04-07","https://careers.slb.com/jobdescription.aspx?id=EF15475-en_US 1"
"Republic of the Congo","SLB","Finance Intern","Finance & Accounting","POINTE NOIRE, Republic of the Congo","2026-04-07","https://careers.slb.com/jobdescription.aspx?id=85896"
"Trinidad","SLB","Finance Intern","Finance & Accounting","San Fernando, Trinidad","2026-04-07","https://careers.slb.com/jobdescription.aspx?id=EF15231-en_US 1"
"Guyana","SLB","Finance Intern","Finance & Accounting","Georgetown, Guyana","2026-04-07","https://careers.slb.com/jobdescription.aspx?id=EF15229-en_US 1"
"Romania","SLB","Finance Intern","Finance & Accounting","Bucharest, Romania","2026-04-07","https://careers.slb.com/jobdescription.aspx?id=EF14886-en_US 1"
"Australia","SLB","Fitter Machinist","General","Perth, Australia","2026-04-07","https://careers.slb.com/jobdescription.aspx?id=EF12495-en_US 1"
"USA","SLB","Fleet Mechanic","Engineering & Technical","Odessa, USA","2026-04-07","https://careers.slb.com/jobdescription.aspx?id=WDR00134147"
"USA","SLB","Flowback Specialist","General","Midland, USA","2026-04-07","https://careers.slb.com/jobdescription.aspx?id=WDR00135435"
"UK","SLB","Full-Waveform Inversion Specialist","General","Crawley, UK","2026-04-07","https://careers.slb.com/jobdescription.aspx?id=86352"
"USA","SLB","Gas Lift Service Technician","Engineering & Technical","Odessa, USA","2026-04-07","https://careers.slb.com/jobdescription.aspx?id=WDR00134622"
"Malaysia","SLB","GBS Digital Developer","Digital & IT","Petaling Jaya, Malaysia","2026-04-07","https://careers.slb.com/jobdescription.aspx?id=EF14695-en_US 1"
"Colombia","SLB","GBS Finance Student Intern","Finance & Accounting","Cota, Colombia","2026-04-07","https://careers.slb.com/jobdescription.aspx?id=EF15144-en_US 1"
"Colombia","SLB","GBS Human Resources Student Intern","HR & Training","Cota, Colombia","2026-04-07","https://careers.slb.com/jobdescription.aspx?id=EF15147-en_US 1"
"USA","SLB","Geologist","Geosciences","Houston, USA","2026-04-07","https://careers.slb.com/jobdescription.aspx?id=EF13602-en_US 1"
"Malaysia","SLB","Geophysicist","Geosciences","Kuala Lumpur, Malaysia","2026-04-07","https://careers.slb.com/jobdescription.aspx?id=EF15443-en_US 1"
"USA","SLB","Geophysicist","Geosciences","Houston, USA","2026-04-07","https://careers.slb.com/jobdescription.aspx?id=EF15489-en_US 1"
"India","SLB","Geophysicist","Geosciences","Pune, India","2026-04-07","https://careers.slb.com/jobdescription.aspx?id=EF13311-en_US 1"
"Egypt","SLB","Geoscience & Petrotechnical Internship","Engineering & Technical","Cairo, Egypt","2026-04-07","https://careers.slb.com/jobdescription.aspx?id=EF14460-en_US 1"
"Algeria","SLB","Geosolutions Geophysicist","Geosciences","Algiers, Algeria","2026-04-07","https://careers.slb.com/jobdescription.aspx?id=EF13364-en_US 1"
"Libya","SLB","Geosolutions Geophysicist","Geosciences","Tripoli, Libya","2026-04-07","https://careers.slb.com/jobdescription.aspx?id=EF11560-en_US 1"
"Algeria","SLB","Geosolutions Geophysicist","Geosciences","Algiers, Algeria","2026-04-07","https://careers.slb.com/jobdescription.aspx?id=EF11390-en_US 1"
"Brazil","SLB","Geosolutions Geophysicist - entry-level","Geosciences","Rio De Janeiro, Brazil","2026-04-07","https://careers.slb.com/jobdescription.aspx?id=EF13594-en_US 1"
"Malaysia","SLB","Global Business Services Hub Student Intern","General","Petaling Jaya, Malaysia","2026-04-07","https://careers.slb.com/jobdescription.aspx?id=66351"
"Libya","SLB","Graduate Geosolutions Geophysicist","Geosciences","Tripoli, Libya","2026-04-07","https://careers.slb.com/jobdescription.aspx?id=EF14125-en_US 1"
"Malaysia","SLB","GRDP Engineer","Engineering & Technical","Tanjung Pelepas, Malaysia","2026-04-07","https://careers.slb.com/jobdescription.aspx?id=EF14332-en_US 1"
"Brazil","SLB","GSS Data Analyst","General","Macae, Brazil","2026-04-07","https://careers.slb.com/jobdescription.aspx?id=EF12922-en_US 1"
"India","SLB","GSS Data Analyst","General","Pune, India","2026-04-07","https://careers.slb.com/jobdescription.aspx?id=EF14107-en_US 1"
"USA","SLB","GSS Pore Pressure Analyst","General","Youngsville, USA","2026-04-07","https://careers.slb.com/jobdescription.aspx?id=EF15029-en_US 1"
"USA","SLB","GSS Well Operations Analyst","Drilling & Wells","Anchorage, USA","2026-04-07","https://careers.slb.com/jobdescription.aspx?id=EF14875-en_US 1"
"Indonesia","SLB","HR Intern","HR & Training","Duri, Indonesia","2026-04-07","https://careers.slb.com/jobdescription.aspx?id=EF15419-en_US 1"
"Guyana","SLB","HR Intern","HR & Training","Georgetown, Guyana","2026-04-07","https://careers.slb.com/jobdescription.aspx?id=EF14809-en_US 1"
"Indonesia","SLB","HR Intern","HR & Training","Balikpapan, Indonesia","2026-04-07","https://careers.slb.com/jobdescription.aspx?id=EF15465-en_US 1"
"USA","SLB","HR Representative","HR & Training","Ville Platte, USA","2026-04-07","https://careers.slb.com/jobdescription.aspx?id=EF15194-en_US 1"
"USA","SLB","HSE & Facility Intern","HSE & Sustainability","Prudhoe Bay, USA","2026-04-07","https://careers.slb.com/jobdescription.aspx?id=EF14961-en_US 1"
"Romania","SLB","HSE Intern","HSE & Sustainability","Ploiesti, Romania","2026-04-07","https://careers.slb.com/jobdescription.aspx?id=EF14247-en_US 1"
"Malaysia","SLB","HSE Intern","HSE & Sustainability","Labuan, Malaysia","2026-04-07","https://careers.slb.com/jobdescription.aspx?id=EF13889-en_US 1"
"USA","SLB","HSE Specialist","HSE & Sustainability","Shreveport, USA","2026-04-07","https://careers.slb.com/jobdescription.aspx?id=EF10816-en_US 1"
"Mozambique","SLB","Human Resources Intern","HR & Training","Maputo, Mozambique","2026-04-07","https://careers.slb.com/jobdescription.aspx?id=86217"
"Cameroon","SLB","Human Resources Intern","HR & Training","Douala, Cameroon","2026-04-07","https://careers.slb.com/jobdescription.aspx?id=86196"
"Malaysia","SLB","Human Resources Student Internship Program","HR & Training","Petaling Jaya, Malaysia","2026-04-07","https://careers.slb.com/jobdescription.aspx?id=82050"
"Romania","SLB","Import-Export Intern","General","Aricestii-Rahtivani, Romania","2026-04-07","https://careers.slb.com/jobdescription.aspx?id=EF14172-en_US 1"
"Argentina","SLB","Ingeniería de Perforación Direccional","General","Neuquen, Argentina","2026-04-07","https://careers.slb.com/jobdescription.aspx?id=EF13496-en_US 1"
"Ecuador","SLB","Ingeniero de Aplicacion Sr","General","Quito, Ecuador","2026-04-07","https://careers.slb.com/jobdescription.aspx?id=WDR00129904"
"USA","SLB","Inspector","Engineering & Technical","Ville Platte, USA","2026-04-07","https://careers.slb.com/jobdescription.aspx?id=EF15190-en_US 1"
"USA","SLB","Installation Technician","Engineering & Technical","Fairmont, USA","2026-04-07","https://careers.slb.com/jobdescription.aspx?id=WDR00134746"
"USA","SLB","Intellectual Property Attorney","General","Rosharon, USA","2026-04-07","https://careers.slb.com/jobdescription.aspx?id=EF13975-en_US 1"
"USA","SLB","Intellectual Property Attorney","General","Sugar Land, USA","2026-04-07","https://careers.slb.com/jobdescription.aspx?id=EF12388-en_US 1"
"Romania","SLB","Internship Finance","Finance & Accounting","Bucharest, Romania","2026-04-07","https://careers.slb.com/jobdescription.aspx?id=EF12742-en_US 1"
"Republic of the Congo","SLB","Internship Opportunities – Procurement, Finance & Human Resources","Finance & Accounting","POINTE NOIRE, Republic of the Congo","2026-04-07","https://careers.slb.com/jobdescription.aspx?id=79047"
"Angola","SLB","Internship Opportunities – Procurement, Finance & Human Resources","Finance & Accounting","Luanda, Angola","2026-04-07","https://careers.slb.com/jobdescription.aspx?id=79048"
"Gabon","SLB","Internship Opportunities – Procurement, Finance & Human Resources","Finance & Accounting","Port-Gentil, Gabon","2026-04-07","https://careers.slb.com/jobdescription.aspx?id=79049"
"Malaysia","SLB","IT Intern","Digital & IT","Kuala Lumpur, Malaysia","2026-04-07","https://careers.slb.com/jobdescription.aspx?id=EF13888-en_US 1"
"Colombia","SLB","IT Student Intern","Digital & IT","Cota, Colombia","2026-04-07","https://careers.slb.com/jobdescription.aspx?id=EF15096-en_US 1"
"Cameroon","SLB","IT Support Intern (Information Technology)","Digital & IT","Douala, Cameroon","2026-04-07","https://careers.slb.com/jobdescription.aspx?id=86195"
"Canada","SLB","Journeyperson Pipefitter","General","Rockyview, Canada","2026-04-07","https://careers.slb.com/jobdescription.aspx?id=WDR00135337"
"USA","SLB","Laboratory Technician Offshore","Engineering & Technical","Houston, USA","2026-04-07","https://careers.slb.com/jobdescription.aspx?id=EF14497-en_US 1"
"USA","SLB","Lead Chemist","Management","Sugar Land, USA","2026-04-07","https://careers.slb.com/jobdescription.aspx?id=WDR00134308"
"USA","SLB","Lead Chemist / Engineer","Management","Sugar Land, USA","2026-04-07","https://careers.slb.com/jobdescription.aspx?id=WDR00135123"
"Malaysia","SLB","Legal Intern","Legal & Compliance","Petaling Jaya, Malaysia","2026-04-07","https://careers.slb.com/jobdescription.aspx?id=74867"
"Colombia","SLB","Legal Support Center Student Intern","Legal & Compliance","Cota, Colombia","2026-04-07","https://careers.slb.com/jobdescription.aspx?id=EF15273-en_US 1"
"USA","SLB","Local HazMat CDL Driver","General","Hobbs, USA","2026-04-07","https://careers.slb.com/jobdescription.aspx?id=WDR00133005"
"USA","SLB","Local HazMat CDL Driver","General","Dilley, USA","2026-04-07","https://careers.slb.com/jobdescription.aspx?id=WDR00132711"
"USA","SLB","Local HazMat CDL Driver","General","Aztec, USA","2026-04-07","https://careers.slb.com/jobdescription.aspx?id=WDR00134918"
"USA","SLB","Local HazMat CDL Driver","General","Triadelphia, USA","2026-04-07","https://careers.slb.com/jobdescription.aspx?id=WDR00133399"
"USA","SLB","Local HazMat CDL Driver","General","Weatherford, USA","2026-04-07","https://careers.slb.com/jobdescription.aspx?id=WDR00133635"
"USA","SLB","Local Hazmat CDL Driver","General","Odessa, USA","2026-04-07","https://careers.slb.com/jobdescription.aspx?id=WDR00134979"
"USA","SLB","Local HazMat CDL Driver","General","El Dorado, USA","2026-04-07","https://careers.slb.com/jobdescription.aspx?id=WDR00135405"
"Malaysia","SLB","Logistics & Supply Chain Intern","Supply Chain & Logistics","Kuala Lumpur, Malaysia","2026-04-07","https://careers.slb.com/jobdescription.aspx?id=EF13885-en_US 1"
"USA","SLB","Logistics Analyst I","Supply Chain & Logistics","Sugar Land, USA","2026-04-07","https://careers.slb.com/jobdescription.aspx?id=WDR00135480"
"Tanzania","SLB","Logistics Internship","Supply Chain & Logistics","Dar es Salaam, Tanzania","2026-04-07","https://careers.slb.com/jobdescription.aspx?id=86216"
"USA","SLB","Logistics Lead","Supply Chain & Logistics","Shreveport, USA","2026-04-07","https://careers.slb.com/jobdescription.aspx?id=EF15482-en_US 1"
"USA","SLB","Logistics Specialist","Supply Chain & Logistics","Shreveport, USA","2026-04-07","https://careers.slb.com/jobdescription.aspx?id=EF15483-en_US 1"
"India","SLB","Logistics Specialist","Supply Chain & Logistics","Navi Mumbai, India","2026-04-07","https://careers.slb.com/jobdescription.aspx?id=EF13026-en_US 1"
"USA","SLB","Logistics Specialist","Supply Chain & Logistics","Youngsville, USA","2026-04-07","https://careers.slb.com/jobdescription.aspx?id=EF14775-en_US 1"
"USA","SLB","Logistics Specialist","Supply Chain & Logistics","Shreveport, USA","2026-04-07","https://careers.slb.com/jobdescription.aspx?id=EF10512-en_US 1"
"Malaysia","SLB","LSC Patent Agent","General","Petaling Jaya, Malaysia","2026-04-07","https://careers.slb.com/jobdescription.aspx?id=EF14658-en_US 1"
"USA","SLB","MACHINE MAINTENANCE TECHNICIAN","Engineering & Technical","Ville Platte, USA","2026-04-07","https://careers.slb.com/jobdescription.aspx?id=EF9975-en_US 1"
"Malaysia","SLB","Machinist","General","Tanjung Pelepas, Malaysia","2026-04-07","https://careers.slb.com/jobdescription.aspx?id=EF15440-en_US 1"
"Malaysia","SLB","Machinist","General","Tanjung Pelepas, Malaysia","2026-04-07","https://careers.slb.com/jobdescription.aspx?id=EF15441-en_US 1"
"USA","SLB","Machinist 2nd Shift","General","Oklahoma City, USA","2026-04-07","https://careers.slb.com/jobdescription.aspx?id=EF9952-en_US 1"
"India","SLB","Maintenance Associate","Operations & Maintenance","Kakinada, India","2026-04-07","https://careers.slb.com/jobdescription.aspx?id=EF15492-en_US 1"
"Trinidad","SLB","Maintenance Associate","Operations & Maintenance","San Fernando, Trinidad","2026-04-07","https://careers.slb.com/jobdescription.aspx?id=EF15519-en_US 1"
"India","SLB","Maintenance Associate","Operations & Maintenance","Kakinada, India","2026-04-07","https://careers.slb.com/jobdescription.aspx?id=EF15493-en_US 1"
"USA","SLB","Maintenance Electrician","Operations & Maintenance","Bartlesville, USA","2026-04-07","https://careers.slb.com/jobdescription.aspx?id=EF14680-en_US 1"
"Algeria","SLB","Maintenance Engineer","Engineering & Technical","Hassi Messaoud, Algeria","2026-04-07","https://careers.slb.com/jobdescription.aspx?id=EF13445-en_US 1"
"Romania","SLB","Maintenance Engineer Intern","Engineering & Technical","Aricestii-Rahtivani, Romania","2026-04-07","https://careers.slb.com/jobdescription.aspx?id=EF14111-en_US 1"
"Trinidad","SLB","Maintenance Intern - Electrical","Engineering & Technical","San Fernando, Trinidad","2026-04-07","https://careers.slb.com/jobdescription.aspx?id=EF15232-en_US 1"
"Trinidad","SLB","Maintenance Intern - Mechanical","Engineering & Technical","San Fernando, Trinidad","2026-04-07","https://careers.slb.com/jobdescription.aspx?id=EF15515-en_US 1"
"Guyana","SLB","Maintenance Intern - Mechanical","Engineering & Technical","Georgetown, Guyana","2026-04-07","https://careers.slb.com/jobdescription.aspx?id=EF14020-en_US 1"
"Canada","SLB","Maintenance Intern-Production Testing","Operations & Maintenance","Nisku, Canada","2026-04-07","https://careers.slb.com/jobdescription.aspx?id=EF15437-en_US 1"
"USA","SLB","Maintenance Mechanic","Engineering & Technical","Odessa, USA","2026-04-07","https://careers.slb.com/jobdescription.aspx?id=WDR00131504"
"USA","SLB","Maintenance Mechanic II","Engineering & Technical","Sugar Land, USA","2026-04-07","https://careers.slb.com/jobdescription.aspx?id=WDR00135484"
"Nigeria","SLB","Maintenance Technician","Engineering & Technical","Port Harcourt, Nigeria","2026-04-07","https://careers.slb.com/jobdescription.aspx?id=85933"
"USA","SLB","Maintenance Technician I - CNC Machine Maintenance","Engineering & Technical","Houston, USA","2026-04-07","https://careers.slb.com/jobdescription.aspx?id=WDR00135238"
"Netherlands","SLB","Maintenance Technician Trainee","Engineering & Technical","Coevorden, Netherlands","2026-04-07","https://careers.slb.com/jobdescription.aspx?id=85975"
"USA","SLB","Manufacturing Blend Operator","Operations & Maintenance","Evansville, USA","2026-04-07","https://careers.slb.com/jobdescription.aspx?id=WDR00134923"
"USA","SLB","Manufacturing Engineer","Engineering & Technical","Shreveport, USA","2026-04-07","https://careers.slb.com/jobdescription.aspx?id=EF13085-en_US 1"
"USA","SLB","Manufacturing Production Supervisor","Management","Shreveport, USA","2026-04-07","https://careers.slb.com/jobdescription.aspx?id=EF15055-en_US 1"
"USA","SLB","Manufacturing Team Leader","Management","Shreveport, USA","2026-04-07","https://careers.slb.com/jobdescription.aspx?id=EF13082-en_US 1"
"USA","SLB","Manufacturing Welder","General","Whittier, USA","2026-04-07","https://careers.slb.com/jobdescription.aspx?id=EF15368-en_US 1"
"USA","SLB","Manufacturing Welder","General","Mobile, USA","2026-04-07","https://careers.slb.com/jobdescription.aspx?id=EF8818-en_US 1"
"USA","SLB","Master Scheduler","General","Ville Platte, USA","2026-04-07","https://careers.slb.com/jobdescription.aspx?id=EF15267-en_US 1"
"USA","SLB","Material Hander I","Supply Chain & Logistics","Scott, USA","2026-04-07","https://careers.slb.com/jobdescription.aspx?id=WDR00135482"
"USA","SLB","Material Handler Assistant - Chemical Plant","Supply Chain & Logistics","Odessa, USA","2026-04-07","https://careers.slb.com/jobdescription.aspx?id=WDR00135166"
"USA","SLB","Material Handler- Straightener","Supply Chain & Logistics","Tulsa, USA","2026-04-07","https://careers.slb.com/jobdescription.aspx?id=WDR00135141"
"Brunei Darussalam","SLB","Materials Management Intern","Supply Chain & Logistics","Kuala Belait, Brunei Darussalam","2026-04-07","https://careers.slb.com/jobdescription.aspx?id=EF15416-en_US 1"
"Australia","SLB","Materials Specialist","Supply Chain & Logistics","Moomba, Australia","2026-04-07","https://careers.slb.com/jobdescription.aspx?id=EF15399-en_US 1"
"USA","SLB","MATERIALS SPECIALIST","Supply Chain & Logistics","Shreveport, USA","2026-04-07","https://careers.slb.com/jobdescription.aspx?id=EF13808-en_US 1"
"Uganda","SLB","Materials Specialist Intern","Supply Chain & Logistics","Bullisa, Uganda","2026-04-07","https://careers.slb.com/jobdescription.aspx?id=86394"
"Brazil","SLB","Mecânico Montador II (Onshore)","General","Macae, Brazil","2026-04-07","https://careers.slb.com/jobdescription.aspx?id=EF12333-en_US 1"
"Canada","SLB","Mechanic / Industrial Mechanic","Engineering & Technical","Peace River, Canada","2026-04-07","https://careers.slb.com/jobdescription.aspx?id=WDR00134785"
"Guyana","SLB","Mechanic Trainee","Engineering & Technical","Georgetown, Guyana","2026-04-07","https://careers.slb.com/jobdescription.aspx?id=EF15517-en_US 1"
"USA","SLB","Mechanical Engineer","Engineering & Technical","Mobile, USA","2026-04-07","https://careers.slb.com/jobdescription.aspx?id=EF10797-en_US 1"
"India","SLB","Mechanical Engineer - Delivery","Engineering & Technical","Multi-Location, India","2026-04-07","https://careers.slb.com/jobdescription.aspx?id=EF12072-en_US 1"
"Romania","SLB","Mechanical Engineer Internship","Engineering & Technical","Ploiesti, Romania","2026-04-07","https://careers.slb.com/jobdescription.aspx?id=EF15496-en_US 1"
"USA","SLB","Mechanical Piping Designer","Engineering & Technical","Houston, USA","2026-04-07","https://careers.slb.com/jobdescription.aspx?id=EF10131-en_US 1"
"USA","SLB","Mechanical Technician","Engineering & Technical","Houma, USA","2026-04-07","https://careers.slb.com/jobdescription.aspx?id=EF14187-en_US 1"
"India","SLB","Mechanical Technician","Engineering & Technical","Kakinada, India","2026-04-07","https://careers.slb.com/jobdescription.aspx?id=EF12412-en_US 1"
"UK","SLB","Mechanical Technician","Engineering & Technical","Southampton, UK","2026-04-07","https://careers.slb.com/jobdescription.aspx?id=WDR00133147"
"India","SLB","Mechanical Technician","Engineering & Technical","Barmer, India","2026-04-07","https://careers.slb.com/jobdescription.aspx?id=EF14740-en_US 1"
"USA","SLB","Mechanical Technician","Engineering & Technical","Anchorage, USA","2026-04-07","https://careers.slb.com/jobdescription.aspx?id=EF15394-en_US 1"
"Guyana","SLB","Mechanical Technician Trainee","Engineering & Technical","Georgetown, Guyana","2026-04-07","https://careers.slb.com/jobdescription.aspx?id=EF15516-en_US 1"
"Brunei Darussalam","SLB","Mechanical Technician Trainee","Engineering & Technical","Kuala Belait, Brunei Darussalam","2026-04-07","https://careers.slb.com/jobdescription.aspx?id=EF15600-en_US 1"
"Australia","SLB","Mechanical Technician Trainee","Engineering & Technical","Jandakot, Australia","2026-04-07","https://careers.slb.com/jobdescription.aspx?id=EF15357-en_US 1"
"USA","SLB","Mfg Eng Technologist","General","Shreveport, USA","2026-04-07","https://careers.slb.com/jobdescription.aspx?id=EF15052-en_US 1"
"USA","SLB","MIG Welder","General","Ville Platte, USA","2026-04-07","https://careers.slb.com/jobdescription.aspx?id=EF9129-en_US 1"
"USA","SLB","Mobile Fleet Mechanic","Engineering & Technical","Williston, USA","2026-04-07","https://careers.slb.com/jobdescription.aspx?id=WDR00134145"
"Myanmar","SLB","MPD Specialist","General","Yangon, Myanmar","2026-04-07","https://careers.slb.com/jobdescription.aspx?id=EF12504-en_US 1"
"Canada","SLB","Multiphase Field Specialist","Engineering & Technical","Nisku, Canada","2026-04-07","https://careers.slb.com/jobdescription.aspx?id=EF14443-en_US 1"
"Canada","SLB","Multiphase Field Specialist","Engineering & Technical","Grande Prairie, Canada","2026-04-07","https://careers.slb.com/jobdescription.aspx?id=EF14439-en_US 1"
"Colombia","SLB","Neurodiversity Internship Program","General","Cota, Colombia","2026-04-07","https://careers.slb.com/jobdescription.aspx?id=EF15271-en_US 1"
"USA","SLB","Nuclear Physicist","General","Sugar Land, USA","2026-04-07","https://careers.slb.com/jobdescription.aspx?id=EF15413-en_US 1"
"Australia","SLB","Offshore Chemist","General","Bentley, Australia","2026-04-07","https://careers.slb.com/jobdescription.aspx?id=WDR00134695"
"USA","SLB","Oilfield Chemical Sales Representative","Business & Operations","Midland, USA","2026-04-07","https://careers.slb.com/jobdescription.aspx?id=WDR00132650"
"USA","SLB","Oilfield Chemical Sales Representative","Business & Operations","Woodward, USA","2026-04-07","https://careers.slb.com/jobdescription.aspx?id=WDR00132773"
"Mexico","SLB","Operaciones - Piso de Produccion","General","Monterrey, Mexico","2026-04-07","https://careers.slb.com/jobdescription.aspx?id=EF14629-en_US 1"
"Argentina","SLB","Operaciones de Equipo RCD","General","Neuquen, Argentina","2026-04-07","https://careers.slb.com/jobdescription.aspx?id=EF5107-en_US 1"
"Argentina","SLB","Operaciones de Fractura","General","Neuquen, Argentina","2026-04-07","https://careers.slb.com/jobdescription.aspx?id=EF5167-en_US 1"
"Mexico","SLB","Operaciones en Campo - Con Experiencia","General","Villahermosa, Mexico","2026-04-07","https://careers.slb.com/jobdescription.aspx?id=EF7645-en_US 1"
"Campeche","SLB","Operaciones en Campo - Con Experiencia","General","Ciudad Del Carmen, Campeche","2026-04-07","https://careers.slb.com/jobdescription.aspx?id=EF7645-en_US 2"
"Mexico","SLB","Operaciones en Campo - Recién Graduados","General","Villahermosa, Mexico","2026-04-07","https://careers.slb.com/jobdescription.aspx?id=EF7644-en_US 1"
"Campeche","SLB","Operaciones en Campo - Recién Graduados","General","Ciudad Del Carmen, Campeche","2026-04-07","https://careers.slb.com/jobdescription.aspx?id=EF7644-en_US 2"
"Brazil","SLB","Operador de Equipamentos (Cimentação)","General","Macae, Brazil","2026-04-07","https://careers.slb.com/jobdescription.aspx?id=EF15563-en_US 1"
"Argentina","SLB","Operador u Operadora de Cementación","General","Neuquen, Argentina","2026-04-07","https://careers.slb.com/jobdescription.aspx?id=EF12662-en_US 1"
"Colombia","SLB","Operations Internship","Operations & Maintenance","Cota, Colombia","2026-04-07","https://careers.slb.com/jobdescription.aspx?id=EF3387-en_US 1"
"Cundinamarca","SLB","Operations Internship","Operations & Maintenance","Cota, Cundinamarca","2026-04-07","https://careers.slb.com/jobdescription.aspx?id=EF3387-en_US 2"
"Bogota","SLB","Operations Internship","Operations & Maintenance","Bogotá, Bogota","2026-04-07","https://careers.slb.com/jobdescription.aspx?id=EF3387-en_US 3"
"Santander","SLB","Operations Internship","Operations & Maintenance","Barrancabermeja, Santander","2026-04-07","https://careers.slb.com/jobdescription.aspx?id=EF3387-en_US 5"
"Casanare","SLB","Operations Internship","Operations & Maintenance","Yopal, Casanare","2026-04-07","https://careers.slb.com/jobdescription.aspx?id=EF3387-en_US 4"
"USA","SLB","Operations Support Technician","Engineering & Technical","Midland, USA","2026-04-07","https://careers.slb.com/jobdescription.aspx?id=EF15479-en_US 1"
"UK","SLB","Operations Support Technician","Engineering & Technical","Southampton, UK","2026-04-07","https://careers.slb.com/jobdescription.aspx?id=WDR00135209"
"Peru","SLB","Operator /Perú Talara","Operations & Maintenance","Talara, Peru","2026-04-07","https://careers.slb.com/jobdescription.aspx?id=EF12391-en_US 1"
"Malaysia","SLB","P2P Specialist - Japanese Speaker","General","Petaling Jaya, Malaysia","2026-04-07","https://careers.slb.com/jobdescription.aspx?id=EF14237-en_US 1"
"Argentina","SLB","Pasante de Administración, Neuquén","Management","Neuquen, Argentina","2026-04-07","https://careers.slb.com/jobdescription.aspx?id=EF9915-en_US 1"
"Argentina","SLB","Pasante de área técnica","General","Neuquen, Argentina","2026-04-07","https://careers.slb.com/jobdescription.aspx?id=EF9918-en_US 1"
"Argentina","SLB","Pasantia en Buenos Aires","General","Buenos Aires, Argentina","2026-04-07","https://careers.slb.com/jobdescription.aspx?id=EF8335-en_US 1"
"India","SLB","Performance Live Engineer - M&D","Engineering & Technical","Pune, India","2026-04-07","https://careers.slb.com/jobdescription.aspx?id=EF13904-en_US 1"
"India","SLB","Performance Live Engineer - Measurements","Engineering & Technical","Pune, India","2026-04-07","https://careers.slb.com/jobdescription.aspx?id=EF13986-en_US 1"
"Brazil","SLB","Pintor I","General","Macae, Brazil","2026-04-07","https://careers.slb.com/jobdescription.aspx?id=EF15305-en_US 1"
"Canada","SLB","Pipefitter - Apprentice (6-months)","General","Rockyview, Canada","2026-04-07","https://careers.slb.com/jobdescription.aspx?id=WDR00135362"
"USA","SLB","Plunger Lift Automation Service Representative","General","El Reno, USA","2026-04-07","https://careers.slb.com/jobdescription.aspx?id=WDR00134869"
"USA","SLB","Principal Chemist - Reservoir","Geosciences","Sugar Land, USA","2026-04-07","https://careers.slb.com/jobdescription.aspx?id=WDR00134852"
"USA","SLB","Principal Engineer II","Engineering & Technical","Sugar Land, USA","2026-04-07","https://careers.slb.com/jobdescription.aspx?id=WDR00133918"
"USA","SLB","Principal Lab Technician","Engineering & Technical","Sugar Land, USA","2026-04-07","https://careers.slb.com/jobdescription.aspx?id=WDR00135387"
"UK","SLB","Process & Maintenance Lead","Management","Aberdeen, UK","2026-04-07","https://careers.slb.com/jobdescription.aspx?id=WDR00135359"
"Angola","SLB","Process Field Engineer - Midstream","Engineering & Technical","Luanda, Angola","2026-04-07","https://careers.slb.com/jobdescription.aspx?id=86174"
"Nigeria","SLB","Process Sales Engineer","Business & Operations","Onne, Nigeria","2026-04-07","https://careers.slb.com/jobdescription.aspx?id=86415"
"Romania","SLB","Procurement and Sourcing Intern","Supply Chain & Logistics","Bucharest, Romania","2026-04-07","https://careers.slb.com/jobdescription.aspx?id=EF15154-en_US 1"
"UK","SLB","Procurement Intern (12 months) - Starting April 2026","Supply Chain & Logistics","Stonehouse, UK","2026-04-07","https://careers.slb.com/jobdescription.aspx?id=85474"
"Brazil","SLB","Procurement Specialist","Supply Chain & Logistics","Rio De Janeiro, Brazil","2026-04-07","https://careers.slb.com/jobdescription.aspx?id=EF15320-en_US 1"
"USA","SLB","Product Quality Engineer - Artificial Lift","Engineering & Technical","Houston, USA","2026-04-07","https://careers.slb.com/jobdescription.aspx?id=WDR00135146"
"Libya","SLB","Production Engineer","Engineering & Technical","Tripoli, Libya","2026-04-07","https://careers.slb.com/jobdescription.aspx?id=EF13360-en_US 1"
"Libya","SLB","Production Engineer","Engineering & Technical","Tripoli, Libya","2026-04-07","https://careers.slb.com/jobdescription.aspx?id=EF14118-en_US 1"
"USA","SLB","Production Manager","Management","Shreveport, USA","2026-04-07","https://careers.slb.com/jobdescription.aspx?id=EF15054-en_US 1"
"UK","SLB","Production Manager","Management","Aberdeen, UK","2026-04-07","https://careers.slb.com/jobdescription.aspx?id=WDR00134522"
"USA","SLB","Production Operations Specialist","Operations & Maintenance","Shreveport, USA","2026-04-07","https://careers.slb.com/jobdescription.aspx?id=EF10826-en_US 1"
"UK","SLB","Production Operator","Operations & Maintenance","Aberdeen, UK","2026-04-07","https://careers.slb.com/jobdescription.aspx?id=WDR00133106"
"USA","SLB","Production Planner","Operations & Maintenance","Crowley, USA","2026-04-07","https://careers.slb.com/jobdescription.aspx?id=WDR00135299"
"Argentina","SLB","Profesionales con Experiencia (Genérico)","General","Neuquen, Argentina","2026-04-07","https://careers.slb.com/jobdescription.aspx?id=EF7612-en_US 1"
"India","SLB","Project Coordinator (Drilling Data)","Drilling & Wells","Dehradun, India","2026-04-07","https://careers.slb.com/jobdescription.aspx?id=EF13189-en_US 1"
"India","SLB","Project Coordinator - Drilling Data","Drilling & Wells","Navi Mumbai, India","2026-04-07","https://careers.slb.com/jobdescription.aspx?id=EF13188-en_US 1"
"India","SLB","Project Engineer","Engineering & Technical","Gurgaon, India","2026-04-07","https://careers.slb.com/jobdescription.aspx?id=EF12642-en_US 1"
"India","SLB","Project Engineer","Engineering & Technical","Kakinada, India","2026-04-07","https://careers.slb.com/jobdescription.aspx?id=EF14540-en_US 1"
"Brazil","SLB","Project Engineer - Deepwater Completions","Drilling & Wells","Rio De Janeiro, Brazil","2026-04-07","https://careers.slb.com/jobdescription.aspx?id=EF10095-en_US 1"
"USA","SLB","Project Manager","Management","Ville Platte, USA","2026-04-07","https://careers.slb.com/jobdescription.aspx?id=EF14941-en_US 1"
"USA","SLB","Project Planner","Engineering & Technical","Houston, USA","2026-04-07","https://careers.slb.com/jobdescription.aspx?id=EF15347-en_US 1"
"Mexico","SLB","Project Quality Engineer","Engineering & Technical","Mexico City, Mexico","2026-04-07","https://careers.slb.com/jobdescription.aspx?id=EF14767-en_US 1"
"Brazil","SLB","Project Specialist","Engineering & Technical","Rio De Janeiro, Brazil","2026-04-07","https://careers.slb.com/jobdescription.aspx?id=EF12166-en_US 1"
"India","SLB","PS IT DIGITAL ANALYST","Digital & IT","Coimbatore, India","2026-04-07","https://careers.slb.com/jobdescription.aspx?id=EF14402-en_US 1"
"Iraq","SLB","PS Technical Sales Support Engineer","Business & Operations","Basrah, Iraq","2026-04-07","https://careers.slb.com/jobdescription.aspx?id=EF14492-en_US 1"
"Brazil","SLB","PSD Student Intern","General","Aracaju, Brazil","2026-04-07","https://careers.slb.com/jobdescription.aspx?id=EF14146-en_US 1"
"India","SLB","PTS E&I DESIGNER","Engineering & Technical","Coimbatore, India","2026-04-07","https://careers.slb.com/jobdescription.aspx?id=EF15329-en_US 1"
"India","SLB","PTS STATIC EQUIPMENT DESIGNER","Engineering & Technical","Coimbatore, India","2026-04-07","https://careers.slb.com/jobdescription.aspx?id=EF15335-en_US 1"
"USA","SLB","Pump Repair Technician","Engineering & Technical","Taft, USA","2026-04-07","https://careers.slb.com/jobdescription.aspx?id=WDR00135455"
"USA","SLB","Pump Repair Technician","Engineering & Technical","Hobbs, USA","2026-04-07","https://careers.slb.com/jobdescription.aspx?id=WDR00134606"
"USA","SLB","Pump Repair Technician","Engineering & Technical","Odessa, USA","2026-04-07","https://careers.slb.com/jobdescription.aspx?id=WDR00134968"
"USA","SLB","Pump Repair Technician","Engineering & Technical","Roosevelt, USA","2026-04-07","https://careers.slb.com/jobdescription.aspx?id=WDR00135302"
"USA","SLB","Purchasing Leader","Supply Chain & Logistics","Shreveport, USA","2026-04-07","https://careers.slb.com/jobdescription.aspx?id=EF15476-en_US 1"
"USA","SLB","Purchasing Specialist","Supply Chain & Logistics","Shreveport, USA","2026-04-07","https://careers.slb.com/jobdescription.aspx?id=EF15477-en_US 1"
"Romania","SLB","Purchasing Specialist with French","Supply Chain & Logistics","Bucharest, Romania","2026-04-07","https://careers.slb.com/jobdescription.aspx?id=EF15046-en_US 1"
"USA","SLB","QA Tech","General","Shreveport, USA","2026-04-07","https://careers.slb.com/jobdescription.aspx?id=EF15507-en_US 1"
"USA","SLB","Quality Assurance Associate","General","Sugar Land, USA","2026-04-07","https://careers.slb.com/jobdescription.aspx?id=WDR00135077"
"USA","SLB","Quality Manager","Management","Shreveport, USA","2026-04-07","https://careers.slb.com/jobdescription.aspx?id=EF15113-en_US 1"
"USA","SLB","Quality Operations Support Engineer","Engineering & Technical","Houston, USA","2026-04-07","https://careers.slb.com/jobdescription.aspx?id=EF12204-en_US 1"
"India","SLB","Real Time Drilling Ops Centre Analyst","Drilling & Wells","Dehradun, India","2026-04-07","https://careers.slb.com/jobdescription.aspx?id=EF13251-en_US 1"
"India","SLB","Real Time Drilling Ops Centre Analyst","Drilling & Wells","Dehradun, India","2026-04-07","https://careers.slb.com/jobdescription.aspx?id=EF14422-en_US 1"
"India","SLB","Real Time Drilling Ops Centre Analyst","Drilling & Wells","Dehradun, India","2026-04-07","https://careers.slb.com/jobdescription.aspx?id=EF13249-en_US 1"
"India","SLB","Real Time Drilling Ops Centre Analyst","Drilling & Wells","Dehradun, India","2026-04-07","https://careers.slb.com/jobdescription.aspx?id=EF13245-en_US 1"
"India","SLB","Real Time Drilling Ops Centre Analyst","Drilling & Wells","Dehradun, India","2026-04-07","https://careers.slb.com/jobdescription.aspx?id=EF14071-en_US 1"
"India","SLB","Real Time Drilling Ops Centre Analyst","Drilling & Wells","Dehradun, India","2026-04-07","https://careers.slb.com/jobdescription.aspx?id=EF13191-en_US 1"
"India","SLB","Real Time Drilling Ops Centre Analyst","Drilling & Wells","Dehradun, India","2026-04-07","https://careers.slb.com/jobdescription.aspx?id=EF13248-en_US 1"
"India","SLB","Real Time Drilling Ops Centre Analyst","Drilling & Wells","Dehradun, India","2026-04-07","https://careers.slb.com/jobdescription.aspx?id=EF13246-en_US 1"
"India","SLB","Real Time Drilling Ops Centre Analyst","Drilling & Wells","Dehradun, India","2026-04-07","https://careers.slb.com/jobdescription.aspx?id=EF14069-en_US 1"
"India","SLB","Real Time Drilling Ops Centre Analyst","Drilling & Wells","Dehradun, India","2026-04-07","https://careers.slb.com/jobdescription.aspx?id=EF14068-en_US 1"
"India","SLB","Real Time Drilling Ops Centre Analyst","Drilling & Wells","Dehradun, India","2026-04-07","https://careers.slb.com/jobdescription.aspx?id=EF14421-en_US 1"
"UK","SLB","Recruitment Intern","HR & Training","Aberdeen, UK","2026-04-07","https://careers.slb.com/jobdescription.aspx?id=85433"
"USA","SLB","Regional Sales Lead - Permian","Business & Operations","Midland, USA","2026-04-07","https://careers.slb.com/jobdescription.aspx?id=WDR00134978"
"USA","SLB","Regional Sales Manager - South Texas Region","Business & Operations","Kenedy, USA","2026-04-07","https://careers.slb.com/jobdescription.aspx?id=WDR00134291"
"USA","SLB","Regional Sales Representative","Business & Operations","Evans, USA","2026-04-07","https://careers.slb.com/jobdescription.aspx?id=WDR00134946"
"Angola","SLB","Regulatory Compliance Specialist Intern","Legal & Compliance","Luanda, Angola","2026-04-07","https://careers.slb.com/jobdescription.aspx?id=85898"
"Gabon","SLB","Regulatory Compliance Specialist Intern","Legal & Compliance","Port-Gentil, Gabon","2026-04-07","https://careers.slb.com/jobdescription.aspx?id=85899"
"Colombia","SLB","Representante Tecnico de Servicios EOR II","General","Bogota, Colombia","2026-04-07","https://careers.slb.com/jobdescription.aspx?id=WDR00133338"
"USA","SLB","Research Scientist","General","Cambridge -Us, USA","2026-04-07","https://careers.slb.com/jobdescription.aspx?id=EF14150-en_US 1"
"USA","SLB","Research Scientist","General","Cambridge -Us, USA","2026-04-07","https://careers.slb.com/jobdescription.aspx?id=EF15186-en_US 1"
"India","SLB","Reservoir Engineer","Geosciences","Navi Mumbai, India","2026-04-07","https://careers.slb.com/jobdescription.aspx?id=EF15398-en_US 1"
"Nigeria","SLB","Reservoir Engineer","Geosciences","Port Harcourt, Nigeria","2026-04-07","https://careers.slb.com/jobdescription.aspx?id=86392"
"Egypt","SLB","Reservoir Engineer","Geosciences","Cairo, Egypt","2026-04-07","https://careers.slb.com/jobdescription.aspx?id=EF14342-en_US 1"
"Brazil","SLB","Reservoir Engineer - entry-level","Geosciences","Rio De Janeiro, Brazil","2026-04-07","https://careers.slb.com/jobdescription.aspx?id=EF13592-en_US 1"
"Romania","SLB","Reservoir Engineer Trainee","Geosciences","Bucharest, Romania","2026-04-07","https://careers.slb.com/jobdescription.aspx?id=EF13588-en_US 1"
"USA","SLB","Reservoir Engineer/Data Scientist","Digital & IT","Sugar Land, USA","2026-04-07","https://careers.slb.com/jobdescription.aspx?id=WDR00135284"
"Malaysia","SLB","Resource Assistant Intern","General","Kuala Lumpur, Malaysia","2026-04-07","https://careers.slb.com/jobdescription.aspx?id=EF15418-en_US 1"
"USA","SLB","Rod Painter","General","Tulsa, USA","2026-04-07","https://careers.slb.com/jobdescription.aspx?id=WDR00135363"
"India","SLB","RTOC Analyst","General","Dehradun, India","2026-04-07","https://careers.slb.com/jobdescription.aspx?id=EF14419-en_US 1"
"India","SLB","RTOC Analyst","General","Dehradun, India","2026-04-07","https://careers.slb.com/jobdescription.aspx?id=EF14418-en_US 1"
"India","SLB","RTOC Analyst","General","Dehradun, India","2026-04-07","https://careers.slb.com/jobdescription.aspx?id=EF14416-en_US 1"
"India","SLB","RTOC Analyst","General","Dehradun, India","2026-04-07","https://careers.slb.com/jobdescription.aspx?id=EF14420-en_US 1"
"India","SLB","RTOC Analyst","General","Dehradun, India","2026-04-07","https://careers.slb.com/jobdescription.aspx?id=EF12176-en_US 1"
"Australia","SLB","Sales & Field Support Coordinator (Brisbane, entry level)","Business & Operations","Brisbane, Australia","2026-04-07","https://careers.slb.com/jobdescription.aspx?id=WDR00135382"
"Australia","SLB","Sales Engineer","Business & Operations","Brisbane, Australia","2026-04-07","https://careers.slb.com/jobdescription.aspx?id=EF15324-en_US 1"
"Brazil","SLB","Sales Engineer","Business & Operations","Rio De Janeiro, Brazil","2026-04-07","https://careers.slb.com/jobdescription.aspx?id=EF15014-en_US 1"
"USA","SLB","Sales Engineer","Business & Operations","Midland, USA","2026-04-07","https://careers.slb.com/jobdescription.aspx?id=EF12211-en_US 1"
"USA","SLB","Sales Engineer","Business & Operations","Midland, USA","2026-04-07","https://careers.slb.com/jobdescription.aspx?id=EF13326-en_US 1"
"USA","SLB","Sales Engineer II","Business & Operations","Midland, USA","2026-04-07","https://careers.slb.com/jobdescription.aspx?id=WDR00134691"
"USA","SLB","Sales Representative","Business & Operations","Midland, USA","2026-04-07","https://careers.slb.com/jobdescription.aspx?id=EF14600-en_US 1"
"USA","SLB","Sales Representative","Business & Operations","Garden City, USA","2026-04-07","https://careers.slb.com/jobdescription.aspx?id=WDR00134751"
"USA","SLB","Senior Geothermal Geoscientist","General","Denver, USA","2026-04-07","https://careers.slb.com/jobdescription.aspx?id=EF15474-en_US 1"
"Romania","SLB","Senior One Accounting Analyst","Finance & Accounting","Bucharest, Romania","2026-04-07","https://careers.slb.com/jobdescription.aspx?id=EF15390-en_US 1"
"UK","SLB","Senior Production Technologist","Operations & Maintenance","Aberdeen, UK","2026-04-07","https://careers.slb.com/jobdescription.aspx?id=86372"
"Malaysia","SLB","Senior Transfer Pricing Analyst","General","Petaling Jaya, Malaysia","2026-04-07","https://careers.slb.com/jobdescription.aspx?id=EF14200-en_US 1"
"UAE","SLB","SHE Manager","Management","UAE","2026-04-07","https://careers.slb.com/jobdescription.aspx?id=WDR00134811"
"Saudi Arabia","SLB","SHE Specialist I","General","Dammam, Saudi Arabia","2026-04-07","https://careers.slb.com/jobdescription.aspx?id=WDR00131533"
"USA","SLB","Shop Technicians","Engineering & Technical","Broken Arrow, USA","2026-04-07","https://careers.slb.com/jobdescription.aspx?id=WDR00134999"
"USA","SLB","Shop Technicians 2nd shift","Engineering & Technical","Broken Arrow, USA","2026-04-07","https://careers.slb.com/jobdescription.aspx?id=WDR00134581"
"USA","SLB","Site Services Technician","Engineering & Technical","Houston, USA","2026-04-07","https://careers.slb.com/jobdescription.aspx?id=EF15448-en_US 1"
"USA","SLB","Software Architect","Digital & IT","Menlo Park, USA","2026-04-07","https://careers.slb.com/jobdescription.aspx?id=EF14157-en_US 1"
"USA","SLB","Software Team Leader","Digital & IT","Houston, USA","2026-04-07","https://careers.slb.com/jobdescription.aspx?id=EF14214-en_US 1"
"Brazil","SLB","SOLDADOR I (ONSHORE)","General","Macae, Brazil","2026-04-07","https://careers.slb.com/jobdescription.aspx?id=EF15306-en_US 1"
"USA","SLB","Solids Control Operator","Engineering & Technical","New Iberia, USA","2026-04-07","https://careers.slb.com/jobdescription.aspx?id=EF13511-en_US 1"
"Colombia","SLB","Solutions Integration Engineer","Engineering & Technical","Bogota, Colombia","2026-04-07","https://careers.slb.com/jobdescription.aspx?id=EF11782-en_US 1"
"Colombia","SLB","Solutions Integration Engineer","Engineering & Technical","Bogota, Colombia","2026-04-07","https://careers.slb.com/jobdescription.aspx?id=EF11779-en_US 1"
"Mozambique","SLB","Sourcing and Supplier Specialist","General","Costa Do Sol, Mozambique","2026-04-07","https://careers.slb.com/jobdescription.aspx?id=86172"
"USA","SLB","Sourcing Lead","Management","Shreveport, USA","2026-04-07","https://careers.slb.com/jobdescription.aspx?id=EF15478-en_US 1"
"USA","SLB","Sourcing Specialist","General","Shreveport, USA","2026-04-07","https://careers.slb.com/jobdescription.aspx?id=EF15480-en_US 1"
"Libya","SLB","Sourcing Specialist","General","Benghazi, Libya","2026-04-07","https://careers.slb.com/jobdescription.aspx?id=EF15225-en_US 1"
"India","SLB","Sourcing Specialist","General","Navi Mumbai, India","2026-04-07","https://careers.slb.com/jobdescription.aspx?id=EF14785-en_US 1"
"USA","SLB","SSTC Communications Specialist","General","Shreveport, USA","2026-04-07","https://careers.slb.com/jobdescription.aspx?id=EF15112-en_US 1"
"USA","SLB","Staff Scientist / Engineer","Engineering & Technical","Sugar Land, USA","2026-04-07","https://careers.slb.com/jobdescription.aspx?id=WDR00135121"
"Australia","SLB","Storekeeper","General","Perth, Australia","2026-04-07","https://careers.slb.com/jobdescription.aspx?id=EF14198-en_US 1"
"USA","SLB","Storekeeper","General","Prudhoe Bay, USA","2026-04-07","https://careers.slb.com/jobdescription.aspx?id=EF15012-en_US 1"
"USA","SLB","Storekeeper","General","Mobile, USA","2026-04-07","https://careers.slb.com/jobdescription.aspx?id=EF15414-en_US 1"
"USA","SLB","STP Screens Assembler","General","Florence, USA","2026-04-07","https://careers.slb.com/jobdescription.aspx?id=EF15388-en_US 1"
"India","SLB","Student Intern","General","Coimbatore, India","2026-04-07","https://careers.slb.com/jobdescription.aspx?id=EF15490-en_US 1"
"India","SLB","Student Intern","General","Navi Mumbai, India","2026-04-07","https://careers.slb.com/jobdescription.aspx?id=EF12257-en_US 1"
"Canada","SLB","Student Intern - Directional Drilling","Drilling & Wells","Calgary, Canada","2026-04-07","https://careers.slb.com/jobdescription.aspx?id=EF15275-en_US 1"
"USA","SLB","Student Intern - MCAD Delivery","General","Florence, USA","2026-04-07","https://careers.slb.com/jobdescription.aspx?id=EF15192-en_US 1"
"Libya","SLB","Subsurface Manager","Geosciences","Tripoli, Libya","2026-04-07","https://careers.slb.com/jobdescription.aspx?id=EF15562-en_US 1"
"USA","SLB","Summer 2026 HR Internship","HR & Training","Midland, USA","2026-04-07","https://careers.slb.com/jobdescription.aspx?id=WDR00135111"
"USA","SLB","Supply Chain Engineer Co-Op","Supply Chain & Logistics","Freeport, USA","2026-04-07","https://careers.slb.com/jobdescription.aspx?id=WDR00133607"
"USA","SLB","Supply Chain Engineer Intern","Supply Chain & Logistics","Freeport, USA","2026-04-07","https://careers.slb.com/jobdescription.aspx?id=WDR00133643"
"USA","SLB","Supply Chain Intern","Supply Chain & Logistics","Sugar Land, USA","2026-04-07","https://careers.slb.com/jobdescription.aspx?id=WDR00133606"
"Romania","SLB","Supply Chain Intern (with French)","Supply Chain & Logistics","Bucharest, Romania","2026-04-07","https://careers.slb.com/jobdescription.aspx?id=EF13440-en_US 1"
"Romania","SLB","Supply Chain Internship","Supply Chain & Logistics","Bucharest, Romania","2026-04-07","https://careers.slb.com/jobdescription.aspx?id=EF12748-en_US 1"
"USA","SLB","Supply Chain Manufacturing Co-ops/Intern","Supply Chain & Logistics","Sugar Land, USA","2026-04-07","https://careers.slb.com/jobdescription.aspx?id=WDR00133604"
"Namibia","SLB","Supply Chain Specialist Intern","Supply Chain & Logistics","Walvis Bay, Namibia","2026-04-07","https://careers.slb.com/jobdescription.aspx?id=85897"
"Colombia","SLB","Supply Chain Student Intern","Supply Chain & Logistics","Cota, Colombia","2026-04-07","https://careers.slb.com/jobdescription.aspx?id=EF15272-en_US 1"
"USA","SLB","Surface Well Testing Field Engineer","Drilling & Wells","Houma, USA","2026-04-07","https://careers.slb.com/jobdescription.aspx?id=EF10844-en_US 1"
"Mozambique","SLB","Sustainability Internship","HSE & Sustainability","Maputo, Mozambique","2026-04-07","https://careers.slb.com/jobdescription.aspx?id=86214"
"Gabon","SLB","Sustainability Internship","HSE & Sustainability","Port-Gentil, Gabon","2026-04-07","https://careers.slb.com/jobdescription.aspx?id=86215"
"Malaysia","SLB","Talent Acquisition Intern","HR & Training","Kuala Lumpur, Malaysia","2026-04-07","https://careers.slb.com/jobdescription.aspx?id=EF15080-en_US 1"
"Malaysia","SLB","Talent Acquisition Intern","HR & Training","Kuala Lumpur, Malaysia","2026-04-07","https://careers.slb.com/jobdescription.aspx?id=EF15576-en_US 1"
"India","SLB","Tax Analyst (Indirect Tax)","Finance & Accounting","Navi Mumbai, India","2026-04-07","https://careers.slb.com/jobdescription.aspx?id=EF12961-en_US 1"
"Cameroon","SLB","Tax Intern","Finance & Accounting","Douala, Cameroon","2026-04-07","https://careers.slb.com/jobdescription.aspx?id=86194"
"Ghana","SLB","Tax Supervisor","Finance & Accounting","Accra, Ghana","2026-04-07","https://careers.slb.com/jobdescription.aspx?id=85814"
"USA","SLB","Team Leader","Management","Houston, USA","2026-04-07","https://careers.slb.com/jobdescription.aspx?id=EF15236-en_US 1"
"USA","SLB","Technical Sales Representative - Artificial Lift Automation","Business & Operations","Midland, USA","2026-04-07","https://careers.slb.com/jobdescription.aspx?id=WDR00135019"
"USA","SLB","Technical Service Representative","Engineering & Technical","Midland, USA","2026-04-07","https://careers.slb.com/jobdescription.aspx?id=WDR00133217"
"Brunei","SLB","Technical Service Representative II","Engineering & Technical","Kuala Belait, Brunei","2026-04-07","https://careers.slb.com/jobdescription.aspx?id=WDR00134434"
"Brunei","SLB","Technical Service Representative II","Engineering & Technical","Kuala Belait, Brunei","2026-04-07","https://careers.slb.com/jobdescription.aspx?id=WDR00133548"
"USA","SLB","Technical Team Leader","Management","Houston, USA","2026-04-07","https://careers.slb.com/jobdescription.aspx?id=EF15070-en_US 1"
"USA","SLB","Technology Intern","General","Multi-Location, USA","2026-04-07","https://careers.slb.com/jobdescription.aspx?id=EF9955-en_US 1"
"Brazil","SLB","Técnico(a) de Completação","General","Macae, Brazil","2026-04-07","https://careers.slb.com/jobdescription.aspx?id=EF14677-en_US 1"
"Indonesia","SLB","Tender Coordinator Intern","Business & Operations","Jakarta, Indonesia","2026-04-07","https://careers.slb.com/jobdescription.aspx?id=EF15426-en_US 1"
"Brazil","SLB","TLM Apprentice","General","Macae, Brazil","2026-04-07","https://careers.slb.com/jobdescription.aspx?id=EF13931-en_US 1"
"Indonesia","SLB","TLM Intern","General","Balikpapan, Indonesia","2026-04-07","https://careers.slb.com/jobdescription.aspx?id=EF15401-en_US 1"
"Indonesia","SLB","TLM Intern","General","Cikarang, Indonesia","2026-04-07","https://careers.slb.com/jobdescription.aspx?id=EF15579-en_US 1"
"Guyana","SLB","TLM Maintenance Intern","Operations & Maintenance","Georgetown, Guyana","2026-04-07","https://careers.slb.com/jobdescription.aspx?id=EF8079-en_US 1"
"Malaysia","SLB","TLM Planner","General","Klang, Malaysia","2026-04-07","https://careers.slb.com/jobdescription.aspx?id=EF12571-en_US 1"
"Malaysia","SLB","TLM Quality Technician","Engineering & Technical","Klang, Malaysia","2026-04-07","https://careers.slb.com/jobdescription.aspx?id=EF15196-en_US 1"
"USA","SLB","Tool Crib Technician","Engineering & Technical","Shreveport, USA","2026-04-07","https://careers.slb.com/jobdescription.aspx?id=EF15130-en_US 1"
"USA","SLB","Trade Compliance Coordinator Lead","Legal & Compliance","Sugar Land, USA","2026-04-07","https://careers.slb.com/jobdescription.aspx?id=WDR00135184"
"USA","SLB","Trade Compliance Specialist","Legal & Compliance","Houston, USA","2026-04-07","https://careers.slb.com/jobdescription.aspx?id=WDR00135150"
"Argentina","SLB","Trainee de Ingeniería","General","Neuquen, Argentina","2026-04-07","https://careers.slb.com/jobdescription.aspx?id=EF4772-en_US 1"
"Argentina","SLB","Trainee de Tecnicatura","General","Neuquen, Argentina","2026-04-07","https://careers.slb.com/jobdescription.aspx?id=EF3138-en_US 1"
"Romania","SLB","Training and Travel Admin Intern","HR & Training","Aricestii-Rahtivani, Romania","2026-04-07","https://careers.slb.com/jobdescription.aspx?id=EF15091-en_US 1"
"USA","SLB","Variable Speed Drive Supervisor","Management","Odessa, USA","2026-04-07","https://careers.slb.com/jobdescription.aspx?id=WDR00135137"
"USA","SLB","Warehouse Specialist","Supply Chain & Logistics","Odessa, USA","2026-04-07","https://careers.slb.com/jobdescription.aspx?id=WDR00132692"
"Australia","SLB","Warehouse Technician","Supply Chain & Logistics","Chinchilla, Australia","2026-04-07","https://careers.slb.com/jobdescription.aspx?id=WDR00135434"
"Malaysia","SLB","WCE Field Specialist - DPM","Engineering & Technical","Labuan, Malaysia","2026-04-07","https://careers.slb.com/jobdescription.aspx?id=EF15257-en_US 1"
"Canada","SLB","WCE Field Specialist - ES","Engineering & Technical","St. John's, Canada","2026-04-07","https://careers.slb.com/jobdescription.aspx?id=EF15023-en_US 1"
"Pakistan","SLB","WCF Cementing Specialist","Operations & Maintenance","Khaskheli, Pakistan","2026-04-07","https://careers.slb.com/jobdescription.aspx?id=EF15568-en_US 1"
"USA","SLB","WCF Cementing Specialist","Operations & Maintenance","New Iberia, USA","2026-04-07","https://careers.slb.com/jobdescription.aspx?id=EF15094-en_US 1"
"Indonesia","SLB","WEC Drilling Product Engineer","Drilling & Wells","Jakarta, Indonesia","2026-04-07","https://careers.slb.com/jobdescription.aspx?id=EF14289-en_US 1"
"Algeria","SLB","WEC Field Engineer - Measurements","Engineering & Technical","Hassi Messaoud, Algeria","2026-04-07","https://careers.slb.com/jobdescription.aspx?id=EF13444-en_US 1"
"Brazil","SLB","WEC Specialist - DD Cross Train DX","General","Macae, Brazil","2026-04-07","https://careers.slb.com/jobdescription.aspx?id=EF10677-en_US 1"
"Brazil","SLB","WEC Specialist - MWD","General","Macae, Brazil","2026-04-07","https://careers.slb.com/jobdescription.aspx?id=EF13598-en_US 1"
"Argentina","SLB","Well Site Coordinator","Drilling & Wells","Neuquen, Argentina","2026-04-07","https://careers.slb.com/jobdescription.aspx?id=EF13231-en_US 1"
"USA","SLB","Well Site Coordinator Offshore","Drilling & Wells","Houston, USA","2026-04-07","https://careers.slb.com/jobdescription.aspx?id=EF9573-en_US 1"
"Romania","SLB","Wellsite Engineer Summer Internship","Drilling & Wells","Aricestii-Rahtivani, Romania","2026-04-07","https://careers.slb.com/jobdescription.aspx?id=EF14169-en_US 1"
"Libya","SLB","Wellsite Supervisor Trainee","Drilling & Wells","103 Oilfield, Libya","2026-04-07","https://careers.slb.com/jobdescription.aspx?id=EF14448-en_US 1"
"Canada","SLB","Wireline or Coil Tubing Operator","Operations & Maintenance","St. John's, Canada","2026-04-07","https://careers.slb.com/jobdescription.aspx?id=EF7363-en_US 1"
"USA","SLB","Wireline Professional Field Engineer","Engineering & Technical","Youngsville, USA","2026-04-07","https://careers.slb.com/jobdescription.aspx?id=EF12717-en_US 1"
"Malaysia","SLB","Workforce Coordinator Intern","HR & Training","Kuala Lumpur, Malaysia","2026-04-07","https://careers.slb.com/jobdescription.aspx?id=EF15099-en_US 1"
"Libya","SLB","WS Field Engineer - WIT","Engineering & Technical","103 Oilfield, Libya","2026-04-07","https://careers.slb.com/jobdescription.aspx?id=EF13449-en_US 1"
"Libya","SLB","WS Field Engineer - WIT","Engineering & Technical","103 Oilfield, Libya","2026-04-07","https://careers.slb.com/jobdescription.aspx?id=EF13448-en_US 1"
"Algeria","SLB","WS Field Engineer - WIT","Engineering & Technical","Hassi Messaoud, Algeria","2026-04-07","https://careers.slb.com/jobdescription.aspx?id=EF13447-en_US 1"
"Libya","SLB","WS Field Engineer - WIT","Engineering & Technical","103 Oilfield, Libya","2026-04-07","https://careers.slb.com/jobdescription.aspx?id=EF13450-en_US 1"
"Iraq","SLB","WS Field Specialist - WIS","Engineering & Technical","Basrah, Iraq","2026-04-07","https://careers.slb.com/jobdescription.aspx?id=EF13646-en_US 1"
"Argentina","SLB","Young Professionals Program – Junior Finance Analyst","Finance & Accounting","Buenos Aires, Argentina","2026-04-07","https://careers.slb.com/jobdescription.aspx?id=WDR00134081"
