"Country","Company","Title","Category","Location","Date Posted","Link"
"France","TotalEnergies","Chef(fe) de projet événementiel (H/F)","Management & Administration","France","2026-04-03","https://jobs.totalenergies.com/en_US/careers/JobDetail/Chef-fe-de-projet-v-nementiel-H-F/78944"
"France","TotalEnergies","Alternance - Assistant Exploitant Territorial F/H - Châlons-En-Champagne","Graduate & Internship","France","2026-04-03","https://jobs.totalenergies.com/en_US/careers/JobDetail/Alternance-Assistant-Exploitant-Territorial-F-H-Ch-lons-En-Champagne/78943"
"France","TotalEnergies","ALTERNANCE - Etude de la consistance de graisses lubrifiantes par relaxométrie RMN","Graduate & Internship","France","2026-04-03","https://jobs.totalenergies.com/en_US/careers/JobDetail/ALTERNANCE-Etude-de-la-consistance-de-graisses-lubrifiantes-par-relaxom-trie-RMN/78941"
"France","TotalEnergies","Advanced Process Control Engineer / Technologist (M/F)","Operations & Process","France","2026-04-03","https://jobs.totalenergies.com/en_US/careers/JobDetail/Technologue-Ing-nieur-Contr-le-Avanc-F-H/78940"
"France","TotalEnergies","Contrôleur Interne – SOX débutant H/F","Graduate & Internship","France","2026-04-03","https://jobs.totalenergies.com/en_US/careers/JobDetail/Contr-leur-Interne-SOX-d-butant-H-F/78939"
"France","TotalEnergies","STAGE- Ingénieur Développement Durable - PV solaire H/F","Management & Administration","France","2026-04-03","https://jobs.totalenergies.com/en_US/careers/JobDetail/STAGE-Ing-nieur-D-veloppement-Durable-PV-solaire-H-F/78938"
"France","TotalEnergies","Contrôleur de gestion débutant (69) H/F","Management & Administration","France","2026-04-03","https://jobs.totalenergies.com/en_US/careers/JobDetail/Contr-leur-de-gestion-d-butant-69-H-F/78935"
"France","TotalEnergies","Alternance - Assistant Chef de Projets Energies Renouvelables F/H - Grand Est","Graduate & Internship","France","2026-04-03","https://jobs.totalenergies.com/en_US/careers/JobDetail/Alternance-Assistant-Chef-de-Projets-Energies-Renouvelables-F-H-Grand-Est/78934"
"Poland","TotalEnergies","Młodszy Inżynier ds. zatwierdzania produktu K/M","Management & Administration","Poland","2026-04-03","https://jobs.totalenergies.com/en_US/careers/JobDetail/M-odszy-In-ynier-ds-zatwierdzania-produktu-K-M/78931"
"Romania","TotalEnergies","Financial Statements Accountant (FR Speaking)","Finance & Accounting","Romania","2026-04-03","https://jobs.totalenergies.com/en_US/careers/JobDetail/Financial-Statements-Accountant-FR-Speaking/78929"
"France","TotalEnergies","Alternance - Assistant Chargé d'Etudes Construction F/H - IDF","Graduate & Internship","France","2026-04-03","https://jobs.totalenergies.com/en_US/careers/JobDetail/Alternance-Assistant-Charg-d-Etudes-Construction-F-H-IDF/78903"
"France","TotalEnergies","Alternance Assistant Chargé de Construction F/H - Lyon","Graduate & Internship","France","2026-04-03","https://jobs.totalenergies.com/en_US/careers/JobDetail/Alternance-Assistant-Charg-de-Construction-F-H-Lyon/78723"
"France","TotalEnergies","Alternance Chargé(e) d'études réglementaires F/H - Paris","Graduate & Internship","France","2026-04-03","https://jobs.totalenergies.com/en_US/careers/JobDetail/Alternance-Charg-e-d-tudes-r-glementaires-F-H-Paris/78721"
"France","TotalEnergies","Chargé des projets digitaux débutant H/F","Management & Administration","France","2026-04-03","https://jobs.totalenergies.com/en_US/careers/JobDetail/Charg-des-projets-digitaux-d-butant-H-F/78451"
"France","TotalEnergies","Chargé de Mission Change management et Communication- Débutant H/F","Management & Administration","France","2026-04-03","https://jobs.totalenergies.com/en_US/careers/JobDetail/Charg-de-Mission-Change-management-et-Communication-D-butant-H-F/78436"
"Belgium","TotalEnergies","Shiftlaborant productielabo","Management & Administration","Belgium","2026-04-03","https://jobs.totalenergies.com/en_US/careers/JobDetail/Shiftlaborant-productielabo/75386"
"USA","TotalEnergies","Senior Engineer (Instrument)","Electrical & Instrumentation","USA","2026-04-02","https://jobs.totalenergies.com/en_US/careers/JobDetail/Senior-Engineer-Instrument/78927"
"USA","TotalEnergies","Project Development Associate","Human Resources","USA","2026-04-02","https://jobs.totalenergies.com/en_US/careers/JobDetail/Project-Development-Associate/78926"
"France","TotalEnergies","Graduate Engineers / Scientists – M/F","Graduate & Internship","France","2026-04-02","https://jobs.totalenergies.com/en_US/careers/JobDetail/Graduate-Engineers-Scientists-M-F/78918"
"France","TotalEnergies","STAGE- Assistant Chef de Marché Marketing Services Connectés H/F","Management & Administration","France","2026-04-02","https://jobs.totalenergies.com/en_US/careers/JobDetail/STAGE-Assistant-Chef-de-March-Marketing-Services-Connect-s-H-F/78911"
"France","TotalEnergies","Ingénieur débutant chromatographie gazeuse (76) H/F","Human Resources","France","2026-04-02","https://jobs.totalenergies.com/en_US/careers/JobDetail/Ing-nieur-d-butant-chromatographie-gazeuse-76-H-F/78901"
"Greece","TotalEnergies","-Energy Trading- Senior Treasury Operator- FX Focus","Operations & Process","Greece","2026-04-02","https://jobs.totalenergies.com/en_US/careers/JobDetail/Energy-Trading-Senior-Treasury-Operator-FX-Focus/78900"
"Greece","TotalEnergies","-Energy Trading- Senior Treasury Operator- Compliance Focus","Operations & Process","Greece","2026-04-02","https://jobs.totalenergies.com/en_US/careers/JobDetail/Energy-Trading-Senior-Treasury-Operator-Compliance-Focus/78897"
"UAE","TotalEnergies","Accountant (Encouraging UAE Nationals to apply)","Finance & Accounting","UAE","2026-04-02","https://jobs.totalenergies.com/en_US/careers/JobDetail/Accountant-Encouraging-UAE-Nationals-to-apply/78894"
"France","TotalEnergies","Campagne Young Graduate 2026","Graduate & Internship","France","2026-04-02","https://jobs.totalenergies.com/en_US/careers/JobDetail/GRP-Campagne-Young-Graduate-2026/78893"
"Tanzania","TotalEnergies","LUBRICANT SALES EXECUTIVE","Management & Administration","Tanzania","2026-04-02","https://jobs.totalenergies.com/en_US/careers/JobDetail/LUBRICANT-SALES-EXECUTIVE/78892"
"France","TotalEnergies","CDI - Ingénieur Senior Systèmes de contrôle sous-marins - H/F","Management & Administration","France","2026-04-02","https://jobs.totalenergies.com/en_US/careers/JobDetail/CDI-Ing-nieur-Senior-Syst-mes-de-contr-le-sous-marins-H-F/78883"
"France","TotalEnergies","Chargé(e) du SIRH (H/F) en filiale chez ARGEDIS","Management & Administration","France","2026-04-02","https://jobs.totalenergies.com/en_US/careers/JobDetail/Charg-e-du-SIRH-H-F-en-filiale-chez-ARGEDIS/78882"
"France","TotalEnergies","Assistant Delivery Lead Corporate & Appui Transformation IA- Débutant H/F","Management & Administration","France","2026-04-02","https://jobs.totalenergies.com/en_US/careers/JobDetail/Assistant-Delivery-Lead-Corporate-Appui-Transformation-IA-D-butant-H-F/78881"
"France","TotalEnergies","Alternance - ""Assistant Chargé de Missions Environnement"" F/H","Graduate & Internship","France","2026-04-02","https://jobs.totalenergies.com/en_US/careers/JobDetail/Alternance-Assistant-Charg-de-Missions-Environnement-F-H/78880"
"France","TotalEnergies","CDI - INGENIEUR SIMULATION NUMERIQUE H/F","IT & Digital","France","2026-04-02","https://jobs.totalenergies.com/en_US/careers/JobDetail/CDI-INGENIEUR-SIMULATION-NUMERIQUE-H-F/78879"
"France","TotalEnergies","RESPONSABLE RECRUTEMENT ET DEVELOPPEMENT RH H/F","Human Resources","France","2026-04-02","https://jobs.totalenergies.com/en_US/careers/JobDetail/RESPONSABLE-RECRUTEMENT-ET-DEVELOPPEMENT-RH-H-F/78878"
"France","TotalEnergies","Financial Controller","Electrical & Instrumentation","France","2026-04-02","https://jobs.totalenergies.com/en_US/careers/JobDetail/Financial-Controller/78874"
"France","TotalEnergies","RESPONSABLE DEVELOPPEMENT THERMAL MANAGEMENT","Human Resources","France","2026-04-02","https://jobs.totalenergies.com/en_US/careers/JobDetail/RESPONSABLE-DEVELOPPEMENT-THERMAL-MANAGEMENT/78873"
"USA","TotalEnergies","Firmware Engineer lll","Management & Administration","USA","2026-04-02","https://jobs.totalenergies.com/en_US/careers/JobDetail/Firmware-Engineer-lll/78872"
"Republic of Serbia","TotalEnergies","Supplier quality engineer","Management & Administration","Republic of Serbia","2026-04-02","https://jobs.totalenergies.com/en_US/careers/JobDetail/Supplier-quality-engineer/78871"
"Republic of Serbia","TotalEnergies","Quality coordinator","Management & Administration","Republic of Serbia","2026-04-02","https://jobs.totalenergies.com/en_US/careers/JobDetail/Quality-coordinator/78870"
"Republic of Serbia","TotalEnergies","Customer service specialist","Management & Administration","Republic of Serbia","2026-04-02","https://jobs.totalenergies.com/en_US/careers/JobDetail/Customer-service-specialist/78869"
"Spain","TotalEnergies","MAINTENANCE TECHNICIAN","Management & Administration","Spain","2026-04-02","https://jobs.totalenergies.com/en_US/careers/JobDetail/MAINTENANCE-TECHNICIAN/78868"
"Poland","TotalEnergies","Kierownik Jakości","Management & Administration","Poland","2026-04-02","https://jobs.totalenergies.com/en_US/careers/JobDetail/Kierownik-Jako-ci/78867"
"France","TotalEnergies","Mechanical Engineer – Rotating Equipment (M/F)","Mechanical & Structural","France","2026-04-02","https://jobs.totalenergies.com/en_US/careers/JobDetail/Ing-nieur-m-canique-et-machines-tournantes-H-F/78843"
"France","TotalEnergies","Alternance Middle Office Management F/H - Béziers","Graduate & Internship","France","2026-04-02","https://jobs.totalenergies.com/en_US/careers/JobDetail/Alternance-Middle-Office-Management-F-H-B-ziers/78720"
"Tunisia","TotalEnergies","Coordinateur Supply _(H/F)","Management & Administration","Tunisia","2026-04-02","https://jobs.totalenergies.com/en_US/careers/JobDetail/Coordinateur-Supply-H-F/78719"
"France","TotalEnergies","Coordinateur Communication, Stratégie & Planning- Débutant H/F","Management & Administration","France","2026-04-02","https://jobs.totalenergies.com/en_US/careers/JobDetail/Coordinateur-Communication-Strat-gie-Planning-D-butant-H-F/78427"
"France","TotalEnergies","ALTERNANCE - Acheteur et Monitoring Activité Achat H/F","Graduate & Internship","France","2026-04-02","https://jobs.totalenergies.com/en_US/careers/JobDetail/ALTERNANCE-Acheteur-et-Monitoring-Activit-Achat-H-F/78348"
"France","TotalEnergies","ALTERNANCE- Assistant(e) Data et Business Analyst H/F","Graduate & Internship","France","2026-04-02","https://jobs.totalenergies.com/en_US/careers/JobDetail/ALTERNANCE-Assistant-e-Data-et-Business-Analyst-H-F/78344"
"Germany","TotalEnergies","Leiter (m/w/d) Technik","Management & Administration","Germany","2026-04-01","https://jobs.totalenergies.com/en_US/careers/JobDetail/Leiter-m-w-d-Technik/78846"
"USA","TotalEnergies","Power System Research & Development Engineer (Contractor)","Electrical & Instrumentation","USA","2026-04-01","https://jobs.totalenergies.com/en_US/careers/JobDetail/Power-System-Research-Development-Engineer-Contractor/78845"
"France","TotalEnergies","Chargé d’affaires bâtiment/maintenance Débutant - H/F","Management & Administration","France","2026-04-01","https://jobs.totalenergies.com/en_US/careers/JobDetail/Charg-d-affaires-b-timent-maintenance-D-butant-H-F/78839"
"France","TotalEnergies","Thermal & Combustion Engineer (M/F)","Management & Administration","France","2026-04-01","https://jobs.totalenergies.com/en_US/careers/JobDetail/Ing-nieur-e-Thermique-et-Combustion-H-F/78835"
"Tanzania","TotalEnergies","HSSE COORDINATOR - LUBE OIL BLENDING PLANT","Operations & Process","Tanzania","2026-04-01","https://jobs.totalenergies.com/en_US/careers/JobDetail/HSSE-COORDINATOR-LUBE-OIL-BLENDING-PLANT/78834"
"Malaysia","TotalEnergies","VIE_Geologist (H/F)_Malaysia","Graduate & Internship","Malaysia","2026-04-01","https://jobs.totalenergies.com/en_US/careers/JobDetail/VIE-Geologue-H-F-Malaisie/78833"
"France","TotalEnergies","Mechanical Product Manager (H/F)","Mechanical & Structural","France","2026-04-01","https://jobs.totalenergies.com/en_US/careers/JobDetail/Mechanical-Product-Manager-H-F/78831"
"France","TotalEnergies","Offshore Structural Technologist Engineer (M/F)","Mechanical & Structural","France","2026-04-01","https://jobs.totalenergies.com/en_US/careers/JobDetail/Ing-nieur-Technologue-Structure-Offshore-H-F/78829"
"Malaysia","TotalEnergies","VIE_Geophysicist(H/F)_Malaysia","Graduate & Internship","Malaysia","2026-04-01","https://jobs.totalenergies.com/en_US/careers/JobDetail/VIE-Geophysicien-H-F-Malaisie/78825"
"France","TotalEnergies","ALTERNANCE- Comptable Paie H/F","Graduate & Internship","France","2026-04-01","https://jobs.totalenergies.com/en_US/careers/JobDetail/ALTERNANCE-Comptable-Paie-H-F/78824"
"Mexico","TotalEnergies","Tecnico Integrador","Management & Administration","Mexico","2026-04-01","https://jobs.totalenergies.com/en_US/careers/JobDetail/Tecnico-Integrador/78815"
"Mexico","TotalEnergies","Media Training Specialist","Human Resources","Mexico","2026-04-01","https://jobs.totalenergies.com/en_US/careers/JobDetail/Media-Training-Specialist/78814"
"France","TotalEnergies","RESPONSABLE MAINTENANCE & HSEE","HSE","France","2026-04-01","https://jobs.totalenergies.com/en_US/careers/JobDetail/RESPONSABLE-MAINTENANCE-HSEE/78813"
"France","TotalEnergies","RESPONSABLE HELPDESK","Management & Administration","France","2026-04-01","https://jobs.totalenergies.com/en_US/careers/JobDetail/RESPONSABLE-HELPDESK/78812"
"USA","TotalEnergies","Sales Engineer","Management & Administration","USA","2026-04-01","https://jobs.totalenergies.com/en_US/careers/JobDetail/Sales-Engineer/78811"
"Portugal","TotalEnergies","SUPPLIER SCHEDULER","Management & Administration","Portugal","2026-04-01","https://jobs.totalenergies.com/en_US/careers/JobDetail/SUPPLIER-SCHEDULER/78810"
"Portugal","TotalEnergies","ACCOUNTANT","Finance & Accounting","Portugal","2026-04-01","https://jobs.totalenergies.com/en_US/careers/JobDetail/ACCOUNTANT/78809"
"France","TotalEnergies","ALTERNANCE- Chargé de communication junior H/F","Graduate & Internship","France","2026-04-01","https://jobs.totalenergies.com/en_US/careers/JobDetail/ALTERNANCE-Charg-de-communication-junior-H-F/78807"
"French Polynesia","TotalEnergies","CDI – Contrôleur interne (F/H)","Graduate & Internship","French Polynesia","2026-04-01","https://jobs.totalenergies.com/en_US/careers/JobDetail/CDI-Contr-leur-interne-F-H/78806"
"France","TotalEnergies","HVAC Technologist / Specialist – Heating, Ventilation & Air Conditioning (M/F)","Management & Administration","France","2026-04-01","https://jobs.totalenergies.com/en_US/careers/JobDetail/Technologue-Sp-cialiste-HVAC-Chauffage-Ventilation-et-Climatisation-H-F/78801"
"France","TotalEnergies","Naval Architecture Specialist (M/F) – Permanent Contract","Legal & Compliance","France","2026-04-01","https://jobs.totalenergies.com/en_US/careers/JobDetail/Sp-cialiste-Architecture-Navale-H-F/78800"
"Ghana","TotalEnergies","Category Assistant - Shops","Management & Administration","Ghana","2026-04-01","https://jobs.totalenergies.com/en_US/careers/JobDetail/Category-Assistant-Shops/78766"
"USA","TotalEnergies","Administrative Assistant (Contract)","Legal & Compliance","USA","2026-04-01","https://jobs.totalenergies.com/en_US/careers/JobDetail/Administrative-Assistant-Contract/78737"
"France","TotalEnergies","Alternance Chargé de Financement de Projets F/H - Lattes","Graduate & Internship","France","2026-04-01","https://jobs.totalenergies.com/en_US/careers/JobDetail/Alternance-Charg-de-Financement-de-Projets-F-H-Lattes/78717"
"Senegal","TotalEnergies","CHEF DE SECTEUR","Management & Administration","Senegal","2026-04-01","https://jobs.totalenergies.com/en_US/careers/JobDetail/CHEF-DE-SECTEUR/78581"
"Gabon","TotalEnergies","APPRENTI_OPERATEUR AVITAILLEUR  POOL PETROLIER AVIATION LIBREVILLE 2 (H/F)/PARTENARIAT PNPE","Graduate & Internship","Gabon","2026-04-01","https://jobs.totalenergies.com/en_US/careers/JobDetail/APPRENTI-OPERATEUR-AVITAILLEUR-POOL-PETROLIER-AVIATION-LIBREVILLE-2-H-F-PARTENARIAT-PNPE/78466"
"Gabon","TotalEnergies","APPRENTI_OPERATEUR AVITAILLEUR  POOL PETROLIER AVIATION LIBREVILLE 1 (H/F)/PARTENARIAT PNPE","Graduate & Internship","Gabon","2026-04-01","https://jobs.totalenergies.com/en_US/careers/JobDetail/APPRENTI-OPERATEUR-AVITAILLEUR-POOL-PETROLIER-AVIATION-LIBREVILLE-1-H-F-PARTENARIAT-PNPE/78465"
"France","TotalEnergies","Chargé de communication - Projets transverses- Débutant H/F","Management & Administration","France","2026-04-01","https://jobs.totalenergies.com/en_US/careers/JobDetail/Charg-de-communication-Projets-transverses-D-butant-H-F/78422"
"France","TotalEnergies","Assistant Responsable Publicité - H/F","Management & Administration","France","2026-04-01","https://jobs.totalenergies.com/en_US/careers/JobDetail/Assistant-Responsable-Publicit-H-F/78421"
"France","TotalEnergies","Project manager IA & Datascience- Débutant H/F","IT & Digital","France","2026-04-01","https://jobs.totalenergies.com/en_US/careers/JobDetail/Project-manager-IA-Datascience-D-butant-H-F/78400"
"France","TotalEnergies","Chargé de communication éditoriale TGS- Débutant H/F","Management & Administration","France","2026-04-01","https://jobs.totalenergies.com/en_US/careers/JobDetail/Charg-de-communication-ditoriale-TGS-D-butant-H-F/78371"
"France","TotalEnergies","ALTERNANCE - Assistant Gestionnaire Contrats de Concession H/F","Graduate & Internship","France","2026-04-01","https://jobs.totalenergies.com/en_US/careers/JobDetail/ALTERNANCE-Assistant-Gestionnaire-Contrats-de-Concession-H-F/76439"
"USA","TotalEnergies","Business Development Manager","Human Resources","USA","2026-03-31","https://jobs.totalenergies.com/en_US/careers/JobDetail/Business-Development-Manager/78802"
"USA","TotalEnergies","HR & Communications Officer","Human Resources","USA","2026-03-31","https://jobs.totalenergies.com/en_US/careers/JobDetail/HR-and-Communications-Officer/78799"
"Colombia","TotalEnergies","Asistente de Administración de Ventas","Management & Administration","Colombia","2026-03-31","https://jobs.totalenergies.com/en_US/careers/JobDetail/Asistente-de-Administraci-n-de-Ventas/78795"
"France","TotalEnergies","Chargé-e de mission Sécurité / Sureté / RSE  (H/F) en alternance","Graduate & Internship","France","2026-03-31","https://jobs.totalenergies.com/en_US/careers/JobDetail/Charg-e-de-mission-S-curit-Suret-RSE-H-F-en-alternance/78784"
"France","TotalEnergies","Chargé de mission sécurité alimentaire en restauration  H/F en alternance","Graduate & Internship","France","2026-03-31","https://jobs.totalenergies.com/en_US/careers/JobDetail/Charg-de-mission-s-curit-alimentaire-en-restauration-H-F-en-alternance/78780"
"France","TotalEnergies","Assistant RH Formation - Parcours et Compétences H/F en alternance","Graduate & Internship","France","2026-03-31","https://jobs.totalenergies.com/en_US/careers/JobDetail/Assistant-RH-Formation-Parcours-et-Comp-tences-H-F-en-alternance/78777"
"France","TotalEnergies","ALTERNANCE- Business Developer Solutions De Mobilité H/F","Graduate & Internship","France","2026-03-31","https://jobs.totalenergies.com/en_US/careers/JobDetail/ALTERNANCE-Business-Developer-Solutions-De-Mobilit-H-F/78774"
"France","TotalEnergies","ASSISTANT MARKETING FRANCHISE & RESTAURATION en alternance H/F","Graduate & Internship","France","2026-03-31","https://jobs.totalenergies.com/en_US/careers/JobDetail/Assistant-coordinateur-commercial-H-F-en-alternance/78773"
"France","TotalEnergies","Alternance - Conseiller Energies / Assistant Commercial (F/H)","Graduate & Internship","France","2026-03-31","https://jobs.totalenergies.com/en_US/careers/JobDetail/Alternance-Conseiller-Energies-Assistant-Commercial-F-H/78772"
"France","TotalEnergies","ALTERNANCE- Digital Communication & Marketing Junior H/F","Graduate & Internship","France","2026-03-31","https://jobs.totalenergies.com/en_US/careers/JobDetail/ALTERNANCE-Digital-Communication-Marketing-Junior-H-F/78767"
"France","TotalEnergies","CDI - Ingénieur(e) Senior Equipements Sous-Marins et Standardisation - H/F","Management & Administration","France","2026-03-31","https://jobs.totalenergies.com/en_US/careers/JobDetail/CDI-Ing-nieur-e-Senior-Equipements-Sous-Marins-et-Standardisation-H-F/78761"
"France","TotalEnergies","CDI - Ingénieur senior systèmes sous-marins - H/F","Management & Administration","France","2026-03-31","https://jobs.totalenergies.com/en_US/careers/JobDetail/CDI-Ing-nieur-senior-syst-mes-sous-marins-H-F/78755"
"France","TotalEnergies","STAGE Assistant d’équipe HSE H/F","HSE","France","2026-03-31","https://jobs.totalenergies.com/en_US/careers/JobDetail/STAGE-Assistant-d-quipe-HSE-H-F/78751"
"France","TotalEnergies","CDI - RESPONSABLE D'ATELIER H/F","Management & Administration","France","2026-03-31","https://jobs.totalenergies.com/en_US/careers/JobDetail/CDI-RESPONSABLE-D-ATELIER-H-F/78750"
"France","TotalEnergies","ALTERNANCE - DEVELOPPEUR DIGITAL & INFORMATIQUE DE GESTION - H/F","Graduate & Internship","France","2026-03-31","https://jobs.totalenergies.com/en_US/careers/JobDetail/ALTERNANCE-DEVELOPPEUR-DIGITAL-INFORMATIQUE-DE-GESTION-H-F/78749"
"Morocco","TotalEnergies","Technicien FAI","Management & Administration","Morocco","2026-03-31","https://jobs.totalenergies.com/en_US/careers/JobDetail/Technicien-FAI/78748"
"Morocco","TotalEnergies","Approvisionneur","Management & Administration","Morocco","2026-03-31","https://jobs.totalenergies.com/en_US/careers/JobDetail/Approvisionneur/78747"
"Morocco","TotalEnergies","CONTROLEUR DE GESTION","Electrical & Instrumentation","Morocco","2026-03-31","https://jobs.totalenergies.com/en_US/careers/JobDetail/CONTROLEUR-DE-GESTION/78746"
"USA","TotalEnergies","Safety Engineer","HSE","USA","2026-03-31","https://jobs.totalenergies.com/en_US/careers/JobDetail/Safety-Engineer/78745"
"Spain","TotalEnergies","TECNICO/A DE PREVENCION DE RIESGOS LABORALES","Management & Administration","Spain","2026-03-31","https://jobs.totalenergies.com/en_US/careers/JobDetail/TECNICO-A-DE-PREVENCION-DE-RIESGOS-LABORALES/78744"
"Canada","TotalEnergies","Technicien Administrateur Réseau","Management & Administration","Canada","2026-03-31","https://jobs.totalenergies.com/en_US/careers/JobDetail/Technicien-Administrateur-R-seau/78743"
"Poland","TotalEnergies","Inżynier jakości K/M","Management & Administration","Poland","2026-03-31","https://jobs.totalenergies.com/en_US/careers/JobDetail/In-ynier-jako-ci-K-M/78742"
"UAE","TotalEnergies","Senior Project Management: Supply Chain Crisis Manager (Fixed Term)","Supply Chain","UAE","2026-03-31","https://jobs.totalenergies.com/en_US/careers/JobDetail/Senior-Project-Management-Supply-Chain-Crisis-Manager-Fixed-Term/78740"
"USA","TotalEnergies","VIE _ BUSINESS EXCELLENCE ANALYST (M/F)_USA","Graduate & Internship","USA","2026-03-31","https://jobs.totalenergies.com/en_US/careers/JobDetail/VIE-BUSINESS-EXCELLENCE-ANALYST-M-F-USA/78682"
"USA","TotalEnergies","Manager, Structured Finance","Finance & Accounting","USA","2026-03-31","https://jobs.totalenergies.com/en_US/careers/JobDetail/Manager-Structured-Finance/78612"
"Brazil","TotalEnergies","Supply Chain Process & Performance Analyst","Operations & Process","Brazil","2026-03-31","https://jobs.totalenergies.com/en_US/careers/JobDetail/Analista-de-Processos-Performance-de-Supply-Chain/78595"
"France","TotalEnergies","ALTERNANCE Chargé de clientèle Europe H/F","Graduate & Internship","France","2026-03-31","https://jobs.totalenergies.com/en_US/careers/JobDetail/ALTERNANCE-Charg-de-client-le-Europe-H-F/78217"
"Switzerland","TotalEnergies","CDD - TGI, Juriste en Mobilité Internationale - Genève, xxxx","Graduate & Internship","Switzerland","2026-03-31","https://jobs.totalenergies.com/en_US/careers/JobDetail/CDD-TGI-Juriste-en-Mobilit-Internationale-Gen-ve-xxxx/77842"
"Suriname","TotalEnergies","Methods & Freight Forwarding Officer","Management & Administration","Suriname","2026-03-31","https://jobs.totalenergies.com/en_US/careers/JobDetail/Methods-Freight-Forwarding-Officer/77836"
"Suriname","TotalEnergies","Yard Supervisor","Management & Administration","Suriname","2026-03-31","https://jobs.totalenergies.com/en_US/careers/JobDetail/Yard-Supervisor/77398"
"Suriname","TotalEnergies","Logistics Coordinator","Supply Chain","Suriname","2026-03-31","https://jobs.totalenergies.com/en_US/careers/JobDetail/Logistics-Coordinator/77397"
"Suriname","TotalEnergies","Jetty Supervisor","Management & Administration","Suriname","2026-03-31","https://jobs.totalenergies.com/en_US/careers/JobDetail/Jetty-Supervisor/77396"
"France","TotalEnergies","CDI _TGHRS_INFIRMIER(e) DE SANTÉ AU TRAVAIL_PLD","Human Resources","France","2026-03-31","https://jobs.totalenergies.com/en_US/careers/JobDetail/CDI-TGHRS-Infirmier-e-sant-au-travail-H-F/77223"
"Suriname","TotalEnergies","Internal Control & Audit Officer","Graduate & Internship","Suriname","2026-03-31","https://jobs.totalenergies.com/en_US/careers/JobDetail/Internal-Control-Audit-Officer/72392"
"France","TotalEnergies","LEAD PRODUCT OWNER – TOTALENERGIES DIGITAL FACTORY","IT & Digital","France","2026-03-30","https://jobs.totalenergies.com/en_US/careers/JobDetail/LEAD-PRODUCT-OWNER-TOTALENERGIES-DIGITAL-FACTORY/78735"
"France","TotalEnergies","ASSISTANT MARKETING FRANCHISE & RESTAURATION en alternance H/F","Graduate & Internship","France","2026-03-30","https://jobs.totalenergies.com/en_US/careers/JobDetail/Assistant-marketing-franchise-restauration-H-F-en-alternance/78731"
"France","TotalEnergies","Assistant chef de projet Marketing, Digitalisation et Innovation H/F en alternance","Graduate & Internship","France","2026-03-30","https://jobs.totalenergies.com/en_US/careers/JobDetail/Assistant-chef-de-projet-Marketing-Digitalisation-et-Innovation-H-F-en-alternance/78730"
"Nigeria","TotalEnergies","Quantity Surveyor","Management & Administration","Nigeria","2026-03-30","https://jobs.totalenergies.com/en_US/careers/JobDetail/Quantity-Surveyor/78727"
"France","TotalEnergies","RESPONSABLE ACHATS H/F","Management & Administration","France","2026-03-30","https://jobs.totalenergies.com/en_US/careers/JobDetail/RESPONSABLE-ACHATS-H-F/78724"
"Romania","TotalEnergies","Financial Statements Accountant (Greek Speaking)","Finance & Accounting","Romania","2026-03-30","https://jobs.totalenergies.com/en_US/careers/JobDetail/Financial-Statements-Accountant-Greek-Speaking/78718"
"Nigeria","TotalEnergies","Customer Service Executive (Receipting) Kano","Management & Administration","Nigeria","2026-03-30","https://jobs.totalenergies.com/en_US/careers/JobDetail/Customer-Service-Executive-Receipting-Kano/78716"
"Romania","TotalEnergies","Financial Statements Accountant (French Speaking)","Finance & Accounting","Romania","2026-03-30","https://jobs.totalenergies.com/en_US/careers/JobDetail/Financial-Statements-Accountant-French-Speaking/78715"
"Singapore","TotalEnergies","Business Analyst","Management & Administration","Singapore","2026-03-30","https://jobs.totalenergies.com/en_US/careers/JobDetail/Business-Analyst-External/78708"
"Nigeria","TotalEnergies","Maintenance Assistant, Maiduguri","Management & Administration","Nigeria","2026-03-30","https://jobs.totalenergies.com/en_US/careers/JobDetail/Maintenance-Assistant-Maiduguri/78706"
"France","TotalEnergies","ALTERNANCE- Chef de secteur junior Solutions de Mobilité H/F","Graduate & Internship","France","2026-03-30","https://jobs.totalenergies.com/en_US/careers/JobDetail/ALTERNANCE-Chef-de-secteur-junior-Solutions-de-Mobilit-H-F/78697"
"France","TotalEnergies","STAGE- Droit des affaires H/F","IT & Digital","France","2026-03-30","https://jobs.totalenergies.com/en_US/careers/JobDetail/STAGE-Droit-des-affaires-H-F/78696"
"France","TotalEnergies","Assistant Trade Marketing (H/F) en alternance","Graduate & Internship","France","2026-03-30","https://jobs.totalenergies.com/en_US/careers/JobDetail/Assistant-Trade-Marketing-H-F-en-alternance/78681"
"France","TotalEnergies","ALTERNANT (H/F) SERVICE COMMUNICATION en filiale chez ARGEDIS","Management & Administration","France","2026-03-30","https://jobs.totalenergies.com/en_US/careers/JobDetail/ALTERNANT-H-F-SERVICE-COMMUNICATION-en-filiale-chez-ARGEDIS/78680"
"France","TotalEnergies","Business Analyst Polymères H/F/X","Management & Administration","France","2026-03-30","https://jobs.totalenergies.com/en_US/careers/JobDetail/Business-Analyst-Polym-res-H-F-X/78674"
"France","TotalEnergies","Comptable entités Holdings & financières- Débutant H/F","Finance & Accounting","France","2026-03-30","https://jobs.totalenergies.com/en_US/careers/JobDetail/Comptable-entit-s-Holdings-financi-res-D-butant-H-F/78660"
"France","TotalEnergies","ALTERNANCE- Heavy Duty Market Segment Manager Jr. H/F","Graduate & Internship","France","2026-03-30","https://jobs.totalenergies.com/en_US/careers/JobDetail/ALTERNANCE-Heavy-Duty-Market-Segment-Manager-Jr-H-F/78653"
"France","TotalEnergies","STAGE- Thermodynamique des fluides pour la simulation de procédés H/F","IT & Digital","France","2026-03-30","https://jobs.totalenergies.com/en_US/careers/JobDetail/STAGE-Thermodynamique-des-fluides-pour-la-simulation-de-proc-d-s-H-F/78636"
"Malaysia","TotalEnergies","Graduate IT Analyst","Graduate & Internship","Malaysia","2026-03-30","https://jobs.totalenergies.com/en_US/careers/JobDetail/Graduate-IT-Analyst-ITS-Operations/78618"
"USA","TotalEnergies","Jr. HR Business Partner","Human Resources","USA","2026-03-30","https://jobs.totalenergies.com/en_US/careers/JobDetail/Jr-HR-Business-Partner/78616"
"France","TotalEnergies","ALTERNANCE- Chargé(e) de Communication interne H/F","Graduate & Internship","France","2026-03-30","https://jobs.totalenergies.com/en_US/careers/JobDetail/ALTERNANCE-Charg-e-de-Communication-interne-H-F/78588"
"Suriname","TotalEnergies","Logistics HSE Superintendent","HSE","Suriname","2026-03-30","https://jobs.totalenergies.com/en_US/careers/JobDetail/Logistics-HSE-Superintendent/78113"
"France","TotalEnergies","ALTERNANCE - Assistant(e) Ressources Humaines et Services Généraux - F/H","Graduate & Internship","France","2026-03-30","https://jobs.totalenergies.com/en_US/careers/JobDetail/ALTERNANCE-Assistant-e-Ressources-Humaines-et-Services-G-n-raux-F-H/77597"
"Suriname","TotalEnergies","Warehouse Supervisor","Supply Chain","Suriname","2026-03-30","https://jobs.totalenergies.com/en_US/careers/JobDetail/Warehouse-Supervisor/77395"
"Suriname","TotalEnergies","Physical Stock Controller","Electrical & Instrumentation","Suriname","2026-03-30","https://jobs.totalenergies.com/en_US/careers/JobDetail/Physical-Stock-Controller/77394"
"France","TotalEnergies","CDI _ TECHNICIEN DE MAINTENANCE TRAVAUX NEUFS H/F","Management & Administration","France","2026-03-28","https://jobs.totalenergies.com/en_US/careers/JobDetail/CDI-TECHNICIEN-DE-MAINTENANCE-TRAVAUX-NEUFS-H-F/78688"
"France","TotalEnergies","CDI TECHNICIEN MAINTENANCE H/F","Management & Administration","France","2026-03-28","https://jobs.totalenergies.com/en_US/careers/JobDetail/CDI-TECHNICIEN-MAINTENANCE-H-F/78687"
"France","TotalEnergies","ALTERNANCE - Apprenti(e) support informatique","Graduate & Internship","France","2026-03-28","https://jobs.totalenergies.com/en_US/careers/JobDetail/ALTERNANCE-Apprenti-e-support-informatique/78686"
"USA","TotalEnergies","Director of Customer Experience & Integrated Quality Program Leader","Management & Administration","USA","2026-03-28","https://jobs.totalenergies.com/en_US/careers/JobDetail/Director-of-Customer-Experience-Integrated-Quality-Program-Leader/78685"
"USA","TotalEnergies","Senior Legal Counsel - Projects","Legal & Compliance","USA","2026-03-27","https://jobs.totalenergies.com/en_US/careers/JobDetail/Senior-Legal-Counsel-Projects/78683"
"France","TotalEnergies","Alternance Acheteur F/H - Lattes","Graduate & Internship","France","2026-03-27","https://jobs.totalenergies.com/en_US/careers/JobDetail/Alternance-Acheteur-F-H-Lattes/78679"
"South Africa","TotalEnergies","Apprenticeship - Instrument Mechanician","Graduate & Internship","South Africa","2026-03-27","https://jobs.totalenergies.com/en_US/careers/JobDetail/Apprenticeship-Instrument-Mechanician/78677"
"South Africa","TotalEnergies","Apprenticeship - Millwright","Graduate & Internship","South Africa","2026-03-27","https://jobs.totalenergies.com/en_US/careers/JobDetail/Apprenticeship-Millwright/78676"
"France","TotalEnergies","Alternance Ingénieur QHSE F/H - Lattes","Graduate & Internship","France","2026-03-27","https://jobs.totalenergies.com/en_US/careers/JobDetail/Alternance-Ing-nieur-QHSE-F-H-Lattes/78675"
"France","TotalEnergies","Donges (44) - Alternance Ingénieur Procédés H/F","Graduate & Internship","France","2026-03-27","https://jobs.totalenergies.com/en_US/careers/JobDetail/Donges-44-Alternance-Ing-nieur-Proc-d-s-H-F/78672"
"France","TotalEnergies","Senior Rigid Pipeline Technologist","Management & Administration","France","2026-03-27","https://jobs.totalenergies.com/en_US/careers/JobDetail/Ing-nieur-Technologue-Rigid-Pipeline-Exp-riment-H-F/78647"
"France","TotalEnergies","Rigid Pipeline Technologist","Management & Administration","France","2026-03-27","https://jobs.totalenergies.com/en_US/careers/JobDetail/Ing-nieur-Technologue-Rigid-Pipeline-H-F/78644"
"France","TotalEnergies","Assistant contrôleur de gestion (69) H/F","Management & Administration","France","2026-03-27","https://jobs.totalenergies.com/en_US/careers/JobDetail/Assistant-contr-leur-de-gestion-69-H-F/78641"
"Cameroon","TotalEnergies","Field Merchandiser Yaoundé (H/F)","Management & Administration","Cameroon","2026-03-27","https://jobs.totalenergies.com/en_US/careers/JobDetail/Field-Merchandiser-Yaound-H-F/78628"
"Mexico","TotalEnergies","Gerente de HES","Management & Administration","Mexico","2026-03-27","https://jobs.totalenergies.com/en_US/careers/JobDetail/Gerente-de-HES/78627"
"Mexico","TotalEnergies","Especialista de Moldeo SR","Management & Administration","Mexico","2026-03-27","https://jobs.totalenergies.com/en_US/careers/JobDetail/Especialista-de-Moldeo-SR/78626"
"France","TotalEnergies","APPRENTI ACHATS (H/F)","Graduate & Internship","France","2026-03-27","https://jobs.totalenergies.com/en_US/careers/JobDetail/APPRENTI-ACHATS-H-F/78625"
"France","TotalEnergies","CDI ACHETEUR PROJET","Management & Administration","France","2026-03-27","https://jobs.totalenergies.com/en_US/careers/JobDetail/CDI-ACHETEUR-PROJET/78624"
"Canada","TotalEnergies","Assembleur(se) aéronautique - soir","Management & Administration","Canada","2026-03-27","https://jobs.totalenergies.com/en_US/careers/JobDetail/Assembleur-se-a-ronautique-soir/78623"
"Canada","TotalEnergies","Lamineur(se)","Management & Administration","Canada","2026-03-27","https://jobs.totalenergies.com/en_US/careers/JobDetail/Lamineur-se/78622"
"Canada","TotalEnergies","Règleur(se) machiniste - soir","Management & Administration","Canada","2026-03-27","https://jobs.totalenergies.com/en_US/careers/JobDetail/R-gleur-se-machiniste-soir/78621"
"France","TotalEnergies","STAGE Assurance et Conformité Anti-corruption H/F","Management & Administration","France","2026-03-27","https://jobs.totalenergies.com/en_US/careers/JobDetail/STAGE-Assurance-et-Conformit-Anti-corruption-H-F/78589"
"France","TotalEnergies","Chargé de gestion et évaluation des postes - Débutant H/F","Management & Administration","France","2026-03-27","https://jobs.totalenergies.com/en_US/careers/JobDetail/Charg-de-gestion-et-valuation-des-postes-D-butant-H-F/78587"
"Uganda","TotalEnergies","NGO Coordination Intern","Graduate & Internship","Uganda","2026-03-27","https://jobs.totalenergies.com/en_US/careers/JobDetail/NGO-Coordination-Intern/78498"
"Uganda","TotalEnergies","Geoscience & Reservoir – Geology & Petrophysics Interns","Graduate & Internship","Uganda","2026-03-27","https://jobs.totalenergies.com/en_US/careers/JobDetail/Geoscience-Reservoir-Geology-Petrophysics-Interns/78495"
"Uganda","TotalEnergies","Biodiversity (Forests & Wetlands) Graduate trainee","Graduate & Internship","Uganda","2026-03-27","https://jobs.totalenergies.com/en_US/careers/JobDetail/Biodiversity-Forests-Wetlands-Graduate-trainee/78493"
"Uganda","TotalEnergies","Field Operations Graduate trainee","Graduate & Internship","Uganda","2026-03-27","https://jobs.totalenergies.com/en_US/careers/JobDetail/Field-Operations-Graduate-trainee/78492"
"Uganda","TotalEnergies","Field Operations Graduate trainee - OSL","Graduate & Internship","Uganda","2026-03-27","https://jobs.totalenergies.com/en_US/careers/JobDetail/Field-Operations-Graduate-trainee-OSL/78491"
"Uganda","TotalEnergies","Field Engineer Graduate Trainees","Graduate & Internship","Uganda","2026-03-27","https://jobs.totalenergies.com/en_US/careers/JobDetail/Field-Engineer-Graduate-Trainees/78482"
"Uganda","TotalEnergies","Graduate Trainee Smart Room","Graduate & Internship","Uganda","2026-03-27","https://jobs.totalenergies.com/en_US/careers/JobDetail/Graduate-Trainee-Smart-Room/78481"
"Uganda","TotalEnergies","Head of Reservoir Monitoring","Geoscience & Reservoir","Uganda","2026-03-27","https://jobs.totalenergies.com/en_US/careers/JobDetail/Head-of-Reservoir-Monitoring/78480"
"USA","TotalEnergies","Electrical QA/QC - Laurel Wind Project (Contract)","Electrical & Instrumentation","USA","2026-03-27","https://jobs.totalenergies.com/en_US/careers/JobDetail/Electrical-QA-QC-Laurel-Wind-Project-Contract/78236"
"France","TotalEnergies","Donges (44) - Alternance Ingénieur Performance Énergétique H/F","Graduate & Internship","France","2026-03-27","https://jobs.totalenergies.com/en_US/careers/JobDetail/Donges-44-Alternance-Ing-nieur-Performance-nerg-tique-H-F/78134"
"France","TotalEnergies","ALTERNANCE- Chef de projet junior Marketing Digital H/F","Graduate & Internship","France","2026-03-27","https://jobs.totalenergies.com/en_US/careers/JobDetail/ALTERNANCE-Chef-de-projet-junior-Marketing-Digital-H-F/78121"
"France","TotalEnergies","ALTERNANCE- Comptable Synthèse H/F","Graduate & Internship","France","2026-03-27","https://jobs.totalenergies.com/en_US/careers/JobDetail/ALTERNANCE-Comptable-Synth-se-H-F/78104"
"France","TotalEnergies","ALTERNANCE- Comptable Synthèse H/F","Graduate & Internship","France","2026-03-27","https://jobs.totalenergies.com/en_US/careers/JobDetail/ALTERNANCE-Comptable-Synth-se-H-F/78102"
"France","TotalEnergies","Juriste droit social Débutant - H/F","IT & Digital","France","2026-03-27","https://jobs.totalenergies.com/en_US/careers/JobDetail/Juriste-droit-social-D-butant-H-F/78101"
"","TotalEnergies","Territory Manager","Management & Administration","","2026-03-26","https://jobs.totalenergies.com/en_US/careers/JobDetail/TERRITORY-MANAGER/78583"
"France","TotalEnergies","ALTERNANCE- Droit des nouvelles technologies, data et cybersécurité H/F","Graduate & Internship","France","2026-03-26","https://jobs.totalenergies.com/en_US/careers/JobDetail/ALTERNANCE-Droit-des-nouvelles-technologies-data-et-cybers-curit-H-F/78579"
"France","TotalEnergies","ALTERNANCE- Conformité anti-corruption & anti-fraude H/F","Graduate & Internship","France","2026-03-26","https://jobs.totalenergies.com/en_US/careers/JobDetail/ALTERNANCE-Conformit-anti-corruption-anti-fraude-H-F/78573"
"South Africa","TotalEnergies","Projects and Maintenance  Coordinator","Management & Administration","South Africa","2026-03-26","https://jobs.totalenergies.com/en_US/careers/JobDetail/Projects-and-Maintenance-Coordinator/78572"
"France","TotalEnergies","STAGE- Assistant Support Transverse au Métier Contract Management H/F","Legal & Compliance","France","2026-03-26","https://jobs.totalenergies.com/en_US/careers/JobDetail/STAGE-Assistant-Support-Transverse-au-M-tier-Contract-Management-H-F/78570"
"France","TotalEnergies","COORDINATEUR QUALITE FOURNISSEURS & SYSTEME QUALITE F/H","Management & Administration","France","2026-03-26","https://jobs.totalenergies.com/en_US/careers/JobDetail/COORDINATEUR-QUALITE-FOURNISSEURS-SYSTEME-QUALITE-F-H/78569"
"France","TotalEnergies","Stagiaire Achats F/H","Management & Administration","France","2026-03-26","https://jobs.totalenergies.com/en_US/careers/JobDetail/Stagiaire-Achats-F-H/78568"
"France","TotalEnergies","APPRENTICESHIP - PURCHASING ASSISTANT","Graduate & Internship","France","2026-03-26","https://jobs.totalenergies.com/en_US/careers/JobDetail/APPRENTICESHIP-PURCHASING-ASSISTANT/78567"
"France","TotalEnergies","TECHNICIEN INDUSTRIALISATION H/F","Management & Administration","France","2026-03-26","https://jobs.totalenergies.com/en_US/careers/JobDetail/TECHNICIEN-INDUSTRIALISATION-H-F/78566"
"France","TotalEnergies","CDI - TECHNICIEN ESSAIS & QUALIFICATION H/F","Management & Administration","France","2026-03-26","https://jobs.totalenergies.com/en_US/careers/JobDetail/CDI-TECHNICIEN-ESSAIS-QUALIFICATION-H-F/78565"
"USA","TotalEnergies","Production Planning & Client Relations Manager","Operations & Process","USA","2026-03-26","https://jobs.totalenergies.com/en_US/careers/JobDetail/Production-Planning-Client-Relations-Manager/78564"
"USA","TotalEnergies","Controls Engineer","Electrical & Instrumentation","USA","2026-03-26","https://jobs.totalenergies.com/en_US/careers/JobDetail/Controls-Engineer/78563"
"Poland","TotalEnergies","Koordynator Zmiany K/M","Management & Administration","Poland","2026-03-26","https://jobs.totalenergies.com/en_US/careers/JobDetail/Koordynator-Zmiany-K-M/78562"
"South Africa","TotalEnergies","Regional Sales Manager B2B and B2B2C – Southern region","Management & Administration","South Africa","2026-03-26","https://jobs.totalenergies.com/en_US/careers/JobDetail/Regional-Sales-Manager-B2B-and-B2B2C-Cape-Town/78561"
"Vietnam","TotalEnergies","HSSE Supervisor (District 7 Plant)","Operations & Process","Vietnam","2026-03-26","https://jobs.totalenergies.com/en_US/careers/JobDetail/HSSE-Supervisor-District-7-Plant/78557"
"Brazil","TotalEnergies","Jr. HSE Audit & Reports Engineer","HSE","Brazil","2026-03-26","https://jobs.totalenergies.com/en_US/careers/JobDetail/Engenheiro-J-nior-de-Auditoria-e-Relat-rios-de-HSE/78555"
"Malaysia","TotalEnergies","Sales Executive - South","Management & Administration","Malaysia","2026-03-26","https://jobs.totalenergies.com/en_US/careers/JobDetail/Sales-Executive-South/78527"
"France","TotalEnergies","Juriste Expérimenté.e Données Personnelles & Conformité (F/H/X)","Management & Administration","France","2026-03-26","https://jobs.totalenergies.com/en_US/careers/JobDetail/Juriste-Exp-riment-e-Donn-es-Personnelles-Conformit-F-H-X/78289"
"France","TotalEnergies","Chargé de communication IT interne H/F","Graduate & Internship","France","2026-03-26","https://jobs.totalenergies.com/en_US/careers/JobDetail/Charg-de-communication-IT-interne-H-F/77590"
"Dominican Republic","TotalEnergies","Implementador Programación.","Management & Administration","Dominican Republic","2026-03-25","https://jobs.totalenergies.com/en_US/careers/JobDetail/Implementador-Programaci-n/78553"
"","TotalEnergies","Analista de Entrenamiento & OBC.","Management & Administration","","2026-03-25","https://jobs.totalenergies.com/en_US/careers/JobDetail/Analista-de-Entrenamiento-OBC/78544"
"South Africa","TotalEnergies","Plant Assistant (Ladysmith Depot) (OM)","Operations & Process","South Africa","2026-03-25","https://jobs.totalenergies.com/en_US/careers/JobDetail/Plant-Assistant-Ladysmith-Depot-OM/78535"
"Tanzania","TotalEnergies","INTERNAL AUDIT ASSISTANT","Graduate & Internship","Tanzania","2026-03-25","https://jobs.totalenergies.com/en_US/careers/JobDetail/INTERNAL-AUDIT-ASSISTANT/78534"
"France","TotalEnergies","STAGE Ingénieur économie de l’énergie et project finance H/F","Finance & Accounting","France","2026-03-25","https://jobs.totalenergies.com/en_US/careers/JobDetail/STAGE-Ing-nieur-conomie-de-l-nergie-et-project-finance-H-F/78529"
"France","TotalEnergies","ALTERNANCE Management data et Power BI H/F (76)","Graduate & Internship","France","2026-03-25","https://jobs.totalenergies.com/en_US/careers/JobDetail/ALTERNANCE-Management-data-et-Power-BI-H-F-76/78528"
"Switzerland","TotalEnergies","Assets Trader – Power & Gas (Europe)","Electrical & Instrumentation","Switzerland","2026-03-25","https://jobs.totalenergies.com/en_US/careers/JobDetail/Assets-Trader-Power-Gas-Europe/78525"
"South Africa","TotalEnergies","6 Months Temp: CATEGORY SPECIALIST – Warehouse. Transport & Packaging","Supply Chain","South Africa","2026-03-25","https://jobs.totalenergies.com/en_US/careers/JobDetail/6-Months-Temp-CATEGORY-SPECIALIST-Warehousing-Transport-Packaging/78521"
"France","TotalEnergies","Paralégal à la Direction Juridique des Achats débutant H/F","Management & Administration","France","2026-03-25","https://jobs.totalenergies.com/en_US/careers/JobDetail/Paral-gal-la-Direction-Juridique-des-Achats-d-butant-H-F/78518"
"France","TotalEnergies","KEY ACCOUNT MANAGER _ INDIRECT SALES H/F","Finance & Accounting","France","2026-03-25","https://jobs.totalenergies.com/en_US/careers/JobDetail/KEY-ACCOUNT-MANAGER-INDIRECT-SALES-H-F/78517"
"Canada","TotalEnergies","Lamineur(se) - soir","Management & Administration","Canada","2026-03-25","https://jobs.totalenergies.com/en_US/careers/JobDetail/Lamineur-se-soir/78516"
"Canada","TotalEnergies","Assembleur(se) aéronautique - finition","Management & Administration","Canada","2026-03-25","https://jobs.totalenergies.com/en_US/careers/JobDetail/Assembleur-se-a-ronautique-finition/78515"
"Greece","TotalEnergies","-Energy Trading- Structured Power Contract Support Analyst","Electrical & Instrumentation","Greece","2026-03-25","https://jobs.totalenergies.com/en_US/careers/JobDetail/Energy-Trading-Structured-Power-Contract-Support-Analyst/78500"
"Belgium","TotalEnergies","Supervisor Technische Dienst (m/v/x) – Schoten","Management & Administration","Belgium","2026-03-25","https://jobs.totalenergies.com/en_US/careers/JobDetail/Supervisor-Technische-Dienst-m-v-x/78490"
"France","TotalEnergies","ALTERNANCE- Assistant Comptable Synthèse H/F","Graduate & Internship","France","2026-03-25","https://jobs.totalenergies.com/en_US/careers/JobDetail/ALTERNANCE-Assistant-Comptable-Synth-se-H-F/78087"
"Brazil","TotalEnergies","Especialista de UFR","Management & Administration","Brazil","2026-03-24","https://jobs.totalenergies.com/en_US/careers/JobDetail/Especialista-de-UFR/78514"
"Greece","TotalEnergies","-Energy Trading- Energy Data Portfolio Analyst","IT & Digital","Greece","2026-03-24","https://jobs.totalenergies.com/en_US/careers/JobDetail/Energy-Trading-Energy-Data-Portfolio-Analyst/78510"
"Italy","TotalEnergies","Materials Buyer - Somministrazione","Mechanical & Structural","Italy","2026-03-24","https://jobs.totalenergies.com/en_US/careers/JobDetail/Materials-Buyer-Somministrazione/78509"
"Togo","TotalEnergies","COMMERCIAL POLYVALENT (H/F)","Management & Administration","Togo","2026-03-24","https://jobs.totalenergies.com/en_US/careers/JobDetail/COMMERCIAL-POLYVALENT-H-F/78497"
"France","TotalEnergies","STAGE - Fiscalité au sein de la direction financière RC H/F","Finance & Accounting","France","2026-03-24","https://jobs.totalenergies.com/en_US/careers/JobDetail/STAGE-Fiscalit-au-sein-de-la-direction-financi-re-RC-H-F/78496"
"Togo","TotalEnergies","COMPTABLE  FOURNISSEUR & PAYEUR (H/F)","Management & Administration","Togo","2026-03-24","https://jobs.totalenergies.com/en_US/careers/JobDetail/COMPTABLE-FOURNISSEUR-PAYEUR-H-F/78487"
"France","TotalEnergies","IMI Regional Sales Manager South Europe and Africa","Management & Administration","France","2026-03-24","https://jobs.totalenergies.com/en_US/careers/JobDetail/IMI-Regional-Sales-Manager-South-Europe-and-Africa/78477"
"France","TotalEnergies","Software Technical Leader (H/F)","IT & Digital","France","2026-03-24","https://jobs.totalenergies.com/en_US/careers/JobDetail/Software-Technical-Leader-H-F/78474"
"Tanzania","TotalEnergies","GRADUATE TRAINEE - TREASURY","Graduate & Internship","Tanzania","2026-03-24","https://jobs.totalenergies.com/en_US/careers/JobDetail/GRADUATE-TRAINEE-TREASURY/78473"
"France","TotalEnergies","CDD - INGENIEUR DEVELOPPEMENT MATERIAUX H/F","Human Resources","France","2026-03-24","https://jobs.totalenergies.com/en_US/careers/JobDetail/CDD-INGENIEUR-DEVELOPPEMENT-MATERIAUX-H-F/78472"
"USA","TotalEnergies","MI Industrial Cleaner","Management & Administration","USA","2026-03-24","https://jobs.totalenergies.com/en_US/careers/JobDetail/MI-Industrial-Cleaner/78471"
"Denmark","TotalEnergies","Lead Environmental Advisor - Environmental Impact Assessments","HSE","Denmark","2026-03-24","https://jobs.totalenergies.com/en_US/careers/JobDetail/Lead-Environmental-Advisor-Environmental-Impact-Assessments/78469"
"Greece","TotalEnergies","-Energy Trading- Trade Support Analyst","Management & Administration","Greece","2026-03-24","https://jobs.totalenergies.com/en_US/careers/JobDetail/Energy-Trading-Trade-Support-Analyst/78455"
"Greece","TotalEnergies","-Energy Trading- Senior Trade Support Analyst","Management & Administration","Greece","2026-03-24","https://jobs.totalenergies.com/en_US/careers/JobDetail/Energy-Trading-Senior-Trade-Support-Analyst/78452"
"Greece","TotalEnergies","-Energy Trading- Trade Support Coordinator","Management & Administration","Greece","2026-03-24","https://jobs.totalenergies.com/en_US/careers/JobDetail/Energy-Trading-Trade-Support-Coordinator/78404"
"France","TotalEnergies","Analyste IA Subsurface Knowledge - Débutant H/F","Geoscience & Reservoir","France","2026-03-24","https://jobs.totalenergies.com/en_US/careers/JobDetail/Analyste-IA-Subsurface-Knowledge-D-butant-H-F/78013"
"France","TotalEnergies","Ingénieur Real time Monitoring & data- Débutant H/F","IT & Digital","France","2026-03-24","https://jobs.totalenergies.com/en_US/careers/JobDetail/Ing-nieur-Real-time-Monitoring-data-D-butant-H-F/78005"
"France","TotalEnergies","ALTERNANCE - Assistant(e) Marketing Data H/F","Graduate & Internship","France","2026-03-24","https://jobs.totalenergies.com/en_US/careers/JobDetail/ALTERNANCE-Assistant-e-Marketing-Data-H-F/77964"
"Canada","TotalEnergies","Chargé de projet Marketing","Management & Administration","Canada","2026-03-23","https://jobs.totalenergies.com/en_US/careers/JobDetail/Charg-de-projet-Marketing/78459"
"France","TotalEnergies","ALTERNANCE - Écotoxicologie Réglementaire H/F","Graduate & Internship","France","2026-03-23","https://jobs.totalenergies.com/en_US/careers/JobDetail/ALTERNANCE-cotoxicologie-R-glementaire-H-F/78454"
"France","TotalEnergies","ALTERNANCE- Business Process Expert  H/F","Graduate & Internship","France","2026-03-23","https://jobs.totalenergies.com/en_US/careers/JobDetail/ALTERNANCE-Business-Process-Expert-H-F/78445"
"USA","TotalEnergies","Senior Engineer-Site Availability Leader","Management & Administration","USA","2026-03-23","https://jobs.totalenergies.com/en_US/careers/JobDetail/Senior-Engineer-Site-Availability-Leader/78439"
"France","TotalEnergies","Opérateur Polyvalent PS (H/F)","Management & Administration","France","2026-03-23","https://jobs.totalenergies.com/en_US/careers/JobDetail/Op-rateur-Polyvalent-PS-H-F/78429"
"France","TotalEnergies","CDD - Opérateur Extérieur Bioraffinerie 3X8 H/F","Management & Administration","France","2026-03-23","https://jobs.totalenergies.com/en_US/careers/JobDetail/CDD-Op-rateur-Ext-rieur-Reformeur-3X8-H-F/78279"
"Mozambique","TotalEnergies","Biofuel Officer","Management & Administration","Mozambique","2026-03-23","https://jobs.totalenergies.com/en_US/careers/JobDetail/Biofuel-Officer/78058"
"France","TotalEnergies","Assistant(e) Contrôle de Gestion H/F","Management & Administration","France","2026-03-23","https://jobs.totalenergies.com/en_US/careers/JobDetail/Assistant-e-Contr-le-de-Gestion-H-F/78057"
"France","TotalEnergies","Analyste financier PME/Startups débutant (59) H/F","Operations & Process","France","2026-03-23","https://jobs.totalenergies.com/en_US/careers/JobDetail/Analyste-financier-PME-Startups-d-butant-59-H-F/77985"
"France","TotalEnergies","ALTERNANCE - Business Analyst for Retail Optimisation H/F","Graduate & Internship","France","2026-03-23","https://jobs.totalenergies.com/en_US/careers/JobDetail/ALTERNANCE-Business-Analyst-for-Retail-Optimisation-H-F/77906"
"France","TotalEnergies","TECHNICIEN METHODES SUPPLY CHAIN H/F","Supply Chain","France","2026-03-21","https://jobs.totalenergies.com/en_US/careers/JobDetail/TECHNICIEN-METHODES-SUPPLY-CHAIN-H-F/78417"
"France","TotalEnergies","Stage – Chargé(e) de Projets Relations Écoles (6 mois)","Management & Administration","France","2026-03-21","https://jobs.totalenergies.com/en_US/careers/JobDetail/Stage-Charg-e-de-Projets-Relations-coles-6-mois/78416"
"France","TotalEnergies","ALTERNANT ACHAT PROJETS","Management & Administration","France","2026-03-21","https://jobs.totalenergies.com/en_US/careers/JobDetail/ALTERNANT-ACHAT-PROJETS/78415"
"France","TotalEnergies","ALTERNANT ACHAT H/F","Management & Administration","France","2026-03-21","https://jobs.totalenergies.com/en_US/careers/JobDetail/ALTERNANT-ACHAT-H-F/78414"
"France","TotalEnergies","APPRENTI CHEF DE PROJET SYSTÈME QUALITÉ","Graduate & Internship","France","2026-03-21","https://jobs.totalenergies.com/en_US/careers/JobDetail/APPRENTI-CHEF-DE-PROJET-SYST-ME-QUALIT/78413"
"USA","TotalEnergies","IT Service Support Specialist","IT & Digital","USA","2026-03-21","https://jobs.totalenergies.com/en_US/careers/JobDetail/IT-Service-Support-Specialist/78411"
"Poland","TotalEnergies","Specjalista ds. Automatyzacji (K/M)","Management & Administration","Poland","2026-03-21","https://jobs.totalenergies.com/en_US/careers/JobDetail/Specjalista-ds-Automatyzacji-K-M/78410"
"USA","TotalEnergies","Grid Analytics Researcher","Management & Administration","USA","2026-03-21","https://jobs.totalenergies.com/en_US/careers/JobDetail/Grid-Analytics-Researcher/78246"
"USA","TotalEnergies","Power System Modeling Researcher","Electrical & Instrumentation","USA","2026-03-21","https://jobs.totalenergies.com/en_US/careers/JobDetail/Power-System-Modeling-Researcher/78241"
"USA","TotalEnergies","Civil QA/QC - Onshore Wind (Contract)","Legal & Compliance","USA","2026-03-21","https://jobs.totalenergies.com/en_US/careers/JobDetail/Civil-QA-QC-Onshore-Wind-Contract/78235"
"Greece","TotalEnergies","-Energy Trading- Trade Invoicing Operator","Operations & Process","Greece","2026-03-20","https://jobs.totalenergies.com/en_US/careers/JobDetail/Energy-Trading-Trade-Invoicing-Operator/78407"
"Greece","TotalEnergies","-Energy Trading- Shipping Documents Specialist","Supply Chain","Greece","2026-03-20","https://jobs.totalenergies.com/en_US/careers/JobDetail/Energy-Trading-Shipping-Documents-Specialist/78406"
"France","TotalEnergies","ALTERNANCE - Optimisation du traitement des déchets (H/F)","Graduate & Internship","France","2026-03-20","https://jobs.totalenergies.com/en_US/careers/JobDetail/ALTERNANCE-Optimisation-du-traitement-des-d-chets-H-F/78405"
"France","TotalEnergies","Chauffeur Avitailleur H/F","Management & Administration","France","2026-03-20","https://jobs.totalenergies.com/en_US/careers/JobDetail/Chauffeur-Avitailleur-Bordeaux-M-rignac-a-roport-H-F/78403"
"Germany","TotalEnergies","Senior Projektleiter (m/w/d)","Management & Administration","Germany","2026-03-20","https://jobs.totalenergies.com/en_US/careers/JobDetail/Senior-Projektleiter-m-w-d/78402"
"France","TotalEnergies","Alternance – Assistant(e) Responsable Communication Marketing et Evènementiel","Graduate & Internship","France","2026-03-20","https://jobs.totalenergies.com/en_US/careers/JobDetail/Alternance-Assistant-e-Responsable-Communication-Marketing-et-Ev-nementiel/78395"
"France","TotalEnergies","ALTERNANCE - Développement de méthodes de fractionnement d’échantillons de lubrifiants par GPC pour l’analyse des composés lourds  par HRMS et Pyrolyse GC-MS","Graduate & Internship","France","2026-03-20","https://jobs.totalenergies.com/en_US/careers/JobDetail/ALTERNANCE-D-veloppement-de-m-thodes-de-fractionnement-d-chantillons-de-lubrifiants-par-GPC-pour-l-analyse-des-compos-s-lourds-par-HRMS-et-Pyrolyse-GC-MS/78394"
"France","TotalEnergies","ALTERNANT(E) EN CHIMIE CHROMATOGRAPHIE (H/F)","Human Resources","France","2026-03-20","https://jobs.totalenergies.com/en_US/careers/JobDetail/ALTERNANT-E-EN-CHIMIE-CHROMATOGRAPHIE-H-F/78391"
"France","TotalEnergies","Technicien de maintenance Biogaz H/F (Bretagne de Marsan - 40 )","Management & Administration","France","2026-03-20","https://jobs.totalenergies.com/en_US/careers/JobDetail/Technicien-de-maintenance-Biogaz-H-F-Bretagne-de-Marsan-40/78390"
"France","TotalEnergies","ALTERNANT(E) INSPECTEUR (H/F)","Inspection & Integrity","France","2026-03-20","https://jobs.totalenergies.com/en_US/careers/JobDetail/ALTERNANT-E-INSPECTEUR-H-F/78387"
"France","TotalEnergies","ALTERNANT(E) CQPM MACHINES TOURNANTES SOUS PRESSION (H/F)","Management & Administration","France","2026-03-20","https://jobs.totalenergies.com/en_US/careers/JobDetail/ALTERNANT-E-CQPM-MACHINES-TOURNANTES-SOUS-PRESSION-H-F/78386"
"France","TotalEnergies","ALTERNANCE - Correspondant Archives H/F","Graduate & Internship","France","2026-03-20","https://jobs.totalenergies.com/en_US/careers/JobDetail/ALTERNANCE-Correspondant-Archives-H-F/78382"
"France","TotalEnergies","Comptable entités Holdings & financières- Débutant H/F","Finance & Accounting","France","2026-03-20","https://jobs.totalenergies.com/en_US/careers/JobDetail/Comptable-entit-s-Holdings-financi-res-D-butant-H-F/78381"
"France","TotalEnergies","ALTERNANT(E) Technicien de Maintenance (H/F)","Management & Administration","France","2026-03-20","https://jobs.totalenergies.com/en_US/careers/JobDetail/ALTERNANT-E-Technicien-de-Maintenance-H-F/78378"
"France","TotalEnergies","ALTERNANCE - Gestionnaire Formation (H/F)","Graduate & Internship","France","2026-03-20","https://jobs.totalenergies.com/en_US/careers/JobDetail/ALTERNANCE-Gestionnaire-Formation-H-F/78377"
"France","TotalEnergies","Strategy & Planning Manager","Management & Administration","France","2026-03-20","https://jobs.totalenergies.com/en_US/careers/JobDetail/Strategy-Planning-Manager/78375"
"France","TotalEnergies","CDI - RC, Médecin Service Santé au Travail - Donges","Management & Administration","France","2026-03-20","https://jobs.totalenergies.com/en_US/careers/JobDetail/CDI-RC-M-decin-Service-Sant-au-Travail-Donges/78365"
"Mexico","TotalEnergies","Tecnico Integrador","Management & Administration","Mexico","2026-03-20","https://jobs.totalenergies.com/en_US/careers/JobDetail/Tecnico-Integrador/78364"
"Mexico","TotalEnergies","ACCOUNTS PAYABLE ANALYST","Finance & Accounting","Mexico","2026-03-20","https://jobs.totalenergies.com/en_US/careers/JobDetail/ACCOUNTS-PAYABLE-ANALYST/78363"
"France","TotalEnergies","APPRENTI LABORTOIRE MATERIAUX","Graduate & Internship","France","2026-03-20","https://jobs.totalenergies.com/en_US/careers/JobDetail/APPRENTI-LABORTOIRE-MATERIAUX/78362"
"France","TotalEnergies","ALTERNANCE - Apprenti(e) procédés assemblage par induction H/F","Graduate & Internship","France","2026-03-20","https://jobs.totalenergies.com/en_US/careers/JobDetail/ALTERNANCE-Apprenti-e-proc-d-s-assemblage-par-induction-H-F/78361"
"France","TotalEnergies","ALTERNANCE - LABORATOIRE TS (H/F)","Graduate & Internship","France","2026-03-20","https://jobs.totalenergies.com/en_US/careers/JobDetail/ALTERNANCE-LABORATOIRE-TS-H-F/78360"
"France","TotalEnergies","CDI INGENIEUR ETUDE DE PRIX","Management & Administration","France","2026-03-20","https://jobs.totalenergies.com/en_US/careers/JobDetail/CDI-INGENIEUR-ETUDE-DE-PRIX/78359"
"France","TotalEnergies","APPRENTI METHODES PROCESS","Graduate & Internship","France","2026-03-20","https://jobs.totalenergies.com/en_US/careers/JobDetail/APPRENTI-METHODES-PROCESS/78358"
"France","TotalEnergies","CDI INGENIEUR COMPOSITE RECHERCHE ET INNOVATION H/F","Management & Administration","France","2026-03-20","https://jobs.totalenergies.com/en_US/careers/JobDetail/CDI-INGENIEUR-COMPOSITE-RECHERCHE-ET-INNOVATION-H-F/78357"
"France","TotalEnergies","APPRENTI METHODES PROCESS","Graduate & Internship","France","2026-03-20","https://jobs.totalenergies.com/en_US/careers/JobDetail/APPRENTI-METHODES-PROCESS/78356"
"France","TotalEnergies","APPRENTI SUPPLY CHAIN (H/F)","Graduate & Internship","France","2026-03-20","https://jobs.totalenergies.com/en_US/careers/JobDetail/APPRENTI-SUPPLY-CHAIN-H-F/78355"
"Poland","TotalEnergies","Kierownik Działu Logistyki","Management & Administration","Poland","2026-03-20","https://jobs.totalenergies.com/en_US/careers/JobDetail/Kierownik-Dzia-u-Logistyki/78354"
"France","TotalEnergies","Alternant Chargé de Communication H/F","Management & Administration","France","2026-03-20","https://jobs.totalenergies.com/en_US/careers/JobDetail/Alternant-Charg-de-Communication-H-F/78353"
"USA","TotalEnergies","Construction Manager - Onshore Wind","Management & Administration","USA","2026-03-20","https://jobs.totalenergies.com/en_US/careers/JobDetail/Construction-Manager-Onshore-Wind-Contract/78226"
"France","TotalEnergies","ALTERNANCE - Comptable Synthèse H/F","Graduate & Internship","France","2026-03-20","https://jobs.totalenergies.com/en_US/careers/JobDetail/ALTERNANCE-Comptable-Synth-se-H-F/77924"
"France","TotalEnergies","Chargé d'analyse de la Performance HSE débutant F/H","HSE","France","2026-03-19","https://jobs.totalenergies.com/en_US/careers/JobDetail/Analyste-performance-et-Reporting-HSE-d-butant-H-F/78350"
"France","TotalEnergies","ALTERNANCE Ingénieur performance (03) H/F","Graduate & Internship","France","2026-03-19","https://jobs.totalenergies.com/en_US/careers/JobDetail/ALTERNANCE-Ing-nieur-performance-03-H-F/78345"
"Denmark","TotalEnergies","Senior Emissions Engineer","Management & Administration","Denmark","2026-03-19","https://jobs.totalenergies.com/en_US/careers/JobDetail/Senior-Emissions-Engineer/78341"
"France","TotalEnergies","ALTERNANT(E) ASSISTANT(E) INGÉNIEUR PROCÉDÉS – ÉNERGIES, UTILITÉS & LOGISTIQUE (H/F)","Management & Administration","France","2026-03-19","https://jobs.totalenergies.com/en_US/careers/JobDetail/ALTERNANT-E-ASSISTANT-E-ING-NIEUR-PROC-D-S-NERGIES-UTILIT-S-LOGISTIQUE-H-F/78340"
"France","TotalEnergies","ALTERNANT(E) ASSISTANT(E) CHEF DE PROJET (H/F)","Management & Administration","France","2026-03-19","https://jobs.totalenergies.com/en_US/careers/JobDetail/ALTERNANT-E-ASSISTANT-E-CHEF-DE-PROJET-H-F/78337"
"Canada","TotalEnergies","Technicien(ne) de laboratoire","Management & Administration","Canada","2026-03-19","https://jobs.totalenergies.com/en_US/careers/JobDetail/Technicien-ne-de-laboratoire/78332"
"France","TotalEnergies","ALTERNANT(E) LABORATOIRE PETROCHIMIE (H/F)","Management & Administration","France","2026-03-19","https://jobs.totalenergies.com/en_US/careers/JobDetail/ALTERNANT-E-LABORATOIRE-PETROCHIMIE-H-F/78330"
"Belgium","TotalEnergies","Marketing Analyst (m.w.d)","Management & Administration","Belgium","2026-03-19","https://jobs.totalenergies.com/en_US/careers/JobDetail/Marketing-Analyst-m-w-d/78325"
"France","TotalEnergies","ALTERNANCE - Animateur HSE H/F","Graduate & Internship","France","2026-03-19","https://jobs.totalenergies.com/en_US/careers/JobDetail/ALTERNANCE-Animateur-HSE-H-F/78319"
"France","TotalEnergies","STAGE Site Reliability Engineering (SRE) H/F","Inspection & Integrity","France","2026-03-19","https://jobs.totalenergies.com/en_US/careers/JobDetail/STAGE-Site-Reliability-Engineering-SRE-H-F/78318"
"","TotalEnergies","Polyvalente shiftoperator","Operations & Process","","2026-03-19","https://jobs.totalenergies.com/en_US/careers/JobDetail/Polyvalente-shiftoperator/78314"
"France","TotalEnergies","CDD - TECHNICIEN MATERIAUX H/F","Management & Administration","France","2026-03-19","https://jobs.totalenergies.com/en_US/careers/JobDetail/CDD-TECHNICIEN-MATERIAUX-H-F/78311"
"France","TotalEnergies","CONTROLEUR POLYVALENT","Electrical & Instrumentation","France","2026-03-19","https://jobs.totalenergies.com/en_US/careers/JobDetail/CONTROLEUR-POLYVALENT/78310"
"Germany","TotalEnergies","Leiter Logistik (m/w/d)","Management & Administration","Germany","2026-03-19","https://jobs.totalenergies.com/en_US/careers/JobDetail/Leiter-Logistik-m-w-d/78309"
"Republic of Serbia","TotalEnergies","Assistant in laboratory","Management & Administration","Republic of Serbia","2026-03-19","https://jobs.totalenergies.com/en_US/careers/JobDetail/Assistant-in-laboratory/78308"
"Portugal","TotalEnergies","CUSTOMER DEVELOPEMENT QUALITICIAN","Human Resources","Portugal","2026-03-19","https://jobs.totalenergies.com/en_US/careers/JobDetail/CUSTOMER-DEVELOPEMENT-QUALITICIAN/78307"
"Suriname","TotalEnergies","Safety Officer","HSE","Suriname","2026-03-19","https://jobs.totalenergies.com/en_US/careers/JobDetail/Safety-Officer/78294"
"France","TotalEnergies","ALTERNANCE - Coordinateur Open Innovation et business accélération H/F","Graduate & Internship","France","2026-03-19","https://jobs.totalenergies.com/en_US/careers/JobDetail/ALTERNANCE-Coordinateur-Open-Innovation-et-business-acc-l-ration-H-F/78292"
"Switzerland","TotalEnergies","Shipping Accountant Intern","Graduate & Internship","Switzerland","2026-03-19","https://jobs.totalenergies.com/en_US/careers/JobDetail/Shipping-Accountant-Intern/78136"
"","TotalEnergies","Job Shadowing Experience – DuoDay 2026","Management & Administration","","2026-03-19","https://jobs.totalenergies.com/en_US/careers/JobDetail/Job-Shadowing-Experience-DuoDay-2026/77972"
"France","TotalEnergies","Ingénieur géomécanique de forage et réservoir débutant H/F","Management & Administration","France","2026-03-19","https://jobs.totalenergies.com/en_US/careers/JobDetail/Ing-nieur-g-om-canique-de-forage-et-r-servoir-d-butant-H-F/77477"
"Malaysia","TotalEnergies","Lead Talent Developer & HR Business Partner","IT & Digital","Malaysia","2026-03-19","https://jobs.totalenergies.com/en_US/careers/JobDetail/Lead-Talent-Developer-HR-Business-Partner/70864"
"Colombia","TotalEnergies","Coordinador de Administración de Ventas","Management & Administration","Colombia","2026-03-18","https://jobs.totalenergies.com/en_US/careers/JobDetail/Coordinador-de-Administraci-n-de-Ventas/78298"
"France","TotalEnergies","ALTERNANCE- Chargé(e) de Communication Digitale H/F","Graduate & Internship","France","2026-03-18","https://jobs.totalenergies.com/en_US/careers/JobDetail/ALTERNANCE-Charg-e-de-Communication-Digitale-H-F/78284"
"France","TotalEnergies","ALTERNANCE- Chargé(e) de Communication Digitale H/F","Graduate & Internship","France","2026-03-18","https://jobs.totalenergies.com/en_US/careers/JobDetail/ALTERNANCE-Charg-e-de-Communication-Digitale-H-F/78281"
"France","TotalEnergies","Chargé(e) Transport et Commerce International","Graduate & Internship","France","2026-03-18","https://jobs.totalenergies.com/en_US/careers/JobDetail/Charg-e-Transport-et-Commerce-International/78267"
"France","TotalEnergies","ESS Global Sourcing Director (H/F)","Management & Administration","France","2026-03-18","https://jobs.totalenergies.com/en_US/careers/JobDetail/ESS-Global-Sourcing-Director-H-F/78266"
"France","TotalEnergies","Alternant Coordinateur commercial ligne produit Amont - H/F","IT & Digital","France","2026-03-18","https://jobs.totalenergies.com/en_US/careers/JobDetail/Alternant-Coordinateur-commercial-ligne-produit-Amont-H-F/78265"
"France","TotalEnergies","Alternant support commercial aux lignes produits Additifs et Carburants spéciaux - H/F","Management & Administration","France","2026-03-18","https://jobs.totalenergies.com/en_US/careers/JobDetail/Alternant-support-commercial-aux-lignes-produits-Additifs-et-Carburants-sp-ciaux-H-F/78263"
"France","TotalEnergies","Chargé(e) de missions Douanes et Accises 12 mois - H/F","Management & Administration","France","2026-03-18","https://jobs.totalenergies.com/en_US/careers/JobDetail/Charg-e-de-missions-Douanes-et-Accises-12-mois-H-F/78262"
"France","TotalEnergies","CDI RESPONSABLE SERVICE CLIENT H/F","Management & Administration","France","2026-03-18","https://jobs.totalenergies.com/en_US/careers/JobDetail/CDI-RESPONSABLE-SERVICE-CLIENT-H-F/78261"
"USA","TotalEnergies","MAINTENANCE TECH - PLANT 1 - 1ST SHIFT","Operations & Process","USA","2026-03-18","https://jobs.totalenergies.com/en_US/careers/JobDetail/MAINTENANCE-TECH-PLANT-1-1ST-SHIFT/78260"
"Republic of Serbia","TotalEnergies","Customer service specialist","Management & Administration","Republic of Serbia","2026-03-18","https://jobs.totalenergies.com/en_US/careers/JobDetail/Customer-service-specialist/78259"
"Tunisia","TotalEnergies","Animateur(rice) Méthodes","Management & Administration","Tunisia","2026-03-18","https://jobs.totalenergies.com/en_US/careers/JobDetail/Animateur-rice-M-thodes/78258"
"Brazil","TotalEnergies","Estagiário Comercial","Management & Administration","Brazil","2026-03-18","https://jobs.totalenergies.com/en_US/careers/JobDetail/Estagi-rio-Comercial/78189"
"France","TotalEnergies","Coordinateur Digital Chimie de Production Débutant H/F","Operations & Process","France","2026-03-18","https://jobs.totalenergies.com/en_US/careers/JobDetail/Coordinateur-Digital-Chimie-de-Production-D-butant-H-F/78163"
"France","TotalEnergies","ALTERNANCE- Assistant Marketing et Communication H/F","Graduate & Internship","France","2026-03-18","https://jobs.totalenergies.com/en_US/careers/JobDetail/ALTERNANCE-Assistant-Marketing-et-Communication-H-F/77838"
"France","TotalEnergies","ALTERNANCE- Chargé de marketing stratégique H/F","Graduate & Internship","France","2026-03-18","https://jobs.totalenergies.com/en_US/careers/JobDetail/ALTERNANCE-Charg-de-marketing-strat-gique-H-F/77832"
"USA","TotalEnergies","Account Coordinator - Domestic (Contract)","Finance & Accounting","USA","2026-03-18","https://jobs.totalenergies.com/en_US/careers/JobDetail/Account-Coordinator-Domestic-Contract/77225"
"France","TotalEnergies","Alternant Méthodes & Support Commerce International - H/F","Graduate & Internship","France","2026-03-17","https://jobs.totalenergies.com/en_US/careers/JobDetail/Alternant-M-thodes-Support-Commerce-International-H-F/78240"
"France","TotalEnergies","Alternant - Technicien Laboratoire  contrôle et développement  Chimie - H/F","Management & Administration","France","2026-03-17","https://jobs.totalenergies.com/en_US/careers/JobDetail/Alternant-Technicien-Laboratoire-contr-le-et-d-veloppement-Chimie-H-F/78237"
"France","TotalEnergies","STAGE- Droit des affaires H/F","IT & Digital","France","2026-03-17","https://jobs.totalenergies.com/en_US/careers/JobDetail/STAGE-Droit-des-affaires-H-F/78231"
"France","TotalEnergies","Alternant en sécurité industrielle et opérationnelle au sein du service HSEQ-DD - H/F - 12 à 24 mois","HSE","France","2026-03-17","https://jobs.totalenergies.com/en_US/careers/JobDetail/Alternant-en-s-curit-industrielle-et-op-rationnelle-au-sein-du-service-HSEQ-DD-H-F-12-24-mois/78229"
"France","TotalEnergies","Alternant - Chargé(e) de marketing digital","IT & Digital","France","2026-03-17","https://jobs.totalenergies.com/en_US/careers/JobDetail/Alternant-Charg-e-de-marketing-digital/78228"
"France","TotalEnergies","ALTERNANCE Assistant au service de santé au travail H/F","Graduate & Internship","France","2026-03-17","https://jobs.totalenergies.com/en_US/careers/JobDetail/ALTERNANCE-Assistant-au-service-de-sant-au-travail-H-F/78219"
"France","TotalEnergies","Assistant au service de santé au travail H/F","Management & Administration","France","2026-03-17","https://jobs.totalenergies.com/en_US/careers/JobDetail/Assistant-au-service-de-sant-au-travail-H-F/78218"
"South Africa","TotalEnergies","Operations and Maintenance Manager -De Aar","Operations & Process","South Africa","2026-03-17","https://jobs.totalenergies.com/en_US/careers/JobDetail/Operations-and-Maintenance-Manager-Cape-Town/78203"
"France","TotalEnergies","Electromécanicien H/F","Electrical & Instrumentation","France","2026-03-17","https://jobs.totalenergies.com/en_US/careers/JobDetail/Electrom-canicien-H-F/78201"
"France","TotalEnergies","CDI _ AGENT TECHNICO COMMERCIAL H/F","Management & Administration","France","2026-03-17","https://jobs.totalenergies.com/en_US/careers/JobDetail/CDI-AGENT-TECHNICO-COMMERCIAL-H-F/78200"
"France","TotalEnergies","Alternance  Gestion administrative des Achats H/F","Graduate & Internship","France","2026-03-17","https://jobs.totalenergies.com/en_US/careers/JobDetail/Alternance-Gestion-administrative-des-Achats-H-F/78165"
"France","TotalEnergies","ALTERNANCE - Chef de projets développement H/F","Graduate & Internship","France","2026-03-17","https://jobs.totalenergies.com/en_US/careers/JobDetail/ALTERNANCE-Chef-de-projets-d-veloppement-H-F/77825"
"France","TotalEnergies","Responsable Opérationnel Partenaires Recouvrement des Résiliés","Management & Administration","France","2026-03-17","https://jobs.totalenergies.com/en_US/careers/JobDetail/Responsable-Op-rationnel-Partenaires-Recouvrement-des-R-sili-s/77492"
"France","TotalEnergies","ALTERNANCE - Chargé des relations filiales et data management H/F","Graduate & Internship","France","2026-03-17","https://jobs.totalenergies.com/en_US/careers/JobDetail/ALTERNANCE-Charg-des-relations-filiales-et-data-management-H-F/76974"
"UK","TotalEnergies","Supply Chain Operations Planner","Operations & Process","UK","2026-03-16","https://jobs.totalenergies.com/en_US/careers/JobDetail/Supply-chain-Operations-Planner/78180"
"Italy","TotalEnergies","Accountant","Finance & Accounting","Italy","2026-03-16","https://jobs.totalenergies.com/en_US/careers/JobDetail/Accountant/78175"
"France","TotalEnergies","ALTERNANCE - Chargé d'Opérations Mobilités- H/F","Graduate & Internship","France","2026-03-16","https://jobs.totalenergies.com/en_US/careers/JobDetail/ALTERNANCE-Charg-d-Op-rations-Mobilit-s-H-F/78173"
"France","TotalEnergies","ALTERNANCE Chargée de communication HSE H/F","Graduate & Internship","France","2026-03-16","https://jobs.totalenergies.com/en_US/careers/JobDetail/ALTERNANCE-Charg-e-de-communication-HSE-H-F/78172"
"France","TotalEnergies","Alternance Chargé RGPD & Conformité F/H - Lattes","Graduate & Internship","France","2026-03-16","https://jobs.totalenergies.com/en_US/careers/JobDetail/Alternance-Charg-RGPD-Conformit-F-H-Lattes/78167"
"France","TotalEnergies","Assistant Information & Data Management - H/F","IT & Digital","France","2026-03-16","https://jobs.totalenergies.com/en_US/careers/JobDetail/Assistant-Information-Data-Management-H-F/77881"
"France","TotalEnergies","Responsable logistique et ADV","Management & Administration","France","2026-03-14","https://jobs.totalenergies.com/en_US/careers/JobDetail/Responsable-logistique-et-ADV/78149"
"France","TotalEnergies","ALTERNANCE- Comptable Contrôle Factures - Comptabilité Fournisseurs H/F","Graduate & Internship","France","2026-03-13","https://jobs.totalenergies.com/en_US/careers/JobDetail/ALTERNANCE-Comptable-Contr-le-Factures-Comptabilit-Fournisseurs-H-F/78143"
"France","TotalEnergies","ALTERNANCE- Comptable Contrôle Factures - Comptabilité Fournisseurs H/F","Graduate & Internship","France","2026-03-13","https://jobs.totalenergies.com/en_US/careers/JobDetail/ALTERNANCE-Comptable-Contr-le-Factures-Comptabilit-Fournisseurs-H-F/78142"
"France","TotalEnergies","Donges (44) - Alternance Renforcement Méthodes Maintenance H/F","Graduate & Internship","France","2026-03-13","https://jobs.totalenergies.com/en_US/careers/JobDetail/Donges-44-Alternance-Renforcement-M-thodes-Maintenance-H-F/78139"
"France","TotalEnergies","Donges (44) - Alternance Ingénieur sécurité H/F","Graduate & Internship","France","2026-03-13","https://jobs.totalenergies.com/en_US/careers/JobDetail/Donges-44-Alternance-Ing-nieur-s-curit-H-F/78133"
"France","TotalEnergies","CDD - Responsable Technico-commercial Lubrifiants Industriels - Auvergne-Rhône Alpes","Management & Administration","France","2026-03-13","https://jobs.totalenergies.com/en_US/careers/JobDetail/CDD-Responsable-Technico-commercial-Lubrifiants-Industriels-Auvergne-Rh-ne-Alpes/78132"
"France","TotalEnergies","ALTERNANCE- Comptable Contrôle Factures - Comptabilité Fournisseurs H/F","Graduate & Internship","France","2026-03-13","https://jobs.totalenergies.com/en_US/careers/JobDetail/ALTERNANCE-Comptable-Contr-le-Factures-Comptabilit-Fournisseurs-H-F/78131"
"France","TotalEnergies","Donges (44) - Alternance Ingénieur Environnement – Surveillance des Milieux H/F","Graduate & Internship","France","2026-03-13","https://jobs.totalenergies.com/en_US/careers/JobDetail/Donges-44-Alternance-Ing-nieur-Environnement-Surveillance-des-Milieux-H-F/78118"
"France","TotalEnergies","ALTERNANCE- Assistance Responsable RGPD et Conformité Bancaire H/F","Graduate & Internship","France","2026-03-13","https://jobs.totalenergies.com/en_US/careers/JobDetail/ALTERNANCE-Assistance-Responsable-RGPD-et-Conformit-Bancaire-H-F/78117"
"France","TotalEnergies","Donges (44) -  Alternance Assistant Déploiement Chantier Lean-Digital H/F","Graduate & Internship","France","2026-03-13","https://jobs.totalenergies.com/en_US/careers/JobDetail/Donges-44-Alternance-Assistant-D-ploiement-Chantier-Lean-Digital-H-F/78115"
"France","TotalEnergies","Donges (44) - Alternance Assistant Analyse des Risques et des tâches critiques H/F","Graduate & Internship","France","2026-03-13","https://jobs.totalenergies.com/en_US/careers/JobDetail/Donges-44-Alternance-Assistant-Analyse-des-Risques-et-des-t-ches-critiques-H-F/78114"
"France","TotalEnergies","Donges (44) - Alternance Assistant Responsable Disponibilité H/F","Graduate & Internship","France","2026-03-13","https://jobs.totalenergies.com/en_US/careers/JobDetail/Donges-44-Alternance-Assistant-Responsable-Disponibilit-H-F/78111"
"France","TotalEnergies","ALTERNANCE - Délégué Commercial H/F","Graduate & Internship","France","2026-03-13","https://jobs.totalenergies.com/en_US/careers/JobDetail/ALTERNANCE-D-l-gu-Commercial-H-F/78109"
"Spain","TotalEnergies","Energy Data Portfolio Analyst - TotalEnergies","IT & Digital","Spain","2026-03-13","https://jobs.totalenergies.com/en_US/careers/JobDetail/Energy-Data-Portfolio-Analyst-TotalEnergies/78108"
"France","TotalEnergies","CDD - Ingénieur(e) R&D Analyse Thermique (H/F)","Management & Administration","France","2026-03-13","https://jobs.totalenergies.com/en_US/careers/JobDetail/CDD-Ing-nieur-e-R-D-Analyse-Thermique-H-F/78099"
"France","TotalEnergies","ALTERNANCE- Ingénieur Méthodes Inspection H/F","Graduate & Internship","France","2026-03-13","https://jobs.totalenergies.com/en_US/careers/JobDetail/ALTERNANCE-Ing-nieur-M-thodes-Inspection-H-F/78095"
"France","TotalEnergies","CDD - CHEF DE PROJET SUPPLY CHAIN H/F","Supply Chain","France","2026-03-13","https://jobs.totalenergies.com/en_US/careers/JobDetail/CDD-CHEF-DE-PROJET-SUPPLY-CHAIN-H-F/78094"
"Mexico","TotalEnergies","Tecnico de Generadores de Vapor y Pre","Management & Administration","Mexico","2026-03-13","https://jobs.totalenergies.com/en_US/careers/JobDetail/Tecnico-de-Generadores-de-Vapor-y-Pre/78093"
"Morocco","TotalEnergies","IT Technician","IT & Digital","Morocco","2026-03-13","https://jobs.totalenergies.com/en_US/careers/JobDetail/IT-Technician/78092"
"Mexico","TotalEnergies","Especialista de Calidad APU","Management & Administration","Mexico","2026-03-13","https://jobs.totalenergies.com/en_US/careers/JobDetail/Especialista-de-Calidad-APU/78091"
"Mexico","TotalEnergies","Supervisor de Extrusion","Management & Administration","Mexico","2026-03-13","https://jobs.totalenergies.com/en_US/careers/JobDetail/Supervisor-de-Extrusion/78090"
"France","TotalEnergies","OPERATEUR DE FABRICATION POLYVALENT","Operations & Process","France","2026-03-13","https://jobs.totalenergies.com/en_US/careers/JobDetail/OPERATEUR-DE-FABRICATION-POLYVALENT/78089"
"France","TotalEnergies","Chargé(e) de relations sociales et RH en alternance","Graduate & Internship","France","2026-03-13","https://jobs.totalenergies.com/en_US/careers/JobDetail/Charg-e-de-relations-sociales-et-RH-en-alternance/78046"
"France","TotalEnergies","Post-Doc Méthodologies modélisation des interconnexions - marché européen de l'électricité H/F","Management & Administration","France","2026-03-13","https://jobs.totalenergies.com/en_US/careers/JobDetail/Post-Doc-M-thodologies-mod-lisation-des-interconnexions-march-europ-en-de-l-lectricit-H-F/78031"
"France","TotalEnergies","Pilote de Recette / Test Manager (H/F)","Management & Administration","France","2026-03-12","https://jobs.totalenergies.com/en_US/careers/JobDetail/Pilote-de-Recette-Test-Manager-H-F/78060"
"France","TotalEnergies","Coordinateur HSE Lubrifiants débutant H/F","HSE","France","2026-03-12","https://jobs.totalenergies.com/en_US/careers/JobDetail/Coordinateur-HSE-Lubrifiants-d-butant-H-F/78054"
"France","TotalEnergies","Delivery Lead SI Trésorerie débutant H/F","Management & Administration","France","2026-03-12","https://jobs.totalenergies.com/en_US/careers/JobDetail/Delivery-Lead-SI-Tr-sorerie-d-butant-H-F/78049"
"Morocco","TotalEnergies","Technicien Mt Ind & Trav Neufs","Management & Administration","Morocco","2026-03-12","https://jobs.totalenergies.com/en_US/careers/JobDetail/Technicien-Mt-Ind-Trav-Neufs/78043"
"Morocco","TotalEnergies","Technicien Maintenance Industrielle & Travaux Neufs H/F","Management & Administration","Morocco","2026-03-12","https://jobs.totalenergies.com/en_US/careers/JobDetail/Technicien-Maintenance-Industrielle-Travaux-Neufs-H-F/78042"
"France","TotalEnergies","ALTERNANCE - MATERIAUX & TOXICITE - H/F","Graduate & Internship","France","2026-03-12","https://jobs.totalenergies.com/en_US/careers/JobDetail/ALTERNANCE-MATERIAUX-TOXICITE-H-F/78041"
"France","TotalEnergies","ALTERNANT IT","Management & Administration","France","2026-03-12","https://jobs.totalenergies.com/en_US/careers/JobDetail/ALTERNANT-IT/78040"
"Mexico","TotalEnergies","Hub Buyer","Supply Chain","Mexico","2026-03-12","https://jobs.totalenergies.com/en_US/careers/JobDetail/Hub-Buyer/78039"
"France","TotalEnergies","STAGE – Chargé de mission en gestion de crise H/F","Management & Administration","France","2026-03-12","https://jobs.totalenergies.com/en_US/careers/JobDetail/STAGE-Charg-de-mission-en-gestion-de-crise-H-F/77671"
"South Africa","TotalEnergies","Senior Electrical Engineer - Cape Town","Electrical & Instrumentation","South Africa","2026-03-12","https://jobs.totalenergies.com/en_US/careers/JobDetail/Competent-Person-Electrical-Operations-Cape-Town/71178"
"USA","TotalEnergies","Business Analyst, Gas & Power Trading IT","Electrical & Instrumentation","USA","2026-03-11","https://jobs.totalenergies.com/en_US/careers/JobDetail/Business-Analyst-Gas-Power-Trading-IT/78030"
"France","TotalEnergies","ALTERNANCE - ERGONOME - H/F","Graduate & Internship","France","2026-03-11","https://jobs.totalenergies.com/en_US/careers/JobDetail/ALTERNANCE-ERGONOME-H-F/77998"
"Turkey","TotalEnergies","Operational Procurement Business Partner M/F","Operations & Process","Turkey","2026-03-11","https://jobs.totalenergies.com/en_US/careers/JobDetail/Operational-Procurement-Business-Partner-M-F/77997"
"France","TotalEnergies","ADJOINT RESPONSABLE MAINTENANCE","Management & Administration","France","2026-03-11","https://jobs.totalenergies.com/en_US/careers/JobDetail/ADJOINT-RESPONSABLE-MAINTENANCE/77995"
"Spain","TotalEnergies","RESPONSABLE MARKETING OPERATIVO TotalEnergies Marketing España","Operations & Process","Spain","2026-03-11","https://jobs.totalenergies.com/en_US/careers/JobDetail/RESPONSABLE-MARKETING-OPERATIVO-TotalEnergies-Marketing-Espa-a/77743"
"France","TotalEnergies","ALTERNANCE- Gouvernance & Risques – SAP/GRC H/F","Graduate & Internship","France","2026-03-11","https://jobs.totalenergies.com/en_US/careers/JobDetail/ALTERNANCE-Gouvernance-Risques-SAP-GRC-H-F/77608"
"Dominican Republic","TotalEnergies","Supervisor de Tarjeta de Créditos.","Management & Administration","Dominican Republic","2026-03-10","https://jobs.totalenergies.com/en_US/careers/JobDetail/Supervisor-de-Tarjeta-de-Cr-ditos/77992"
"France","TotalEnergies","ALTERNANCE - Assistant chargé(e) d’études H/F","Graduate & Internship","France","2026-03-10","https://jobs.totalenergies.com/en_US/careers/JobDetail/ALTERNANCE-Assistant-charg-e-d-tudes-H-F/77979"
"France","TotalEnergies","Ingénieur performance maritime débutant H/F","Management & Administration","France","2026-03-10","https://jobs.totalenergies.com/en_US/careers/JobDetail/Ing-nieur-performance-maritime-d-butant-H-F/77976"
"France","TotalEnergies","ALTERNANCE- Analyste Relances Fournisseurs et Dématérialisation des Factures H/F","Graduate & Internship","France","2026-03-10","https://jobs.totalenergies.com/en_US/careers/JobDetail/ALTERNANCE-Analyste-Relances-Fournisseurs-et-D-mat-rialisation-des-Factures-H-F/77971"
"Switzerland","TotalEnergies","Asset Dispatch Operations Engineer","Operations & Process","Switzerland","2026-03-10","https://jobs.totalenergies.com/en_US/careers/JobDetail/Asset-Dispatch-Operations-Engineer/77968"
"Belgium","TotalEnergies","VIE – AI Use Case Developer and Automation (M/F) – Belgium","Graduate & Internship","Belgium","2026-03-10","https://jobs.totalenergies.com/en_US/careers/JobDetail/VIE-D-veloppeur-de-use-cases-IA-et-automatisation-H-F-Belgique/77966"
"France","TotalEnergies","Responsable de quart Principal (LRAF) H/F","Management & Administration","France","2026-03-10","https://jobs.totalenergies.com/en_US/careers/JobDetail/Responsable-de-quart-Principal-LRAF-H-F/77963"
"France","TotalEnergies","ALTERNANCE- Comptable Synthèse H/F","Graduate & Internship","France","2026-03-10","https://jobs.totalenergies.com/en_US/careers/JobDetail/ALTERNANCE-Comptable-Synth-se-H-F/77956"
"France","TotalEnergies","ALTERNANCE- Comptable Contrôle Facture - Révision des Comptes H/F","Graduate & Internship","France","2026-03-10","https://jobs.totalenergies.com/en_US/careers/JobDetail/ALTERNANCE-Comptable-Contr-le-Facture-R-vision-des-Comptes-H-F/77954"
"Belgium","TotalEnergies","Key Account Manager B2B Enterprise (m-w-d)","Finance & Accounting","Belgium","2026-03-10","https://jobs.totalenergies.com/en_US/careers/JobDetail/Key-Account-Manager-B2B-Enterprise-m-w-d/77949"
"USA","TotalEnergies","Sales Engineer","Management & Administration","USA","2026-03-10","https://jobs.totalenergies.com/en_US/careers/JobDetail/Sales-Engineer/77938"
"Republic of Serbia","TotalEnergies","IT assistant for technical support","IT & Digital","Republic of Serbia","2026-03-10","https://jobs.totalenergies.com/en_US/careers/JobDetail/IT-assistant-for-technical-support/77937"
"USA","TotalEnergies","Purchasing Agent","Management & Administration","USA","2026-03-10","https://jobs.totalenergies.com/en_US/careers/JobDetail/Purchasing-Agent/77936"
"USA","TotalEnergies","Process Engineer- Rubber","Operations & Process","USA","2026-03-10","https://jobs.totalenergies.com/en_US/careers/JobDetail/Process-Engineer-Rubber/77935"
"Mexico","TotalEnergies","SUPPLY CHAIN MANAGER","Supply Chain","Mexico","2026-03-10","https://jobs.totalenergies.com/en_US/careers/JobDetail/SUPPLY-CHAIN-MANAGER/77934"
"Singapore","TotalEnergies","LNG Negotiator","Operations & Process","Singapore","2026-03-10","https://jobs.totalenergies.com/en_US/careers/JobDetail/LNG-Negotiator-External/77933"
"France","TotalEnergies","ALTERNANCE- Comptable Contrôle Facture - Révision des Comptes H/F","Graduate & Internship","France","2026-03-10","https://jobs.totalenergies.com/en_US/careers/JobDetail/ALTERNANCE-Comptable-Contr-le-Facture-R-vision-des-Comptes-H-F/77931"
"France","TotalEnergies","STAGE – Juriste ESG H/F","Management & Administration","France","2026-03-10","https://jobs.totalenergies.com/en_US/careers/JobDetail/STAGE-Juriste-ESG-H-F/77918"
"Swaziland","TotalEnergies","HSSE Intern - eSwatini","Graduate & Internship","Swaziland","2026-03-10","https://jobs.totalenergies.com/en_US/careers/JobDetail/HSSE-Intern-eSwatini/77824"
"France","TotalEnergies","ALTERNANCE- Chargé d'Evaluation de Poste H/F","Graduate & Internship","France","2026-03-09","https://jobs.totalenergies.com/en_US/careers/JobDetail/ALTERNANCE-Charg-d-Evaluation-de-Poste-H-F/77927"
"Colombia","TotalEnergies","Responsable de Marketing","Management & Administration","Colombia","2026-03-09","https://jobs.totalenergies.com/en_US/careers/JobDetail/Responsable-de-Marketing/77915"
"France","TotalEnergies","ALTERNANCE - Chef de marché junior H/F","Graduate & Internship","France","2026-03-09","https://jobs.totalenergies.com/en_US/careers/JobDetail/ALTERNANCE-Chef-de-march-junior-H-F/77897"
"Spain","TotalEnergies","VIE_Short Term Power - IT Product Owner Assistant (M/F)_Spain","Graduate & Internship","Spain","2026-03-09","https://jobs.totalenergies.com/en_US/careers/JobDetail/VIE-Assistant-e-IT-Product-Owner-Power-H-F-Espagne/77890"
"France","TotalEnergies","ALTERNANT/E CONTROLE DE GESTION H/F","Electrical & Instrumentation","France","2026-03-07","https://jobs.totalenergies.com/en_US/careers/JobDetail/ALTERNANT-E-CONTROLE-DE-GESTION-H-F/77892"
"Mexico","TotalEnergies","Coordinador de EHS","Management & Administration","Mexico","2026-03-07","https://jobs.totalenergies.com/en_US/careers/JobDetail/Coordinador-de-EHS/77891"
"France","TotalEnergies","Alternance Chargé(e) de Conformité (H/F)","Graduate & Internship","France","2026-03-06","https://jobs.totalenergies.com/en_US/careers/JobDetail/Alternance-Charg-e-de-Conformit-H-F/77886"
"France","TotalEnergies","STAGE- Ingénieur Lubrifiant Junior - Marché Transport H/F","Graduate & Internship","France","2026-03-06","https://jobs.totalenergies.com/en_US/careers/JobDetail/STAGE-Ing-nieur-Lubrifiant-Junior-March-Transport-H-F/77884"
"France","TotalEnergies","ALTERNANCE – Chef de produit fleet junior H/F","Graduate & Internship","France","2026-03-06","https://jobs.totalenergies.com/en_US/careers/JobDetail/ALTERNANCE-Chef-de-produit-fleet-junior-H-F/77878"
"France","TotalEnergies","STAGE- Care & Engagement H/F","Management & Administration","France","2026-03-06","https://jobs.totalenergies.com/en_US/careers/JobDetail/STAGE-Care-Engagement-H-F/77876"
"France","TotalEnergies","ALTERNANCE – Gouvernance et Gestion des Flux Cash Internationaux H/F","Graduate & Internship","France","2026-03-06","https://jobs.totalenergies.com/en_US/careers/JobDetail/ALTERNANCE-Gouvernance-et-Gestion-des-Flux-Cash-Internationaux-H-F/77869"
"France","TotalEnergies","ALTERNANCE- Droit Immobilier et Droit Public H/F","Graduate & Internship","France","2026-03-06","https://jobs.totalenergies.com/en_US/careers/JobDetail/ALTERNANCE-Droit-Immobilier-et-Droit-Public-H-F/77865"
"Poland","TotalEnergies","Mechanik","Management & Administration","Poland","2026-03-06","https://jobs.totalenergies.com/en_US/careers/JobDetail/Mechanik/77860"
"France","TotalEnergies","CDD - ANALYST MARKET INTELLIGENCE H/F","Management & Administration","France","2026-03-06","https://jobs.totalenergies.com/en_US/careers/JobDetail/CDD-ANALYST-MARKET-INTELLIGENCE-H-F/77859"
"Morocco","TotalEnergies","Assistant de Production H/F","Operations & Process","Morocco","2026-03-06","https://jobs.totalenergies.com/en_US/careers/JobDetail/Assistant-de-Production-H-F/77857"
"Morocco","TotalEnergies","INGENIEUR METHODES ET HES","Management & Administration","Morocco","2026-03-06","https://jobs.totalenergies.com/en_US/careers/JobDetail/INGENIEUR-METHODES-ET-HES/77855"
"Tunisia","TotalEnergies","Animateur(rice) Méthodes","Management & Administration","Tunisia","2026-03-06","https://jobs.totalenergies.com/en_US/careers/JobDetail/Animateur-rice-M-thodes/77854"
"Norway","TotalEnergies","R&T  Subsea Technologies Lead","Management & Administration","Norway","2026-03-06","https://jobs.totalenergies.com/en_US/careers/JobDetail/R-T-Subsea-Technologies-Lead/77784"
"USA","TotalEnergies","VIE _ AI Engineer (M/F) _ USA","Graduate & Internship","USA","2026-03-06","https://jobs.totalenergies.com/en_US/careers/JobDetail/VIE-Ing-nieur-Intelligence-Artificielle-H-F-USA/77751"
"Mayotte","TotalEnergies","POMPISTE (H/F)","Management & Administration","Mayotte","2026-03-06","https://jobs.totalenergies.com/en_US/careers/JobDetail/POMPISTE-H-F/76198"
"France","TotalEnergies","DATA ENGINEER SENIOR – TOTALENERGIES DIGITAL FACTORY","IT & Digital","France","2026-03-06","https://jobs.totalenergies.com/en_US/careers/JobDetail/DATA-ENGINEER-SENIOR-TOTALENERGIES-DIGITAL-FACTORY/68768"
"France","TotalEnergies","Alternance – Développeur d’Application Full Stack Web H/F - AS 24","Graduate & Internship","France","2026-03-05","https://jobs.totalenergies.com/en_US/careers/JobDetail/Alternance-D-veloppeur-d-Application-Full-Stack-Web-H-F-AS-24/77851"
"France","TotalEnergies","TECHNICIEN DE MAINTENANCE BIOGAZ H/F (PERPIGNAN - 66 )","Management & Administration","France","2026-03-05","https://jobs.totalenergies.com/en_US/careers/JobDetail/TECHNICIEN-DE-MAINTENANCE-BIOGAZ-H-F-PERPIGNAN-66/77833"
"France","TotalEnergies","TECHNCIEN DE SITE POLYVALENT H/F (BENESSE MAREMNE - 40)","Management & Administration","France","2026-03-05","https://jobs.totalenergies.com/en_US/careers/JobDetail/TECHNCIEN-DE-SITE-POLYVALENT-H-F-BENESSE-MAREMNE-40/77831"
"France","TotalEnergies","ALTERNANCE- Organisation et sécurité des produits H/F","Graduate & Internship","France","2026-03-05","https://jobs.totalenergies.com/en_US/careers/JobDetail/ALTERNANCE-Organisation-et-s-curit-des-produits-H-F/77828"
"Belgium","TotalEnergies","B2B Pricing Analyst (h/f/x)","Management & Administration","Belgium","2026-03-05","https://jobs.totalenergies.com/en_US/careers/JobDetail/B2B-Pricing-Analyst-h-f-x/77826"
"France","TotalEnergies","ALTERNANCE- Assistant(e) en communication H/F","Graduate & Internship","France","2026-03-05","https://jobs.totalenergies.com/en_US/careers/JobDetail/ALTERNANCE-Assistant-e-en-communication-H-F/77817"
"France","TotalEnergies","Learning Manager débutant H/F","Human Resources","France","2026-03-05","https://jobs.totalenergies.com/en_US/careers/JobDetail/Learning-Manager-d-butant-H-F/77811"
"Norway","TotalEnergies","CO₂ Pipeline Transport R&T Project Lead","Management & Administration","Norway","2026-03-05","https://jobs.totalenergies.com/en_US/careers/JobDetail/CO-Pipeline-Transport-R-T-Project-Lead/77807"
"France","TotalEnergies","Stage- Juriste H/F","Management & Administration","France","2026-03-05","https://jobs.totalenergies.com/en_US/careers/JobDetail/Stage-Juriste-H-F/77806"
"Mexico","TotalEnergies","Ingeniero de Aplicacion","Management & Administration","Mexico","2026-03-05","https://jobs.totalenergies.com/en_US/careers/JobDetail/Ingeniero-de-Aplicacion/77805"
"Mexico","TotalEnergies","HRIS Intern","Graduate & Internship","Mexico","2026-03-05","https://jobs.totalenergies.com/en_US/careers/JobDetail/HRIS-Intern/77804"
"Germany","TotalEnergies","Meister Fertigung (m/w/d)","Management & Administration","Germany","2026-03-05","https://jobs.totalenergies.com/en_US/careers/JobDetail/Meister-Fertigung-m-w-d/77803"
"France","TotalEnergies","Ingénieur Commercial Ferroviaire H/F","Management & Administration","France","2026-03-05","https://jobs.totalenergies.com/en_US/careers/JobDetail/Ing-nieur-Commercial-Ferroviaire-H-F/77802"
"Poland","TotalEnergies","Specjalista ds. BHP i Ochrony Środowiska (K/M)","Human Resources","Poland","2026-03-05","https://jobs.totalenergies.com/en_US/careers/JobDetail/Specjalista-ds-BHP-i-Ochrony-rodowiska-K-M/77801"
"Mexico","TotalEnergies","USMCA Hub Manager","Management & Administration","Mexico","2026-03-05","https://jobs.totalenergies.com/en_US/careers/JobDetail/USMCA-Hub-Manager/77800"
"France","TotalEnergies","ALTERNANCE - Chef de projet Promotion et Communication Junior H/F","Graduate & Internship","France","2026-03-05","https://jobs.totalenergies.com/en_US/careers/JobDetail/ALTERNANCE-Chef-de-projet-Promotion-et-Communication-Junior-H-F/77786"
"France","TotalEnergies","INTERNSHIP Indoor stability tests for perovskite cells/modules M/F","Graduate & Internship","France","2026-03-05","https://jobs.totalenergies.com/en_US/careers/JobDetail/STAGE-Tests-de-stabilit-en-int-rieur-pour-cellules-modules-p-rovskites-H-F/77339"
"France","TotalEnergies","ALTERNANCE Ingénieur Modélisation & Performance H/F","Graduate & Internship","France","2026-03-04","https://jobs.totalenergies.com/en_US/careers/JobDetail/ALTERNANCE-Ing-nieur-Mod-lisation-Performance-H-F/77778"
"UK","TotalEnergies","Industrial Process Improvement Intern","Graduate & Internship","UK","2026-03-04","https://jobs.totalenergies.com/en_US/careers/JobDetail/Industrial-Process-Improvement-Intern/77774"
"France","TotalEnergies","ALTERNANCE – COMMUNITY MANAGER DIGITAL DATA HF – DIGITAL FACTORY","Graduate & Internship","France","2026-03-04","https://jobs.totalenergies.com/en_US/careers/JobDetail/ALTERNANCE-COMMUNITY-MANAGER-DIGITAL-DATA-HF-DIGITAL-FACTORY/77773"
"Poland","TotalEnergies","Młodszy specjalista ds. ciągłego doskonalenia","Management & Administration","Poland","2026-03-04","https://jobs.totalenergies.com/en_US/careers/JobDetail/M-odszy-specjalista-ds-ci-g-ego-doskonalenia/77766"
"France","TotalEnergies","Ingénieur Mécatronique","Management & Administration","France","2026-03-04","https://jobs.totalenergies.com/en_US/careers/JobDetail/Ing-nieur-M-catronique/77765"
"Germany","TotalEnergies","CNC Maschinenbediener / Zerspanungsmechaniker (m/w/d)","Management & Administration","Germany","2026-03-04","https://jobs.totalenergies.com/en_US/careers/JobDetail/CNC-Maschinenbediener-Zerspanungsmechaniker-m-w-d/77764"
"France","TotalEnergies","CONTROLEUR DE GESTION ACTIVITE H/F","Electrical & Instrumentation","France","2026-03-04","https://jobs.totalenergies.com/en_US/careers/JobDetail/CONTROLEUR-DE-GESTION-ACTIVITE-H-F/77763"
"Morocco","TotalEnergies","Contrôleur de gestion H/F","Management & Administration","Morocco","2026-03-04","https://jobs.totalenergies.com/en_US/careers/JobDetail/Contr-leur-de-gestion-H-F/77762"
"USA","TotalEnergies","Payroll & Tax Manager","Finance & Accounting","USA","2026-03-04","https://jobs.totalenergies.com/en_US/careers/JobDetail/Payroll-Tax-Manager/77756"
"France","TotalEnergies","ALTERNANCE - Gestionnaire contentieux H/F","Graduate & Internship","France","2026-03-04","https://jobs.totalenergies.com/en_US/careers/JobDetail/ALTERNANCE-Gestionnaire-contentieux-H-F/77738"
"France","TotalEnergies","ALTERNANCE – Chef de projet communication internationale H/F","Graduate & Internship","France","2026-03-04","https://jobs.totalenergies.com/en_US/careers/JobDetail/ALTERNANCE-Chef-de-projet-communication-internationale-H-F/77289"
"France","TotalEnergies","Coordinateur Digital & Performance Fluides & Ciment Débutant - H/F","IT & Digital","France","2026-03-04","https://jobs.totalenergies.com/en_US/careers/JobDetail/Coordinateur-Digital-Performance-Fluides-Ciment-D-butant-H-F/75570"
"Dominican Republic","TotalEnergies","Analista de Capacitación.","Management & Administration","Dominican Republic","2026-03-04","https://jobs.totalenergies.com/en_US/careers/JobDetail/Analista-de-Capacitaci-n/74851"
"France","TotalEnergies","Assistant(e) Parcours et Compétences Argedis","Management & Administration","France","2026-03-03","https://jobs.totalenergies.com/en_US/careers/JobDetail/Assistant-e-Parcours-et-Comp-tences-Argedis/77740"
"France","TotalEnergies","ALTERNANCE-Assistant Marketing Communication Lubmarine  H/F","Graduate & Internship","France","2026-03-03","https://jobs.totalenergies.com/en_US/careers/JobDetail/ALTERNANCE-Assistant-Marketing-Communication-Lubmarine-H-F/77733"
"Switzerland","TotalEnergies","Accounting Manager","Finance & Accounting","Switzerland","2026-03-03","https://jobs.totalenergies.com/en_US/careers/JobDetail/Accounting-Manager/77723"
"Belgium","TotalEnergies","Brandweerman (M/V/X)","Management & Administration","Belgium","2026-03-03","https://jobs.totalenergies.com/en_US/careers/JobDetail/Brandweerman-M-V-X/77722"
"USA","TotalEnergies","HR Generalist","Human Resources","USA","2026-03-03","https://jobs.totalenergies.com/en_US/careers/JobDetail/HR-Generalist/77720"
"France","TotalEnergies","CDI ANIMATEUR EQUIPE H/F","Management & Administration","France","2026-03-03","https://jobs.totalenergies.com/en_US/careers/JobDetail/CDI-ANIMATEUR-EQUIPE-H-F/77719"
"Turkey","TotalEnergies","AP Accountant M/F","Finance & Accounting","Turkey","2026-03-03","https://jobs.totalenergies.com/en_US/careers/JobDetail/AP-Accountant-M-F/77718"
"Tunisia","TotalEnergies","M365 and Power Platform developer","Electrical & Instrumentation","Tunisia","2026-03-03","https://jobs.totalenergies.com/en_US/careers/JobDetail/M365-and-Power-Platform-developer/77717"
"Turkey","TotalEnergies","Manufacturing Operator M/F","Operations & Process","Turkey","2026-03-03","https://jobs.totalenergies.com/en_US/careers/JobDetail/Manufacturing-Operator-M-F/77716"
"USA","TotalEnergies","MI Production Operator I","Operations & Process","USA","2026-03-03","https://jobs.totalenergies.com/en_US/careers/JobDetail/MI-Production-Operator-I/77715"
"USA","TotalEnergies","Training Specialist","Human Resources","USA","2026-03-03","https://jobs.totalenergies.com/en_US/careers/JobDetail/Training-Specialist/77714"
"Turkey","TotalEnergies","HSE & Sustanability Process Responsible M/F","HSE","Turkey","2026-03-03","https://jobs.totalenergies.com/en_US/careers/JobDetail/HSE-Sustanability-Process-Responsible-M-F/77713"
"Belgium","TotalEnergies","Production supervisor (m/f/x) (contract for 2 years)","Operations & Process","Belgium","2026-03-03","https://jobs.totalenergies.com/en_US/careers/JobDetail/Production-supervisor-m-f-x-contract-for-2-years/77711"
"USA","TotalEnergies","Turnaround Coordinator","Inspection & Integrity","USA","2026-03-03","https://jobs.totalenergies.com/en_US/careers/JobDetail/Turnaround-Coordinator/77707"
"USA","TotalEnergies","Technical Onboarding Specialist (Contract)","Legal & Compliance","USA","2026-03-03","https://jobs.totalenergies.com/en_US/careers/JobDetail/Technical-Onboarding-Specialist-Contract/77701"
"France","TotalEnergies","Ingénieur Chargé d’Exploitation IRVE (H/F)","Management & Administration","France","2026-03-03","https://jobs.totalenergies.com/en_US/careers/JobDetail/Ing-nieur-Charg-d-Exploitation-IRVE-H-F/77650"
"Malaysia","TotalEnergies","Senior Exploration Geoscientist","Geoscience & Reservoir","Malaysia","2026-03-03","https://jobs.totalenergies.com/en_US/careers/JobDetail/Senior-Exploration-Geoscientist/69375"
"France","TotalEnergies","STAGE- Administration RH & Développement Outils Sharepoint H/F","Management & Administration","France","2026-03-02","https://jobs.totalenergies.com/en_US/careers/JobDetail/STAGE-Administration-RH-D-veloppement-Outils-Sharepoint-H-F/77699"
"France","TotalEnergies","ALTERNANCE - Assistant(e) Chef de projet Marketing H/F","Graduate & Internship","France","2026-03-02","https://jobs.totalenergies.com/en_US/careers/JobDetail/ALTERNANCE-Assistant-e-Chef-de-projet-Marketing-H-F/77697"
"France","TotalEnergies","Chargé d’organisation, conformité, contrôle interne et digitalisation débutant H/F","Graduate & Internship","France","2026-03-02","https://jobs.totalenergies.com/en_US/careers/JobDetail/Charg-d-organisation-conformit-contr-le-interne-et-digitalisation-d-butant-H-F/77695"
"Brazil","TotalEnergies","Sr Treasury Analyst","Finance & Accounting","Brazil","2026-03-02","https://jobs.totalenergies.com/en_US/careers/JobDetail/Analista-de-Tesouraria-S-nior/77694"
"South Africa","TotalEnergies","Tax Manager","Finance & Accounting","South Africa","2026-03-02","https://jobs.totalenergies.com/en_US/careers/JobDetail/Tax-Manager/77678"
"France","TotalEnergies","ALTERNANCE - Délégué Commercial H/F","Graduate & Internship","France","2026-03-02","https://jobs.totalenergies.com/en_US/careers/JobDetail/ALTERNANCE-D-l-gu-Commercial-H-F/77677"
"France","TotalEnergies","STAGE- Analyste Impacts Réglementaires - Marché du Gaz et de l'Electricité H/F","Electrical & Instrumentation","France","2026-03-02","https://jobs.totalenergies.com/en_US/careers/JobDetail/STAGE-Analyste-Impacts-R-glementaires-March-du-Gaz-et-de-l-Electricit-H-F/77675"
"France","TotalEnergies","ALTERNANCE- Local Solutions H/F","Graduate & Internship","France","2026-03-02","https://jobs.totalenergies.com/en_US/careers/JobDetail/ALTERNANCE-Local-Solutions-H-F/77672"
"Iraq","TotalEnergies","Business & Market Intelligence Analyst","Management & Administration","Iraq","2026-03-02","https://jobs.totalenergies.com/en_US/careers/JobDetail/Business-Market-Intelligence-Analyst/77644"
"Singapore","TotalEnergies","Products Trading Operator","Operations & Process","Singapore","2026-03-02","https://jobs.totalenergies.com/en_US/careers/JobDetail/Products-Trading-Operator/77614"
"South Africa","TotalEnergies","Logistics Intern - Operations (Cape Town)","Graduate & Internship","South Africa","2026-03-02","https://jobs.totalenergies.com/en_US/careers/JobDetail/Logistics-Intern-Operations-Cape-Town/77188"
"France","TotalEnergies","Alternant(e) HSE H/F","HSE","France","2026-03-02","https://jobs.totalenergies.com/en_US/careers/JobDetail/Alternant-e-HSE-H-F/76452"
"Italy","TotalEnergies","Contract Engineer – Procurement","Legal & Compliance","Italy","2026-03-02","https://jobs.totalenergies.com/en_US/careers/JobDetail/Contract-Engineer-Procurement/74807"
"France","TotalEnergies","TECHNICIEN DE MAINTENANCE BIOGAZ H/F (PERPIGNAN - 66 )","Management & Administration","France","2026-03-02","https://jobs.totalenergies.com/en_US/careers/JobDetail/TECHNICIEN-DE-MAINTENANCE-BIOGAZ-H-F-PERPIGNAN-66/72131"
"France","TotalEnergies","MEDECIN DU TRAVAIL H/F","Management & Administration","France","2026-02-28","https://jobs.totalenergies.com/en_US/careers/JobDetail/MEDECIN-DU-TRAVAIL-H-F/77655"
"Poland","TotalEnergies","Młodszy Specjalista/Młodsza Specjalistka ds. księgowania faktur","Management & Administration","Poland","2026-02-28","https://jobs.totalenergies.com/en_US/careers/JobDetail/M-odszy-Specjalista-M-odsza-Specjalistka-ds-ksi-gowania-faktur/77654"
"USA","TotalEnergies","Production Operator 251","Operations & Process","USA","2026-02-28","https://jobs.totalenergies.com/en_US/careers/JobDetail/Production-Operator-251/77653"
"France","TotalEnergies","STAGE- Juriste Sanctions Economiques et Contrôle des Exportations - H/F","Management & Administration","France","2026-02-27","https://jobs.totalenergies.com/en_US/careers/JobDetail/STAGE-Juriste-Sanctions-Economiques-et-Contr-le-des-Exportations-H-F/77647"
"France","TotalEnergies","IFP School Apprenticeship – Engineer – Electricity Management and Digital (EMD) Program – M/F","Graduate & Internship","France","2026-02-27","https://jobs.totalenergies.com/en_US/careers/JobDetail/Alternance-Ifp-School-EMD/77645"
"Germany","TotalEnergies","Produktionsplaner (m/w/d)","Management & Administration","Germany","2026-02-27","https://jobs.totalenergies.com/en_US/careers/JobDetail/Produktionsplaner-m-w-d/77643"
"Germany","TotalEnergies","Ingenieur Steuerungstechnik (m/w/d)","Management & Administration","Germany","2026-02-27","https://jobs.totalenergies.com/en_US/careers/JobDetail/Ingenieur-Steuerungstechnik-m-w-d/77629"
"France","TotalEnergies","Ingénieur Performance opérationnelle et animation de communauté débutant H/F","Management & Administration","France","2026-02-27","https://jobs.totalenergies.com/en_US/careers/JobDetail/Ing-nieur-Performance-op-rationnelle-et-animation-de-communaut-d-butant-H-F/77622"
"France","TotalEnergies","Ingénieur Commercial H/F","Management & Administration","France","2026-02-27","https://jobs.totalenergies.com/en_US/careers/JobDetail/Ing-nieur-Commercial-H-F/77620"
"USA","TotalEnergies","Process Technician- Surface Prep","Operations & Process","USA","2026-02-27","https://jobs.totalenergies.com/en_US/careers/JobDetail/Process-Technician-Surface-Prep/77619"
"Poland","TotalEnergies","Kierownik/Kierowniczka Działu Podatkowego","Management & Administration","Poland","2026-02-27","https://jobs.totalenergies.com/en_US/careers/JobDetail/Kierownik-Kierowniczka-Dzia-u-Podatkowego/77618"
"Switzerland","TotalEnergies","Overheads Accountant Intern","Graduate & Internship","Switzerland","2026-02-27","https://jobs.totalenergies.com/en_US/careers/JobDetail/Overheads-Accountant-Intern/77438"
"France","TotalEnergies","ALTERNANCE Chef de Projet ""Intégration Power BI"" (44) H/F","Graduate & Internship","France","2026-02-26","https://jobs.totalenergies.com/en_US/careers/JobDetail/ALTERNANCE-Chef-de-Projet-Int-gration-Power-BI-44-H-F/77606"
"France","TotalEnergies","ALTERNANCE - Chargé(e) de Recouvrement - F/H","Graduate & Internship","France","2026-02-26","https://jobs.totalenergies.com/en_US/careers/JobDetail/ALTERNANCE-Charg-e-de-Recouvrement-F-H/77605"
"France","TotalEnergies","ALTERNANCE - Chargé(e) de Communication et d'Evènementiel - F/H","Graduate & Internship","France","2026-02-26","https://jobs.totalenergies.com/en_US/careers/JobDetail/ALTERNANCE-Charg-e-de-Communication-et-d-Ev-nementiel-F-H/77603"
"France","TotalEnergies","ALTERNANCE - Chargé(e) de Communication et de Création Graphique - F/H","Graduate & Internship","France","2026-02-26","https://jobs.totalenergies.com/en_US/careers/JobDetail/ALTERNANCE-Charg-e-de-Communication-et-de-Cr-ation-Graphique-F-H/77601"
"France","TotalEnergies","CDI - Ingénieur Opérations Réseau - H/F","Management & Administration","France","2026-02-26","https://jobs.totalenergies.com/en_US/careers/JobDetail/CDI-Ing-nieur-Op-rations-R-seau-H-F/77599"
"Germany","TotalEnergies","Regionalverkaufsleiter (m/w/d) für die Region Süd","Management & Administration","Germany","2026-02-26","https://jobs.totalenergies.com/en_US/careers/JobDetail/Regionalverkaufsleiter-m-w-d-f-r-die-Region-S-d/77593"
"France","TotalEnergies","ALTERNANCE - Ingénieur Chimiste Corrosioniste et/ou Risque Industriel H/F","Graduate & Internship","France","2026-02-26","https://jobs.totalenergies.com/en_US/careers/JobDetail/ALTERNANCE-Ing-nieur-Chimiste-Corrosioniste-et-ou-Risque-Industriel-H-F/77584"
"France","TotalEnergies","CDI - INFIRMIER(E) DU TRAVAIL H/F","Management & Administration","France","2026-02-26","https://jobs.totalenergies.com/en_US/careers/JobDetail/CDI-INFIRMIER-E-DU-TRAVAIL-H-F/77575"
"France","TotalEnergies","TECHNICIEN DE MAINTENANCE","Management & Administration","France","2026-02-26","https://jobs.totalenergies.com/en_US/careers/JobDetail/TECHNICIEN-DE-MAINTENANCE/77574"
"France","TotalEnergies","HR TALENT MANAGER  M/W  _ RESPONSABLE TALENT MANAGEMENT H/F","Human Resources","France","2026-02-26","https://jobs.totalenergies.com/en_US/careers/JobDetail/HR-TALENT-MANAGER-M-W-RESPONSABLE-TALENT-MANAGEMENT-H-F/77573"
"USA","TotalEnergies","PRODUCTION SUPERVISOR - PLANT 1","Operations & Process","USA","2026-02-26","https://jobs.totalenergies.com/en_US/careers/JobDetail/PRODUCTION-SUPERVISOR-PLANT-1/77572"
"USA","TotalEnergies","PRODUCTION SUPERVISOR - PLANT 1","Operations & Process","USA","2026-02-26","https://jobs.totalenergies.com/en_US/careers/JobDetail/PRODUCTION-SUPERVISOR-PLANT-1/77571"
"Spain","TotalEnergies","TRADE LOGISTIC ADMINISTRATOR","Supply Chain","Spain","2026-02-26","https://jobs.totalenergies.com/en_US/careers/JobDetail/TRADE-LOGISTIC-ADMINISTRATOR/77570"
"Republic of Serbia","TotalEnergies","Procurement Specialist in Logistic","Supply Chain","Republic of Serbia","2026-02-26","https://jobs.totalenergies.com/en_US/careers/JobDetail/Procurement-Specialist-in-Logistic/77569"
"Republic of Serbia","TotalEnergies","Quality engineer","Management & Administration","Republic of Serbia","2026-02-26","https://jobs.totalenergies.com/en_US/careers/JobDetail/Quality-engineer/77568"
"Mexico","TotalEnergies","Tecnico de Extrusion","Management & Administration","Mexico","2026-02-26","https://jobs.totalenergies.com/en_US/careers/JobDetail/Tecnico-de-Extrusion/77567"
"France","TotalEnergies","STAGE - OPTIMISATION DES COÛTS DE PROD H/F","Management & Administration","France","2026-02-26","https://jobs.totalenergies.com/en_US/careers/JobDetail/STAGE-OPTIMISATION-DES-CO-TS-DE-PROD-H-F/77566"
"Morocco","TotalEnergies","Technicien Méthodes & Industrialisation H/F","Management & Administration","Morocco","2026-02-26","https://jobs.totalenergies.com/en_US/careers/JobDetail/Technicien-M-thodes-Industrialisation-H-F/77565"
"France","TotalEnergies","ALTERNANCE - Administration & Relations Sociales (H/F)","Graduate & Internship","France","2026-02-26","https://jobs.totalenergies.com/en_US/careers/JobDetail/ALTERNANCE-Administration-Relations-Sociales-H-F/77519"
"USA","TotalEnergies","Middle Office Manager, Gas & LNG","Operations & Process","USA","2026-02-25","https://jobs.totalenergies.com/en_US/careers/JobDetail/Middle-Office-Manager-Gas-LNG/77561"
"USA","TotalEnergies","Energy Data Portfolio Analyst","IT & Digital","USA","2026-02-25","https://jobs.totalenergies.com/en_US/careers/JobDetail/Energy-Data-Portfolio-Analyst/77557"
"France","TotalEnergies","IFP School Apprenticeship - Engineer - Petroleum Engineering and Project Development Program – M/F","Graduate & Internship","France","2026-02-25","https://jobs.totalenergies.com/en_US/careers/JobDetail/Alternance-IFP-School-PEPD/77554"
"Italy","TotalEnergies","Head of Production Support – Upstream Oil & Gas","Operations & Process","Italy","2026-02-25","https://jobs.totalenergies.com/en_US/careers/JobDetail/Head-of-Production-Support-Upstream-Oil-Gas/77551"
"France","TotalEnergies","ALTERNANCE - Assistance Administrative du service Inspection H/F","Graduate & Internship","France","2026-02-25","https://jobs.totalenergies.com/en_US/careers/JobDetail/ALTERNANCE-Assistance-Administrative-du-service-Inspection-H-F/77547"
"France","TotalEnergies","Responsable Pôle Exploitation Facturation Mass Market","Management & Administration","France","2026-02-25","https://jobs.totalenergies.com/en_US/careers/JobDetail/Responsable-P-le-Exploitation-Facturation-Mass-Market/77542"
"Germany","TotalEnergies","Feuerwehrmann (m/w/d)","Human Resources","Germany","2026-02-25","https://jobs.totalenergies.com/en_US/careers/JobDetail/Feuerwehrmann-m-w-d/77539"
"France","TotalEnergies","Analyste Facturation Mass Market","Management & Administration","France","2026-02-25","https://jobs.totalenergies.com/en_US/careers/JobDetail/Analyste-Facturation-Mass-Market/77520"
"Canada","TotalEnergies","Inspecteur(trice) aéronautique - soir","Inspection & Integrity","Canada","2026-02-25","https://jobs.totalenergies.com/en_US/careers/JobDetail/Inspecteur-trice-a-ronautique-soir/77514"
"Canada","TotalEnergies","Thermoformeur","Management & Administration","Canada","2026-02-25","https://jobs.totalenergies.com/en_US/careers/JobDetail/Thermoformeur/77513"
"Canada","TotalEnergies","Préposé entretien des moules - Soir","Management & Administration","Canada","2026-02-25","https://jobs.totalenergies.com/en_US/careers/JobDetail/Pr-pos-entretien-des-moules-Soir/77511"
"Canada","TotalEnergies","Assembleur(se) industriel","Management & Administration","Canada","2026-02-25","https://jobs.totalenergies.com/en_US/careers/JobDetail/Assembleur-se-industriel/77510"
"Canada","TotalEnergies","Lamineur","Management & Administration","Canada","2026-02-25","https://jobs.totalenergies.com/en_US/careers/JobDetail/Lamineur/77509"
"Canada","TotalEnergies","Préposé entretien des moules","Management & Administration","Canada","2026-02-25","https://jobs.totalenergies.com/en_US/careers/JobDetail/Pr-pos-entretien-des-moules/77508"
"Poland","TotalEnergies","Logistics Specialist","Supply Chain","Poland","2026-02-25","https://jobs.totalenergies.com/en_US/careers/JobDetail/Logistics-Specialist/77507"
"France","TotalEnergies","CDI - Responsable cybersécurité - H/F","IT & Digital","France","2026-02-25","https://jobs.totalenergies.com/en_US/careers/JobDetail/CDI-Responsable-cybers-curit-H-F/77488"
"USA","TotalEnergies","Construction Manager (Contract)","Legal & Compliance","USA","2026-02-25","https://jobs.totalenergies.com/en_US/careers/JobDetail/Construction-Manager-Contract/77444"
"Belgium","TotalEnergies","Sales Partners Specialist (m/w/x)","Management & Administration","Belgium","2026-02-25","https://jobs.totalenergies.com/en_US/careers/JobDetail/Sales-Partners-Specialist-m-w-x/77354"
"Brazil","TotalEnergies","Processes Engineer","Operations & Process","Brazil","2026-02-24","https://jobs.totalenergies.com/en_US/careers/JobDetail/Engenheiro-de-Processos/77497"
"France","TotalEnergies","ALTERNANCE- Développement Autoroutes Réseau Multi énergies H/F","Graduate & Internship","France","2026-02-24","https://jobs.totalenergies.com/en_US/careers/JobDetail/ALTERNANCE-D-veloppement-Autoroutes-R-seau-Multi-nergies-H-F/77471"
"Switzerland","TotalEnergies","TotalEnergies Trading Graduate Program","Graduate & Internship","Switzerland","2026-02-24","https://jobs.totalenergies.com/en_US/careers/JobDetail/TotalEnergies-Trading-Graduate-Program/77465"
"Cambodia","TotalEnergies","Retail & Café Business Development Consultant","Human Resources","Cambodia","2026-02-24","https://jobs.totalenergies.com/en_US/careers/JobDetail/Retail-Caf-Business-Development-Consultant/77464"
"Portugal","TotalEnergies","CONTINUOUS IMPROVEMENT TECHNICIAN","Management & Administration","Portugal","2026-02-24","https://jobs.totalenergies.com/en_US/careers/JobDetail/CONTINUOUS-IMPROVEMENT-TECHNICIAN/77453"
"France","TotalEnergies","CDI - INFIRMIER(E) SANTE AU TRAVAIL H/F","Management & Administration","France","2026-02-24","https://jobs.totalenergies.com/en_US/careers/JobDetail/CDI-INFIRMIER-E-SANTE-AU-TRAVAIL-H-F/77452"
"France","TotalEnergies","STAGE - ECO-CONCEPTION H/F","Management & Administration","France","2026-02-24","https://jobs.totalenergies.com/en_US/careers/JobDetail/STAGE-ECO-CONCEPTION-H-F/77451"
"USA","TotalEnergies","Human Resources Generalist","Human Resources","USA","2026-02-24","https://jobs.totalenergies.com/en_US/careers/JobDetail/Human-Resources-Generalist/77450"
"France","TotalEnergies","APPRENTISSAGE - CHARGE DE MISSIONS RH H/F","Graduate & Internship","France","2026-02-24","https://jobs.totalenergies.com/en_US/careers/JobDetail/APPRENTISSAGE-CHARGE-DE-MISSIONS-RH-H-F/77449"
"Morocco","TotalEnergies","Metrology technician","Management & Administration","Morocco","2026-02-24","https://jobs.totalenergies.com/en_US/careers/JobDetail/Metrology-technician/77448"
"USA","TotalEnergies","Power Analyst","Electrical & Instrumentation","USA","2026-02-23","https://jobs.totalenergies.com/en_US/careers/JobDetail/Power-Analyst/77442"
"Italy","TotalEnergies","Industrial Key Account Manager - Lubricants","Finance & Accounting","Italy","2026-02-23","https://jobs.totalenergies.com/en_US/careers/JobDetail/Industrial-Key-Account-Manager-Lubricants/77429"
"Dominican Republic","TotalEnergies","Asesor de formaciónTemporal","Management & Administration","Dominican Republic","2026-02-23","https://jobs.totalenergies.com/en_US/careers/JobDetail/Asesor-de-formaci-n-Temporal/77421"
"USA","TotalEnergies","Electrical QA/QC - Springwater Solar (Contract)","Electrical & Instrumentation","USA","2026-02-23","https://jobs.totalenergies.com/en_US/careers/JobDetail/Electrical-QA-QC-Springwater-Solar-Contract/77390"
"Brazil","TotalEnergies","Analista de Planejamento Financeiro e Report Sênior","Finance & Accounting","Brazil","2026-02-23","https://jobs.totalenergies.com/en_US/careers/JobDetail/Analista-de-Planejamento-Financeiro-e-Report-S-nior/77385"
"France","TotalEnergies","DONGES (44) - CDD POMPIER OPERATEUR SECURITE APPONTEMENT - 5X8C (H/F)","Operations & Process","France","2026-02-23","https://jobs.totalenergies.com/en_US/careers/JobDetail/DONGES-44-CDD-POMPIER-OPERATEUR-SECURITE-APPONTEMENT-5X8C-H-F/68154"
"France","TotalEnergies","Alternance - QHSE : Suivi & Amélioration du Référentiel MAESTRO","Graduate & Internship","France","2026-02-23","https://jobs.totalenergies.com/en_US/careers/JobDetail/Alternance-QHSE-Suivi-Am-lioration-du-R-f-rentiel-MAESTRO/66737"
"USA","TotalEnergies","Data Scientist - Quantitative Trading","IT & Digital","USA","2026-02-20","https://jobs.totalenergies.com/en_US/careers/JobDetail/Data-Scientist-Quantitative-Trading/77402"
"France","TotalEnergies","Ingénieur d'études Environnement Sites et Sols Pollués - Débutant H/F","Management & Administration","France","2026-02-20","https://jobs.totalenergies.com/en_US/careers/JobDetail/Ing-nieur-d-tudes-Environnement-Sites-et-Sols-Pollu-s-D-butant-H-F/77369"
"France","TotalEnergies","Responsable HSE et Risques Industriels - H/F","HSE","France","2026-02-20","https://jobs.totalenergies.com/en_US/careers/JobDetail/Responsable-HSE-et-Risques-Industriels-H-F/77366"
"France","TotalEnergies","Division Finance Controller","Electrical & Instrumentation","France","2026-02-20","https://jobs.totalenergies.com/en_US/careers/JobDetail/Division-Finance-Controller/77360"
"South Africa","TotalEnergies","Depot Superintendent - Umtata","Management & Administration","South Africa","2026-02-20","https://jobs.totalenergies.com/en_US/careers/JobDetail/Depot-Superintendent-Umtata-External/77341"
"South Africa","TotalEnergies","Depot Manager - Blackheath","Management & Administration","South Africa","2026-02-20","https://jobs.totalenergies.com/en_US/careers/JobDetail/Depot-Manager-Cape-Town/77338"
"France","TotalEnergies","COORDINATEUR COMPTABILITÉ ET PROJETS","Management & Administration","France","2026-02-20","https://jobs.totalenergies.com/en_US/careers/JobDetail/COORDINATEUR-COMPTABILIT-ET-PROJETS/77336"
"USA","TotalEnergies","Structured Power Back Office Analyst","Electrical & Instrumentation","USA","2026-02-19","https://jobs.totalenergies.com/en_US/careers/JobDetail/Structured-Power-Back-Office-Analyst/77330"
"France","TotalEnergies","Chargé d'Analyse données Fibres Optiques pour Monitoring Stockage CO2 - Débutant H/F","Management & Administration","France","2026-02-19","https://jobs.totalenergies.com/en_US/careers/JobDetail/Charg-d-Analyse-donn-es-Fibres-Optiques-pour-Monitoring-Stockage-CO2-D-butant-H-F/77322"
"France","TotalEnergies","Alternance - Chargé(e) de Communication","Graduate & Internship","France","2026-02-19","https://jobs.totalenergies.com/en_US/careers/JobDetail/Alternance-Charg-e-de-Communication/77319"
"UK","TotalEnergies","SAP Business Expert","Management & Administration","UK","2026-02-19","https://jobs.totalenergies.com/en_US/careers/JobDetail/SAP-Business-Expert/77297"
"Germany","TotalEnergies","Junior Development Coordinator (m/w/d) Offshore Wind Germany","Graduate & Internship","Germany","2026-02-19","https://jobs.totalenergies.com/en_US/careers/JobDetail/Junior-Development-Coordinator-m-w-d-Offshore-Wind-Germany/77291"
"Republic of the Congo","TotalEnergies","VIE _ Internal Audit Officer  (M/F) _ Congo","Graduate & Internship","Republic of the Congo","2026-02-19","https://jobs.totalenergies.com/en_US/careers/JobDetail/VIE-Charg-e-d-audit-interne-H-F-Congo/77251"
"France","TotalEnergies","COMPTABLE CLIENTS - CDD","Management & Administration","France","2026-02-19","https://jobs.totalenergies.com/en_US/careers/JobDetail/COMPTABLE-CLIENTS-CDD/76650"
"USA","TotalEnergies","Project Development Associate Director","Human Resources","USA","2026-02-18","https://jobs.totalenergies.com/en_US/careers/JobDetail/Project-Development-Associate-Director/77270"
"Italy","TotalEnergies","Executive Assistant and Office Coordinator","Management & Administration","Italy","2026-02-18","https://jobs.totalenergies.com/en_US/careers/JobDetail/Executive-Assistant-and-Office-Coordinator/77267"
"France","TotalEnergies","STAGE- Chargé(e) de méthodes et procédures H/F","Management & Administration","France","2026-02-18","https://jobs.totalenergies.com/en_US/careers/JobDetail/STAGE-Charg-e-de-m-thodes-et-proc-dures-H-F/77258"
"France","TotalEnergies","ALTERNANCE- Chargé(e) de méthodes et procédures H/F","Graduate & Internship","France","2026-02-18","https://jobs.totalenergies.com/en_US/careers/JobDetail/ALTERNANCE-Charg-e-de-m-thodes-et-proc-dures-H-F/77256"
"Germany","TotalEnergies","Werkstudent (m/w/d) Compliance und Interne Kontrollen","Graduate & Internship","Germany","2026-02-18","https://jobs.totalenergies.com/en_US/careers/JobDetail/Werkstudent-m-w-d-Compliance-und-Interne-Kontrollen/77254"
"Mozambique","TotalEnergies","Buyer M/F","Supply Chain","Mozambique","2026-02-18","https://jobs.totalenergies.com/en_US/careers/JobDetail/Buyer-M-F/77108"
"Mozambique","TotalEnergies","Operations Officer M/F","Operations & Process","Mozambique","2026-02-18","https://jobs.totalenergies.com/en_US/careers/JobDetail/Operations-Officer-M-F/77102"
"France","TotalEnergies","Beginner Reservoir Engineer – Digital Rock Physics (M/F)","Geoscience & Reservoir","France","2026-02-18","https://jobs.totalenergies.com/en_US/careers/JobDetail/Ing-nieur-R-servoir-D-butant-Digital-Rock-Physics-H-F/76642"
"South Africa","TotalEnergies","Wind Balance of Plant Contract Manager - Fixed Term Contract (Cape Town)","Operations & Process","South Africa","2026-02-18","https://jobs.totalenergies.com/en_US/careers/JobDetail/Wind-Balance-of-Plant-Contract-Manager-Fixed-Term-Contract-Cape-Town/71167"
"USA","TotalEnergies","Middle Office Analyst - Gas/LNG","Operations & Process","USA","2026-02-17","https://jobs.totalenergies.com/en_US/careers/JobDetail/Middle-Office-Analyst-Gas-LNG/77239"
"USA","TotalEnergies","Power Originator","Electrical & Instrumentation","USA","2026-02-17","https://jobs.totalenergies.com/en_US/careers/JobDetail/Power-Originator/77238"
"France","TotalEnergies","Alternance IFP School_PRO","Graduate & Internship","France","2026-02-17","https://jobs.totalenergies.com/en_US/careers/JobDetail/Alternance-IFP-School-PRO/77235"
"USA","TotalEnergies","Business Developer Heavy Duty USA","IT & Digital","USA","2026-02-17","https://jobs.totalenergies.com/en_US/careers/JobDetail/Business-Developer-Heavy-Duty-USA/77233"
"USA","TotalEnergies","Advisor","Management & Administration","USA","2026-02-17","https://jobs.totalenergies.com/en_US/careers/JobDetail/Consolidation-Financial-Reporting-Advisor/77231"
"Switzerland","TotalEnergies","LNG Bunker Trader Europe","Operations & Process","Switzerland","2026-02-17","https://jobs.totalenergies.com/en_US/careers/JobDetail/LNG-Bunker-Trader-Europe/77196"
"South Africa","TotalEnergies","Wind Engineer (Renewable) - Cape Town","Management & Administration","South Africa","2026-02-17","https://jobs.totalenergies.com/en_US/careers/JobDetail/Wind-Engineer-Renewable-FTC-Cape-Town/77193"
"USA","TotalEnergies","Communications/PR Specialist (Contractor)","Legal & Compliance","USA","2026-02-17","https://jobs.totalenergies.com/en_US/careers/JobDetail/Communications-PR-Specialist-Contractor/76269"
"South Africa","TotalEnergies","Logistics Intern - Operations (Alrode Depot)","Graduate & Internship","South Africa","2026-02-16","https://jobs.totalenergies.com/en_US/careers/JobDetail/Logistics-Intern-Operations-Alrode-Depot/77183"
"France","TotalEnergies","Scholarship IFP School - Energy Technology Economics & Management (ETEM) Program – M/F","Finance & Accounting","France","2026-02-16","https://jobs.totalenergies.com/en_US/careers/JobDetail/Bourse-d-tude-Ifp-School-ETEM/77174"
"France","TotalEnergies","ALTERNANCE - Graphic Designer / Chargé de communication digitale H/F","Graduate & Internship","France","2026-02-16","https://jobs.totalenergies.com/en_US/careers/JobDetail/ALTERNANCE-Graphic-Designer-Charg-de-communication-digitale-H-F/77169"
"France","TotalEnergies","ALTERNANCE- Marketing Produits d'Entretien Automobiles H/F","Graduate & Internship","France","2026-02-16","https://jobs.totalenergies.com/en_US/careers/JobDetail/ALTERNANCE-Marketing-Produits-d-Entretien-Automobiles-H-F/77149"
"Suriname","TotalEnergies","Legal","Legal & Compliance","Suriname","2026-02-16","https://jobs.totalenergies.com/en_US/careers/JobDetail/Legal/77128"
"France","TotalEnergies","ALTERNANCE - Chargé d'études & Support marketing H/F","Graduate & Internship","France","2026-02-16","https://jobs.totalenergies.com/en_US/careers/JobDetail/ALTERNANCE-Charg-d-tudes-Support-marketing-H-F/76510"
"France","TotalEnergies","Ingénieure Commercial Collectivités  - CDD","Management & Administration","France","2026-02-16","https://jobs.totalenergies.com/en_US/careers/JobDetail/Ing-nieure-Commercial-Collectivit-s-CDD/72205"
"Brazil","TotalEnergies","Analista Tributário Senior","Management & Administration","Brazil","2026-02-13","https://jobs.totalenergies.com/en_US/careers/JobDetail/Analista-Tribut-rio-S-nior/77127"
"France","TotalEnergies","Responsable Consolidation H/F","Management & Administration","France","2026-02-13","https://jobs.totalenergies.com/en_US/careers/JobDetail/Responsable-Consolidation-H-F/77125"
"South Africa","TotalEnergies","Asset Manager - Cape Town","Management & Administration","South Africa","2026-02-13","https://jobs.totalenergies.com/en_US/careers/JobDetail/Asset-Manager-Cape-Town/72040"
"Germany","TotalEnergies","Werkstudent (m/w/d) Sales","Graduate & Internship","Germany","2026-02-12","https://jobs.totalenergies.com/en_US/careers/JobDetail/Werkstudent-m-w-d-Sales/77053"
"South Africa","TotalEnergies","Digital Data Intern","Graduate & Internship","South Africa","2026-02-12","https://jobs.totalenergies.com/en_US/careers/JobDetail/Digital-Data-Intern/77047"
"South Africa","TotalEnergies","Lubricants & Specialities Intern- Business Analyst","Graduate & Internship","South Africa","2026-02-12","https://jobs.totalenergies.com/en_US/careers/JobDetail/Lubricants-Specialities-Intern-Business-Analyst/77045"
"South Africa","TotalEnergies","Lubricants & Specialities Intern- Operations","Graduate & Internship","South Africa","2026-02-12","https://jobs.totalenergies.com/en_US/careers/JobDetail/Lubricants-Specialities-Intern-Operations/77043"
"South Africa","TotalEnergies","Finance Intern- Procurement","Graduate & Internship","South Africa","2026-02-12","https://jobs.totalenergies.com/en_US/careers/JobDetail/Finance-Intern-Procurement/77035"
"South Africa","TotalEnergies","Finance Intern- Asset","Graduate & Internship","South Africa","2026-02-12","https://jobs.totalenergies.com/en_US/careers/JobDetail/Finance-Intern-General-Accounting/77034"
"South Africa","TotalEnergies","Finance Intern- Pricing","Graduate & Internship","South Africa","2026-02-12","https://jobs.totalenergies.com/en_US/careers/JobDetail/Finance-Intern-Pricing/77033"
"South Africa","TotalEnergies","Finance Intern- Reporting","Graduate & Internship","South Africa","2026-02-12","https://jobs.totalenergies.com/en_US/careers/JobDetail/Finance-Intern-Reporting/77031"
"Germany","TotalEnergies","Senior Portfoliomanager (m/w/d) Renewable Energies","Management & Administration","Germany","2026-02-12","https://jobs.totalenergies.com/en_US/careers/JobDetail/Senior-Portfoliomanager-m-w-d-Renewable-Energies/77030"
"South Africa","TotalEnergies","Finance Intern- Inventory","Graduate & Internship","South Africa","2026-02-12","https://jobs.totalenergies.com/en_US/careers/JobDetail/Finance-Intern-Inventory/77029"
"Canada","TotalEnergies","Chef Planification & Approvisionnement","Management & Administration","Canada","2026-02-12","https://jobs.totalenergies.com/en_US/careers/JobDetail/Chef-Planification-Approvisionnement/77028"
"Namibia","TotalEnergies","Engineering Intern","Graduate & Internship","Namibia","2026-02-12","https://jobs.totalenergies.com/en_US/careers/JobDetail/Engineering-Intern-Namibia/77027"
"France","TotalEnergies","STAGE - Conformité - Sanctions économiques internationales H/F","Graduate & Internship","France","2026-02-12","https://jobs.totalenergies.com/en_US/careers/JobDetail/STAGE-Conformit-Sanctions-conomiques-internationales-H-F/77022"
"France","TotalEnergies","IFP School Apprenticeship - Engineer - Energy and Markets Program (ENM) - M/F","Graduate & Internship","France","2026-02-12","https://jobs.totalenergies.com/en_US/careers/JobDetail/Alternance-IFP-School-ENM/77013"
"Malaysia","TotalEnergies","Graduate Planning Engineer","Graduate & Internship","Malaysia","2026-02-12","https://jobs.totalenergies.com/en_US/careers/JobDetail/Graduate-Planning-Engineer/77001"
"Singapore","TotalEnergies","Business Controller (9 to 12 Months Contract)","Electrical & Instrumentation","Singapore","2026-02-12","https://jobs.totalenergies.com/en_US/careers/JobDetail/Business-Controller-9-to-12-Months-Contract/76997"
"USA","TotalEnergies","Project Business Analyst, Gas & Power Trading IT","Electrical & Instrumentation","USA","2026-02-11","https://jobs.totalenergies.com/en_US/careers/JobDetail/Project-Business-Analyst-Gas-Power-Trading-IT/76989"
"USA","TotalEnergies","Lead SCADA Engineer, Gas & Power Trading IT","Electrical & Instrumentation","USA","2026-02-11","https://jobs.totalenergies.com/en_US/careers/JobDetail/Lead-SCADA-Engineer-Gas-Power-Trading-IT/76987"
"USA","TotalEnergies","Operational Compliance Analyst","Operations & Process","USA","2026-02-11","https://jobs.totalenergies.com/en_US/careers/JobDetail/Operational-Compliance-Analyst/76986"
"UAE","TotalEnergies","Senior Officer, Contracts & Procurement","Legal & Compliance","UAE","2026-02-11","https://jobs.totalenergies.com/en_US/careers/JobDetail/Senior-Officer-Contracts-Procurement/76972"
"Germany","TotalEnergies","Fullstack PHP Developer (m/w/d)","IT & Digital","Germany","2026-02-11","https://jobs.totalenergies.com/en_US/careers/JobDetail/Fullstack-PHP-Developer-m-w-d/76968"
"Germany","TotalEnergies","Analyst (m/w/d) Sales Support Erneuerbare Energien","Management & Administration","Germany","2026-02-11","https://jobs.totalenergies.com/en_US/careers/JobDetail/Analyst-m-w-d-Sales-Support-Erneuerbare-Energien/76966"
"Greece","TotalEnergies","Senior Accountant","Finance & Accounting","Greece","2026-02-11","https://jobs.totalenergies.com/en_US/careers/JobDetail/Senior-Accountant/76965"
"Germany","TotalEnergies","Senior Sales Manager (m/w/d) Erneuerbare Energien","Management & Administration","Germany","2026-02-11","https://jobs.totalenergies.com/en_US/careers/JobDetail/Senior-Sales-Manager-m-w-d-Erneuerbare-Energien/76961"
"Romania","TotalEnergies","P2P Team Leader - French Speaking (maternity cover 2 years)","Management & Administration","Romania","2026-02-11","https://jobs.totalenergies.com/en_US/careers/JobDetail/P2P-Team-Leader-French-Speaking-maternity-cover-2-years/76948"
"USA","TotalEnergies","Property Accountant (Contract)","Finance & Accounting","USA","2026-02-11","https://jobs.totalenergies.com/en_US/careers/JobDetail/Property-Accountant-Contract/76796"
"France","TotalEnergies","ALTERNANCE - Accompagnement de la transformation digitale du site","Graduate & Internship","France","2026-02-10","https://jobs.totalenergies.com/en_US/careers/JobDetail/ALTERNANCE-Accompagnement-de-la-transformation-digitale-du-site/76897"
"France","TotalEnergies","Chef de Projet Construction (H/F)","Management & Administration","France","2026-02-10","https://jobs.totalenergies.com/en_US/careers/JobDetail/Chef-de-Projet-Construction-H-F/76884"
"France","TotalEnergies","Apprenticeship IFP School - Engineer - Energy and Processes prog. (ENEP) - F/M","Graduate & Internship","France","2026-02-10","https://jobs.totalenergies.com/en_US/careers/JobDetail/Alternance-IFP-School-ENEP/76879"
"France","TotalEnergies","ALTERNANCE - Pilotage des plans d’actions intégrité et audits de la plateforme de Feyzin","Graduate & Internship","France","2026-02-10","https://jobs.totalenergies.com/en_US/careers/JobDetail/ALTERNANCE-Pilotage-des-plans-d-actions-int-grit-et-audits-de-la-plateforme-de-Feyzin/76817"
"Belgium","TotalEnergies","VIE _ Ingénieur Brevets (H/F) _ BELGIQUE","Graduate & Internship","Belgium","2026-02-10","https://jobs.totalenergies.com/en_US/careers/JobDetail/VIE-Ing-nieur-Brevets-H-F-BELGIQUE/76713"
"South Africa","TotalEnergies","Project Officer: Project Development (FTC) - Cape Town","Human Resources","South Africa","2026-02-10","https://jobs.totalenergies.com/en_US/careers/JobDetail/Project-Officer-Project-Development-FTC-Cape-Town/72485"
"USA","TotalEnergies","Technology Advisor, Gas & Power Trading IT","Electrical & Instrumentation","USA","2026-02-09","https://jobs.totalenergies.com/en_US/careers/JobDetail/Technology-Advisor-Gas-Power-Trading-IT/76874"
"Canada","TotalEnergies","Technicien(ne) facturation","Management & Administration","Canada","2026-02-09","https://jobs.totalenergies.com/en_US/careers/JobDetail/Technicien-ne-facturation/76869"
"France","TotalEnergies","Scholarship Ifp School - Prog. Petroleum Engineering and Project Development (PEPD) - F/M","Human Resources","France","2026-02-09","https://jobs.totalenergies.com/en_US/careers/JobDetail/Bourse-d-tude-IFP-School-PEPD/76840"
"Belgium","TotalEnergies","Responsable QHSE F/H/X [FPI FLA - CCGT]","HSE","Belgium","2026-02-09","https://jobs.totalenergies.com/en_US/careers/JobDetail/Responsable-QHSE-F-H-X-FPI-FLA-CCGT/76826"
"Belgium","TotalEnergies","Responsable Maintenance - [FPI FLA - CCGT]","Management & Administration","Belgium","2026-02-09","https://jobs.totalenergies.com/en_US/careers/JobDetail/Responsable-Maintenance-FPI-FLA-CCGT/76822"
"Vietnam","TotalEnergies","Technical Services Engineer (Automotive Oil)","Management & Administration","Vietnam","2026-02-09","https://jobs.totalenergies.com/en_US/careers/JobDetail/Technical-Services-Engineer-Automotive-Oil/76810"
"Netherlands","TotalEnergies","VIE _ HSE Engineer (M/F) _ NETHERLANDS","Graduate & Internship","Netherlands","2026-02-09","https://jobs.totalenergies.com/en_US/careers/JobDetail/VIE-Ing-nieur-HSE-H-F-PAYS-BAS/76790"
"Denmark","TotalEnergies","VIE_Corrosion Engineer (M/F)_Denmark","Graduate & Internship","Denmark","2026-02-06","https://jobs.totalenergies.com/en_US/careers/JobDetail/VIE-Ing-nieur-Corrosion-H-F-Danemark/76751"
"Brazil","TotalEnergies","Estagiário de Direito","Management & Administration","Brazil","2026-02-05","https://jobs.totalenergies.com/en_US/careers/JobDetail/Estagi-rio-de-Direito/76668"
"Brazil","TotalEnergies","Data Engineer","IT & Digital","Brazil","2026-02-05","https://jobs.totalenergies.com/en_US/careers/JobDetail/Engenheiro-de-Dados/70705"
"France","TotalEnergies","Developpeur Fullstack","Human Resources","France","2026-02-04","https://jobs.totalenergies.com/en_US/careers/JobDetail/Developpeur-Fullstack/76653"
"Brazil","TotalEnergies","Coordenador de Distribuidores - São Paulo","Management & Administration","Brazil","2026-02-04","https://jobs.totalenergies.com/en_US/careers/JobDetail/Coordenador-de-Distribuidores-S-o-Paulo/76639"
"Belgium","TotalEnergies","Reporting & Care Tools Analyst (h/f)","Management & Administration","Belgium","2026-02-04","https://jobs.totalenergies.com/en_US/careers/JobDetail/Reporting-Care-Tools-Analyst-h-f/76632"
"South Africa","TotalEnergies","Electrical Engineer (Renewables) - Cape Town","Electrical & Instrumentation","South Africa","2026-02-04","https://jobs.totalenergies.com/en_US/careers/JobDetail/Electrical-Engineer-Renewables-Cape-Town/76619"
"France","TotalEnergies","Beginner Digital Reservoir Engineer M/F","Geoscience & Reservoir","France","2026-02-04","https://jobs.totalenergies.com/en_US/careers/JobDetail/Ing-nieur-R-servoir-Digital-D-butant-H-F/76612"
"USA","TotalEnergies","Regional HSE Advisor","HSE","USA","2026-02-04","https://jobs.totalenergies.com/en_US/careers/JobDetail/Regional-HSE-Advisor/76604"
"Switzerland","TotalEnergies","Loss Controller","Electrical & Instrumentation","Switzerland","2026-02-04","https://jobs.totalenergies.com/en_US/careers/JobDetail/Loss-Controller/76592"
"Mozambique","TotalEnergies","Finance Control Manager M/F","Electrical & Instrumentation","Mozambique","2026-02-04","https://jobs.totalenergies.com/en_US/careers/JobDetail/Finance-Control-Manager-M-F/76496"
"USA","TotalEnergies","Quantitative Researcher - US Power Modeling","Electrical & Instrumentation","USA","2026-02-04","https://jobs.totalenergies.com/en_US/careers/JobDetail/Quantitative-Researcher-US-Power-Modeling/71619"
"South Africa","TotalEnergies","HSSE Operations Manager - Cape Town","Operations & Process","South Africa","2026-02-04","https://jobs.totalenergies.com/en_US/careers/JobDetail/HSSE-Operations-Manager-Cape-Town/70977"
"France","TotalEnergies","Post-Doc R&D Microscopy & Morphological Analysis","Management & Administration","France","2026-02-03","https://jobs.totalenergies.com/en_US/careers/JobDetail/Post-Doc-R-D-Microscopy-Morphological-Analysis/76588"
"France","TotalEnergies","Analyste Pricing B2C H/F","Management & Administration","France","2026-02-03","https://jobs.totalenergies.com/en_US/careers/JobDetail/Analyste-Pricing-B2C-H-F/76581"
"France","TotalEnergies","Stage – Assistant(e) Hygiéniste Industriel(le)","Management & Administration","France","2026-02-03","https://jobs.totalenergies.com/en_US/careers/JobDetail/Stage-Assistant-e-Hygi-niste-Industriel-le/76568"
"France","TotalEnergies","Responsable audit et contrôle interne (H/F)","Graduate & Internship","France","2026-02-03","https://jobs.totalenergies.com/en_US/careers/JobDetail/Responsable-audit-et-contr-le-interne-H-F/76537"
"France","TotalEnergies","Vern-sur-Seiche (35) - CDD Opérateur Polyvalent Dépôt","Management & Administration","France","2026-02-03","https://jobs.totalenergies.com/en_US/careers/JobDetail/Vern-sur-Seiche-35-CDD-Op-rateur-Polyvalent-D-p-t/70394"
"USA","TotalEnergies","Commercial Developer","IT & Digital","USA","2026-02-02","https://jobs.totalenergies.com/en_US/careers/JobDetail/Commercial-Developer/76525"
"UK","TotalEnergies","Seasonal Plant Operator","Operations & Process","UK","2026-02-02","https://jobs.totalenergies.com/en_US/careers/JobDetail/Seasonal-Plant-Operator-6-Months-FTC/76506"
"France","TotalEnergies","Scholarship IFP School - Program Subsurface Technologies for Sustainable Energies (STSE) - F/M","Geoscience & Reservoir","France","2026-02-02","https://jobs.totalenergies.com/en_US/careers/JobDetail/Bourse-d-tude-IFP-School-STSE/76505"
"UK","TotalEnergies","Scholarship TotalEnergies and Imperial College London : Geo-Energy with Machine Learning and Data Science MSc program (GEMS) - M/F","IT & Digital","UK","2026-01-31","https://jobs.totalenergies.com/en_US/careers/JobDetail/Bourse-d-tude-ICL-2026/76379"
"UAE","TotalEnergies","Financial Analyst","Finance & Accounting","UAE","2026-01-30","https://jobs.totalenergies.com/en_US/careers/JobDetail/Financial-Analyst/76220"
"France","TotalEnergies","STAGE - Ingénieur mathématiques H/F","Management & Administration","France","2026-01-29","https://jobs.totalenergies.com/en_US/careers/JobDetail/STAGE-Ing-nieur-math-matiques-H-F/76339"
"France","TotalEnergies","RONDIER (H/F)","Management & Administration","France","2026-01-29","https://jobs.totalenergies.com/en_US/careers/JobDetail/RONDIER-H-F/76330"
"France","TotalEnergies","ALTERNANCE ou STAGE - Analyse de la performance économique (Suivi des mélanges et mise en place de KPI performance)","Graduate & Internship","France","2026-01-29","https://jobs.totalenergies.com/en_US/careers/JobDetail/ALTERNANCE-ou-STAGE-Analyse-de-la-performance-conomique-Suivi-des-m-langes-et-mise-en-place-de-KPI-performance/76324"
"UK","TotalEnergies","Area Business Manager PCMO & HDDO - Automotive","Management & Administration","UK","2026-01-29","https://jobs.totalenergies.com/en_US/careers/JobDetail/Area-Business-Manager-PCMO-HDDO-Automotive/76308"
"France","TotalEnergies","ALTERNANCE - Ingénieur(e) Fiabilisation des équipements de logistique d’un site Pétrochimique","Graduate & Internship","France","2026-01-29","https://jobs.totalenergies.com/en_US/careers/JobDetail/ALTERNANCE-Ing-nieur-e-Fiabilisation-des-quipements-de-logistique-d-un-site-P-trochimique/76296"
"UAE","TotalEnergies","VP Onshore Architect","IT & Digital","UAE","2026-01-29","https://jobs.totalenergies.com/en_US/careers/JobDetail/VP-Onshore-Architect-BUH-NEB-TEP-UAE/76222"
"Italy","TotalEnergies","Lead Contract Engineer – Procurement","Legal & Compliance","Italy","2026-01-29","https://jobs.totalenergies.com/en_US/careers/JobDetail/Lead-Contract-Engineer-Procurement/74942"
"USA","TotalEnergies","QA/QC Manager","Management & Administration","USA","2026-01-28","https://jobs.totalenergies.com/en_US/careers/JobDetail/QA-QC-Manager/76185"
"Germany","TotalEnergies","Leiter (m/w/d) HSE","HSE","Germany","2026-01-27","https://jobs.totalenergies.com/en_US/careers/JobDetail/Leiter-m-w-d-HSE/76181"
"Suriname","TotalEnergies","Legal Counsel","Legal & Compliance","Suriname","2026-01-27","https://jobs.totalenergies.com/en_US/careers/JobDetail/Legal-Counsel/76170"
"France","TotalEnergies","Commercial pôle business","Management & Administration","France","2026-01-27","https://jobs.totalenergies.com/en_US/careers/JobDetail/Commercial-p-le-business/76167"
"France","TotalEnergies","Commercial Entrants & Syndics","Management & Administration","France","2026-01-27","https://jobs.totalenergies.com/en_US/careers/JobDetail/Commercial-Entrants-Syndics/76165"
"France","TotalEnergies","Electrical Engineer H/F (Product)","Electrical & Instrumentation","France","2026-01-27","https://jobs.totalenergies.com/en_US/careers/JobDetail/Electrical-Engineer-H-F-Product/76145"
"USA","TotalEnergies","Director, Development (US Distributed Generation Solar & Storage)","Human Resources","USA","2026-01-27","https://jobs.totalenergies.com/en_US/careers/JobDetail/Director-Development-US-Distributed-Generation-Solar-Storage/76136"
"USA","TotalEnergies","Senior Maintenance Engineer","Management & Administration","USA","2026-01-27","https://jobs.totalenergies.com/en_US/careers/JobDetail/Senior-Maintenance-Engineer/75950"
"Malaysia","TotalEnergies","Treasury Analyst","Finance & Accounting","Malaysia","2026-01-26","https://jobs.totalenergies.com/en_US/careers/JobDetail/Treasury-Analyst/75421"
"Singapore","TotalEnergies","Lawyer","Management & Administration","Singapore","2026-01-23","https://jobs.totalenergies.com/en_US/careers/JobDetail/Lawyer/75957"
"France","TotalEnergies","Spécialiste Sécurité Monétique H/F","Management & Administration","France","2026-01-21","https://jobs.totalenergies.com/en_US/careers/JobDetail/Sp-cialiste-S-curit-Mon-tique-H-F-CDI/75888"
"Republic of the Congo","TotalEnergies","VIE _ Maintenance and optimization methods engineer (M/F) _ CONGO","Graduate & Internship","Republic of the Congo","2026-01-21","https://jobs.totalenergies.com/en_US/careers/JobDetail/VIE-Ing-nieur-m-thodes-maintenance-et-optimisation-H-F-CONGO/75783"
"USA","TotalEnergies","Senior Power Originator","Electrical & Instrumentation","USA","2026-01-20","https://jobs.totalenergies.com/en_US/careers/JobDetail/Senior-Power-Originator/75816"
"Belgium","TotalEnergies","VIE _ Performance & Organization DSI Project Officer (M/F) _ BELGIUM","Graduate & Internship","Belgium","2026-01-20","https://jobs.totalenergies.com/en_US/careers/JobDetail/VIE-Charg-e-de-Mission-Performance-Organisation-DSI-H-F-BELGIQUE/75796"
"Switzerland","TotalEnergies","Operations Technical Services – Digital Learning Intern","Graduate & Internship","Switzerland","2026-01-20","https://jobs.totalenergies.com/en_US/careers/JobDetail/Operations-Technical-Services-Digital-Learning-Intern/75701"
"Switzerland","TotalEnergies","Senior Gas Originator – South Europe","Management & Administration","Switzerland","2026-01-20","https://jobs.totalenergies.com/en_US/careers/JobDetail/Senior-Gas-Originator-South-Europe/75700"
"USA","TotalEnergies","Interconnection Manager","Management & Administration","USA","2026-01-15","https://jobs.totalenergies.com/en_US/careers/JobDetail/Interconnection-Manager/75501"
"Thailand","TotalEnergies","Head Of Execution DG APAC","Management & Administration","Thailand","2026-01-15","https://jobs.totalenergies.com/en_US/careers/JobDetail/Head-Of-Execution-DG-APAC/75456"
"France","TotalEnergies","ALTERNANCE Invariants HSE réseaux H/F","Graduate & Internship","France","2026-01-15","https://jobs.totalenergies.com/en_US/careers/JobDetail/ALTERNANCE-Invariants-HSE-r-seaux-H-F/75450"
"Canada","TotalEnergies","Business Developper - Passenger Car GTA","Human Resources","Canada","2026-01-14","https://jobs.totalenergies.com/en_US/careers/JobDetail/Business-Developper-Passenger-Car-GTA/75416"
"Canada","TotalEnergies","Business Developper - Heavy Duty Ottawa","Human Resources","Canada","2026-01-14","https://jobs.totalenergies.com/en_US/careers/JobDetail/Business-Developper-Heavy-Duty-Ottawa/75414"
"Angola","TotalEnergies","VIE – Mechanical Methods Engineer (M/F) – ANGOLA","Graduate & Internship","Angola","2026-01-14","https://jobs.totalenergies.com/en_US/careers/JobDetail/VIE-Ing-nieur-M-thodes-M-caniques-H-F-ANGOLA/75381"
"France","TotalEnergies","Responsable de Site – Méthanisation H/F","Management & Administration","France","2026-01-14","https://jobs.totalenergies.com/en_US/careers/JobDetail/Responsable-de-Site-M-thanisation-H-F/75350"
"South Africa","TotalEnergies","Accounts Receivable Controller","Electrical & Instrumentation","South Africa","2026-01-14","https://jobs.totalenergies.com/en_US/careers/JobDetail/Accounts-Receivable-Controller/72074"
"Belgium","TotalEnergies","VIE_Extrusion Process & Quality Engineer (M/F)_Belgium","Graduate & Internship","Belgium","2026-01-13","https://jobs.totalenergies.com/en_US/careers/JobDetail/VIE-Ing-nieur-Proc-d-Extrusion-Qualit-H-F-Belgique/74825"
"Greece","TotalEnergies","Senior Demurrage Negotiator – Maritime Department","Management & Administration","Greece","2026-01-12","https://jobs.totalenergies.com/en_US/careers/JobDetail/Senior-Demurrage-Negotiator-Maritime-Department/75151"
"Belgium","TotalEnergies","VIE_  Cost Controler (M/F) _ BELGIUM","Graduate & Internship","Belgium","2026-01-12","https://jobs.totalenergies.com/en_US/careers/JobDetail/VIE-Contr-leur-de-gestion-H-F-BELGIQUE/75149"
"France","TotalEnergies","STAGE - Responsable marketing et ventes H/F","Management & Administration","France","2026-01-12","https://jobs.totalenergies.com/en_US/careers/JobDetail/STAGE-Responsable-marketing-et-ventes-H-F/75074"
"Morocco","TotalEnergies","Ressources Humaines - Young Graduate","Graduate & Internship","Morocco","2026-01-12","https://jobs.totalenergies.com/en_US/careers/JobDetail/Ressources-Humaines-Young-Graduate/68106"
"USA","TotalEnergies","Middle Office Analyst, Power","Electrical & Instrumentation","USA","2026-01-09","https://jobs.totalenergies.com/en_US/careers/JobDetail/Middle-Office-Analyst-Power/75029"
"Brazil","TotalEnergies","Analista de Comércio Exterior Pl","Management & Administration","Brazil","2026-01-09","https://jobs.totalenergies.com/en_US/careers/JobDetail/Analista-de-Com-rcio-Exterior-Pl-S-o-Paulo/74979"
"Belgium","TotalEnergies","VIE _ Lawyer (M/F) _ BELGIUM","Graduate & Internship","Belgium","2026-01-09","https://jobs.totalenergies.com/en_US/careers/JobDetail/VIE-Juriste-H-F-BELGIQUE/74801"
"Belgium","TotalEnergies","Technieker instrumentatie en analysers","Electrical & Instrumentation","Belgium","2026-01-09","https://jobs.totalenergies.com/en_US/careers/JobDetail/Technieker-instrumentatie-en-analysers-M-V-X/71956"
"Namibia","TotalEnergies","Business Analyst","Management & Administration","Namibia","2026-01-08","https://jobs.totalenergies.com/en_US/careers/JobDetail/Busines-Analsyt/71772"
"Equatorial Guinea","TotalEnergies","CONTABLE","Management & Administration","Equatorial Guinea","2026-01-07","https://jobs.totalenergies.com/en_US/careers/JobDetail/CONTABLE/74804"
"France","TotalEnergies","Alternance CSE – Communication & Événementiel   BAC+3/4 -  H/F - TRTG","Graduate & Internship","France","2026-01-07","https://jobs.totalenergies.com/en_US/careers/JobDetail/Alternance-CSE-Communication-v-nementiel-BAC-3-4-H-F-TRTG/74783"
"France","TotalEnergies","Chef de Secteur Maintenance Construction (H/F) - Dpt 16, 36, 37, 86 ou 87","Management & Administration","France","2026-01-06","https://jobs.totalenergies.com/en_US/careers/JobDetail/Chef-de-Secteur-Maintenance-Construction-H-F-Dpt-16-36-37-86-ou-87/74747"
"France","TotalEnergies","STAGE - Interventions dans les Modèles Causaux Structurés H/F","Management & Administration","France","2026-01-06","https://jobs.totalenergies.com/en_US/careers/JobDetail/STAGE-Interventions-dans-les-Mod-les-Causaux-Structur-s-H-F/74701"
"France","TotalEnergies","Intitulé du poste  [REN BU - XX- XX]","Management & Administration","France","2026-01-06","https://jobs.totalenergies.com/en_US/careers/JobDetail/JURISTE-CORPORATE-H-F/73407"
"Equatorial Guinea","TotalEnergies","Asistente ADV y encargado de archivos","Management & Administration","Equatorial Guinea","2026-01-05","https://jobs.totalenergies.com/en_US/careers/JobDetail/Asistente-ADV-y-encargado-de-archivos/74706"
"Cambodia","TotalEnergies","Depot Engineer/HSSE","Management & Administration","Cambodia","2026-01-05","https://jobs.totalenergies.com/en_US/careers/JobDetail/Depot-Engineer-HSSE/74609"
"Cambodia","TotalEnergies","Automotive Oil Sales Executive","Management & Administration","Cambodia","2026-01-05","https://jobs.totalenergies.com/en_US/careers/JobDetail/Automotive-Oil-Sales-Executive/74607"
"Germany","TotalEnergies","Werkstudent im Fachbereich Personal (m/w/d)","Graduate & Internship","Germany","2026-01-05","https://jobs.totalenergies.com/en_US/careers/JobDetail/Werkstudent-im-Fachbereich-Personal-m-w-d/72743"
"UK","TotalEnergies","Area Business Manager PCMO & HDDO - Automotive","Management & Administration","UK","2025-12-23","https://jobs.totalenergies.com/en_US/careers/JobDetail/Area-Business-Manager-PCMO-HDDO-Automotive/74229"
"Vietnam","TotalEnergies","Production Supervisor (LPG - D7 Plant)","Operations & Process","Vietnam","2025-12-23","https://jobs.totalenergies.com/en_US/careers/JobDetail/Production-Supervisor-LPG-D7-Plant/74122"
"USA","TotalEnergies","SCADA Engineer (Asset Dispatch), Physical & Intraday Trading (US), Gas & Power Trading IT","Electrical & Instrumentation","USA","2025-12-22","https://jobs.totalenergies.com/en_US/careers/JobDetail/SCADA-Engineer-Asset-Dispatch-Physical-Intraday-Trading-US-Gas-Power-Trading-IT/74113"
"France","TotalEnergies","TEVGO - Technicien de maintenance bornes de recharge électrique Belib' (H/F)","Management & Administration","France","2025-12-22","https://jobs.totalenergies.com/en_US/careers/JobDetail/TEVGO-Technicien-de-maintenance-bornes-de-recharge-lectrique-Belib-H-F/74073"
"Belgium","TotalEnergies","Internship Proposal — Data Literacy Communications (h/f/x)","Graduate & Internship","Belgium","2025-12-22","https://jobs.totalenergies.com/en_US/careers/JobDetail/Internship-Proposal-Data-Literacy-Communications-h-f-x/74009"
"Vietnam","TotalEnergies","Commercial Specialist","Management & Administration","Vietnam","2025-12-19","https://jobs.totalenergies.com/en_US/careers/JobDetail/Commercial-Specialist/73860"
"France","TotalEnergies","Technicien de Maintenance Biogaz  H/F","Management & Administration","France","2025-12-18","https://jobs.totalenergies.com/en_US/careers/JobDetail/Technicien-de-Maintenance-Biogaz-H-F/73772"
"Canada","TotalEnergies","Chef des ventes Industrie","Management & Administration","Canada","2025-12-16","https://jobs.totalenergies.com/en_US/careers/JobDetail/Chef-des-ventes-Industrie/73612"
"France","TotalEnergies","Assistant équipe Projet Ratawi Irak - Débutant H/F","Management & Administration","France","2025-12-15","https://jobs.totalenergies.com/en_US/careers/JobDetail/Assistant-quipe-Projet-Ratawi-Irak-D-butant-H-F/73497"
"Colombia","TotalEnergies","Ejecutivo de Ventas Lub Marino & Energía","Management & Administration","Colombia","2025-12-15","https://jobs.totalenergies.com/en_US/careers/JobDetail/Ejecutivo-de-Ventas-Lub-Marino-Energ-a/73495"
"Algeria","TotalEnergies","Responsable Logistique Région Ouest","Management & Administration","Algeria","2025-12-15","https://jobs.totalenergies.com/en_US/careers/JobDetail/Responsable-Logistique-R-gion-Ouest/73450"
"USA","TotalEnergies","Market Analyst - US Natural Gas","Management & Administration","USA","2025-12-12","https://jobs.totalenergies.com/en_US/careers/JobDetail/Market-Analyst-US-Natural-Gas/73394"
"Germany","TotalEnergies","Senior Sales Manager (m/w/d) Power Purchase Agreements Offshore Wind Germany","Electrical & Instrumentation","Germany","2025-12-12","https://jobs.totalenergies.com/en_US/careers/JobDetail/Senior-Sales-Manager-m-w-d-Power-Purchase-Agreements-Offshore-Wind-Germany/73391"
"France","TotalEnergies","CHAUFFEUR LIVREUR - L'AIGLE H/F","Management & Administration","France","2025-12-12","https://jobs.totalenergies.com/en_US/careers/JobDetail/CHAUFFEUR-LIVREUR-Evreux-27/73326"
"South Africa","TotalEnergies","HSE Site Manager - De Aar","HSE","South Africa","2025-12-12","https://jobs.totalenergies.com/en_US/careers/JobDetail/HSE-Site-Manager-De-Aar-Fixed-Term/73318"
"France","TotalEnergies","Internship - Revealing hidden potential: seismic characterization of the Madingo source rock M/F","Graduate & Internship","France","2025-12-11","https://jobs.totalenergies.com/en_US/careers/JobDetail/STAGE-Analyse-sismique-d-une-roche-m-re-H-F/73261"
"USA","TotalEnergies","Senior Substation Engineer - O&M, U.S.","Electrical & Instrumentation","USA","2025-12-11","https://jobs.totalenergies.com/en_US/careers/JobDetail/Senior-Substation-Engineer-O-M-U-S/73221"
"Dominican Republic","TotalEnergies","Asistente de Operaciones CO Temporal.","Management & Administration","Dominican Republic","2025-12-11","https://jobs.totalenergies.com/en_US/careers/JobDetail/Asistente-de-Operaciones-CO-Temporal/72788"
"USA","TotalEnergies","Director, Development – Utility Scale Solar","Human Resources","USA","2025-12-05","https://jobs.totalenergies.com/en_US/careers/JobDetail/Director-Development-Utility-Scale-Solar-Austin-TX/72922"
"Malaysia","TotalEnergies","Talent Developer","IT & Digital","Malaysia","2025-12-05","https://jobs.totalenergies.com/en_US/careers/JobDetail/Talent-Developer/72122"
"Germany","TotalEnergies","Operator (m/w/d) Logistik - Backoffice","Operations & Process","Germany","2025-12-04","https://jobs.totalenergies.com/en_US/careers/JobDetail/Operator-m-w-d-Logistik-Backoffice/72877"
"France","TotalEnergies","Responsable Maintenance (H/F) – Centrale Électrique Bayet (03)","Management & Administration","France","2025-12-02","https://jobs.totalenergies.com/en_US/careers/JobDetail/Responsable-Maintenance-H-F-Centrale-lectrique-Bayet-03/72626"
"France","TotalEnergies","Electrical Engineer H/F (Project)","Electrical & Instrumentation","France","2025-12-01","https://jobs.totalenergies.com/en_US/careers/JobDetail/Electrical-Engineer-H-F-Project/72582"
"Cambodia","TotalEnergies","Engineering Manager","Management & Administration","Cambodia","2025-12-01","https://jobs.totalenergies.com/en_US/careers/JobDetail/Engineering-Manager/72563"
"Dominican Republic","TotalEnergies","Asistente de Turno/ Zona 1","Management & Administration","Dominican Republic","2025-12-01","https://jobs.totalenergies.com/en_US/careers/JobDetail/Asistente-de-Turno-Zona-1/71919"
"Colombia","TotalEnergies","Analista de Cumplimiento","Management & Administration","Colombia","2025-11-28","https://jobs.totalenergies.com/en_US/careers/JobDetail/Analista-de-control-integral/72519"
"Greece","TotalEnergies","Project Development Engineer","Human Resources","Greece","2025-11-27","https://jobs.totalenergies.com/en_US/careers/JobDetail/Project-Development-Engineer/72475"
"Germany","TotalEnergies","Large Project Leader (m/f/d)","Management & Administration","Germany","2025-11-26","https://jobs.totalenergies.com/en_US/careers/JobDetail/Large-Project-Leader-m-w-d/72444"
"France","TotalEnergies","Stage - Ingénieur Transition Energétique H/F","Management & Administration","France","2025-11-26","https://jobs.totalenergies.com/en_US/careers/JobDetail/Stage-Ing-nieur-Transition-Energ-tique-H-F/72439"
"Germany","TotalEnergies","Senior Umweltingenieur (m/w/d)","Management & Administration","Germany","2025-11-26","https://jobs.totalenergies.com/en_US/careers/JobDetail/Senior-Umweltingenieur-m-w-d/72434"
"Egypt","TotalEnergies","Industrial Distributor Manager","Management & Administration","Egypt","2025-11-26","https://jobs.totalenergies.com/en_US/careers/JobDetail/Industrial-Distributor-Manager/72433"
"France","TotalEnergies","Stage - Assistant(e) Magasin : Logigramme de Définition des Stocks H/F","Management & Administration","France","2025-11-26","https://jobs.totalenergies.com/en_US/careers/JobDetail/Stage-Assistant-e-Magasin-Logigramme-de-D-finition-des-Stocks-H-F/72355"
"France","TotalEnergies","Stage - Chargé(e) de missions HSE H/F","HSE","France","2025-11-26","https://jobs.totalenergies.com/en_US/careers/JobDetail/Stage-Charg-e-de-missions-HSE-H-F/72353"
"France","TotalEnergies","Stage - Ingénieur des procédés H/F","Management & Administration","France","2025-11-24","https://jobs.totalenergies.com/en_US/careers/JobDetail/Stage-Ing-nieur-des-proc-d-s-H-F/72360"
"France","TotalEnergies","Stage - Ingénieur des procédés H/F","Management & Administration","France","2025-11-24","https://jobs.totalenergies.com/en_US/careers/JobDetail/Stage-Ing-nieur-des-proc-d-s-H-F/72359"
"Cambodia","TotalEnergies","Retail Developer/Engineer","IT & Digital","Cambodia","2025-11-17","https://jobs.totalenergies.com/en_US/careers/JobDetail/Retail-Developer-Engineer/72202"
"South Africa","TotalEnergies","Procurement Officer (Renewables) - Cape Town","Supply Chain","South Africa","2025-11-14","https://jobs.totalenergies.com/en_US/careers/JobDetail/Procurement-Officer-Cape-Town/72184"
"Cambodia","TotalEnergies","Supply Manager","Management & Administration","Cambodia","2025-11-14","https://jobs.totalenergies.com/en_US/careers/JobDetail/Supply-Manager/72162"
"Vietnam","TotalEnergies","Customer Services Specialist (LPG)","Management & Administration","Vietnam","2025-11-12","https://jobs.totalenergies.com/en_US/careers/JobDetail/Customer-Services-Specialist-LPG/72090"
"Brazil","TotalEnergies","Consultor Técnico Pleno B2B - Metalworking","Management & Administration","Brazil","2025-11-10","https://jobs.totalenergies.com/en_US/careers/JobDetail/Consultor-T-cnico-Pleno-B2B-Metalworking/71676"
"France","TotalEnergies","Stage - Assistant(e) de direction H/F","Management & Administration","France","2025-11-07","https://jobs.totalenergies.com/en_US/careers/JobDetail/Stage-Assistant-e-de-direction-H-F/72012"
"France","TotalEnergies","Stage - Assistant(e) ingénieur Advanced Process Control H/F","Operations & Process","France","2025-11-07","https://jobs.totalenergies.com/en_US/careers/JobDetail/Stage-Assistant-e-ing-nieur-Advanced-Process-Control-H-F/72009"
"France","TotalEnergies","Stage - Chargé(e) de Mission Sécurité des Procédés H/F","Management & Administration","France","2025-11-07","https://jobs.totalenergies.com/en_US/careers/JobDetail/Stage-Charg-e-de-Mission-S-curit-des-Proc-d-s-H-F/71973"
"France","TotalEnergies","Stage ouvrier - Poste d'analyste H/F","Management & Administration","France","2025-11-07","https://jobs.totalenergies.com/en_US/careers/JobDetail/Stage-ouvrier-Poste-d-analyste-H-F/71953"
"France","TotalEnergies","Stage - Chargé(e) de missions HSE H/F","HSE","France","2025-11-07","https://jobs.totalenergies.com/en_US/careers/JobDetail/Stage-Charg-e-de-missions-HSE-H-F/71952"
"France","TotalEnergies","Assistant Développement & digitalisation du Monitoring d'équipements sous-marins - Débutant - H/F","IT & Digital","France","2025-11-06","https://jobs.totalenergies.com/en_US/careers/JobDetail/Assistant-D-veloppement-digitalisation-du-Monitoring-d-quipements-sous-marins-D-butant-H-F/71988"
"Egypt","TotalEnergies","Senior Financial Controller Supervisor","Electrical & Instrumentation","Egypt","2025-11-04","https://jobs.totalenergies.com/en_US/careers/JobDetail/Senior-Financial-Controller-Supervisor/71906"
"Vietnam","TotalEnergies","Technical Services Engineer (Industrial Oil)","Management & Administration","Vietnam","2025-10-28","https://jobs.totalenergies.com/en_US/careers/JobDetail/Technical-Services-Engineer-Industrial-Oil/71761"
"South Africa","TotalEnergies","Distribution Centre Manager","Management & Administration","South Africa","2025-10-27","https://jobs.totalenergies.com/en_US/careers/JobDetail/Distribution-Centre-Manager-DDC-Manager-LMP/70303"
"South Africa","TotalEnergies","Lubricants Technical Field Engineer (KATHU)","Management & Administration","South Africa","2025-10-27","https://jobs.totalenergies.com/en_US/careers/JobDetail/Lubricants-Technical-Field-Engineer-KATHU/69021"
"France","TotalEnergies","Expert Lean gestion et optimisation des flux F/H/X","Management & Administration","France","2025-10-20","https://jobs.totalenergies.com/en_US/careers/JobDetail/Expert-Lean-gestion-et-optimisation-des-flux-F-H-X/71542"
"Egypt","TotalEnergies","GL Senior Accountant","Finance & Accounting","Egypt","2025-10-15","https://jobs.totalenergies.com/en_US/careers/JobDetail/GL-Senior-Accountant/71465"
"Germany","TotalEnergies","Chemikant/ Anlagenfahrer (m/w/d)","Human Resources","Germany","2025-10-07","https://jobs.totalenergies.com/en_US/careers/JobDetail/Chemikant-Anlagenfahrer-m-w-d/71234"
"Vietnam","TotalEnergies","Business Support Coordinator","Management & Administration","Vietnam","2025-10-07","https://jobs.totalenergies.com/en_US/careers/JobDetail/Business-Support-Coordinator/71219"
"France","TotalEnergies","Donges (44) - CDD Inspecteur sur Unités pétrolières H/F","Inspection & Integrity","France","2025-10-07","https://jobs.totalenergies.com/en_US/careers/JobDetail/Donges-44-CDD-Inspecteur-sur-Unit-s-p-troli-res-H-F/71121"
"France","TotalEnergies","Alternance – Juriste Corporate & Compliance","Graduate & Internship","France","2025-10-07","https://jobs.totalenergies.com/en_US/careers/JobDetail/Alternance-Juriste-Corporate-Compliance/66460"
"Malaysia","TotalEnergies","Sales Manager Solar C&I","Management & Administration","Malaysia","2025-10-03","https://jobs.totalenergies.com/en_US/careers/JobDetail/Sales-Manager/71097"
"South Africa","TotalEnergies","Legal Advisor   - Cape Town","Legal & Compliance","South Africa","2025-09-30","https://jobs.totalenergies.com/en_US/careers/JobDetail/Legal-Advisor-Cape-Town/68344"
"France","TotalEnergies","Lead Tech Java (H/F)","Management & Administration","France","2025-09-26","https://jobs.totalenergies.com/en_US/careers/JobDetail/Lead-Tech-Java-H-F/71008"
"Egypt","TotalEnergies","Senior Internal Control Accountant","Graduate & Internship","Egypt","2025-09-17","https://jobs.totalenergies.com/en_US/careers/JobDetail/Senior-Internal-Control-Accountant/70754"
"USA","TotalEnergies","Grid Modeling Researcher (Contract)","Legal & Compliance","USA","2025-09-15","https://jobs.totalenergies.com/en_US/careers/JobDetail/Grid-Modeling-Researcher-Contract/70700"
"France","TotalEnergies","Business Analyst back end mobilité éléctrique H/F","Management & Administration","France","2025-09-12","https://jobs.totalenergies.com/en_US/careers/JobDetail/Business-Analyst-back-end-mobilit-l-ctrique-H-F/51678"
"France","TotalEnergies","Assistant déploiement outils de modélisation d’émission de gaz - Débutant H/F","Management & Administration","France","2025-09-04","https://jobs.totalenergies.com/en_US/careers/JobDetail/Assistant-d-ploiement-outils-de-mod-lisation-d-mission-de-gaz-D-butant-H-F/70434"
"Philippines","TotalEnergies","Sales Manager, Solar C&I (PH)","Management & Administration","Philippines","2025-09-01","https://jobs.totalenergies.com/en_US/careers/JobDetail/Sales-Manager/70318"
"Cambodia","TotalEnergies","Dispatch Executive","Management & Administration","Cambodia","2025-08-27","https://jobs.totalenergies.com/en_US/careers/JobDetail/Dispatch-Executive/70261"
"Cambodia","TotalEnergies","B2B - Commercial Sale Executive","Management & Administration","Cambodia","2025-08-27","https://jobs.totalenergies.com/en_US/careers/JobDetail/B2B-Commercial-Sale-Executive/70260"
"Egypt","TotalEnergies","Sales Opportunities - Retail & General Trade (TotalEnergies Marketing Egypt)","Management & Administration","Egypt","2025-08-26","https://jobs.totalenergies.com/en_US/careers/JobDetail/Sales-Opportunities-Retail-General-Trade-TotalEnergies-Marketing-Egypt/62573"
"Germany","TotalEnergies","Duales Studium Nachhaltige Verfahrenstechnik und Chemie (M.Eng.) (m/w/d)","Human Resources","Germany","2025-08-22","https://jobs.totalenergies.com/en_US/careers/JobDetail/Duales-Studium-Nachhaltige-Verfahrenstechnik-und-Chemie-M-Eng-m-w-d/70184"
"Cambodia","TotalEnergies","Project Engineer Retail and Consumer","Management & Administration","Cambodia","2025-08-19","https://jobs.totalenergies.com/en_US/careers/JobDetail/Project-Engineer-Retail-and-Consumer/70132"
"Cambodia","TotalEnergies","Retail Development Manager","Human Resources","Cambodia","2025-08-19","https://jobs.totalenergies.com/en_US/careers/JobDetail/Retail-Development-Manager/70131"
"Cambodia","TotalEnergies","Area Manager","Management & Administration","Cambodia","2025-08-12","https://jobs.totalenergies.com/en_US/careers/JobDetail/Area-Manager/70009"
"Germany","TotalEnergies","Ausbildung zum/zur Chemikant/in (m/w/d) ab August 2026","Management & Administration","Germany","2025-08-04","https://jobs.totalenergies.com/en_US/careers/JobDetail/Ausbildung-zum-zur-Chemikant-in-m-w-d-ab-August-2026/69791"
"Vietnam","TotalEnergies","Production Supervisor (Go Dau LPG Plant - Dong Nai)","Operations & Process","Vietnam","2025-08-01","https://jobs.totalenergies.com/en_US/careers/JobDetail/Production-Supervisor-Go-Dau-LPG-Plant-Dong-Nai/69787"
"Egypt","TotalEnergies","Lubricant Territory Manager (Alexandria & West Delta)","Management & Administration","Egypt","2025-07-29","https://jobs.totalenergies.com/en_US/careers/JobDetail/Lubricant-Territory-Manager-Alexandria-West-Delta/69688"
"France","TotalEnergies","Chef de quart - Centrale Électrique de Bayet F/H/X","Management & Administration","France","2025-06-17","https://jobs.totalenergies.com/en_US/careers/JobDetail/Chef-de-quart-Centrale-lectrique-de-Bayet-F-H-X/68470"
"Morocco","TotalEnergies","Juriste - Young Graduate - CDD","Graduate & Internship","Morocco","2025-06-02","https://jobs.totalenergies.com/en_US/careers/JobDetail/Juriste-Young-Graduate-CDD/68117"
"Brazil","TotalEnergies","Consultor Técnico de Vendas Pl.","Management & Administration","Brazil","2025-05-27","https://jobs.totalenergies.com/en_US/careers/JobDetail/Consultor-T-cnico-de-Vendas-Pl/67948"
"Greece","TotalEnergies","Energy Analyst and Energy Trader","Management & Administration","Greece","2025-05-23","https://jobs.totalenergies.com/en_US/careers/JobDetail/Energy-Analyst-and-Energy-Trader/67888"
"Martinique","TotalEnergies","Responsable maintenance","Management & Administration","Martinique","2025-05-20","https://jobs.totalenergies.com/en_US/careers/JobDetail/Responsable-maintenance/67796"
"Cambodia","TotalEnergies","Management Trainee_Business","Graduate & Internship","Cambodia","2025-05-13","https://jobs.totalenergies.com/en_US/careers/JobDetail/Management-Trainee-Business/67527"
"Qatar","TotalEnergies","Junior Lawyer (Qatari National Only)","Graduate & Internship","Qatar","2025-05-06","https://jobs.totalenergies.com/en_US/careers/JobDetail/JUNIOR-LAWYER-Qatari-National-only/62474"
"USA","TotalEnergies","Senior Power Trader","Electrical & Instrumentation","USA","2025-04-23","https://jobs.totalenergies.com/en_US/careers/JobDetail/Senior-Power-Trader/67053"
"Swaziland","TotalEnergies","Finance  & Accounting  Intern - eSwatini","Graduate & Internship","Swaziland","2025-04-02","https://jobs.totalenergies.com/en_US/careers/JobDetail/Finance-Accounting-Intern-eSwatini/66456"
"UK","TotalEnergies","HSEQ Coordinator","HSE","UK","2025-04-01","https://jobs.totalenergies.com/en_US/careers/JobDetail/HSEQ-Coordinator/66417"
"Germany","TotalEnergies","Messwartenfahrer (m/w/d)","Human Resources","Germany","2025-03-31","https://jobs.totalenergies.com/en_US/careers/JobDetail/Messwartenfahrer-m-w-d/66238"
"South Africa","TotalEnergies","Key Account Specialist - Food and Transport (Western Cape)","Finance & Accounting","South Africa","2025-03-26","https://jobs.totalenergies.com/en_US/careers/JobDetail/Key-Account-Specialist-Western-Cape/66155"
"France","TotalEnergies","CDD - Opérateur Polyvalent (H/F)","Management & Administration","France","2025-03-25","https://jobs.totalenergies.com/en_US/careers/JobDetail/CDD-Op-rateur-Polyvalent-H-F/59698"
"UAE","TotalEnergies","LENDERS E&S COMPLIANCE LEADER","Legal & Compliance","UAE","2025-03-10","https://jobs.totalenergies.com/en_US/careers/JobDetail/LENDERS-E-S-COMPLIANCE-LEADER/65574"
"France","TotalEnergies","Donges (44) CDD - Opérateur Extérieur 3x8C H/F","Management & Administration","France","2025-03-07","https://jobs.totalenergies.com/en_US/careers/JobDetail/Donges-44-CDD-Op-rateur-Ext-rieur-3x8C-H-F/61187"
"France","TotalEnergies","Alternant(e) Inspection","Inspection & Integrity","France","2025-01-21","https://jobs.totalenergies.com/en_US/careers/JobDetail/Alternant-e-Inspection/63248"
"France","TotalEnergies","Technicien Maintenance Tuyauterie/ Mécanique /Génie Civil  (H-F)","Management & Administration","France","2024-11-21","https://jobs.totalenergies.com/en_US/careers/JobDetail/Technicien-Maintenance-Tuyauterie-M-canique-G-nie-Civil-H-F/49582"
"South Africa","TotalEnergies","RELIEF PRODUCTION SUPERVISOR","Operations & Process","South Africa","2024-08-19","https://jobs.totalenergies.com/en_US/careers/JobDetail/RELIEF-PRODUCTION-SUPERVISOR/53418"
"South Africa","TotalEnergies","Project Development Manager","Human Resources","South Africa","2024-07-15","https://jobs.totalenergies.com/en_US/careers/JobDetail/Project-Development-Manager/50248"
"Vietnam","TotalEnergies","Technical Services Engineer","Management & Administration","Vietnam","2024-07-08","https://jobs.totalenergies.com/en_US/careers/JobDetail/Technical-Services-Engineer/52272"
"South Africa","TotalEnergies","Legal Advisor","Legal & Compliance","South Africa","2024-06-06","https://jobs.totalenergies.com/en_US/careers/JobDetail/Legal-Advisor/51168"
"Ethiopia","TotalEnergies","Retail Sales Territory Manager","Management & Administration","Ethiopia","2024-03-18","https://jobs.totalenergies.com/en_US/careers/JobDetail/Retail-Sales-Territory-Manager/48127"
"France","TotalEnergies","Chimiste (H/F) - CDD","Management & Administration","France","2024-02-19","https://jobs.totalenergies.com/en_US/careers/JobDetail/Chimiste-H-F-CDD/47016"
"Cambodia","TotalEnergies","Internship","Graduate & Internship","Cambodia","2024-01-04","https://jobs.totalenergies.com/en_US/careers/JobDetail/Internship/43501"
"Botswana","TotalEnergies","Finance Intern","Graduate & Internship","Botswana","2023-12-13","https://jobs.totalenergies.com/en_US/careers/JobDetail/Finance-Intern/42336"
"South Africa","TotalEnergies","Maintenance Technician Kimberley","Management & Administration","South Africa","2023-11-29","https://jobs.totalenergies.com/en_US/careers/JobDetail/South-Africa-Maintenance-Technician-Kimberley/41527"
"France","TotalEnergies","Pompier (H/F) - CDD","Management & Administration","France","2023-07-27","https://jobs.totalenergies.com/en_US/careers/JobDetail/Pompier-H-F-CDD/37146"
"Germany","TotalEnergies","Initiativbewerbung Praktikant (m/w/d)","Management & Administration","Germany","2023-06-22","https://jobs.totalenergies.com/en_US/careers/JobDetail/Initiativbewerbung-Praktikant-m-w-d-M-nchen/35503"
"Cameroon","TotalEnergies","Responsable juridique","Management & Administration","Cameroon","2023-06-22","https://jobs.totalenergies.com/en_US/careers/JobDetail/Responsable-juridique/34771"
"France","TotalEnergies","ALTERNANCE - MODELISATION DE LA DISPERSION DE POLLUANT EN CHAMP PROCHE : QUANTIFICATION ET CALCUL D’EXPOSITION H/F - PROCHE LYON","Graduate & Internship","France","2023-06-22","https://jobs.totalenergies.com/en_US/careers/JobDetail/ALTERNANCE-MODELISATION-DE-LA-DISPERSION-DE-POLLUANT-EN-CHAMP-PROCHE/34295"
"","TotalEnergies","-Energy Trading- Treasury Operator Junior","Graduate & Internship","","","https://jobs.totalenergies.com/en_US/careers/JobDetail/Energy-Trading-Treasury-Operator-Junior/78797"
"","TotalEnergies","-Energy Trading- Senior Treasury Coordinator","Finance & Accounting","","","https://jobs.totalenergies.com/en_US/careers/JobDetail/Energy-Trading-Senior-Treasury-Coordinator/78787"
"","TotalEnergies","CHEF DE SECTEUR B To B LUBRIFIANTS (H/F)","Management & Administration","","","https://jobs.totalenergies.com/en_US/careers/JobDetail/CHEF-DE-SECTEUR-B-To-B-LUBRIFIANTS-H-F/72416"
