"Country","Company","Title","Category","Location","Date Posted","Link"
"UAE","Wood","PMC Specialist Construction Engineer","Engineering","Abu Dhabi, United Arab Emirates","","https://ehif.fa.em2.oraclecloud.com/hcmUI/CandidateExperience/en/sites/CX_1/job/26178"
"Australia","Wood","Graduate Engineer - Integrated Asset Products (2027 intake)","Engineering","Perth, Western Australia, Australia","","https://ehif.fa.em2.oraclecloud.com/hcmUI/CandidateExperience/en/sites/CX_1/job/27825"
"UAE","Wood","Graduate Logistics Officer (UAE Nationals)","Supply Chain","Abu Dhabi, United Arab Emirates","","https://ehif.fa.em2.oraclecloud.com/hcmUI/CandidateExperience/en/sites/CX_1/job/27826"
"Iraq","Wood","Reservoir Technician","Operations","Basra, Iraq","","https://ehif.fa.em2.oraclecloud.com/hcmUI/CandidateExperience/en/sites/CX_1/job/27904"
"Australia","Wood","Head of Maintenance APAC","Management","Perth, Western Australia, Australia","","https://ehif.fa.em2.oraclecloud.com/hcmUI/CandidateExperience/en/sites/CX_1/job/28293"
"United Kingdom","Wood","Principal C&I Engineer (PSC)","Engineering","United Kingdom","","https://ehif.fa.em2.oraclecloud.com/hcmUI/CandidateExperience/en/sites/CX_1/job/28270"
"Spain","Wood","Senior Software Engineer","Engineering","Madrid, Spain","","https://ehif.fa.em2.oraclecloud.com/hcmUI/CandidateExperience/en/sites/CX_1/job/28299"
"Malaysia","Wood","Project Control and Planning Manager","Projects","Malaysia","","https://ehif.fa.em2.oraclecloud.com/hcmUI/CandidateExperience/en/sites/CX_1/job/28372"
"Venezuela","Wood","Ingeniero de instrumentación y control","Engineering","Maracaibo, Venezuela","","https://ehif.fa.em2.oraclecloud.com/hcmUI/CandidateExperience/en/sites/CX_1/job/28387"
"Malaysia","Wood","Cost Engineer","Engineering","Malaysia","","https://ehif.fa.em2.oraclecloud.com/hcmUI/CandidateExperience/en/sites/CX_1/job/28407"
"Venezuela","Wood","Coordinador HSSE","HSE","Venezuela","","https://ehif.fa.em2.oraclecloud.com/hcmUI/CandidateExperience/en/sites/CX_1/job/28397"
"Malaysia","Wood","Lead CSA Engineer","Engineering","Malaysia","","https://ehif.fa.em2.oraclecloud.com/hcmUI/CandidateExperience/en/sites/CX_1/job/28406"
"Malaysia","Wood","Lead Project & Mechanical Engineer","Operations","Malaysia","","https://ehif.fa.em2.oraclecloud.com/hcmUI/CandidateExperience/en/sites/CX_1/job/28409"
"UAE","Wood","Piping Construction Superintendent","Projects","Abu Dhabi, United Arab Emirates","","https://ehif.fa.em2.oraclecloud.com/hcmUI/CandidateExperience/en/sites/CX_1/job/28420"
"UAE","Wood","PMC Senior Interface Engineer","Engineering","Abu Dhabi, United Arab Emirates","","https://ehif.fa.em2.oraclecloud.com/hcmUI/CandidateExperience/en/sites/CX_1/job/28421"
"Singapore","Wood","Process Safety Lead (Pharma)","HSE","Singapore","","https://ehif.fa.em2.oraclecloud.com/hcmUI/CandidateExperience/en/sites/CX_1/job/28435"
"Malaysia","Wood","Lead Piping Engineer","Engineering","Wilayah Persekutuan Kuala Lumpur, Malaysia","","https://ehif.fa.em2.oraclecloud.com/hcmUI/CandidateExperience/en/sites/CX_1/job/28428"
"Thailand","Wood","Turnover Manager","Management","Si Racha, Chon Buri, Thailand","","https://ehif.fa.em2.oraclecloud.com/hcmUI/CandidateExperience/en/sites/CX_1/job/28436"
"United Kingdom","Wood","Graduate Civil Structural Engineer 2026","Engineering","Reading, Berkshire, United Kingdom","","https://ehif.fa.em2.oraclecloud.com/hcmUI/CandidateExperience/en/sites/CX_1/job/28444"
"United States","Wood","CAD Civil 3D designer","Engineering","Sheridan, WY, United States","","https://ehif.fa.em2.oraclecloud.com/hcmUI/CandidateExperience/en/sites/CX_1/job/28451"
"United States","Wood","Registered Professional Land Surveyor (RPLS) – Texas","Engineering","Houston, TX, United States","","https://ehif.fa.em2.oraclecloud.com/hcmUI/CandidateExperience/en/sites/CX_1/job/28452"
"United States","Wood","Civil Foreman","Engineering","Keenesburg, CO, United States","","https://ehif.fa.em2.oraclecloud.com/hcmUI/CandidateExperience/en/sites/CX_1/job/28456"
"United States","Wood","Civil Engineer - Oil & Gas projects","Engineering","Sheridan, WY, United States","","https://ehif.fa.em2.oraclecloud.com/hcmUI/CandidateExperience/en/sites/CX_1/job/26059"
"Iraq","Wood","HV Technician","Operations","Basra, Iraq","","https://ehif.fa.em2.oraclecloud.com/hcmUI/CandidateExperience/en/sites/CX_1/job/27061"
"Spain","Wood","Site Engineer","Projects","Madrid, Spain","","https://ehif.fa.em2.oraclecloud.com/hcmUI/CandidateExperience/en/sites/CX_1/job/28230"
"Italy","Wood","Senior Planning Engineer - Life Sciences","Projects","Milan, Italy","","https://ehif.fa.em2.oraclecloud.com/hcmUI/CandidateExperience/en/sites/CX_1/job/28227"
"UAE","Wood","Graduate Supply Chain (UAE National)","Supply Chain","Abu Dhabi, United Arab Emirates","","https://ehif.fa.em2.oraclecloud.com/hcmUI/CandidateExperience/en/sites/CX_1/job/28253"
"United Kingdom","Wood","Graduate Control & Instrument Engineer","Engineering","Reading, Berkshire, United Kingdom","","https://ehif.fa.em2.oraclecloud.com/hcmUI/CandidateExperience/en/sites/CX_1/job/28271"
"Venezuela","Wood","Ingeniero eléctrico","Engineering","Venezuela","","https://ehif.fa.em2.oraclecloud.com/hcmUI/CandidateExperience/en/sites/CX_1/job/28282"
"Venezuela","Wood","Diseñador eléctrico","Engineering","Venezuela","","https://ehif.fa.em2.oraclecloud.com/hcmUI/CandidateExperience/en/sites/CX_1/job/28283"
"Venezuela","Wood","Diseñador civil","Engineering","Venezuela","","https://ehif.fa.em2.oraclecloud.com/hcmUI/CandidateExperience/en/sites/CX_1/job/28307"
"United States","Wood","E&I Designer (2D AutoCAD) – Chemical Manufacturing","Engineering","Narrows, VA, United States","","https://ehif.fa.em2.oraclecloud.com/hcmUI/CandidateExperience/en/sites/CX_1/job/28317"
"United States","Wood","Senior Mechanical & Piping Designer","Operations","Narrows, VA, United States","","https://ehif.fa.em2.oraclecloud.com/hcmUI/CandidateExperience/en/sites/CX_1/job/28335"
"United States","Wood","Construction Manager - Electrical Projects","Projects","United States","","https://ehif.fa.em2.oraclecloud.com/hcmUI/CandidateExperience/en/sites/CX_1/job/28342"
"Azerbaijan","Wood","Process Designer","Engineering","Baku, Azerbaijan","","https://ehif.fa.em2.oraclecloud.com/hcmUI/CandidateExperience/en/sites/CX_1/job/28403"
"UAE","Wood","Senior Instrumentation Engineer-Field","Engineering","Abu Dhabi, United Arab Emirates","","https://ehif.fa.em2.oraclecloud.com/hcmUI/CandidateExperience/en/sites/CX_1/job/28374"
"Venezuela","Wood","Ingeniero eléctrico","Engineering","Maracaibo, Venezuela","","https://ehif.fa.em2.oraclecloud.com/hcmUI/CandidateExperience/en/sites/CX_1/job/28385"
"Venezuela","Wood","Ingeniero civil","Engineering","Maracaibo, Venezuela","","https://ehif.fa.em2.oraclecloud.com/hcmUI/CandidateExperience/en/sites/CX_1/job/28392"
"Venezuela","Wood","Ingeniero civil","Engineering","Venezuela","","https://ehif.fa.em2.oraclecloud.com/hcmUI/CandidateExperience/en/sites/CX_1/job/28394"
"United States","Wood","Mechanical Project Manager - Chemical Plant Brownfield projects","Operations","Narrows, VA, United States","","https://ehif.fa.em2.oraclecloud.com/hcmUI/CandidateExperience/en/sites/CX_1/job/28401"
"Qatar","Wood","Information Management Lead","Engineering","Doha, Qatar","","https://ehif.fa.em2.oraclecloud.com/hcmUI/CandidateExperience/en/sites/CX_1/job/28412"
"United Kingdom","Wood","Rigger","Drilling","Redcar, Cleveland, United Kingdom","","https://ehif.fa.em2.oraclecloud.com/hcmUI/CandidateExperience/en/sites/CX_1/job/28415"
"United Kingdom","Wood","Plater","Engineering","Redcar, Cleveland, United Kingdom","","https://ehif.fa.em2.oraclecloud.com/hcmUI/CandidateExperience/en/sites/CX_1/job/28416"
"UAE","Wood","Senior Electrical Field Engineer  (Habshan)","Projects","Abu Dhabi, United Arab Emirates","","https://ehif.fa.em2.oraclecloud.com/hcmUI/CandidateExperience/en/sites/CX_1/job/28430"
"Peru","Wood","Ingeniero Mecanico Senior","Engineering","Lima, Peru","","https://ehif.fa.em2.oraclecloud.com/hcmUI/CandidateExperience/en/sites/CX_1/job/20871"
"Malaysia","Wood","Document Control","Engineering","Kuala Lumpur, Wilayah Persekutuan Kuala Lumpur, Malaysia","","https://ehif.fa.em2.oraclecloud.com/hcmUI/CandidateExperience/en/sites/CX_1/job/26210"
"Thailand","Wood","HSSE Supervisor","HSE","Si Racha, Chon Buri, Thailand","","https://ehif.fa.em2.oraclecloud.com/hcmUI/CandidateExperience/en/sites/CX_1/job/26325"
"UAE","Wood","Graduate Piping Engineer-UAE National","Engineering","Abu Dhabi, United Arab Emirates","","https://ehif.fa.em2.oraclecloud.com/hcmUI/CandidateExperience/en/sites/CX_1/job/27336"
"Iraq","Wood","Senior Water Injection Engineer","Engineering","Basra, Iraq","","https://ehif.fa.em2.oraclecloud.com/hcmUI/CandidateExperience/en/sites/CX_1/job/27565"
"United Kingdom","Wood","Tank Welder","Engineering","Hartlepool, Cleveland, United Kingdom","","https://ehif.fa.em2.oraclecloud.com/hcmUI/CandidateExperience/en/sites/CX_1/job/27991"
"Ireland","Wood","Erector","Engineering","Cork, Co. Cork, Ireland","","https://ehif.fa.em2.oraclecloud.com/hcmUI/CandidateExperience/en/sites/CX_1/job/28042"
"Chile","Wood","Ingeniero de riesgos en desarrollo de proyectos","Engineering","Santiago, Region Metropolitana, Chile","","https://ehif.fa.em2.oraclecloud.com/hcmUI/CandidateExperience/en/sites/CX_1/job/28278"
"Chile","Wood","Gerente Funcional de las Disciplinas de Mecánica y Cañerías","Engineering","Santiago, Region Metropolitana, Chile","","https://ehif.fa.em2.oraclecloud.com/hcmUI/CandidateExperience/en/sites/CX_1/job/28239"
"Canada","Wood","Structural Engineer","Engineering","Trail, BC, Canada","","https://ehif.fa.em2.oraclecloud.com/hcmUI/CandidateExperience/en/sites/CX_1/job/28343"
"Malaysia","Wood","Construction Manager","Projects","Malaysia","","https://ehif.fa.em2.oraclecloud.com/hcmUI/CandidateExperience/en/sites/CX_1/job/28319"
"United Kingdom","Wood","Control of Work / PTW Coordinator","Engineering","Worthing, West Sussex, United Kingdom","","https://ehif.fa.em2.oraclecloud.com/hcmUI/CandidateExperience/en/sites/CX_1/job/28339"
"Colombia","Wood","Ingeniero Eléctrico","Engineering","Bogota, Colombia","","https://ehif.fa.em2.oraclecloud.com/hcmUI/CandidateExperience/en/sites/CX_1/job/28386"
"UAE","Wood","Project Control Engineer-UAE National","Projects","Abu Dhabi, United Arab Emirates","","https://ehif.fa.em2.oraclecloud.com/hcmUI/CandidateExperience/en/sites/CX_1/job/28365"
"Venezuela","Wood","Project Engineering","Projects","Venezuela","","https://ehif.fa.em2.oraclecloud.com/hcmUI/CandidateExperience/en/sites/CX_1/job/28382"
"Venezuela","Wood","Ingeniero de procesos","Engineering","Maracaibo, Venezuela","","https://ehif.fa.em2.oraclecloud.com/hcmUI/CandidateExperience/en/sites/CX_1/job/28383"
"Venezuela","Wood","Ingeniero de tubería","Engineering","Maracaibo, Venezuela","","https://ehif.fa.em2.oraclecloud.com/hcmUI/CandidateExperience/en/sites/CX_1/job/28389"
"Venezuela","Wood","Diseñador de tubería","Engineering","Maracaibo, Venezuela","","https://ehif.fa.em2.oraclecloud.com/hcmUI/CandidateExperience/en/sites/CX_1/job/28391"
"Venezuela","Wood","Project Engineering","Projects","Maracaibo, Venezuela","","https://ehif.fa.em2.oraclecloud.com/hcmUI/CandidateExperience/en/sites/CX_1/job/28393"
"Azerbaijan","Wood","Lead Instrument Engineer","Engineering","Baku, Azerbaijan","","https://ehif.fa.em2.oraclecloud.com/hcmUI/CandidateExperience/en/sites/CX_1/job/28408"
"Canada","Wood","Mechanical Engineering Coop Student","Operations","Calgary, AB, Canada","","https://ehif.fa.em2.oraclecloud.com/hcmUI/CandidateExperience/en/sites/CX_1/job/28399"
"Canada","Wood","Registered Architect","Engineering","Calgary, AB, Canada","","https://ehif.fa.em2.oraclecloud.com/hcmUI/CandidateExperience/en/sites/CX_1/job/28404"
"Canada","Wood","Estimator","Projects","St. John's, NL, Canada","","https://ehif.fa.em2.oraclecloud.com/hcmUI/CandidateExperience/en/sites/CX_1/job/28422"
"United States","Wood","Intermediate Civil Engineer","Engineering","Greenville, SC, United States","","https://ehif.fa.em2.oraclecloud.com/hcmUI/CandidateExperience/en/sites/CX_1/job/28424"
"Canada","Wood","Mechanical Superintendent","Operations","Saskatoon, SK, Canada","","https://ehif.fa.em2.oraclecloud.com/hcmUI/CandidateExperience/en/sites/CX_1/job/28425"
"Canada","Wood","Electrical Superintendent","Engineering","Saskatoon, SK, Canada","","https://ehif.fa.em2.oraclecloud.com/hcmUI/CandidateExperience/en/sites/CX_1/job/28426"
"United States","Wood","Pipefitter Journeyman","Engineering","Baytown, TX, United States","","https://ehif.fa.em2.oraclecloud.com/hcmUI/CandidateExperience/en/sites/CX_1/job/24596"
"United States","Wood","Lab Technician - Upton","Operations","Gillette, WY, United States","","https://ehif.fa.em2.oraclecloud.com/hcmUI/CandidateExperience/en/sites/CX_1/job/25572"
"UAE","Wood","Graduate Instrument & Control Engineer-UAE National","Engineering","Abu Dhabi, United Arab Emirates","","https://ehif.fa.em2.oraclecloud.com/hcmUI/CandidateExperience/en/sites/CX_1/job/27310"
"Peru","Wood","Practicante profesional de Administración","Engineering","Lima, Peru","","https://ehif.fa.em2.oraclecloud.com/hcmUI/CandidateExperience/en/sites/CX_1/job/27296"
"Saudi Arabia","Wood","Procurement/ Material Engineer","Engineering","Saudi Arabia","","https://ehif.fa.em2.oraclecloud.com/hcmUI/CandidateExperience/en/sites/CX_1/job/27895"
"Colombia","Wood","Data Analyst","Digital/IT","Bogota, Colombia","","https://ehif.fa.em2.oraclecloud.com/hcmUI/CandidateExperience/en/sites/CX_1/job/28124"
"Colombia","Wood","Diseñador Electrico III","Engineering","Bogota, Colombia","","https://ehif.fa.em2.oraclecloud.com/hcmUI/CandidateExperience/en/sites/CX_1/job/28177"
"Colombia","Wood","Ingeniero Electrico IV","Engineering","Bogota, Colombia","","https://ehif.fa.em2.oraclecloud.com/hcmUI/CandidateExperience/en/sites/CX_1/job/28178"
"Venezuela","Wood","Ingeniero de instrumentación y control","Engineering","Venezuela","","https://ehif.fa.em2.oraclecloud.com/hcmUI/CandidateExperience/en/sites/CX_1/job/28284"
"Venezuela","Wood","Diseñador de instrumentación y control","Engineering","Venezuela","","https://ehif.fa.em2.oraclecloud.com/hcmUI/CandidateExperience/en/sites/CX_1/job/28285"
"Brunei Darussalam","Wood","Administrator (Sub-Contract)","Legal","Brunei Darussalam","","https://ehif.fa.em2.oraclecloud.com/hcmUI/CandidateExperience/en/sites/CX_1/job/28287"
"UAE","Wood","Graduate Piping Engineer","Engineering","Dubai, United Arab Emirates","","https://ehif.fa.em2.oraclecloud.com/hcmUI/CandidateExperience/en/sites/CX_1/job/28331"
"UAE","Wood","Graduate Process Engineer","Engineering","Dubai, United Arab Emirates","","https://ehif.fa.em2.oraclecloud.com/hcmUI/CandidateExperience/en/sites/CX_1/job/28332"
"Thailand","Wood","Electrical Supervisor","Engineering","Si Racha, Chon Buri, Thailand","","https://ehif.fa.em2.oraclecloud.com/hcmUI/CandidateExperience/en/sites/CX_1/job/28351"
"UAE","Wood","Senior Technical Safety Engineer","HSE","Abu Dhabi, United Arab Emirates","","https://ehif.fa.em2.oraclecloud.com/hcmUI/CandidateExperience/en/sites/CX_1/job/28368"
"Kazakhstan","Wood","Senior Technical Safety Engineer","HSE","Atyrau, Kazakhstan","","https://ehif.fa.em2.oraclecloud.com/hcmUI/CandidateExperience/en/sites/CX_1/job/28377"
"Azerbaijan","Wood","Planning Engineer - Junior","Projects","Baku, Azerbaijan","","https://ehif.fa.em2.oraclecloud.com/hcmUI/CandidateExperience/en/sites/CX_1/job/28400"
"Canada","Wood","Instrumentation & Controls EIT","Engineering","Calgary, AB, Canada","","https://ehif.fa.em2.oraclecloud.com/hcmUI/CandidateExperience/en/sites/CX_1/job/28398"
"Qatar","Wood","Electrical Engineer","Engineering","Doha, Qatar","","https://ehif.fa.em2.oraclecloud.com/hcmUI/CandidateExperience/en/sites/CX_1/job/28291"
"United Kingdom","Wood","Instrument Technician - ENI Douglas","Operations","United Kingdom","","https://ehif.fa.em2.oraclecloud.com/hcmUI/CandidateExperience/en/sites/CX_1/job/27355"
"UAE","Wood","Senior Instrumentation Engineer-Field","Engineering","Abu Dhabi, United Arab Emirates","","https://ehif.fa.em2.oraclecloud.com/hcmUI/CandidateExperience/en/sites/CX_1/job/27492"
"United Kingdom","Wood","Senior Operations & Maintenance Engineer","Operations","Aberdeen, Aberdeenshire, United Kingdom","","https://ehif.fa.em2.oraclecloud.com/hcmUI/CandidateExperience/en/sites/CX_1/job/28330"
"UAE","Wood","Graduate Civil Engineer (UAE Nationals)","Engineering","Abu Dhabi, United Arab Emirates","","https://ehif.fa.em2.oraclecloud.com/hcmUI/CandidateExperience/en/sites/CX_1/job/28323"
"UAE","Wood","PMC  Senior Civil & Structural Engineer","Engineering","Abu Dhabi, United Arab Emirates","","https://ehif.fa.em2.oraclecloud.com/hcmUI/CandidateExperience/en/sites/CX_1/job/28329"
"Brunei Darussalam","Wood","PMS Supervisor","Engineering","Brunei Darussalam","","https://ehif.fa.em2.oraclecloud.com/hcmUI/CandidateExperience/en/sites/CX_1/job/27321"
"Thailand","Wood","Turnover Clerk","Engineering","Thailand","","https://ehif.fa.em2.oraclecloud.com/hcmUI/CandidateExperience/en/sites/CX_1/job/27402"
"Australia","Wood","Graduate Integrity Engineer","Engineering","Brisbane, Queensland, Australia","","https://ehif.fa.em2.oraclecloud.com/hcmUI/CandidateExperience/en/sites/CX_1/job/28020"
"Australia","Wood","Graduate Integrity Engineer","Engineering","Perth, Western Australia, Australia","","https://ehif.fa.em2.oraclecloud.com/hcmUI/CandidateExperience/en/sites/CX_1/job/28021"
"Singapore","Wood","Lead Process & Technical Safety Engineer","HSE","Singapore","","https://ehif.fa.em2.oraclecloud.com/hcmUI/CandidateExperience/en/sites/CX_1/job/28095"
"United Kingdom","Wood","Legal Counsel","Legal","Reading, Berkshire, United Kingdom","","https://ehif.fa.em2.oraclecloud.com/hcmUI/CandidateExperience/en/sites/CX_1/job/28103"
"Singapore","Wood","Principal I&C Engineer","Engineering","Singapore","","https://ehif.fa.em2.oraclecloud.com/hcmUI/CandidateExperience/en/sites/CX_1/job/28288"
"Singapore","Wood","Principal Electrical Engineer","Engineering","Singapore","","https://ehif.fa.em2.oraclecloud.com/hcmUI/CandidateExperience/en/sites/CX_1/job/28289"
"Italy","Wood","Senior Project Engineer - Life Sciences","Projects","Milan, Italy","","https://ehif.fa.em2.oraclecloud.com/hcmUI/CandidateExperience/en/sites/CX_1/job/28226"
"Australia","Wood","Electrical & Instrument Engineer - Darwin (Oil & Gas)","Engineering","Darwin, Northern Territory, Australia","","https://ehif.fa.em2.oraclecloud.com/hcmUI/CandidateExperience/en/sites/CX_1/job/28296"
"United States","Wood","Facilities Assistant","Engineering","Houston, TX, United States","","https://ehif.fa.em2.oraclecloud.com/hcmUI/CandidateExperience/en/sites/CX_1/job/28312"
"United States","Wood","Construction Manager - API 650 Tanks","Projects","Charleston, SC, United States","","https://ehif.fa.em2.oraclecloud.com/hcmUI/CandidateExperience/en/sites/CX_1/job/28318"
"Canada","Wood","Electrical Engineer","Engineering","St. John's, NL, Canada","","https://ehif.fa.em2.oraclecloud.com/hcmUI/CandidateExperience/en/sites/CX_1/job/28333"
"Canada","Wood","Technical Director Midstream","Engineering","Calgary, AB, Canada","","https://ehif.fa.em2.oraclecloud.com/hcmUI/CandidateExperience/en/sites/CX_1/job/28341"
"United States","Wood","Crane Operator","Operations","Baytown, TX, United States","","https://ehif.fa.em2.oraclecloud.com/hcmUI/CandidateExperience/en/sites/CX_1/job/25772"
"UAE","Wood","PMC Senior Commissioning Manager","Projects","United Arab Emirates","","https://ehif.fa.em2.oraclecloud.com/hcmUI/CandidateExperience/en/sites/CX_1/job/26133"
"Saudi Arabia","Wood","Safety Supervisor - HSE","HSE","Saudi Arabia","","https://ehif.fa.em2.oraclecloud.com/hcmUI/CandidateExperience/en/sites/CX_1/job/27829"
"Saudi Arabia","Wood","Area Lead, Process Plant (Chemical & Reagents)","Engineering","Saudi Arabia","","https://ehif.fa.em2.oraclecloud.com/hcmUI/CandidateExperience/en/sites/CX_1/job/27940"
"Saudi Arabia","Wood","Area Lead, Process Plant (PT & TBT)","Engineering","Saudi Arabia","","https://ehif.fa.em2.oraclecloud.com/hcmUI/CandidateExperience/en/sites/CX_1/job/27942"
"Australia","Wood","Graduate Integrity Engineer","Engineering","Melbourne, Victoria, Australia","","https://ehif.fa.em2.oraclecloud.com/hcmUI/CandidateExperience/en/sites/CX_1/job/28019"
"Australia","Wood","Proposals Lead","Business Dev","Perth, Western Australia, Australia","","https://ehif.fa.em2.oraclecloud.com/hcmUI/CandidateExperience/en/sites/CX_1/job/28219"
"Colombia","Wood","Global Talent Acquisition Coordinator","HR","Bogota, Colombia","","https://ehif.fa.em2.oraclecloud.com/hcmUI/CandidateExperience/en/sites/CX_1/job/28246"
"UAE","Wood","PMC Offshore Construction Manager","Projects","Abu Dhabi, United Arab Emirates","","https://ehif.fa.em2.oraclecloud.com/hcmUI/CandidateExperience/en/sites/CX_1/job/28297"
"Canada","Wood","Intermediate Instrumentation & Controls Engineer","Engineering","Calgary, AB, Canada","","https://ehif.fa.em2.oraclecloud.com/hcmUI/CandidateExperience/en/sites/CX_1/job/28308"
"Brazil","Wood","Gerente Tecnico de Subsea","Engineering","Rio de Janeiro, RJ, Brazil","","https://ehif.fa.em2.oraclecloud.com/hcmUI/CandidateExperience/en/sites/CX_1/job/28273"
"Colombia","Wood","Process Designer I.Colombia . Process:44 Standard Hours","Engineering","Bogota, Colombia","","https://ehif.fa.em2.oraclecloud.com/hcmUI/CandidateExperience/en/sites/CX_1/job/28274"
"Colombia","Wood","Process Designer III","Engineering","Bogota, Colombia","","https://ehif.fa.em2.oraclecloud.com/hcmUI/CandidateExperience/en/sites/CX_1/job/28275"
"Colombia","Wood","Process Designer I.Colombia . Process:44 Standard Hours","Engineering","Bogota, Colombia","","https://ehif.fa.em2.oraclecloud.com/hcmUI/CandidateExperience/en/sites/CX_1/job/28276"
"Colombia","Wood","Process Tech Prof III - Eng.Colombia . Process:44 Standard Hours","Engineering","Bogota, Colombia","","https://ehif.fa.em2.oraclecloud.com/hcmUI/CandidateExperience/en/sites/CX_1/job/28279"
"Colombia","Wood","Process Tech Prof III - Eng.Colombia . Process:44 Standard Hours","Engineering","Bogota, Colombia","","https://ehif.fa.em2.oraclecloud.com/hcmUI/CandidateExperience/en/sites/CX_1/job/28280"
"Venezuela","Wood","Ingeniero de procesos","Engineering","Venezuela","","https://ehif.fa.em2.oraclecloud.com/hcmUI/CandidateExperience/en/sites/CX_1/job/28281"
"Venezuela","Wood","Diseñador de tubería","Engineering","Venezuela","","https://ehif.fa.em2.oraclecloud.com/hcmUI/CandidateExperience/en/sites/CX_1/job/28301"
"Canada","Wood","Scaffolder, Journeyperson - Adhoc","Engineering","St. John's, NL, Canada","","https://ehif.fa.em2.oraclecloud.com/hcmUI/CandidateExperience/en/sites/CX_1/job/28309"
"UAE","Wood","PMC Construction Manager (Overall Experience)-Site based","Projects","Abu Dhabi, United Arab Emirates","","https://ehif.fa.em2.oraclecloud.com/hcmUI/CandidateExperience/en/sites/CX_1/job/25720"
"Brunei Darussalam","Wood","Lead Process Engineer","Engineering","Brunei Darussalam","","https://ehif.fa.em2.oraclecloud.com/hcmUI/CandidateExperience/en/sites/CX_1/job/26357"
"Colombia","Wood","Pipe Stress Tech Prof IV - Eng","Engineering","Bogota, Colombia","","https://ehif.fa.em2.oraclecloud.com/hcmUI/CandidateExperience/en/sites/CX_1/job/27580"
"United Kingdom","Wood","Lead C&I Package Engineer","Engineering","United Kingdom","","https://ehif.fa.em2.oraclecloud.com/hcmUI/CandidateExperience/en/sites/CX_1/job/27861"
"Colombia","Wood","Piping Engineer","Engineering","Bogota, Colombia","","https://ehif.fa.em2.oraclecloud.com/hcmUI/CandidateExperience/en/sites/CX_1/job/27914"
"Colombia","Wood","Piping Stress Engineer","Engineering","Bogota, Colombia","","https://ehif.fa.em2.oraclecloud.com/hcmUI/CandidateExperience/en/sites/CX_1/job/27925"
"Colombia","Wood","Piping Stress Engineer","Engineering","Bogota, Colombia","","https://ehif.fa.em2.oraclecloud.com/hcmUI/CandidateExperience/en/sites/CX_1/job/27965"
"Colombia","Wood","Civil/Structural/Architect Onshore Engineering Designer IV.Colombia . Civil:44 Standard Hours","Engineering","Bogota, Colombia","","https://ehif.fa.em2.oraclecloud.com/hcmUI/CandidateExperience/en/sites/CX_1/job/28120"
"Colombia","Wood","Architectural Tech Prof III - Eng.Colombia . Civil:44 Standard Hours","Engineering","Bogota, Colombia","","https://ehif.fa.em2.oraclecloud.com/hcmUI/CandidateExperience/en/sites/CX_1/job/28125"
"Colombia","Wood","Architectural Tech Prof II - Eng.Colombia . Civil:44 Standard Hours","Engineering","Bogota, Colombia","","https://ehif.fa.em2.oraclecloud.com/hcmUI/CandidateExperience/en/sites/CX_1/job/28126"
"United Kingdom","Wood","Operations Manager","Operations","Aberdeen, Aberdeenshire, United Kingdom","","https://ehif.fa.em2.oraclecloud.com/hcmUI/CandidateExperience/en/sites/CX_1/job/28101"
"Colombia","Wood","Civil Tech Prof IV - Eng.Colombia . Civil:44 Standard Hours","Engineering","Bogota, Colombia","","https://ehif.fa.em2.oraclecloud.com/hcmUI/CandidateExperience/en/sites/CX_1/job/28114"
"Colombia","Wood","Civil Tech Prof III - Eng.Colombia . Civil:44 Standard Hours","Engineering","Bogota, Colombia","","https://ehif.fa.em2.oraclecloud.com/hcmUI/CandidateExperience/en/sites/CX_1/job/28115"
"Colombia","Wood","Civil Tech Prof II - Eng.Colombia . Civil:44 Standard Hours","Engineering","Bogota, Colombia","","https://ehif.fa.em2.oraclecloud.com/hcmUI/CandidateExperience/en/sites/CX_1/job/28116"
"Colombia","Wood","Civil/Structural/Architect Onshore Engineering Designer III.Colombia . Engineering Management:44 Standard Hours","Engineering","Bogota, Colombia","","https://ehif.fa.em2.oraclecloud.com/hcmUI/CandidateExperience/en/sites/CX_1/job/28117"
"Colombia","Wood","Civil/Structural/Architect Onshore Engineering Designer II.Colombia . Engineering Management:44 Standard Hours","Engineering","Bogota, Colombia","","https://ehif.fa.em2.oraclecloud.com/hcmUI/CandidateExperience/en/sites/CX_1/job/28119"
"Colombia","Wood","Civil Tech Prof IV - Eng.Colombia . Civil:44 Standard Hours","Engineering","Bogota, Colombia","","https://ehif.fa.em2.oraclecloud.com/hcmUI/CandidateExperience/en/sites/CX_1/job/28142"
"Italy","Wood","Project Developer","Digital/IT","Milan, Italy","","https://ehif.fa.em2.oraclecloud.com/hcmUI/CandidateExperience/en/sites/CX_1/job/28238"
"Colombia","Wood","Civil Designer","Engineering","Bogota, Colombia","","https://ehif.fa.em2.oraclecloud.com/hcmUI/CandidateExperience/en/sites/CX_1/job/28180"
"Colombia","Wood","Civil Tech Prof III - Eng.Colombia . Civil:44 Standard Hours","Engineering","Bogota, Colombia","","https://ehif.fa.em2.oraclecloud.com/hcmUI/CandidateExperience/en/sites/CX_1/job/28143"
"Colombia","Wood","Civil Tech Prof II - Eng.Colombia . Civil:44 Standard Hours","Engineering","Bogota, Colombia","","https://ehif.fa.em2.oraclecloud.com/hcmUI/CandidateExperience/en/sites/CX_1/job/28144"
"Colombia","Wood","Civil/Structural/Architect Onshore Engineering Designer III.Colombia . Engineering Management:44 Standard Hours","Engineering","Bogota, Colombia","","https://ehif.fa.em2.oraclecloud.com/hcmUI/CandidateExperience/en/sites/CX_1/job/28145"
"Colombia","Wood","Civil/Structural/Architect Onshore Engineering Designer V.Colombia . Civil:44 Standard Hours","Engineering","Bogota, Colombia","","https://ehif.fa.em2.oraclecloud.com/hcmUI/CandidateExperience/en/sites/CX_1/job/28150"
"Colombia","Wood","Pipe Stress Tech Prof IV - Eng","Engineering","Bogota, Colombia","","https://ehif.fa.em2.oraclecloud.com/hcmUI/CandidateExperience/en/sites/CX_1/job/28179"
"United Kingdom","Wood","Commercial Assistant","Business Dev","Suffolk, United Kingdom","","https://ehif.fa.em2.oraclecloud.com/hcmUI/CandidateExperience/en/sites/CX_1/job/28194"
"Chile","Wood","Soporte Back Office - Especialista SAP","Digital/IT","Santiago, Region Metropolitana, Chile","","https://ehif.fa.em2.oraclecloud.com/hcmUI/CandidateExperience/en/sites/CX_1/job/28203"
"Kazakhstan","Wood","Commercial Director (Expression of Interest)","Business Dev","Atyrau, Kazakhstan","","https://ehif.fa.em2.oraclecloud.com/hcmUI/CandidateExperience/en/sites/CX_1/job/28264"
"Canada","Wood","Intermediate Instrumentation & Controls Engineer","Engineering","Edmonton, AB, Canada","","https://ehif.fa.em2.oraclecloud.com/hcmUI/CandidateExperience/en/sites/CX_1/job/28244"
"Canada","Wood","Senior Instrumentation and Controls Engineer","Engineering","Kitimat, BC, Canada","","https://ehif.fa.em2.oraclecloud.com/hcmUI/CandidateExperience/en/sites/CX_1/job/28245"
"United Kingdom","Wood","Electrical Technician - National Gas - Kirriemuir","Operations","United Kingdom","","https://ehif.fa.em2.oraclecloud.com/hcmUI/CandidateExperience/en/sites/CX_1/job/28236"
"Norway","Wood","Digital Graduate","Digital/IT","Sandefjord, Vestfold Og Telemark, Norway","","https://ehif.fa.em2.oraclecloud.com/hcmUI/CandidateExperience/en/sites/CX_1/job/28234"
"Norway","Wood","Commercial Graduate","Business Dev","Sandefjord, Vestfold Og Telemark, Norway","","https://ehif.fa.em2.oraclecloud.com/hcmUI/CandidateExperience/en/sites/CX_1/job/28235"
"United States","Wood","Lab Technician","Operations","Hebron, OH, United States","","https://ehif.fa.em2.oraclecloud.com/hcmUI/CandidateExperience/en/sites/CX_1/job/28269"
"United Kingdom","Wood","Principal Operations & Maintenance Engineer","Operations","Aberdeen, Aberdeenshire, United Kingdom","","https://ehif.fa.em2.oraclecloud.com/hcmUI/CandidateExperience/en/sites/CX_1/job/28268"
"Canada","Wood","Senior Pipeline Engineer","Engineering","Calgary, AB, Canada","","https://ehif.fa.em2.oraclecloud.com/hcmUI/CandidateExperience/en/sites/CX_1/job/28277"
"UAE","Wood","Pre-Commissioning Manager","Projects","Abu Dhabi, United Arab Emirates","","https://ehif.fa.em2.oraclecloud.com/hcmUI/CandidateExperience/en/sites/CX_1/job/26711"
"United Kingdom","Wood","Plater","Engineering","Hartlepool, Cleveland, United Kingdom","","https://ehif.fa.em2.oraclecloud.com/hcmUI/CandidateExperience/en/sites/CX_1/job/27944"
"Colombia","Wood","Ingeniero Civil","Engineering","Colombia","","https://ehif.fa.em2.oraclecloud.com/hcmUI/CandidateExperience/en/sites/CX_1/job/28033"
"United States","Wood","Construction Manager - Offshore","Projects","United States","","https://ehif.fa.em2.oraclecloud.com/hcmUI/CandidateExperience/en/sites/CX_1/job/28055"
"United States","Wood","Construction Director  - Mega Projects","Management","United States","","https://ehif.fa.em2.oraclecloud.com/hcmUI/CandidateExperience/en/sites/CX_1/job/28051"
"United States","Wood","Graduate Flow Assurance Engineer","Engineering","Houston, TX, United States","","https://ehif.fa.em2.oraclecloud.com/hcmUI/CandidateExperience/en/sites/CX_1/job/28082"
"Equatorial Guinea","Wood","Senior Heavy Equipment & Boat Mechanic","Operations","Malabo, Equatorial Guinea","","https://ehif.fa.em2.oraclecloud.com/hcmUI/CandidateExperience/en/sites/CX_1/job/28083"
"Singapore","Wood","Project Engineer - Pharma","Projects","Singapore","","https://ehif.fa.em2.oraclecloud.com/hcmUI/CandidateExperience/en/sites/CX_1/job/28087"
"United States","Wood","Safety Intern (Contract)","HSE","Narrows, VA, United States","","https://ehif.fa.em2.oraclecloud.com/hcmUI/CandidateExperience/en/sites/CX_1/job/28207"
"Chile","Wood","Ingeniero de proyectos senior - Santiago","Engineering","Santiago, Region Metropolitana, Chile","","https://ehif.fa.em2.oraclecloud.com/hcmUI/CandidateExperience/en/sites/CX_1/job/28176"
"Saudi Arabia","Wood","Local Content Specialist","Engineering","Saudi Arabia","","https://ehif.fa.em2.oraclecloud.com/hcmUI/CandidateExperience/en/sites/CX_1/job/28212"
"United Kingdom","Wood","Project Engineer","Projects","Ware, Hertfordshire, United Kingdom","","https://ehif.fa.em2.oraclecloud.com/hcmUI/CandidateExperience/en/sites/CX_1/job/28151"
"United Kingdom","Wood","Validation Engineer","Engineering","Ware, Hertfordshire, United Kingdom","","https://ehif.fa.em2.oraclecloud.com/hcmUI/CandidateExperience/en/sites/CX_1/job/28152"
"Australia","Wood","Principal Integrity Engineer (SME)","Engineering","Hastings, Victoria, Australia","","https://ehif.fa.em2.oraclecloud.com/hcmUI/CandidateExperience/en/sites/CX_1/job/28185"
"Thailand","Wood","Senior Construction Manager","Projects","Si Racha, Chon Buri, Thailand","","https://ehif.fa.em2.oraclecloud.com/hcmUI/CandidateExperience/en/sites/CX_1/job/28184"
"United Kingdom","Wood","Instrument Technician - CNOOC Scott - 2/3 rotation","Operations","Aberdeen, Aberdeenshire, United Kingdom","","https://ehif.fa.em2.oraclecloud.com/hcmUI/CandidateExperience/en/sites/CX_1/job/28188"
"Chile","Wood","Control de Costos y Adm de Cambios Sr - Santiago","Engineering","Santiago, Region Metropolitana, Chile","","https://ehif.fa.em2.oraclecloud.com/hcmUI/CandidateExperience/en/sites/CX_1/job/28205"
"UAE","Wood","Graduate Process Flow Assurance Engineer – UAE Nationals","Engineering","Abu Dhabi, United Arab Emirates","","https://ehif.fa.em2.oraclecloud.com/hcmUI/CandidateExperience/en/sites/CX_1/job/28038"
"Iraq","Wood","Tank Construction Lead","Projects","Basra, Iraq","","https://ehif.fa.em2.oraclecloud.com/hcmUI/CandidateExperience/en/sites/CX_1/job/28088"
"United Kingdom","Wood","Insurance Manager","Management","Aberdeen, Aberdeenshire, United Kingdom","","https://ehif.fa.em2.oraclecloud.com/hcmUI/CandidateExperience/en/sites/CX_1/job/28105"
"United Kingdom","Wood","Project Administrator","Management","Suffolk, United Kingdom","","https://ehif.fa.em2.oraclecloud.com/hcmUI/CandidateExperience/en/sites/CX_1/job/28107"
"United Kingdom","Wood","Insurance Claims Advisor","Engineering","Aberdeen, Aberdeenshire, United Kingdom","","https://ehif.fa.em2.oraclecloud.com/hcmUI/CandidateExperience/en/sites/CX_1/job/28104"
"United Kingdom","Wood","Senior Cyber & Network Engineer (PSC)","Engineering","United Kingdom","","https://ehif.fa.em2.oraclecloud.com/hcmUI/CandidateExperience/en/sites/CX_1/job/28106"
"Australia","Wood","Project Manager","Projects","Broadmeadows, Victoria, Australia","","https://ehif.fa.em2.oraclecloud.com/hcmUI/CandidateExperience/en/sites/CX_1/job/28121"
"Australia","Wood","Project Engineer","Projects","Broadmeadows, Victoria, Australia","","https://ehif.fa.em2.oraclecloud.com/hcmUI/CandidateExperience/en/sites/CX_1/job/28123"
"United Kingdom","Wood","Senior Electrical Commissioning Engineer - Nuclear","Projects","Bristol, Avon, United Kingdom","","https://ehif.fa.em2.oraclecloud.com/hcmUI/CandidateExperience/en/sites/CX_1/job/28112"
"United Kingdom","Wood","Instrument Technician: - Triton W2W - May 6th","Operations","United Kingdom","","https://ehif.fa.em2.oraclecloud.com/hcmUI/CandidateExperience/en/sites/CX_1/job/28189"
"Canada","Wood","Pipeline EIT","Engineering","Calgary, AB, Canada","","https://ehif.fa.em2.oraclecloud.com/hcmUI/CandidateExperience/en/sites/CX_1/job/28211"
"United States","Wood","Labor","Engineering","Sidney, MT, United States","","https://ehif.fa.em2.oraclecloud.com/hcmUI/CandidateExperience/en/sites/CX_1/job/28206"
"Colombia","Wood","Control Documentos","Engineering","Bogota, Colombia","","https://ehif.fa.em2.oraclecloud.com/hcmUI/CandidateExperience/en/sites/CX_1/job/27922"
"India","Wood","Oracle Systems Analyst","Digital/IT","India","","https://ehif.fa.em2.oraclecloud.com/hcmUI/CandidateExperience/en/sites/CX_1/job/28014"
"United Kingdom","Wood","Expression of Interest - Principal Generative AI Engineer","Engineering","United Kingdom","","https://ehif.fa.em2.oraclecloud.com/hcmUI/CandidateExperience/en/sites/CX_1/job/28016"
"United States","Wood","CWK Sr. Technical Writer","Engineering","Houston, TX, United States","","https://ehif.fa.em2.oraclecloud.com/hcmUI/CandidateExperience/en/sites/CX_1/job/28017"
"Colombia","Wood","Process Tech Prof V - Eng","Engineering","Bogota, Colombia","","https://ehif.fa.em2.oraclecloud.com/hcmUI/CandidateExperience/en/sites/CX_1/job/28035"
"United Kingdom","Wood","Junior Quantity Surveyor","Projects","Aberdeen, Aberdeenshire, United Kingdom","","https://ehif.fa.em2.oraclecloud.com/hcmUI/CandidateExperience/en/sites/CX_1/job/28065"
"United States","Wood","AWP Manager","Management","Houston, TX, United States","","https://ehif.fa.em2.oraclecloud.com/hcmUI/CandidateExperience/en/sites/CX_1/job/28056"
"United Kingdom","Wood","HSE Advisor (PSC)","HSE","Lancashire, United Kingdom","","https://ehif.fa.em2.oraclecloud.com/hcmUI/CandidateExperience/en/sites/CX_1/job/28094"
"Norway","Wood","E&I 3D designer","Engineering","Sandefjord, Vestfold Og Telemark, Norway","","https://ehif.fa.em2.oraclecloud.com/hcmUI/CandidateExperience/en/sites/CX_1/job/28067"
"United States","Wood","Lead Structural Engineer - Offshore Brownfield Engineering","Projects","Metairie, LA, United States","","https://ehif.fa.em2.oraclecloud.com/hcmUI/CandidateExperience/en/sites/CX_1/job/28073"
"Colombia","Wood","Senior Project Engineering","Projects","Bogota, Colombia","","https://ehif.fa.em2.oraclecloud.com/hcmUI/CandidateExperience/en/sites/CX_1/job/28080"
"Iraq","Wood","Electrical Commissioning Engineer","Projects","Basra, Iraq","","https://ehif.fa.em2.oraclecloud.com/hcmUI/CandidateExperience/en/sites/CX_1/job/28092"
"Thailand","Wood","Senior Buyer","Supply Chain","Si Racha, Chon Buri, Thailand","","https://ehif.fa.em2.oraclecloud.com/hcmUI/CandidateExperience/en/sites/CX_1/job/28090"
"Thailand","Wood","Lead Buyer","Supply Chain","Si Racha, Chon Buri, Thailand","","https://ehif.fa.em2.oraclecloud.com/hcmUI/CandidateExperience/en/sites/CX_1/job/28091"
"Chile","Wood","Ingeniero de Construcción - Concon","Engineering","Concon, Valparaiso, Chile","","https://ehif.fa.em2.oraclecloud.com/hcmUI/CandidateExperience/en/sites/CX_1/job/28100"
"United States","Wood","Engineering Manager II","Engineering","Houston, TX, United States","","https://ehif.fa.em2.oraclecloud.com/hcmUI/CandidateExperience/en/sites/CX_1/job/28113"
"Colombia","Wood","Project Engineering","Projects","Bogota, Colombia","","https://ehif.fa.em2.oraclecloud.com/hcmUI/CandidateExperience/en/sites/CX_1/job/28155"
"United States","Wood","Lead Technician-Upton","Operations","Gillette, WY, United States","","https://ehif.fa.em2.oraclecloud.com/hcmUI/CandidateExperience/en/sites/CX_1/job/28149"
"United States","Wood","Technician-Upton","Operations","Gillette, WY, United States","","https://ehif.fa.em2.oraclecloud.com/hcmUI/CandidateExperience/en/sites/CX_1/job/22363"
"Australia","Wood","Riggers Advanced - Turnaround (Oil & Gas Offshore)","Drilling","Perth, Western Australia, Australia","","https://ehif.fa.em2.oraclecloud.com/hcmUI/CandidateExperience/en/sites/CX_1/job/23178"
"United Kingdom","Wood","Lead Cost Engineer - PSC","Engineering","Reading, Berkshire, United Kingdom","","https://ehif.fa.em2.oraclecloud.com/hcmUI/CandidateExperience/en/sites/CX_1/job/25491"
"United Kingdom","Wood","Principal/Senior Mechanical Engineer","Operations","Aberdeen, Aberdeenshire, United Kingdom","","https://ehif.fa.em2.oraclecloud.com/hcmUI/CandidateExperience/en/sites/CX_1/job/27814"
"Thailand","Wood","Commissioning Supervisor - Electrical","Projects","Si Racha, Chon Buri, Thailand","","https://ehif.fa.em2.oraclecloud.com/hcmUI/CandidateExperience/en/sites/CX_1/job/27983"
"Australia","Wood","Project Accountant","Finance","Lytton, Queensland, Australia","","https://ehif.fa.em2.oraclecloud.com/hcmUI/CandidateExperience/en/sites/CX_1/job/28018"
"UAE","Wood","Graduate Electrical Engineer (UAE National)","Engineering","Abu Dhabi, United Arab Emirates","","https://ehif.fa.em2.oraclecloud.com/hcmUI/CandidateExperience/en/sites/CX_1/job/28041"
"UAE","Wood","Graduate Renewable Energy Consultant -UAE National","Graduate","Abu Dhabi, United Arab Emirates","","https://ehif.fa.em2.oraclecloud.com/hcmUI/CandidateExperience/en/sites/CX_1/job/25184"
"United Kingdom","Wood","Lead Subsea Engineer","Engineering","Staines-Upon-Thames, Middlesex, United Kingdom","","https://ehif.fa.em2.oraclecloud.com/hcmUI/CandidateExperience/en/sites/CX_1/job/27954"
"United States","Wood","Project Controls Lead - Cost - Brownfield Engineering","Projects","Metairie, LA, United States","","https://ehif.fa.em2.oraclecloud.com/hcmUI/CandidateExperience/en/sites/CX_1/job/28047"
"UAE","Wood","Graduate Mechanical Engineer-UAE National","Operations","Abu Dhabi, United Arab Emirates","","https://ehif.fa.em2.oraclecloud.com/hcmUI/CandidateExperience/en/sites/CX_1/job/28037"
"UAE","Wood","Senior Pipeline Designer","Engineering","Abu Dhabi, United Arab Emirates","","https://ehif.fa.em2.oraclecloud.com/hcmUI/CandidateExperience/en/sites/CX_1/job/28046"
"Canada","Wood","Electrical Journeyperson - Adhoc","Engineering","St. John's, NL, Canada","","https://ehif.fa.em2.oraclecloud.com/hcmUI/CandidateExperience/en/sites/CX_1/job/28074"
"Malaysia","Wood","Finance Accountant","Finance","Malaysia","","https://ehif.fa.em2.oraclecloud.com/hcmUI/CandidateExperience/en/sites/CX_1/job/21038"
"United Kingdom","Wood","Principal Civil Designer","Engineering","Reading, Berkshire, United Kingdom","","https://ehif.fa.em2.oraclecloud.com/hcmUI/CandidateExperience/en/sites/CX_1/job/24710"
"Thailand","Wood","Senior Field Package Equipment Engineer","Engineering","Si Racha, Chon Buri, Thailand","","https://ehif.fa.em2.oraclecloud.com/hcmUI/CandidateExperience/en/sites/CX_1/job/26991"
"United States","Wood","Refining and Chemicals Technical Account Manager","Engineering","Houston, TX, United States","","https://ehif.fa.em2.oraclecloud.com/hcmUI/CandidateExperience/en/sites/CX_1/job/27371"
"Chile","Wood","Ingeniero Civil mención Hidraulica","Engineering","Santiago, Region Metropolitana, Chile","","https://ehif.fa.em2.oraclecloud.com/hcmUI/CandidateExperience/en/sites/CX_1/job/27812"
"United States","Wood","Executive Consultant","Management","New York, NY, United States","","https://ehif.fa.em2.oraclecloud.com/hcmUI/CandidateExperience/en/sites/CX_1/job/27837"
"United States","Wood","Supply Chain Lead","Supply Chain","Houston, TX, United States","","https://ehif.fa.em2.oraclecloud.com/hcmUI/CandidateExperience/en/sites/CX_1/job/27867"
"United States","Wood","Supply Chain Lead","Supply Chain","Houston, TX, United States","","https://ehif.fa.em2.oraclecloud.com/hcmUI/CandidateExperience/en/sites/CX_1/job/27918"
"United Kingdom","Wood","Senior Planner","Projects","Ware, Hertfordshire, United Kingdom","","https://ehif.fa.em2.oraclecloud.com/hcmUI/CandidateExperience/en/sites/CX_1/job/27992"
"Peru","Wood","Project Coordinator","Engineering","Lima, Peru","","https://ehif.fa.em2.oraclecloud.com/hcmUI/CandidateExperience/en/sites/CX_1/job/27961"
"Chile","Wood","Ingeniero Civil de Minas","Engineering","Santiago, Region Metropolitana, Chile","","https://ehif.fa.em2.oraclecloud.com/hcmUI/CandidateExperience/en/sites/CX_1/job/27962"
"Thailand","Wood","Commissioning Supervisor - Electrical","Projects","Si Racha, Chon Buri, Thailand","","https://ehif.fa.em2.oraclecloud.com/hcmUI/CandidateExperience/en/sites/CX_1/job/27982"
"Thailand","Wood","Commissioning Supervisor - Electrical","Projects","Si Racha, Chon Buri, Thailand","","https://ehif.fa.em2.oraclecloud.com/hcmUI/CandidateExperience/en/sites/CX_1/job/27985"
"Thailand","Wood","Commissioning Supervisor - Electrical","Projects","Si Racha, Chon Buri, Thailand","","https://ehif.fa.em2.oraclecloud.com/hcmUI/CandidateExperience/en/sites/CX_1/job/27986"
"United Kingdom","Wood","Senior Project Engineer","Projects","Ware, Hertfordshire, United Kingdom","","https://ehif.fa.em2.oraclecloud.com/hcmUI/CandidateExperience/en/sites/CX_1/job/28028"
"Canada","Wood","Construction Civil Superintendent","Engineering","Saskatoon, SK, Canada","","https://ehif.fa.em2.oraclecloud.com/hcmUI/CandidateExperience/en/sites/CX_1/job/28034"
"UAE","Wood","Lead HVAC Engineer","Engineering","Abu Dhabi, United Arab Emirates","","https://ehif.fa.em2.oraclecloud.com/hcmUI/CandidateExperience/en/sites/CX_1/job/28045"
"United Kingdom","Wood","Principal Environmental Engineer - PSC","HSE","Reading, Berkshire, United Kingdom","","https://ehif.fa.em2.oraclecloud.com/hcmUI/CandidateExperience/en/sites/CX_1/job/28044"
"United States","Wood","Expeditor Lead","Engineering","Houston, TX, United States","","https://ehif.fa.em2.oraclecloud.com/hcmUI/CandidateExperience/en/sites/CX_1/job/27866"
"United States","Wood","Subcontracts Specialist - Senior","Legal","Houston, TX, United States","","https://ehif.fa.em2.oraclecloud.com/hcmUI/CandidateExperience/en/sites/CX_1/job/27879"
"Colombia","Wood","Piping Engineering Designer IV","Engineering","Barrancabermeja, Colombia","","https://ehif.fa.em2.oraclecloud.com/hcmUI/CandidateExperience/en/sites/CX_1/job/27915"
"Colombia","Wood","Piping Engineering Designer IV","Engineering","Bogota, Colombia","","https://ehif.fa.em2.oraclecloud.com/hcmUI/CandidateExperience/en/sites/CX_1/job/27923"
"Colombia","Wood","Piping Engineering Designer III","Engineering","Bogota, Colombia","","https://ehif.fa.em2.oraclecloud.com/hcmUI/CandidateExperience/en/sites/CX_1/job/27924"
"Canada","Wood","Project Administrator Assistant (Site)","Management","Saskatoon, SK, Canada","","https://ehif.fa.em2.oraclecloud.com/hcmUI/CandidateExperience/en/sites/CX_1/job/27966"
"Canada","Wood","Senior Civil / Structural Engineer","Engineering","Halifax, NS, Canada","","https://ehif.fa.em2.oraclecloud.com/hcmUI/CandidateExperience/en/sites/CX_1/job/24420"
"United Kingdom","Wood","Project Engineering Manager","Projects","Reading, Berkshire, United Kingdom","","https://ehif.fa.em2.oraclecloud.com/hcmUI/CandidateExperience/en/sites/CX_1/job/27857"
"Colombia","Wood","Ingeniero Civil V","Engineering","Bogota, Colombia","","https://ehif.fa.em2.oraclecloud.com/hcmUI/CandidateExperience/en/sites/CX_1/job/27880"
"Colombia","Wood","Ingeniero Civil VI","Engineering","Bogota, Colombia","","https://ehif.fa.em2.oraclecloud.com/hcmUI/CandidateExperience/en/sites/CX_1/job/27884"
"Colombia","Wood","Ingeniero Electrico II","Engineering","Bogota, Colombia","","https://ehif.fa.em2.oraclecloud.com/hcmUI/CandidateExperience/en/sites/CX_1/job/27876"
"Colombia","Wood","Ingeniero Civil V","Engineering","Barrancabermeja, Colombia","","https://ehif.fa.em2.oraclecloud.com/hcmUI/CandidateExperience/en/sites/CX_1/job/27881"
"Colombia","Wood","Ingeniero Civil IV","Engineering","Bogota, Colombia","","https://ehif.fa.em2.oraclecloud.com/hcmUI/CandidateExperience/en/sites/CX_1/job/27882"
"Colombia","Wood","Diseñador Civil III","Engineering","Bogota, Colombia","","https://ehif.fa.em2.oraclecloud.com/hcmUI/CandidateExperience/en/sites/CX_1/job/27883"
"Chile","Wood","Engineering Manager","Engineering","Santiago, Region Metropolitana, Chile","","https://ehif.fa.em2.oraclecloud.com/hcmUI/CandidateExperience/en/sites/CX_1/job/27967"
"United Kingdom","Wood","Biomass Technical Consultant - Expression of Interest","Engineering","Reading, Berkshire, United Kingdom","","https://ehif.fa.em2.oraclecloud.com/hcmUI/CandidateExperience/en/sites/CX_1/job/27990"
"Canada","Wood","Commissioning Manager","Projects","Saskatoon, SK, Canada","","https://ehif.fa.em2.oraclecloud.com/hcmUI/CandidateExperience/en/sites/CX_1/job/28005"
"United Kingdom","Wood","Rigless (Well Services) Supervisor - PSC","Drilling","Clwyd, United Kingdom","","https://ehif.fa.em2.oraclecloud.com/hcmUI/CandidateExperience/en/sites/CX_1/job/28007"
"Canada","Wood","2026 Indigenous Summer Student Program - Engineering","Engineering","Calgary, AB, Canada","","https://ehif.fa.em2.oraclecloud.com/hcmUI/CandidateExperience/en/sites/CX_1/job/26097"
"United Kingdom","Wood","Senior Project Engineer","Projects","Ware, Hertfordshire, United Kingdom","","https://ehif.fa.em2.oraclecloud.com/hcmUI/CandidateExperience/en/sites/CX_1/job/26543"
"United Kingdom","Wood","Senior Drilling Supervisor - PSC","Drilling","Clwyd, United Kingdom","","https://ehif.fa.em2.oraclecloud.com/hcmUI/CandidateExperience/en/sites/CX_1/job/27763"
"United States","Wood","Manager of Owner's Engineering","Engineering","Houston, TX, United States","","https://ehif.fa.em2.oraclecloud.com/hcmUI/CandidateExperience/en/sites/CX_1/job/27805"
"United States","Wood","Project Procurement Manager","Supply Chain","Houston, TX, United States","","https://ehif.fa.em2.oraclecloud.com/hcmUI/CandidateExperience/en/sites/CX_1/job/27842"
"Norway","Wood","M5 Coordinator / LCI Coordinator","Engineering","Porsgrunn, Vestfold Og Telemark, Norway","","https://ehif.fa.em2.oraclecloud.com/hcmUI/CandidateExperience/en/sites/CX_1/job/27874"
"United States","Wood","Foreman","Engineering","United States","","https://ehif.fa.em2.oraclecloud.com/hcmUI/CandidateExperience/en/sites/CX_1/job/27928"
"United Kingdom","Wood","Construction Engineer - Static Equipment (PSC)","Engineering","Redcar, Cleveland, United Kingdom","","https://ehif.fa.em2.oraclecloud.com/hcmUI/CandidateExperience/en/sites/CX_1/job/27930"
"Spain","Wood","Project Engineer","Projects","Madrid, Spain","","https://ehif.fa.em2.oraclecloud.com/hcmUI/CandidateExperience/en/sites/CX_1/job/27921"
"United States","Wood","Quality Lead","Engineering","United States","","https://ehif.fa.em2.oraclecloud.com/hcmUI/CandidateExperience/en/sites/CX_1/job/27964"
"Azerbaijan","Wood","Area Construction Lead - Civil","Projects","Baku, Azerbaijan","","https://ehif.fa.em2.oraclecloud.com/hcmUI/CandidateExperience/en/sites/CX_1/job/27970"
"Canada","Wood","Construction Completions Package Coordinator","Engineering","Saskatoon, SK, Canada","","https://ehif.fa.em2.oraclecloud.com/hcmUI/CandidateExperience/en/sites/CX_1/job/27973"
"Canada","Wood","Senior Material Controller","Finance","Saskatoon, SK, Canada","","https://ehif.fa.em2.oraclecloud.com/hcmUI/CandidateExperience/en/sites/CX_1/job/27972"
"United States","Wood","Quality Inspector (Chief)","Management","Houston, TX, United States","","https://ehif.fa.em2.oraclecloud.com/hcmUI/CandidateExperience/en/sites/CX_1/job/28004"
"Singapore","Wood","Commissioning, Qualification and Validation Engineer","Projects","Singapore","","https://ehif.fa.em2.oraclecloud.com/hcmUI/CandidateExperience/en/sites/CX_1/job/23129"
"United Kingdom","Wood","Terminal Operator Hemel Hempstead","Operations","Hemel Hempstead, Hertfordshire, United Kingdom","","https://ehif.fa.em2.oraclecloud.com/hcmUI/CandidateExperience/en/sites/CX_1/job/26498"
"United States","Wood","Boilermaker Journeyman","Engineering","Freeport, TX, United States","","https://ehif.fa.em2.oraclecloud.com/hcmUI/CandidateExperience/en/sites/CX_1/job/26849"
"Australia","Wood","Mechanical Fitters","Operations","Biloela, Queensland, Australia","","https://ehif.fa.em2.oraclecloud.com/hcmUI/CandidateExperience/en/sites/CX_1/job/27460"
"Australia","Wood","Mechanical Pipefitters","Operations","Biloela, Queensland, Australia","","https://ehif.fa.em2.oraclecloud.com/hcmUI/CandidateExperience/en/sites/CX_1/job/27461"
"Colombia","Wood","Ingeniero Mecánico V","Engineering","Bogota, Colombia","","https://ehif.fa.em2.oraclecloud.com/hcmUI/CandidateExperience/en/sites/CX_1/job/27651"
"Thailand","Wood","Mechanical Equipment Engineer","Operations","Si Racha, Chon Buri, Thailand","","https://ehif.fa.em2.oraclecloud.com/hcmUI/CandidateExperience/en/sites/CX_1/job/27721"
"Chile","Wood","Project Manager II","Projects","Santiago, Region Metropolitana, Chile","","https://ehif.fa.em2.oraclecloud.com/hcmUI/CandidateExperience/en/sites/CX_1/job/27756"
"Colombia","Wood","Ingeniero Civil I","Engineering","Bogota, Colombia","","https://ehif.fa.em2.oraclecloud.com/hcmUI/CandidateExperience/en/sites/CX_1/job/27841"
"Azerbaijan","Wood","Senior Planning Engineer","Projects","Azerbaijan","","https://ehif.fa.em2.oraclecloud.com/hcmUI/CandidateExperience/en/sites/CX_1/job/27871"
"Thailand","Wood","Senior Piping Designer","Engineering","Si Racha, Chon Buri, Thailand","","https://ehif.fa.em2.oraclecloud.com/hcmUI/CandidateExperience/en/sites/CX_1/job/27887"
"United States","Wood","Civil Journeyman","Engineering","United States","","https://ehif.fa.em2.oraclecloud.com/hcmUI/CandidateExperience/en/sites/CX_1/job/27927"
"Canada","Wood","Mechanical Engineering Summer Student","Operations","Trail, BC, Canada","","https://ehif.fa.em2.oraclecloud.com/hcmUI/CandidateExperience/en/sites/CX_1/job/27960"
"United States","Wood","Truck Driver","Engineering","Sidney, MT, United States","","https://ehif.fa.em2.oraclecloud.com/hcmUI/CandidateExperience/en/sites/CX_1/job/27968"
"Australia","Wood","Electrical and Instrumentation Technicians","Operations","Biloela, Queensland, Australia","","https://ehif.fa.em2.oraclecloud.com/hcmUI/CandidateExperience/en/sites/CX_1/job/27462"
"Australia","Wood","Special Class Welders","Engineering","Biloela, Queensland, Australia","","https://ehif.fa.em2.oraclecloud.com/hcmUI/CandidateExperience/en/sites/CX_1/job/27463"
"Philippines","Wood","Process Designer","Engineering","Alabang, Philippines","","https://ehif.fa.em2.oraclecloud.com/hcmUI/CandidateExperience/en/sites/CX_1/job/27495"
"United Kingdom","Wood","Digital Twin/3DV Systems Engineer - Expression of Interest","Engineering","Aberdeen, Aberdeenshire, United Kingdom","","https://ehif.fa.em2.oraclecloud.com/hcmUI/CandidateExperience/en/sites/CX_1/job/27500"
"Chile","Wood","Practicante para Propuestas / Licitaciones","Engineering","Santiago, Region Metropolitana, Chile","","https://ehif.fa.em2.oraclecloud.com/hcmUI/CandidateExperience/en/sites/CX_1/job/27535"
"Oman","Wood","Senior Pipeline Engineer","Engineering","Muscat, Oman","","https://ehif.fa.em2.oraclecloud.com/hcmUI/CandidateExperience/en/sites/CX_1/job/27720"
"Colombia","Wood","Instrumentation & Controls Engineering Designer II.Colombia . Instrumentation:44 Standard Hours","Engineering","Bogota, Colombia","","https://ehif.fa.em2.oraclecloud.com/hcmUI/CandidateExperience/en/sites/CX_1/job/27758"
"Colombia","Wood","Instrumentation & Controls Engineering Designer IV.Colombia . Instrumentation:44 Standard Hours","Engineering","Bogota, Colombia","","https://ehif.fa.em2.oraclecloud.com/hcmUI/CandidateExperience/en/sites/CX_1/job/27764"
"Colombia","Wood","Ingeniero Electrico IV","Engineering","Bogota, Colombia","","https://ehif.fa.em2.oraclecloud.com/hcmUI/CandidateExperience/en/sites/CX_1/job/27769"
"Colombia","Wood","Ingeniero Electrico III","Engineering","Bogota, Colombia","","https://ehif.fa.em2.oraclecloud.com/hcmUI/CandidateExperience/en/sites/CX_1/job/27771"
"Colombia","Wood","Ingeniero Electrico II","Engineering","Bogota, Colombia","","https://ehif.fa.em2.oraclecloud.com/hcmUI/CandidateExperience/en/sites/CX_1/job/27773"
"Colombia","Wood","Diseñador Electrico IV","Engineering","Bogota, Colombia","","https://ehif.fa.em2.oraclecloud.com/hcmUI/CandidateExperience/en/sites/CX_1/job/27774"
"Colombia","Wood","Diseñador Electrico III","Engineering","Bogota, Colombia","","https://ehif.fa.em2.oraclecloud.com/hcmUI/CandidateExperience/en/sites/CX_1/job/27775"
"Colombia","Wood","Diseñador Electrico III","Engineering","Bogota, Colombia","","https://ehif.fa.em2.oraclecloud.com/hcmUI/CandidateExperience/en/sites/CX_1/job/27776"
"Colombia","Wood","Instrumentation & Controls Tech Prof VI","Engineering","Bogota, Colombia","","https://ehif.fa.em2.oraclecloud.com/hcmUI/CandidateExperience/en/sites/CX_1/job/27813"
"UAE","Wood","Quantity Surveyor-Mechanical","Operations","Abu Dhabi, United Arab Emirates","","https://ehif.fa.em2.oraclecloud.com/hcmUI/CandidateExperience/en/sites/CX_1/job/27828"
"Canada","Wood","Mechanical Field Engineer","Operations","Saskatoon, SK, Canada","","https://ehif.fa.em2.oraclecloud.com/hcmUI/CandidateExperience/en/sites/CX_1/job/27843"
"United States","Wood","Construction Manager","Projects","Rockville, MD, United States","","https://ehif.fa.em2.oraclecloud.com/hcmUI/CandidateExperience/en/sites/CX_1/job/27853"
"United States","Wood","Construction Superintendent","Projects","Rockville, MD, United States","","https://ehif.fa.em2.oraclecloud.com/hcmUI/CandidateExperience/en/sites/CX_1/job/27854"
"United States","Wood","Construction Manager - Senior","Projects","MD, United States","","https://ehif.fa.em2.oraclecloud.com/hcmUI/CandidateExperience/en/sites/CX_1/job/27855"
"Malaysia","Wood","Senior Electrical Commissioning Engineer","Projects","Kuala Lumpur, Wilayah Persekutuan Kuala Lumpur, Malaysia","","https://ehif.fa.em2.oraclecloud.com/hcmUI/CandidateExperience/en/sites/CX_1/job/27849"
"Colombia","Wood","Instrumentation & Controls Tech Prof III","Engineering","Barrancabermeja, Colombia","","https://ehif.fa.em2.oraclecloud.com/hcmUI/CandidateExperience/en/sites/CX_1/job/27885"
"Colombia","Wood","Instrumentation & Controls Engineering Designer IV","Engineering","Barrancabermeja, Colombia","","https://ehif.fa.em2.oraclecloud.com/hcmUI/CandidateExperience/en/sites/CX_1/job/27886"
"UAE","Wood","Senior Project Manager","Projects","Abu Dhabi, United Arab Emirates","","https://ehif.fa.em2.oraclecloud.com/hcmUI/CandidateExperience/en/sites/CX_1/job/27899"
"Oman","Wood","EOI for Multi Discipline Roles","Engineering","Muscat, Oman","","https://ehif.fa.em2.oraclecloud.com/hcmUI/CandidateExperience/en/sites/CX_1/job/27545"
"Thailand","Wood","HVAC Supervisor","Engineering","Si Racha, Chon Buri, Thailand","","https://ehif.fa.em2.oraclecloud.com/hcmUI/CandidateExperience/en/sites/CX_1/job/27728"
"Thailand","Wood","Piping Supervisor","Engineering","Si Racha, Chon Buri, Thailand","","https://ehif.fa.em2.oraclecloud.com/hcmUI/CandidateExperience/en/sites/CX_1/job/27733"
"Thailand","Wood","Structure Supervisor","Engineering","Si Racha, Chon Buri, Thailand","","https://ehif.fa.em2.oraclecloud.com/hcmUI/CandidateExperience/en/sites/CX_1/job/27736"
"Azerbaijan","Wood","Principal Process Engineer","Engineering","Azerbaijan","","https://ehif.fa.em2.oraclecloud.com/hcmUI/CandidateExperience/en/sites/CX_1/job/27872"
"Azerbaijan","Wood","Junior Construction Engineers E&I & M&P","Engineering","Azerbaijan","","https://ehif.fa.em2.oraclecloud.com/hcmUI/CandidateExperience/en/sites/CX_1/job/27873"
"United States","Wood","GIS Technician","Operations","Sheridan, WY, United States","","https://ehif.fa.em2.oraclecloud.com/hcmUI/CandidateExperience/en/sites/CX_1/job/19551"
"Namibia","Wood","Safety Officer","HSE","Namibia","","https://ehif.fa.em2.oraclecloud.com/hcmUI/CandidateExperience/en/sites/CX_1/job/26077"
"UAE","Wood","Graduate Discipline Engineers","Engineering","Dubai, United Arab Emirates","","https://ehif.fa.em2.oraclecloud.com/hcmUI/CandidateExperience/en/sites/CX_1/job/27637"
"United States","Wood","Senior Consultant","Engineering","Houston, TX, United States","","https://ehif.fa.em2.oraclecloud.com/hcmUI/CandidateExperience/en/sites/CX_1/job/27674"
"United Kingdom","Wood","Instrument Work Preparator","Engineering","Aberdeen, Aberdeenshire, United Kingdom","","https://ehif.fa.em2.oraclecloud.com/hcmUI/CandidateExperience/en/sites/CX_1/job/27818"
"Azerbaijan","Wood","Instrument Engineer","Engineering","Azerbaijan","","https://ehif.fa.em2.oraclecloud.com/hcmUI/CandidateExperience/en/sites/CX_1/job/27831"
"Canada","Wood","Senior Mechanical Engineer","Operations","Sarnia, ON, Canada","","https://ehif.fa.em2.oraclecloud.com/hcmUI/CandidateExperience/en/sites/CX_1/job/21903"
"Australia","Wood","SMP Supervisor","Engineering","Biloela, Queensland, Australia","","https://ehif.fa.em2.oraclecloud.com/hcmUI/CandidateExperience/en/sites/CX_1/job/27452"
"Australia","Wood","E&I Supervisor","Engineering","Biloela, Queensland, Australia","","https://ehif.fa.em2.oraclecloud.com/hcmUI/CandidateExperience/en/sites/CX_1/job/27453"
"Australia","Wood","Turnaround Planning Superintendent","Projects","Biloela, Queensland, Australia","","https://ehif.fa.em2.oraclecloud.com/hcmUI/CandidateExperience/en/sites/CX_1/job/27454"
"Australia","Wood","Site Administrator","Management","Biloela, Queensland, Australia","","https://ehif.fa.em2.oraclecloud.com/hcmUI/CandidateExperience/en/sites/CX_1/job/27455"
"Saudi Arabia","Wood","TPE II- Assistant Corrosion and Material Engineer","Engineering","Al-Khobar, Saudi Arabia","","https://ehif.fa.em2.oraclecloud.com/hcmUI/CandidateExperience/en/sites/CX_1/job/27555"
"Colombia","Wood","Ingeniero Civil V","Engineering","Barrancabermeja, Colombia","","https://ehif.fa.em2.oraclecloud.com/hcmUI/CandidateExperience/en/sites/CX_1/job/27673"
"Colombia","Wood","Ingeniero Civil IV","Engineering","Bogota, Colombia","","https://ehif.fa.em2.oraclecloud.com/hcmUI/CandidateExperience/en/sites/CX_1/job/27616"
"Oman","Wood","Senior Static & Pipping Engineer","Engineering","Muscat, Oman","","https://ehif.fa.em2.oraclecloud.com/hcmUI/CandidateExperience/en/sites/CX_1/job/27689"
"United Kingdom","Wood","Construction Superintendent (Electrical)","Projects","Lancashire, United Kingdom","","https://ehif.fa.em2.oraclecloud.com/hcmUI/CandidateExperience/en/sites/CX_1/job/27694"
"Oman","Wood","Senior Process Safety Engineer","HSE","Muscat, Oman","","https://ehif.fa.em2.oraclecloud.com/hcmUI/CandidateExperience/en/sites/CX_1/job/27687"
"UAE","Wood","Graduate Tech Safety Engineer (UAE Nationals)","HSE","Abu Dhabi, United Arab Emirates","","https://ehif.fa.em2.oraclecloud.com/hcmUI/CandidateExperience/en/sites/CX_1/job/27682"
"United Kingdom","Wood","Asset Team Lead","Engineering","Aberdeen, Aberdeenshire, United Kingdom","","https://ehif.fa.em2.oraclecloud.com/hcmUI/CandidateExperience/en/sites/CX_1/job/27695"
"UAE","Wood","PMC Supervisor - Permit Issuance","Digital/IT","Abu Dhabi, United Arab Emirates","","https://ehif.fa.em2.oraclecloud.com/hcmUI/CandidateExperience/en/sites/CX_1/job/27796"
"UAE","Wood","Jr. Process Safety Engineer","HSE","Abu Dhabi, United Arab Emirates","","https://ehif.fa.em2.oraclecloud.com/hcmUI/CandidateExperience/en/sites/CX_1/job/27787"
"Spain","Wood","Project Management Officer","Management","Madrid, Spain","","https://ehif.fa.em2.oraclecloud.com/hcmUI/CandidateExperience/en/sites/CX_1/job/27754"
"Kazakhstan","Wood","Senior Electrical Engineer","Engineering","Tengiz, Kazakhstan","","https://ehif.fa.em2.oraclecloud.com/hcmUI/CandidateExperience/en/sites/CX_1/job/27783"
"United Kingdom","Wood","Scheduler","Projects","Aberdeen, Aberdeenshire, United Kingdom","","https://ehif.fa.em2.oraclecloud.com/hcmUI/CandidateExperience/en/sites/CX_1/job/27800"
"Australia","Wood","Electrical and Instrumentation Supervisor","Engineering","Lytton, Queensland, Australia","","https://ehif.fa.em2.oraclecloud.com/hcmUI/CandidateExperience/en/sites/CX_1/job/27820"
"Australia","Wood","Technical Safety Engineer","HSE","Brisbane, Queensland, Australia","","https://ehif.fa.em2.oraclecloud.com/hcmUI/CandidateExperience/en/sites/CX_1/job/27823"
"Saudi Arabia","Wood","Principal Contracts","Legal","Saudi Arabia","","https://ehif.fa.em2.oraclecloud.com/hcmUI/CandidateExperience/en/sites/CX_1/job/23900"
"United States","Wood","I&E Technician I","Operations","United States","","https://ehif.fa.em2.oraclecloud.com/hcmUI/CandidateExperience/en/sites/CX_1/job/24801"
"United States","Wood","Pipeline Operator/Compressor Mechanic","Operations","Casper, WY, United States","","https://ehif.fa.em2.oraclecloud.com/hcmUI/CandidateExperience/en/sites/CX_1/job/24802"
"Iraq","Wood","Control Room operator","Operations","Basra, Iraq","","https://ehif.fa.em2.oraclecloud.com/hcmUI/CandidateExperience/en/sites/CX_1/job/27052"
"Iraq","Wood","LV/MV Unit Technician","Operations","Basra, Iraq","","https://ehif.fa.em2.oraclecloud.com/hcmUI/CandidateExperience/en/sites/CX_1/job/27053"
"Iraq","Wood","Control Room Operator","Operations","Basra, Iraq","","https://ehif.fa.em2.oraclecloud.com/hcmUI/CandidateExperience/en/sites/CX_1/job/27060"
"Iraq","Wood","HSE Supervisor","HSE","Basra, Iraq","","https://ehif.fa.em2.oraclecloud.com/hcmUI/CandidateExperience/en/sites/CX_1/job/27063"
"Iraq","Wood","HSE Site Officer","HSE","Basra, Iraq","","https://ehif.fa.em2.oraclecloud.com/hcmUI/CandidateExperience/en/sites/CX_1/job/27064"
"Iraq","Wood","Permit To Work Officer","Digital/IT","Basra, Iraq","","https://ehif.fa.em2.oraclecloud.com/hcmUI/CandidateExperience/en/sites/CX_1/job/27065"
"Iraq","Wood","Mechanical Worker","Operations","Basra, Iraq","","https://ehif.fa.em2.oraclecloud.com/hcmUI/CandidateExperience/en/sites/CX_1/job/27066"
"Iraq","Wood","Mechanical Unit Technician","Operations","Basra, Iraq","","https://ehif.fa.em2.oraclecloud.com/hcmUI/CandidateExperience/en/sites/CX_1/job/27068"
"Colombia","Wood","Application Specialist IV","Engineering","Bogota, Colombia","","https://ehif.fa.em2.oraclecloud.com/hcmUI/CandidateExperience/en/sites/CX_1/job/27665"
"United Kingdom","Wood","Senior Reliability Engineer","Engineering","Aberdeen, Aberdeenshire, United Kingdom","","https://ehif.fa.em2.oraclecloud.com/hcmUI/CandidateExperience/en/sites/CX_1/job/27649"
"United States","Wood","SQS Coordinator","Engineering","Greenville, SC, United States","","https://ehif.fa.em2.oraclecloud.com/hcmUI/CandidateExperience/en/sites/CX_1/job/27602"
"Thailand","Wood","Senior Field Project Engineer","Projects","Si Racha, Chon Buri, Thailand","","https://ehif.fa.em2.oraclecloud.com/hcmUI/CandidateExperience/en/sites/CX_1/job/27634"
"Saudi Arabia","Wood","Planner/Scheduler","Projects","Al-Khobar, Saudi Arabia","","https://ehif.fa.em2.oraclecloud.com/hcmUI/CandidateExperience/en/sites/CX_1/job/27737"
"Thailand","Wood","Civil Supervisor","Engineering","Si Racha, Chon Buri, Thailand","","https://ehif.fa.em2.oraclecloud.com/hcmUI/CandidateExperience/en/sites/CX_1/job/27729"
"Thailand","Wood","Piping Supervisor","Engineering","Si Racha, Chon Buri, Thailand","","https://ehif.fa.em2.oraclecloud.com/hcmUI/CandidateExperience/en/sites/CX_1/job/27731"
"Thailand","Wood","Mechanical Supervisor","Operations","Si Racha, Chon Buri, Thailand","","https://ehif.fa.em2.oraclecloud.com/hcmUI/CandidateExperience/en/sites/CX_1/job/27742"
"United Kingdom","Wood","Fab Shop Chargehand (Aberdeen)","Engineering","United Kingdom","","https://ehif.fa.em2.oraclecloud.com/hcmUI/CandidateExperience/en/sites/CX_1/job/24688"
"Iraq","Wood","HV Technician","Operations","Basra, Iraq","","https://ehif.fa.em2.oraclecloud.com/hcmUI/CandidateExperience/en/sites/CX_1/job/27055"
"Norway","Wood","Senior Subsea Designer (CAD)","Engineering","Stavanger, Rogaland, Norway","","https://ehif.fa.em2.oraclecloud.com/hcmUI/CandidateExperience/en/sites/CX_1/job/27546"
"United States","Wood","Vibration Analyst - Rotating Equipment","Engineering","Houston, TX, United States","","https://ehif.fa.em2.oraclecloud.com/hcmUI/CandidateExperience/en/sites/CX_1/job/27577"
"Colombia","Wood","Ingeniero Eléctrico VI","Engineering","Bogota, Colombia","","https://ehif.fa.em2.oraclecloud.com/hcmUI/CandidateExperience/en/sites/CX_1/job/27614"
"Colombia","Wood","Diseñador Eléctrico IV","Engineering","Bogota, Colombia","","https://ehif.fa.em2.oraclecloud.com/hcmUI/CandidateExperience/en/sites/CX_1/job/27615"
"Canada","Wood","Piping Engineer","Engineering","Trail, BC, Canada","","https://ehif.fa.em2.oraclecloud.com/hcmUI/CandidateExperience/en/sites/CX_1/job/27626"
"Canada","Wood","Piping Engineer","Engineering","Vancouver, BC, Canada","","https://ehif.fa.em2.oraclecloud.com/hcmUI/CandidateExperience/en/sites/CX_1/job/27627"
"Canada","Wood","HVAC Engineer","Engineering","Vancouver, BC, Canada","","https://ehif.fa.em2.oraclecloud.com/hcmUI/CandidateExperience/en/sites/CX_1/job/27622"
"Canada","Wood","HVAC Engineer","Engineering","Trail, BC, Canada","","https://ehif.fa.em2.oraclecloud.com/hcmUI/CandidateExperience/en/sites/CX_1/job/27623"
"Colombia","Wood","Diseñador de tubería","Engineering","Bogota, Colombia","","https://ehif.fa.em2.oraclecloud.com/hcmUI/CandidateExperience/en/sites/CX_1/job/27659"
"Türkiye","Wood","Commissioning Manager","Projects","Türkiye","","https://ehif.fa.em2.oraclecloud.com/hcmUI/CandidateExperience/en/sites/CX_1/job/27670"
"United States","Wood","Construction/Commissioning Intern","Projects","Houston, TX, United States","","https://ehif.fa.em2.oraclecloud.com/hcmUI/CandidateExperience/en/sites/CX_1/job/27613"
"Colombia","Wood","Diseñador Civil IV","Engineering","Bogota, Colombia","","https://ehif.fa.em2.oraclecloud.com/hcmUI/CandidateExperience/en/sites/CX_1/job/27621"
"Venezuela","Wood","Ingeniero Civil VI","Engineering","Venezuela","","https://ehif.fa.em2.oraclecloud.com/hcmUI/CandidateExperience/en/sites/CX_1/job/27620"
"Italy","Wood","Senior Project Control Coordinator","Projects","Milan, Italy","","https://ehif.fa.em2.oraclecloud.com/hcmUI/CandidateExperience/en/sites/CX_1/job/27702"
"Thailand","Wood","Project Control Manager","Projects","Si Racha, Chon Buri, Thailand","","https://ehif.fa.em2.oraclecloud.com/hcmUI/CandidateExperience/en/sites/CX_1/job/27636"
"Canada","Wood","Mechanical Engineer","Operations","Trail, BC, Canada","","https://ehif.fa.em2.oraclecloud.com/hcmUI/CandidateExperience/en/sites/CX_1/job/27654"
"Canada","Wood","Mechanical Engineer","Operations","Vancouver, BC, Canada","","https://ehif.fa.em2.oraclecloud.com/hcmUI/CandidateExperience/en/sites/CX_1/job/27656"
"Canada","Wood","Piping Designer","Engineering","Vancouver, BC, Canada","","https://ehif.fa.em2.oraclecloud.com/hcmUI/CandidateExperience/en/sites/CX_1/job/27660"
"Canada","Wood","HVAC Designer","Engineering","Vancouver, BC, Canada","","https://ehif.fa.em2.oraclecloud.com/hcmUI/CandidateExperience/en/sites/CX_1/job/27662"
"United Kingdom","Wood","Expression of Interest - Senior Maintenance Engineer","Engineering","Aberdeen, Aberdeenshire, United Kingdom","","https://ehif.fa.em2.oraclecloud.com/hcmUI/CandidateExperience/en/sites/CX_1/job/27692"
"Italy","Wood","Planning Engineer - Graduate","Projects","Milan, Italy","","https://ehif.fa.em2.oraclecloud.com/hcmUI/CandidateExperience/en/sites/CX_1/job/27703"
"Oman","Wood","Quality Manager","Management","Oman","","https://ehif.fa.em2.oraclecloud.com/hcmUI/CandidateExperience/en/sites/CX_1/job/27470"
"UAE","Wood","Quantity Surveyor-E&I (site based)","Projects","Abu Dhabi, United Arab Emirates","","https://ehif.fa.em2.oraclecloud.com/hcmUI/CandidateExperience/en/sites/CX_1/job/27466"
"UAE","Wood","Subcontracts Administrator-E&I (site based)","Legal","Abu Dhabi, United Arab Emirates","","https://ehif.fa.em2.oraclecloud.com/hcmUI/CandidateExperience/en/sites/CX_1/job/27478"
"Azerbaijan","Wood","Instrumentation Designer","Engineering","Azerbaijan","","https://ehif.fa.em2.oraclecloud.com/hcmUI/CandidateExperience/en/sites/CX_1/job/27590"
"Azerbaijan","Wood","Senior Project Engineer","Projects","Baku, Azerbaijan","","https://ehif.fa.em2.oraclecloud.com/hcmUI/CandidateExperience/en/sites/CX_1/job/27676"
"United States","Wood","Project Manager- Life Sciences","Projects","Raleigh, NC, United States","","https://ehif.fa.em2.oraclecloud.com/hcmUI/CandidateExperience/en/sites/CX_1/job/27488"
"UAE","Wood","Subcontracts Administrator-Piping/Mechanical (site based)","Operations","Abu Dhabi, United Arab Emirates","","https://ehif.fa.em2.oraclecloud.com/hcmUI/CandidateExperience/en/sites/CX_1/job/27480"
"Colombia","Wood","I&C designer","Engineering","Bogota, Colombia","","https://ehif.fa.em2.oraclecloud.com/hcmUI/CandidateExperience/en/sites/CX_1/job/27584"
"Colombia","Wood","Instrumentation & Controls Tech Prof III","Engineering","Bogota, Colombia","","https://ehif.fa.em2.oraclecloud.com/hcmUI/CandidateExperience/en/sites/CX_1/job/27586"
"Colombia","Wood","I&C Engineer","Engineering","Bogota, Colombia","","https://ehif.fa.em2.oraclecloud.com/hcmUI/CandidateExperience/en/sites/CX_1/job/27587"
"United Kingdom","Wood","Principal Electrical Engineer - PSC","Engineering","Reading, Berkshire, United Kingdom","","https://ehif.fa.em2.oraclecloud.com/hcmUI/CandidateExperience/en/sites/CX_1/job/27575"
"United Kingdom","Wood","Principal Electrical Engineer","Engineering","Reading, Berkshire, United Kingdom","","https://ehif.fa.em2.oraclecloud.com/hcmUI/CandidateExperience/en/sites/CX_1/job/27583"
"United Kingdom","Wood","Senior Electrical Engineer","Engineering","Reading, Berkshire, United Kingdom","","https://ehif.fa.em2.oraclecloud.com/hcmUI/CandidateExperience/en/sites/CX_1/job/27585"
"United Kingdom","Wood","Electrical Engineer","Engineering","Reading, Berkshire, United Kingdom","","https://ehif.fa.em2.oraclecloud.com/hcmUI/CandidateExperience/en/sites/CX_1/job/27588"
"Canada","Wood","Construction Completions Package Coordinator","Engineering","Saskatoon, SK, Canada","","https://ehif.fa.em2.oraclecloud.com/hcmUI/CandidateExperience/en/sites/CX_1/job/27604"
"Chile","Wood","Jefe/a de Disciplina de Proceso (Ingeniero(a) Principal de Proceso)","Management","Santiago, Region Metropolitana, Chile","","https://ehif.fa.em2.oraclecloud.com/hcmUI/CandidateExperience/en/sites/CX_1/job/27598"
"Thailand","Wood","Senior Project Controller (Power BI)","Projects","Si Racha, Chon Buri, Thailand","","https://ehif.fa.em2.oraclecloud.com/hcmUI/CandidateExperience/en/sites/CX_1/job/27631"
"United States","Wood","Ironworker Apprentice","Graduate","United States","","https://ehif.fa.em2.oraclecloud.com/hcmUI/CandidateExperience/en/sites/CX_1/job/27655"
"Algeria","Wood","HSE Improvement Manager","HSE","Algeria","","https://ehif.fa.em2.oraclecloud.com/hcmUI/CandidateExperience/en/sites/CX_1/job/24959"
"Colombia","Wood","Ingeniero de procesos","Engineering","Bogota, Colombia","","https://ehif.fa.em2.oraclecloud.com/hcmUI/CandidateExperience/en/sites/CX_1/job/26512"
"United States","Wood","Ironworker Journeyman","Engineering","United States","","https://ehif.fa.em2.oraclecloud.com/hcmUI/CandidateExperience/en/sites/CX_1/job/26984"
"Iraq","Wood","Warehouse Assistant","Supply Chain","Basra, Iraq","","https://ehif.fa.em2.oraclecloud.com/hcmUI/CandidateExperience/en/sites/CX_1/job/27067"
"Norway","Wood","Manual Valve Specialist","Engineering","Sandefjord, Vestfold Og Telemark, Norway","","https://ehif.fa.em2.oraclecloud.com/hcmUI/CandidateExperience/en/sites/CX_1/job/27562"
"Australia","Wood","Contracts Lead","Legal","Perth, Western Australia, Australia","","https://ehif.fa.em2.oraclecloud.com/hcmUI/CandidateExperience/en/sites/CX_1/job/27496"
"United Kingdom","Wood","Lead HSE Advisor - PSC","HSE","Reading, Berkshire, United Kingdom","","https://ehif.fa.em2.oraclecloud.com/hcmUI/CandidateExperience/en/sites/CX_1/job/27504"
"United States","Wood","Supply Chain Manager","Supply Chain","Greenville, SC, United States","","https://ehif.fa.em2.oraclecloud.com/hcmUI/CandidateExperience/en/sites/CX_1/job/27510"
"Peru","Wood","Mining Tech Prof III - Eng","Engineering","Lima, Peru","","https://ehif.fa.em2.oraclecloud.com/hcmUI/CandidateExperience/en/sites/CX_1/job/27521"
"Peru","Wood","Geological Tech Prof IV - Eng","Engineering","Lima, Peru","","https://ehif.fa.em2.oraclecloud.com/hcmUI/CandidateExperience/en/sites/CX_1/job/27529"
"United States","Wood","Project Procurement Manager","Supply Chain","Greenville, SC, United States","","https://ehif.fa.em2.oraclecloud.com/hcmUI/CandidateExperience/en/sites/CX_1/job/27511"
"UAE","Wood","Site Administrator - Habshan","Management","Abu Dhabi, United Arab Emirates","","https://ehif.fa.em2.oraclecloud.com/hcmUI/CandidateExperience/en/sites/CX_1/job/27551"
"UAE","Wood","Graduate Process Engineer-UAE National","Engineering","Abu Dhabi, United Arab Emirates","","https://ehif.fa.em2.oraclecloud.com/hcmUI/CandidateExperience/en/sites/CX_1/job/27571"
"Colombia","Wood","Ingeniero de procesos","Engineering","Bogota, Colombia","","https://ehif.fa.em2.oraclecloud.com/hcmUI/CandidateExperience/en/sites/CX_1/job/27573"
"Colombia","Wood","Ingeniero de procesos","Engineering","Bogota, Colombia","","https://ehif.fa.em2.oraclecloud.com/hcmUI/CandidateExperience/en/sites/CX_1/job/27579"
"United States","Wood","Mechanic","Operations","United States","","https://ehif.fa.em2.oraclecloud.com/hcmUI/CandidateExperience/en/sites/CX_1/job/27599"
"United States","Wood","Safety Technician","HSE","United States","","https://ehif.fa.em2.oraclecloud.com/hcmUI/CandidateExperience/en/sites/CX_1/job/27600"
"United States","Wood","Pipefitter Journeyman","Engineering","Houston, TX, United States","","https://ehif.fa.em2.oraclecloud.com/hcmUI/CandidateExperience/en/sites/CX_1/job/27611"
"United States","Wood","Outside Machinist","Engineering","Hebron, OH, United States","","https://ehif.fa.em2.oraclecloud.com/hcmUI/CandidateExperience/en/sites/CX_1/job/18516"
"Colombia","Wood","Piping Engineering Designer III.Colombia . Piping:44 Standard Hours","Engineering","Bogota, Colombia","","https://ehif.fa.em2.oraclecloud.com/hcmUI/CandidateExperience/en/sites/CX_1/job/25860"
"Colombia","Wood","Diseñador de instrumentación y control","Engineering","Bogota, Colombia","","https://ehif.fa.em2.oraclecloud.com/hcmUI/CandidateExperience/en/sites/CX_1/job/26278"
"Colombia","Wood","Ingeniero de tubería","Engineering","Bogota, Colombia","","https://ehif.fa.em2.oraclecloud.com/hcmUI/CandidateExperience/en/sites/CX_1/job/26622"
"Colombia","Wood","Piping Designer","Engineering","Bogota, Colombia","","https://ehif.fa.em2.oraclecloud.com/hcmUI/CandidateExperience/en/sites/CX_1/job/26737"
"Colombia","Wood","Piping designer III","Engineering","Bogota, Colombia","","https://ehif.fa.em2.oraclecloud.com/hcmUI/CandidateExperience/en/sites/CX_1/job/26738"
"India","Wood","Senior Engineer - Static Equipment","Engineering","Chennai, Tamil Nadu, India","","https://ehif.fa.em2.oraclecloud.com/hcmUI/CandidateExperience/en/sites/CX_1/job/26818"
"India","Wood","Senior Engineer - Rotating Equipment","Engineering","Chennai, Tamil Nadu, India","","https://ehif.fa.em2.oraclecloud.com/hcmUI/CandidateExperience/en/sites/CX_1/job/26820"
"India","Wood","Senior Engineer - Package Equipment","Engineering","Chennai, Tamil Nadu, India","","https://ehif.fa.em2.oraclecloud.com/hcmUI/CandidateExperience/en/sites/CX_1/job/26821"
"United States","Wood","Pipefitter Journeyman","Engineering","United States","","https://ehif.fa.em2.oraclecloud.com/hcmUI/CandidateExperience/en/sites/CX_1/job/27028"
"Colombia","Wood","Ingeniero de instrumentación y control","Engineering","Bogota, Colombia","","https://ehif.fa.em2.oraclecloud.com/hcmUI/CandidateExperience/en/sites/CX_1/job/27189"
"Colombia","Wood","F&G Specialist","Engineering","Bogota, Colombia","","https://ehif.fa.em2.oraclecloud.com/hcmUI/CandidateExperience/en/sites/CX_1/job/27249"
"United Kingdom","Wood","Principal Process Engineer","Engineering","Aberdeenshire, United Kingdom","","https://ehif.fa.em2.oraclecloud.com/hcmUI/CandidateExperience/en/sites/CX_1/job/27414"
"Thailand","Wood","Senior Instrument Commissioning Engineer","Projects","Si Racha, Chon Buri, Thailand","","https://ehif.fa.em2.oraclecloud.com/hcmUI/CandidateExperience/en/sites/CX_1/job/27386"
"Chile","Wood","Ingeniero Precomm/Comm - Senior - Concepción","Engineering","Bio Bio, Chile","","https://ehif.fa.em2.oraclecloud.com/hcmUI/CandidateExperience/en/sites/CX_1/job/27527"
"United States","Wood","Materials & Logistics Specialist","Engineering","Greenville, SC, United States","","https://ehif.fa.em2.oraclecloud.com/hcmUI/CandidateExperience/en/sites/CX_1/job/27519"
"United States","Wood","Quality Lead","Engineering","Houston, TX, United States","","https://ehif.fa.em2.oraclecloud.com/hcmUI/CandidateExperience/en/sites/CX_1/job/27523"
"United States","Wood","Expeditor","Engineering","Greenville, SC, United States","","https://ehif.fa.em2.oraclecloud.com/hcmUI/CandidateExperience/en/sites/CX_1/job/27526"
"India","Wood","Senior Project Engineer","Projects","Chennai, Tamil Nadu, India","","https://ehif.fa.em2.oraclecloud.com/hcmUI/CandidateExperience/en/sites/CX_1/job/27498"
"India","Wood","Project Engineer","Projects","Chennai, Tamil Nadu, India","","https://ehif.fa.em2.oraclecloud.com/hcmUI/CandidateExperience/en/sites/CX_1/job/27499"
"UAE","Wood","PMC Hygiene Specialist","Engineering","Abu Dhabi, United Arab Emirates","","https://ehif.fa.em2.oraclecloud.com/hcmUI/CandidateExperience/en/sites/CX_1/job/27506"
"Colombia","Wood","Piping Engineering Designer II","Engineering","Bogota, Colombia","","https://ehif.fa.em2.oraclecloud.com/hcmUI/CandidateExperience/en/sites/CX_1/job/27515"
"Colombia","Wood","Piping Engineering Designer II","Engineering","Bogota, Colombia","","https://ehif.fa.em2.oraclecloud.com/hcmUI/CandidateExperience/en/sites/CX_1/job/27516"
"Colombia","Wood","Project Administrator - Senior","Management","Bogota, Colombia","","https://ehif.fa.em2.oraclecloud.com/hcmUI/CandidateExperience/en/sites/CX_1/job/27518"
"United States","Wood","Senior Buyers - Supply Chain","Supply Chain","Greenville, SC, United States","","https://ehif.fa.em2.oraclecloud.com/hcmUI/CandidateExperience/en/sites/CX_1/job/27512"
"United States","Wood","Supply Chain Specialist","Supply Chain","Greenville, SC, United States","","https://ehif.fa.em2.oraclecloud.com/hcmUI/CandidateExperience/en/sites/CX_1/job/27514"
"Australia","Wood","Subcontracts Specialist","Legal","Sale, Victoria, Australia","","https://ehif.fa.em2.oraclecloud.com/hcmUI/CandidateExperience/en/sites/CX_1/job/27530"
"UAE","Wood","PMC Offshore Structural Specialist","Engineering","Abu Dhabi, United Arab Emirates","","https://ehif.fa.em2.oraclecloud.com/hcmUI/CandidateExperience/en/sites/CX_1/job/27538"
"United States","Wood","Project Manager","Projects","Pasadena, TX, United States","","https://ehif.fa.em2.oraclecloud.com/hcmUI/CandidateExperience/en/sites/CX_1/job/27581"
"United States","Wood","Process Field Operator","Operations","Hebron, OH, United States","","https://ehif.fa.em2.oraclecloud.com/hcmUI/CandidateExperience/en/sites/CX_1/job/23335"
"Peru","Wood","Diseñador Electrico","Engineering","Lima, Peru","","https://ehif.fa.em2.oraclecloud.com/hcmUI/CandidateExperience/en/sites/CX_1/job/26916"
"Peru","Wood","Ingeniero de Instrumentación y Control","Engineering","Lima, Peru","","https://ehif.fa.em2.oraclecloud.com/hcmUI/CandidateExperience/en/sites/CX_1/job/26917"
"Peru","Wood","Ingeniero en Electricidad","Engineering","Lima, Peru","","https://ehif.fa.em2.oraclecloud.com/hcmUI/CandidateExperience/en/sites/CX_1/job/26918"
"Australia","Wood","Maintenance Delivery Manager (Darwin) - Expressions of Interest","Management","Darwin, Northern Territory, Australia","","https://ehif.fa.em2.oraclecloud.com/hcmUI/CandidateExperience/en/sites/CX_1/job/27168"
"Canada","Wood","Instrument & Controls Engineer, Intermediate","Engineering","Fredericton, NB, Canada","","https://ehif.fa.em2.oraclecloud.com/hcmUI/CandidateExperience/en/sites/CX_1/job/27362"
"Canada","Wood","Electrical Designer, Intermediate","Engineering","Fredericton, NB, Canada","","https://ehif.fa.em2.oraclecloud.com/hcmUI/CandidateExperience/en/sites/CX_1/job/27365"
"Canada","Wood","Electrical Engineer, Intermediate","Engineering","Fredericton, NB, Canada","","https://ehif.fa.em2.oraclecloud.com/hcmUI/CandidateExperience/en/sites/CX_1/job/27367"
"Saudi Arabia","Wood","Area Lead – Tailings","Management","Saudi Arabia","","https://ehif.fa.em2.oraclecloud.com/hcmUI/CandidateExperience/en/sites/CX_1/job/27293"
"Saudi Arabia","Wood","Area Lead – Mine Facilities","Management","Saudi Arabia","","https://ehif.fa.em2.oraclecloud.com/hcmUI/CandidateExperience/en/sites/CX_1/job/27294"
"Saudi Arabia","Wood","Area Lead, Process Plant (Utilities)","Engineering","Saudi Arabia","","https://ehif.fa.em2.oraclecloud.com/hcmUI/CandidateExperience/en/sites/CX_1/job/27295"
"Saudi Arabia","Wood","Area Lead, Process Plant (Thickener)","Engineering","Saudi Arabia","","https://ehif.fa.em2.oraclecloud.com/hcmUI/CandidateExperience/en/sites/CX_1/job/27335"
"Saudi Arabia","Wood","Area Lead, Process Plant (Milling Circuit)","Engineering","Saudi Arabia","","https://ehif.fa.em2.oraclecloud.com/hcmUI/CandidateExperience/en/sites/CX_1/job/27339"
"Peru","Wood","Diseñador Piping BIM","Engineering","Lima, Peru","","https://ehif.fa.em2.oraclecloud.com/hcmUI/CandidateExperience/en/sites/CX_1/job/27373"
"Equatorial Guinea","Wood","Offshore Structural Integrity & Inspection Lead","Engineering","Equatorial Guinea","","https://ehif.fa.em2.oraclecloud.com/hcmUI/CandidateExperience/en/sites/CX_1/job/27361"
"Colombia","Wood","Process Tech Prof II - Eng.Colombia . Process:44 Standard Hours","Engineering","Bogota, Colombia","","https://ehif.fa.em2.oraclecloud.com/hcmUI/CandidateExperience/en/sites/CX_1/job/27382"
"Colombia","Wood","Process Tech Prof III - Eng.Colombia . Process:44 Standard Hours","Engineering","Bogota, Colombia","","https://ehif.fa.em2.oraclecloud.com/hcmUI/CandidateExperience/en/sites/CX_1/job/27383"
"United States","Wood","Project Engineer - Life Sciences","Projects","Rockville, MD, United States","","https://ehif.fa.em2.oraclecloud.com/hcmUI/CandidateExperience/en/sites/CX_1/job/27426"
"Canada","Wood","Instrument & Controls Designer, Intermediate","Engineering","Fredericton, NB, Canada","","https://ehif.fa.em2.oraclecloud.com/hcmUI/CandidateExperience/en/sites/CX_1/job/27444"
"UAE","Wood","Construction Manager","Projects","Abu Dhabi, United Arab Emirates","","https://ehif.fa.em2.oraclecloud.com/hcmUI/CandidateExperience/en/sites/CX_1/job/27464"
"United Kingdom","Wood","Principal Civil Underground Engineer","Engineering","Reading, Berkshire, United Kingdom","","https://ehif.fa.em2.oraclecloud.com/hcmUI/CandidateExperience/en/sites/CX_1/job/24755"
"Oman","Wood","Senior Project Controller","Projects","Muscat, Oman","","https://ehif.fa.em2.oraclecloud.com/hcmUI/CandidateExperience/en/sites/CX_1/job/27469"
"UAE","Wood","Chief Field Engineer","Projects","Abu Dhabi, United Arab Emirates","","https://ehif.fa.em2.oraclecloud.com/hcmUI/CandidateExperience/en/sites/CX_1/job/27477"
"United States","Wood","Field Electrical & Instrumentation Designer","Engineering","Midland, TX, United States","","https://ehif.fa.em2.oraclecloud.com/hcmUI/CandidateExperience/en/sites/CX_1/job/27486"
"Canada","Wood","Commissioning Engineer - Instrumentation and Controls System","Projects","Canada","","https://ehif.fa.em2.oraclecloud.com/hcmUI/CandidateExperience/en/sites/CX_1/job/27432"
"United States","Wood","Commissioning Engineer - Instrumentation and Controls System","Projects","United States","","https://ehif.fa.em2.oraclecloud.com/hcmUI/CandidateExperience/en/sites/CX_1/job/27433"
"United States","Wood","Heavy Equipment Operator I","Operations","United States","","https://ehif.fa.em2.oraclecloud.com/hcmUI/CandidateExperience/en/sites/CX_1/job/26980"
"Thailand","Wood","Mechanical LOTO Coordinator","Operations","Si Racha, Chon Buri, Thailand","","https://ehif.fa.em2.oraclecloud.com/hcmUI/CandidateExperience/en/sites/CX_1/job/27237"
"Thailand","Wood","Electrical Commissioning Engineer","Projects","Si Racha, Chon Buri, Thailand","","https://ehif.fa.em2.oraclecloud.com/hcmUI/CandidateExperience/en/sites/CX_1/job/27284"
"United States","Wood","Instrument and Control (Automation-PlantPAx) Commissioning Supervisor","Projects","United States","","https://ehif.fa.em2.oraclecloud.com/hcmUI/CandidateExperience/en/sites/CX_1/job/27434"
"Colombia","Wood","Instrumentation & Controls Engineering Designer II.Colombia . Instrumentation:44 Standard Hours","Engineering","Bogota, Colombia","","https://ehif.fa.em2.oraclecloud.com/hcmUI/CandidateExperience/en/sites/CX_1/job/26835"
"United States","Wood","Laborer I","Engineering","United States","","https://ehif.fa.em2.oraclecloud.com/hcmUI/CandidateExperience/en/sites/CX_1/job/26985"
"Saudi Arabia","Wood","Area Lead, Process Plant (CIL)","Engineering","Saudi Arabia","","https://ehif.fa.em2.oraclecloud.com/hcmUI/CandidateExperience/en/sites/CX_1/job/27344"
"United Kingdom","Wood","EOI - Senior Structural Engineer","Engineering","Glasgow, Lanarkshire, United Kingdom","","https://ehif.fa.em2.oraclecloud.com/hcmUI/CandidateExperience/en/sites/CX_1/job/27360"
"Thailand","Wood","Turnover Engineer","Engineering","Si Racha, Chon Buri, Thailand","","https://ehif.fa.em2.oraclecloud.com/hcmUI/CandidateExperience/en/sites/CX_1/job/27399"
"UAE","Wood","Engineering Manager","Engineering","Sharjah, United Arab Emirates","","https://ehif.fa.em2.oraclecloud.com/hcmUI/CandidateExperience/en/sites/CX_1/job/27415"
"Canada","Wood","Technical Writer","Engineering","Edmonton, AB, Canada","","https://ehif.fa.em2.oraclecloud.com/hcmUI/CandidateExperience/en/sites/CX_1/job/25395"
"United Kingdom","Wood","Project Control Engineer","Projects","Staines-Upon-Thames, Middlesex, United Kingdom","","https://ehif.fa.em2.oraclecloud.com/hcmUI/CandidateExperience/en/sites/CX_1/job/27122"
"Thailand","Wood","Senior Telecommunication Engineer","Engineering","Si Racha, Chon Buri, Thailand","","https://ehif.fa.em2.oraclecloud.com/hcmUI/CandidateExperience/en/sites/CX_1/job/27279"
"Spain","Wood","Project Manager","Projects","Madrid, Spain","","https://ehif.fa.em2.oraclecloud.com/hcmUI/CandidateExperience/en/sites/CX_1/job/27298"
"Colombia","Wood","Project Engineering V","Projects","Bogota, Colombia","","https://ehif.fa.em2.oraclecloud.com/hcmUI/CandidateExperience/en/sites/CX_1/job/27309"
"Colombia","Wood","Ingeniero Electrico II","Engineering","Bogota, Colombia","","https://ehif.fa.em2.oraclecloud.com/hcmUI/CandidateExperience/en/sites/CX_1/job/27352"
"Colombia","Wood","Coordinador de Ingenieria (Project Engineering V)","Projects","Villavicencio, Colombia","","https://ehif.fa.em2.oraclecloud.com/hcmUI/CandidateExperience/en/sites/CX_1/job/27354"
"Colombia","Wood","Control Documentos","Engineering","Bogota, Colombia","","https://ehif.fa.em2.oraclecloud.com/hcmUI/CandidateExperience/en/sites/CX_1/job/27356"
"Thailand","Wood","Senior Planning Engineer","Projects","Si Racha, Chon Buri, Thailand","","https://ehif.fa.em2.oraclecloud.com/hcmUI/CandidateExperience/en/sites/CX_1/job/27387"
"Canada","Wood","Lead Piping Designer","Engineering","Edmonton, AB, Canada","","https://ehif.fa.em2.oraclecloud.com/hcmUI/CandidateExperience/en/sites/CX_1/job/27368"
"Australia","Wood","Trade Assistant - Ampol Turnaround, Lytton","Engineering","Lytton, Queensland, Australia","","https://ehif.fa.em2.oraclecloud.com/hcmUI/CandidateExperience/en/sites/CX_1/job/27312"
"Colombia","Wood","Project Engineering IV.","Projects","Bogota, Colombia","","https://ehif.fa.em2.oraclecloud.com/hcmUI/CandidateExperience/en/sites/CX_1/job/27308"
"Peru","Wood","Ingeniero/a Sr. de Control de Proyectos","Engineering","Lima, Peru","","https://ehif.fa.em2.oraclecloud.com/hcmUI/CandidateExperience/en/sites/CX_1/job/27214"
"Canada","Wood","Quality Manager","Management","Saskatoon, SK, Canada","","https://ehif.fa.em2.oraclecloud.com/hcmUI/CandidateExperience/en/sites/CX_1/job/27242"
"Canada","Wood","Mechanical Engineer","Operations","Saskatoon, SK, Canada","","https://ehif.fa.em2.oraclecloud.com/hcmUI/CandidateExperience/en/sites/CX_1/job/27299"
"Canada","Wood","HVAC Designer","Engineering","Saskatoon, SK, Canada","","https://ehif.fa.em2.oraclecloud.com/hcmUI/CandidateExperience/en/sites/CX_1/job/27301"
"Canada","Wood","Piping Designer","Engineering","Saskatoon, SK, Canada","","https://ehif.fa.em2.oraclecloud.com/hcmUI/CandidateExperience/en/sites/CX_1/job/27300"
"Canada","Wood","Study Manager (M&M)","Management","Vancouver, BC, Canada","","https://ehif.fa.em2.oraclecloud.com/hcmUI/CandidateExperience/en/sites/CX_1/job/27304"
"Canada","Wood","Piping Engineer","Engineering","Saskatoon, SK, Canada","","https://ehif.fa.em2.oraclecloud.com/hcmUI/CandidateExperience/en/sites/CX_1/job/27306"
"Canada","Wood","HVAC Engineer","Engineering","Saskatoon, SK, Canada","","https://ehif.fa.em2.oraclecloud.com/hcmUI/CandidateExperience/en/sites/CX_1/job/27307"
"Saudi Arabia","Wood","TPE IV/Senior Structural Engineer","Engineering","Al-Khobar, Saudi Arabia","","https://ehif.fa.em2.oraclecloud.com/hcmUI/CandidateExperience/en/sites/CX_1/job/24385"
"Saudi Arabia","Wood","TPE V / Principal Structural Engineer","Engineering","Saudi Arabia","","https://ehif.fa.em2.oraclecloud.com/hcmUI/CandidateExperience/en/sites/CX_1/job/24386"
"Saudi Arabia","Wood","TPE IV / Senior Civil Engineer","Engineering","Saudi Arabia","","https://ehif.fa.em2.oraclecloud.com/hcmUI/CandidateExperience/en/sites/CX_1/job/24387"
"Saudi Arabia","Wood","TPE V/ Principal Civil Engineer","Engineering","Saudi Arabia","","https://ehif.fa.em2.oraclecloud.com/hcmUI/CandidateExperience/en/sites/CX_1/job/24388"
"Saudi Arabia","Wood","ED III Civil/Structural Designer","Engineering","Saudi Arabia","","https://ehif.fa.em2.oraclecloud.com/hcmUI/CandidateExperience/en/sites/CX_1/job/25061"
"United Kingdom","Wood","Electrical Technician","Operations","Hemel Hempstead, Hertfordshire, United Kingdom","","https://ehif.fa.em2.oraclecloud.com/hcmUI/CandidateExperience/en/sites/CX_1/job/26571"
"Colombia","Wood","Control Proyectos","Engineering","Bogota, Colombia","","https://ehif.fa.em2.oraclecloud.com/hcmUI/CandidateExperience/en/sites/CX_1/job/26879"
"United States","Wood","Subcontracts Manager","Legal","Minneapolis, MN, United States","","https://ehif.fa.em2.oraclecloud.com/hcmUI/CandidateExperience/en/sites/CX_1/job/26924"
"Thailand","Wood","Field Mechanical Equipment Engineer","Operations","Si Racha, Chon Buri, Thailand","","https://ehif.fa.em2.oraclecloud.com/hcmUI/CandidateExperience/en/sites/CX_1/job/26992"
"Thailand","Wood","Commissioning Supervisor - Mechanical/HVAC","Operations","Si Racha, Chon Buri, Thailand","","https://ehif.fa.em2.oraclecloud.com/hcmUI/CandidateExperience/en/sites/CX_1/job/27047"
"United States","Wood","EOI Sr. Automation Technical Professional","Engineering","Houston, TX, United States","","https://ehif.fa.em2.oraclecloud.com/hcmUI/CandidateExperience/en/sites/CX_1/job/27078"
"United States","Wood","Lead Structural Engineer","Engineering","Greenville, SC, United States","","https://ehif.fa.em2.oraclecloud.com/hcmUI/CandidateExperience/en/sites/CX_1/job/27135"
"Thailand","Wood","Senior Field Civil Engineer","Engineering","Si Racha, Chon Buri, Thailand","","https://ehif.fa.em2.oraclecloud.com/hcmUI/CandidateExperience/en/sites/CX_1/job/27199"
"Australia","Wood","E&I Construction Coordinator (Oil & Gas)","Projects","Australia","","https://ehif.fa.em2.oraclecloud.com/hcmUI/CandidateExperience/en/sites/CX_1/job/27223"
"Canada","Wood","Senior Construction Manager - EPCM Pipelines","Projects","Calgary, AB, Canada","","https://ehif.fa.em2.oraclecloud.com/hcmUI/CandidateExperience/en/sites/CX_1/job/27241"
"Qatar","Wood","Principal Document & Information Management","Management","Doha, Qatar","","https://ehif.fa.em2.oraclecloud.com/hcmUI/CandidateExperience/en/sites/CX_1/job/26449"
"Oman","Wood","Senior Process Engineer","Engineering","Muscat, Oman","","https://ehif.fa.em2.oraclecloud.com/hcmUI/CandidateExperience/en/sites/CX_1/job/26988"
"United States","Wood","Pipefitter Apprentice","Graduate","United States","","https://ehif.fa.em2.oraclecloud.com/hcmUI/CandidateExperience/en/sites/CX_1/job/26971"
"Canada","Wood","HSE Advisor","HSE","Saskatoon, SK, Canada","","https://ehif.fa.em2.oraclecloud.com/hcmUI/CandidateExperience/en/sites/CX_1/job/27219"
"Brunei Darussalam","Wood","Senior Piping Desginer","Engineering","Brunei Darussalam","","https://ehif.fa.em2.oraclecloud.com/hcmUI/CandidateExperience/en/sites/CX_1/job/25652"
"United States","Wood","Construction Manager - Life Sciences","Projects","MD, United States","","https://ehif.fa.em2.oraclecloud.com/hcmUI/CandidateExperience/en/sites/CX_1/job/26887"
"United States","Wood","Construction Manager Life Sciences Project EOI","Projects","GA, United States","","https://ehif.fa.em2.oraclecloud.com/hcmUI/CandidateExperience/en/sites/CX_1/job/26888"
"United States","Wood","Construction Supervisor Life Sciences Project EOI","Projects","GA, United States","","https://ehif.fa.em2.oraclecloud.com/hcmUI/CandidateExperience/en/sites/CX_1/job/26889"
"Canada","Wood","Senior Structural Engineer - Dynamic Design Specialist","Engineering","Calgary, AB, Canada","","https://ehif.fa.em2.oraclecloud.com/hcmUI/CandidateExperience/en/sites/CX_1/job/26935"
"Thailand","Wood","Cost Engineer","Engineering","Si Racha, Chon Buri, Thailand","","https://ehif.fa.em2.oraclecloud.com/hcmUI/CandidateExperience/en/sites/CX_1/job/27200"
"Canada","Wood","Project Engineer","Projects","Vancouver, BC, Canada","","https://ehif.fa.em2.oraclecloud.com/hcmUI/CandidateExperience/en/sites/CX_1/job/27193"
"Canada","Wood","Project Engineer","Projects","Saskatoon, SK, Canada","","https://ehif.fa.em2.oraclecloud.com/hcmUI/CandidateExperience/en/sites/CX_1/job/27195"
"United States","Wood","Field Service Engineer / Technician - Conventional Power","Operations","United States","","https://ehif.fa.em2.oraclecloud.com/hcmUI/CandidateExperience/en/sites/CX_1/job/25497"
"United States","Wood","Quality Inspector","Engineering","Goldsmith, TX, United States","","https://ehif.fa.em2.oraclecloud.com/hcmUI/CandidateExperience/en/sites/CX_1/job/26733"
"United States","Wood","Senior Lead Fire Protection Engineer V – TKR","Engineering","Tucker, GA, United States","","https://ehif.fa.em2.oraclecloud.com/hcmUI/CandidateExperience/en/sites/CX_1/job/26970"
"United States","Wood","General Foreman","Engineering","United States","","https://ehif.fa.em2.oraclecloud.com/hcmUI/CandidateExperience/en/sites/CX_1/job/26981"
"United States","Wood","Onsite Project Manager - Life Sciences","Projects","Rockville, MD, United States","","https://ehif.fa.em2.oraclecloud.com/hcmUI/CandidateExperience/en/sites/CX_1/job/27075"
"Saudi Arabia","Wood","Expression of Interest – PMC - Project Controls & Planning Roles","Projects","Saudi Arabia","","https://ehif.fa.em2.oraclecloud.com/hcmUI/CandidateExperience/en/sites/CX_1/job/27056"
"Saudi Arabia","Wood","Expression of Interest – PMC - Engineering & Construction Management Roles","Engineering","Saudi Arabia","","https://ehif.fa.em2.oraclecloud.com/hcmUI/CandidateExperience/en/sites/CX_1/job/27057"
"Thailand","Wood","Lead Invoice Coordinator","Management","Si Racha, Chon Buri, Thailand","","https://ehif.fa.em2.oraclecloud.com/hcmUI/CandidateExperience/en/sites/CX_1/job/27092"
"United States","Wood","Onsite Project Manager - Life Sciences","Projects","Rockville, MD, United States","","https://ehif.fa.em2.oraclecloud.com/hcmUI/CandidateExperience/en/sites/CX_1/job/27085"
"Kazakhstan","Wood","Senior Civil/Structural Engineer","Engineering","Atyrau, Kazakhstan","","https://ehif.fa.em2.oraclecloud.com/hcmUI/CandidateExperience/en/sites/CX_1/job/27173"
"Colombia","Wood","Diseñador Civil III","Engineering","Bogota, Colombia","","https://ehif.fa.em2.oraclecloud.com/hcmUI/CandidateExperience/en/sites/CX_1/job/26973"
"Colombia","Wood","Diseñador Civil IV","Engineering","Bogota, Colombia","","https://ehif.fa.em2.oraclecloud.com/hcmUI/CandidateExperience/en/sites/CX_1/job/26974"
"Colombia","Wood","Ingeniero Civil VI","Engineering","Bogota, Colombia","","https://ehif.fa.em2.oraclecloud.com/hcmUI/CandidateExperience/en/sites/CX_1/job/26975"
"Colombia","Wood","Ingeniero Civil V","Engineering","Bogota, Colombia","","https://ehif.fa.em2.oraclecloud.com/hcmUI/CandidateExperience/en/sites/CX_1/job/26976"
"Saudi Arabia","Wood","Supply Chain Specialist","Supply Chain","Saudi Arabia","","https://ehif.fa.em2.oraclecloud.com/hcmUI/CandidateExperience/en/sites/CX_1/job/27014"
"Mexico","Wood","Construction Manager","Projects","Tampico, Mexico","","https://ehif.fa.em2.oraclecloud.com/hcmUI/CandidateExperience/en/sites/CX_1/job/27082"
"United States","Wood","Junior Structural Engineer","Engineering","Greenville, SC, United States","","https://ehif.fa.em2.oraclecloud.com/hcmUI/CandidateExperience/en/sites/CX_1/job/27039"
"Canada","Wood","Senior Lead Electrical Engineer","Engineering","Vancouver, BC, Canada","","https://ehif.fa.em2.oraclecloud.com/hcmUI/CandidateExperience/en/sites/CX_1/job/27083"
"United States","Wood","Water Technician","Operations","Gillette, WY, United States","","https://ehif.fa.em2.oraclecloud.com/hcmUI/CandidateExperience/en/sites/CX_1/job/27138"
"Canada","Wood","2026 Indigenous Summer Student Program – Non-Engineering","Engineering","Calgary, AB, Canada","","https://ehif.fa.em2.oraclecloud.com/hcmUI/CandidateExperience/en/sites/CX_1/job/27134"
"Australia","Wood","Technical Safety Engineer","HSE","Perth, Western Australia, Australia","","https://ehif.fa.em2.oraclecloud.com/hcmUI/CandidateExperience/en/sites/CX_1/job/26753"
"Spain","Wood","Senior Civil Engineer","Engineering","Madrid, Spain","","https://ehif.fa.em2.oraclecloud.com/hcmUI/CandidateExperience/en/sites/CX_1/job/26885"
"United States","Wood","Crane Operator I","Operations","United States","","https://ehif.fa.em2.oraclecloud.com/hcmUI/CandidateExperience/en/sites/CX_1/job/26977"
"United States","Wood","Civil Journeyman","Engineering","United States","","https://ehif.fa.em2.oraclecloud.com/hcmUI/CandidateExperience/en/sites/CX_1/job/26978"
"United States","Wood","Coating and Painting Journeyman","Engineering","United States","","https://ehif.fa.em2.oraclecloud.com/hcmUI/CandidateExperience/en/sites/CX_1/job/26979"
"Qatar","Wood","Project Manager","Projects","Doha, Qatar","","https://ehif.fa.em2.oraclecloud.com/hcmUI/CandidateExperience/en/sites/CX_1/job/27015"
"United States","Wood","Materials Handler","Engineering","United States","","https://ehif.fa.em2.oraclecloud.com/hcmUI/CandidateExperience/en/sites/CX_1/job/27027"
"United States","Wood","Rigger","Drilling","United States","","https://ehif.fa.em2.oraclecloud.com/hcmUI/CandidateExperience/en/sites/CX_1/job/27029"
"United States","Wood","Scaffolder","Engineering","United States","","https://ehif.fa.em2.oraclecloud.com/hcmUI/CandidateExperience/en/sites/CX_1/job/27030"
"United States","Wood","Welder","Engineering","United States","","https://ehif.fa.em2.oraclecloud.com/hcmUI/CandidateExperience/en/sites/CX_1/job/27031"
"Saudi Arabia","Wood","Expression of Interest – PMC - HSE Roles","HSE","Saudi Arabia","","https://ehif.fa.em2.oraclecloud.com/hcmUI/CandidateExperience/en/sites/CX_1/job/27054"
"UAE","Wood","Engineering Manager","Engineering","Abu Dhabi, United Arab Emirates","","https://ehif.fa.em2.oraclecloud.com/hcmUI/CandidateExperience/en/sites/CX_1/job/27049"
"India","Wood","Senior Software Developer (.Net Full Stack)","Digital/IT","Chennai, Tamil Nadu, India","","https://ehif.fa.em2.oraclecloud.com/hcmUI/CandidateExperience/en/sites/CX_1/job/21371"
"United States","Wood","Junior Structural Engineer","Engineering","Tucker, GA, United States","","https://ehif.fa.em2.oraclecloud.com/hcmUI/CandidateExperience/en/sites/CX_1/job/26286"
"Norway","Wood","Senior Ingeniør Elektro og Instrument","Engineering","Bergen, Vestland, Norway","","https://ehif.fa.em2.oraclecloud.com/hcmUI/CandidateExperience/en/sites/CX_1/job/26951"
"Kazakhstan","Wood","Senior SPI Designer","Engineering","Atyrau, Kazakhstan","","https://ehif.fa.em2.oraclecloud.com/hcmUI/CandidateExperience/en/sites/CX_1/job/27017"
"United Kingdom","Wood","Construction Engineer - Lifting","Engineering","Redcar, Cleveland, United Kingdom","","https://ehif.fa.em2.oraclecloud.com/hcmUI/CandidateExperience/en/sites/CX_1/job/26968"
"Thailand","Wood","Senior Field Package Equipment Engineer","Engineering","Si Racha, Chon Buri, Thailand","","https://ehif.fa.em2.oraclecloud.com/hcmUI/CandidateExperience/en/sites/CX_1/job/26990"
"Thailand","Wood","Senior Pipe Stress Engineer","Engineering","Si Racha, Chon Buri, Thailand","","https://ehif.fa.em2.oraclecloud.com/hcmUI/CandidateExperience/en/sites/CX_1/job/26649"
"Qatar","Wood","Senior Pipelines Engineer","Engineering","Doha, Qatar","","https://ehif.fa.em2.oraclecloud.com/hcmUI/CandidateExperience/en/sites/CX_1/job/26859"
"United States","Wood","Senior Power Project Manager","Projects","Tucker, GA, United States","","https://ehif.fa.em2.oraclecloud.com/hcmUI/CandidateExperience/en/sites/CX_1/job/26891"
"Thailand","Wood","Commissioning Supervisor - Mechanical/HVAC","Operations","Si Racha, Chon Buri, Thailand","","https://ehif.fa.em2.oraclecloud.com/hcmUI/CandidateExperience/en/sites/CX_1/job/24623"
"Thailand","Wood","Buyer","Supply Chain","Si Racha, Chon Buri, Thailand","","https://ehif.fa.em2.oraclecloud.com/hcmUI/CandidateExperience/en/sites/CX_1/job/26612"
"Thailand","Wood","Materials Controller","Engineering","Si Racha, Chon Buri, Thailand","","https://ehif.fa.em2.oraclecloud.com/hcmUI/CandidateExperience/en/sites/CX_1/job/26642"
"United States","Wood","Construction Project Engineer","Projects","United States","","https://ehif.fa.em2.oraclecloud.com/hcmUI/CandidateExperience/en/sites/CX_1/job/26729"
"Colombia","Wood","Ingeniero Civil IV","Engineering","Bogota, Colombia","","https://ehif.fa.em2.oraclecloud.com/hcmUI/CandidateExperience/en/sites/CX_1/job/26886"
"Canada","Wood","Lead Civil Engineer","Engineering","Saskatoon, SK, Canada","","https://ehif.fa.em2.oraclecloud.com/hcmUI/CandidateExperience/en/sites/CX_1/job/26928"
"Canada","Wood","Lead Civil Engineer","Engineering","Vancouver, BC, Canada","","https://ehif.fa.em2.oraclecloud.com/hcmUI/CandidateExperience/en/sites/CX_1/job/26929"
"Canada","Wood","Lead Civil Engineer","Engineering","Burlington, ON, Canada","","https://ehif.fa.em2.oraclecloud.com/hcmUI/CandidateExperience/en/sites/CX_1/job/26930"
"Italy","Wood","Senior HVAC Engineer","Engineering","Milan, Italy","","https://ehif.fa.em2.oraclecloud.com/hcmUI/CandidateExperience/en/sites/CX_1/job/26960"
"Chile","Wood","Proyectista Electricidad y/o Instrumentación BIM","Engineering","Chile","","https://ehif.fa.em2.oraclecloud.com/hcmUI/CandidateExperience/en/sites/CX_1/job/26962"
"United States","Wood","Laborer P&I","Engineering","United States","","https://ehif.fa.em2.oraclecloud.com/hcmUI/CandidateExperience/en/sites/CX_1/job/26460"
"United States","Wood","Boilermaker P&I","Engineering","United States","","https://ehif.fa.em2.oraclecloud.com/hcmUI/CandidateExperience/en/sites/CX_1/job/26461"
"United States","Wood","PipeFitter P&I","Engineering","United States","","https://ehif.fa.em2.oraclecloud.com/hcmUI/CandidateExperience/en/sites/CX_1/job/26462"
"United States","Wood","Foreman P&I","Engineering","United States","","https://ehif.fa.em2.oraclecloud.com/hcmUI/CandidateExperience/en/sites/CX_1/job/26466"
"United States","Wood","Bricklayer P&I","Engineering","FL, United States","","https://ehif.fa.em2.oraclecloud.com/hcmUI/CandidateExperience/en/sites/CX_1/job/26467"
"United States","Wood","Helper P&I","Engineering","FL, United States","","https://ehif.fa.em2.oraclecloud.com/hcmUI/CandidateExperience/en/sites/CX_1/job/26468"
"Chile","Wood","Ingeniero(a) Junior de Control de Proyectos & Estimaciones","Graduate","Chile","","https://ehif.fa.em2.oraclecloud.com/hcmUI/CandidateExperience/en/sites/CX_1/job/26511"
"United States","Wood","Subcontracts Manager","Legal","El Dorado, AR, United States","","https://ehif.fa.em2.oraclecloud.com/hcmUI/CandidateExperience/en/sites/CX_1/job/26593"
"Thailand","Wood","Senior Process Control Engineer","Engineering","Si Racha, Chon Buri, Thailand","","https://ehif.fa.em2.oraclecloud.com/hcmUI/CandidateExperience/en/sites/CX_1/job/26629"
"Thailand","Wood","Principal Piping Material Engineer","Engineering","Si Racha, Chon Buri, Thailand","","https://ehif.fa.em2.oraclecloud.com/hcmUI/CandidateExperience/en/sites/CX_1/job/26651"
"Thailand","Wood","Senior Piping Materials Engineer","Engineering","Si Racha, Chon Buri, Thailand","","https://ehif.fa.em2.oraclecloud.com/hcmUI/CandidateExperience/en/sites/CX_1/job/26652"
"Thailand","Wood","Pipe Stress Engineer","Engineering","Si Racha, Chon Buri, Thailand","","https://ehif.fa.em2.oraclecloud.com/hcmUI/CandidateExperience/en/sites/CX_1/job/26654"
"United States","Wood","Inspector","Engineering","New Orleans, LA, United States","","https://ehif.fa.em2.oraclecloud.com/hcmUI/CandidateExperience/en/sites/CX_1/job/26774"
"Thailand","Wood","Piping Designer","Engineering","Si Racha, Chon Buri, Thailand","","https://ehif.fa.em2.oraclecloud.com/hcmUI/CandidateExperience/en/sites/CX_1/job/26810"
"Colombia","Wood","Diseñador Eléctrico","Engineering","Colombia","","https://ehif.fa.em2.oraclecloud.com/hcmUI/CandidateExperience/en/sites/CX_1/job/26890"
"Colombia","Wood","Diseñador Eléctrico","Engineering","Colombia","","https://ehif.fa.em2.oraclecloud.com/hcmUI/CandidateExperience/en/sites/CX_1/job/26892"
"United States","Wood","Lead I&E Engineer – Offshore Brownfield Engineering","Projects","Metairie, LA, United States","","https://ehif.fa.em2.oraclecloud.com/hcmUI/CandidateExperience/en/sites/CX_1/job/26870"
"United States","Wood","Lead Mechanical Engineer - Offshore Brownfield Engineering","Operations","Metairie, LA, United States","","https://ehif.fa.em2.oraclecloud.com/hcmUI/CandidateExperience/en/sites/CX_1/job/26871"
"United States","Wood","Lead Process Engineer - Offshore Brownfield Engineering","Projects","Metairie, LA, United States","","https://ehif.fa.em2.oraclecloud.com/hcmUI/CandidateExperience/en/sites/CX_1/job/26873"
"United States","Wood","Project Manager - Offshore Brownfield Engineering","Projects","Metairie, LA, United States","","https://ehif.fa.em2.oraclecloud.com/hcmUI/CandidateExperience/en/sites/CX_1/job/26874"
"United States","Wood","Welder P&I","Engineering","United States","","https://ehif.fa.em2.oraclecloud.com/hcmUI/CandidateExperience/en/sites/CX_1/job/26464"
"United States","Wood","Financial Planning and Analysis Manager","Projects","Houston, TX, United States","","https://ehif.fa.em2.oraclecloud.com/hcmUI/CandidateExperience/en/sites/CX_1/job/26518"
"Canada","Wood","Senior Finance  Manager","Finance","Saskatoon, SK, Canada","","https://ehif.fa.em2.oraclecloud.com/hcmUI/CandidateExperience/en/sites/CX_1/job/26520"
"United States","Wood","Senior Construction Manager - Power - EOI","Projects","TX, United States","","https://ehif.fa.em2.oraclecloud.com/hcmUI/CandidateExperience/en/sites/CX_1/job/26734"
"Norway","Wood","Senior Elektroingeniør","Engineering","Stavanger, Rogaland, Norway","","https://ehif.fa.em2.oraclecloud.com/hcmUI/CandidateExperience/en/sites/CX_1/job/26756"
"Norway","Wood","Senior Instrumentingeniør","Engineering","Stavanger, Rogaland, Norway","","https://ehif.fa.em2.oraclecloud.com/hcmUI/CandidateExperience/en/sites/CX_1/job/26757"
"Oman","Wood","Senior Piping Designer","Engineering","Muscat, Oman","","https://ehif.fa.em2.oraclecloud.com/hcmUI/CandidateExperience/en/sites/CX_1/job/26802"
"United States","Wood","Right of Way Manager","Drilling","Houston, TX, United States","","https://ehif.fa.em2.oraclecloud.com/hcmUI/CandidateExperience/en/sites/CX_1/job/26772"
"Chile","Wood","Supervisor(a) de Construcción","Engineering","Chile","","https://ehif.fa.em2.oraclecloud.com/hcmUI/CandidateExperience/en/sites/CX_1/job/26829"
"Canada","Wood","Piping EIT","Engineering","Calgary, AB, Canada","","https://ehif.fa.em2.oraclecloud.com/hcmUI/CandidateExperience/en/sites/CX_1/job/26841"
"Italy","Wood","Supply Chain Lead / Procurement Coordinator","Supply Chain","Milan, Italy","","https://ehif.fa.em2.oraclecloud.com/hcmUI/CandidateExperience/en/sites/CX_1/job/26834"
"Italy","Wood","Supply Chain Specialist / Buyer - Graduate","Supply Chain","Milan, Italy","","https://ehif.fa.em2.oraclecloud.com/hcmUI/CandidateExperience/en/sites/CX_1/job/26836"
"Chile","Wood","Especialista de Calidad (QA/QC)","Engineering","Santiago, Region Metropolitana, Chile","","https://ehif.fa.em2.oraclecloud.com/hcmUI/CandidateExperience/en/sites/CX_1/job/25871"
"United States","Wood","General Foreman P&I","Engineering","United States","","https://ehif.fa.em2.oraclecloud.com/hcmUI/CandidateExperience/en/sites/CX_1/job/26463"
"United Kingdom","Wood","Principal Process Consultant","Engineering","Glasgow, Lanarkshire, United Kingdom","","https://ehif.fa.em2.oraclecloud.com/hcmUI/CandidateExperience/en/sites/CX_1/job/26664"
"Kazakhstan","Wood","Project Engineer","Projects","Atyrau, Kazakhstan","","https://ehif.fa.em2.oraclecloud.com/hcmUI/CandidateExperience/en/sites/CX_1/job/26816"
"United States","Wood","Process Engineer - Power Generation","Engineering","Tucker, GA, United States","","https://ehif.fa.em2.oraclecloud.com/hcmUI/CandidateExperience/en/sites/CX_1/job/26626"
"Colombia","Wood","Ingeniero Civil VI","Engineering","Bogota, Colombia","","https://ehif.fa.em2.oraclecloud.com/hcmUI/CandidateExperience/en/sites/CX_1/job/26619"
"South Africa","Wood","Senior Civil & Structural Engineer","Engineering","Johannesburg, Gauteng, South Africa","","https://ehif.fa.em2.oraclecloud.com/hcmUI/CandidateExperience/en/sites/CX_1/job/26661"
"Italy","Wood","Subcontracts Specialist","Legal","Milan, Italy","","https://ehif.fa.em2.oraclecloud.com/hcmUI/CandidateExperience/en/sites/CX_1/job/26665"
"Italy","Wood","Subcontracts Manager","Legal","Milan, Italy","","https://ehif.fa.em2.oraclecloud.com/hcmUI/CandidateExperience/en/sites/CX_1/job/26670"
"Australia","Wood","Facilities Supervisor – Ampol Turnaround, Lytton","Engineering","Lytton, Queensland, Australia","","https://ehif.fa.em2.oraclecloud.com/hcmUI/CandidateExperience/en/sites/CX_1/job/26751"
"Australia","Wood","Mechanical Fitters - Ampol Lytton Turnaround","Operations","Lytton, Queensland, Australia","","https://ehif.fa.em2.oraclecloud.com/hcmUI/CandidateExperience/en/sites/CX_1/job/26253"
"Australia","Wood","Pipefitters - Ampol Lytton Turnaround","Engineering","Lytton, Queensland, Australia","","https://ehif.fa.em2.oraclecloud.com/hcmUI/CandidateExperience/en/sites/CX_1/job/26254"
"Australia","Wood","Welders - Ampol Lytton Turnaround","Engineering","Lytton, Queensland, Australia","","https://ehif.fa.em2.oraclecloud.com/hcmUI/CandidateExperience/en/sites/CX_1/job/26255"
"Australia","Wood","Riggers - Ampol Lytton Turnaround","Drilling","Lytton, Queensland, Australia","","https://ehif.fa.em2.oraclecloud.com/hcmUI/CandidateExperience/en/sites/CX_1/job/26258"
"Australia","Wood","E&I Technicians - Ampol Lytton Turnaround","Operations","Lytton, Queensland, Australia","","https://ehif.fa.em2.oraclecloud.com/hcmUI/CandidateExperience/en/sites/CX_1/job/26259"
"Canada","Wood","HSE Lead","HSE","Saskatoon, SK, Canada","","https://ehif.fa.em2.oraclecloud.com/hcmUI/CandidateExperience/en/sites/CX_1/job/26564"
"United States","Wood","Mechanic","Operations","Hebron, OH, United States","","https://ehif.fa.em2.oraclecloud.com/hcmUI/CandidateExperience/en/sites/CX_1/job/20625"
"Brunei Darussalam","Wood","Completion Engineer","Engineering","Brunei Darussalam","","https://ehif.fa.em2.oraclecloud.com/hcmUI/CandidateExperience/en/sites/CX_1/job/26599"
"United Kingdom","Wood","Principal/Senior Process Engineer PSC","Engineering","Glasgow, Lanarkshire, United Kingdom","","https://ehif.fa.em2.oraclecloud.com/hcmUI/CandidateExperience/en/sites/CX_1/job/26645"
"United States","Wood","Certified Rigger/Ironworker","Drilling","Freeport, TX, United States","","https://ehif.fa.em2.oraclecloud.com/hcmUI/CandidateExperience/en/sites/CX_1/job/10200"
"Saudi Arabia","Wood","Process Safety Engineer (Mining & Processing Plant)","HSE","Saudi Arabia","","https://ehif.fa.em2.oraclecloud.com/hcmUI/CandidateExperience/en/sites/CX_1/job/26539"
"Colombia","Wood","Ingeniero Civil V","Engineering","Barrancabermeja, Colombia","","https://ehif.fa.em2.oraclecloud.com/hcmUI/CandidateExperience/en/sites/CX_1/job/26561"
"Kazakhstan","Wood","Plot Plan and Roads Engineer","Engineering","Atyrau, Kazakhstan","","https://ehif.fa.em2.oraclecloud.com/hcmUI/CandidateExperience/en/sites/CX_1/job/26643"
"Chile","Wood","Ingeniero Senior Mecánico de Terreno","Engineering","Sierra Gorda, Antofagasta, Chile","","https://ehif.fa.em2.oraclecloud.com/hcmUI/CandidateExperience/en/sites/CX_1/job/26457"
"India","Wood","Senior Engineer II - Piping","Engineering","Kolkata, West Bengal, India","","https://ehif.fa.em2.oraclecloud.com/hcmUI/CandidateExperience/en/sites/CX_1/job/26570"
"United States","Wood","Senior Project Manager","Projects","Greenville, SC, United States","","https://ehif.fa.em2.oraclecloud.com/hcmUI/CandidateExperience/en/sites/CX_1/job/26591"
"Canada","Wood","Senior Project Manager (Projects Canada)","Projects","Calgary, AB, Canada","","https://ehif.fa.em2.oraclecloud.com/hcmUI/CandidateExperience/en/sites/CX_1/job/26477"
"United States","Wood","Automation Technical Professional DCS","Engineering","Whiting, IN, United States","","https://ehif.fa.em2.oraclecloud.com/hcmUI/CandidateExperience/en/sites/CX_1/job/26555"
"Colombia","Wood","HR Senior Administrator","HR","Bogota, Colombia","","https://ehif.fa.em2.oraclecloud.com/hcmUI/CandidateExperience/en/sites/CX_1/job/26560"
"Thailand","Wood","Senior Project Engineer","Projects","Si Racha, Chon Buri, Thailand","","https://ehif.fa.em2.oraclecloud.com/hcmUI/CandidateExperience/en/sites/CX_1/job/26566"
"Canada","Wood","Senior Project Manager (M&M)","Projects","Vancouver, BC, Canada","","https://ehif.fa.em2.oraclecloud.com/hcmUI/CandidateExperience/en/sites/CX_1/job/26429"
"United States","Wood","Automation Technical Professional - DCS","Engineering","Pasadena, TX, United States","","https://ehif.fa.em2.oraclecloud.com/hcmUI/CandidateExperience/en/sites/CX_1/job/26513"
"United States","Wood","Laborer","Engineering","Gillette, WY, United States","","https://ehif.fa.em2.oraclecloud.com/hcmUI/CandidateExperience/en/sites/CX_1/job/26557"
"Chile","Wood","Ingeniero Eléctrico de Terreno II","Engineering","Santiago, Region Metropolitana, Chile","","https://ehif.fa.em2.oraclecloud.com/hcmUI/CandidateExperience/en/sites/CX_1/job/26505"
"Colombia","Wood","Ingeniero Civil IV","Engineering","Barrancabermeja, Colombia","","https://ehif.fa.em2.oraclecloud.com/hcmUI/CandidateExperience/en/sites/CX_1/job/26313"
"United States","Wood","Senior/Lead Electrical Engineer","Engineering","Greenville, SC, United States","","https://ehif.fa.em2.oraclecloud.com/hcmUI/CandidateExperience/en/sites/CX_1/job/26414"
"United States","Wood","Power Systems Electrical Engineer","Engineering","Greenville, SC, United States","","https://ehif.fa.em2.oraclecloud.com/hcmUI/CandidateExperience/en/sites/CX_1/job/26415"
"Chile","Wood","Ingeniero(a) Civil en Obras Civiles","Engineering","Santiago, Region Metropolitana, Chile","","https://ehif.fa.em2.oraclecloud.com/hcmUI/CandidateExperience/en/sites/CX_1/job/26428"
"Chile","Wood","Ingeniero Civil Estructural","Engineering","Santiago, Region Metropolitana, Chile","","https://ehif.fa.em2.oraclecloud.com/hcmUI/CandidateExperience/en/sites/CX_1/job/26430"
"Chile","Wood","Arquitecto/a","Engineering","Santiago, Region Metropolitana, Chile","","https://ehif.fa.em2.oraclecloud.com/hcmUI/CandidateExperience/en/sites/CX_1/job/26432"
"Chile","Wood","Diseñador Estructural","Engineering","Santiago, Region Metropolitana, Chile","","https://ehif.fa.em2.oraclecloud.com/hcmUI/CandidateExperience/en/sites/CX_1/job/26433"
"Colombia","Wood","Ingeniero Civil VI","Engineering","Bogota, Colombia","","https://ehif.fa.em2.oraclecloud.com/hcmUI/CandidateExperience/en/sites/CX_1/job/26504"
"Chile","Wood","Ing. Mecánico de Terreno II","Engineering","Santiago, Region Metropolitana, Chile","","https://ehif.fa.em2.oraclecloud.com/hcmUI/CandidateExperience/en/sites/CX_1/job/26510"
"Canada","Wood","Project Manager (M&M)","Projects","Saskatoon, SK, Canada","","https://ehif.fa.em2.oraclecloud.com/hcmUI/CandidateExperience/en/sites/CX_1/job/26393"
"Canada","Wood","Senior Project Manager (M&M)","Projects","Saskatoon, SK, Canada","","https://ehif.fa.em2.oraclecloud.com/hcmUI/CandidateExperience/en/sites/CX_1/job/26394"
"United States","Wood","Junior Field Electrical & Instrumentation Designer","Engineering","Midland, TX, United States","","https://ehif.fa.em2.oraclecloud.com/hcmUI/CandidateExperience/en/sites/CX_1/job/26417"
"United States","Wood","Junior Field Electrical & Instrumentation Designer","Engineering","Greeley, CO, United States","","https://ehif.fa.em2.oraclecloud.com/hcmUI/CandidateExperience/en/sites/CX_1/job/26419"
"Canada","Wood","Senior Project Manager (M&M)","Projects","Burlington, ON, Canada","","https://ehif.fa.em2.oraclecloud.com/hcmUI/CandidateExperience/en/sites/CX_1/job/26431"
"Thailand","Wood","Senior System Engineer","Engineering","Si Racha, Chon Buri, Thailand","","https://ehif.fa.em2.oraclecloud.com/hcmUI/CandidateExperience/en/sites/CX_1/job/26438"
"United States","Wood","Project Coordinator - Industrial Facilities","Engineering","La Porte, TX, United States","","https://ehif.fa.em2.oraclecloud.com/hcmUI/CandidateExperience/en/sites/CX_1/job/26470"
"Canada","Wood","Pipefitter/Boilermaker Journeyperson - Adhoc","Engineering","St. John's, NL, Canada","","https://ehif.fa.em2.oraclecloud.com/hcmUI/CandidateExperience/en/sites/CX_1/job/26459"
"Equatorial Guinea","Wood","Mechanical Technician","Operations","Equatorial Guinea","","https://ehif.fa.em2.oraclecloud.com/hcmUI/CandidateExperience/en/sites/CX_1/job/26377"
"Canada","Wood","Instrumentation & Controls Engineer","Engineering","Saskatoon, SK, Canada","","https://ehif.fa.em2.oraclecloud.com/hcmUI/CandidateExperience/en/sites/CX_1/job/26386"
"Canada","Wood","Instrumentation & Controls Engineer","Engineering","Trail, BC, Canada","","https://ehif.fa.em2.oraclecloud.com/hcmUI/CandidateExperience/en/sites/CX_1/job/26388"
"Canada","Wood","Instrumentation & Controls Engineer","Engineering","Burlington, ON, Canada","","https://ehif.fa.em2.oraclecloud.com/hcmUI/CandidateExperience/en/sites/CX_1/job/26389"
"Canada","Wood","Electrical Designer","Engineering","Saskatoon, SK, Canada","","https://ehif.fa.em2.oraclecloud.com/hcmUI/CandidateExperience/en/sites/CX_1/job/26390"
"Canada","Wood","Electrical Designer","Engineering","Trail, BC, Canada","","https://ehif.fa.em2.oraclecloud.com/hcmUI/CandidateExperience/en/sites/CX_1/job/26391"
"Canada","Wood","Electrical Designer","Engineering","Burlington, ON, Canada","","https://ehif.fa.em2.oraclecloud.com/hcmUI/CandidateExperience/en/sites/CX_1/job/26392"
"United States","Wood","Field Piping Designer","Engineering","Midland, TX, United States","","https://ehif.fa.em2.oraclecloud.com/hcmUI/CandidateExperience/en/sites/CX_1/job/26422"
"United States","Wood","Field Piping Designer","Engineering","Greeley, CO, United States","","https://ehif.fa.em2.oraclecloud.com/hcmUI/CandidateExperience/en/sites/CX_1/job/26425"
"United States","Wood","Field Piping Junior Designer I/ Tech Professional","Engineering","Midland, TX, United States","","https://ehif.fa.em2.oraclecloud.com/hcmUI/CandidateExperience/en/sites/CX_1/job/26426"
"United States","Wood","Field Piping Junior Designer I/ Tech Professional","Engineering","Greeley, CO, United States","","https://ehif.fa.em2.oraclecloud.com/hcmUI/CandidateExperience/en/sites/CX_1/job/26427"
"Colombia","Wood","Ingeniero Civil","Engineering","Colombia","","https://ehif.fa.em2.oraclecloud.com/hcmUI/CandidateExperience/en/sites/CX_1/job/25594"
"Colombia","Wood","Diseñador Civl","Engineering","Colombia","","https://ehif.fa.em2.oraclecloud.com/hcmUI/CandidateExperience/en/sites/CX_1/job/25595"
"Iraq","Wood","Quality Supervisor - Expression of Interest - Short Term","Engineering","Basra, Iraq","","https://ehif.fa.em2.oraclecloud.com/hcmUI/CandidateExperience/en/sites/CX_1/job/26163"
"United Kingdom","Wood","Chief Instrumentation & Controls Engineer","Engineering","Reading, Berkshire, United Kingdom","","https://ehif.fa.em2.oraclecloud.com/hcmUI/CandidateExperience/en/sites/CX_1/job/26345"
"United States","Wood","Survey Technician I","Operations","Houston, TX, United States","","https://ehif.fa.em2.oraclecloud.com/hcmUI/CandidateExperience/en/sites/CX_1/job/23875"
"Oman","Wood","Senior Concept Engineer","Engineering","Muscat, Oman","","https://ehif.fa.em2.oraclecloud.com/hcmUI/CandidateExperience/en/sites/CX_1/job/26235"
"Colombia","Wood","Ingeniero Civil VI","Engineering","Bogota, Colombia","","https://ehif.fa.em2.oraclecloud.com/hcmUI/CandidateExperience/en/sites/CX_1/job/26252"
"Canada","Wood","Estimator","Projects","Vancouver, BC, Canada","","https://ehif.fa.em2.oraclecloud.com/hcmUI/CandidateExperience/en/sites/CX_1/job/26347"
"Qatar","Wood","Intern Flow Assurance","Graduate","Doha, Qatar","","https://ehif.fa.em2.oraclecloud.com/hcmUI/CandidateExperience/en/sites/CX_1/job/26114"
"Mexico","Wood","Superintendente de construcción senior","Management","Monterrey, Mexico","","https://ehif.fa.em2.oraclecloud.com/hcmUI/CandidateExperience/en/sites/CX_1/job/26068"
"Colombia","Wood","Project Engineering III","Projects","Bogota, Colombia","","https://ehif.fa.em2.oraclecloud.com/hcmUI/CandidateExperience/en/sites/CX_1/job/26093"
"Iraq","Wood","Marine Supervisor – Expression of Interest - Short Term","Engineering","Basra, Iraq","","https://ehif.fa.em2.oraclecloud.com/hcmUI/CandidateExperience/en/sites/CX_1/job/26164"
"Iraq","Wood","CSA (Civil & Structural) Supervisor – Expression of Interest - Short Term","Engineering","Basra, Iraq","","https://ehif.fa.em2.oraclecloud.com/hcmUI/CandidateExperience/en/sites/CX_1/job/26179"
"Iraq","Wood","Construction Lead (Marine Works) – Expression of Interest - Short Term","Projects","Basra, Iraq","","https://ehif.fa.em2.oraclecloud.com/hcmUI/CandidateExperience/en/sites/CX_1/job/26161"
"Iraq","Wood","Site Engineer (Mechanical / Piping) - Expression of Interest - 6 months","Operations","Basra, Iraq","","https://ehif.fa.em2.oraclecloud.com/hcmUI/CandidateExperience/en/sites/CX_1/job/26194"
"Iraq","Wood","HSE Supervisor- Expression of Interest - Short Term","HSE","Basra, Iraq","","https://ehif.fa.em2.oraclecloud.com/hcmUI/CandidateExperience/en/sites/CX_1/job/26195"
"Canada","Wood","2026 Indigenous Summer Student Program - Engineering","Engineering","Vancouver, BC, Canada","","https://ehif.fa.em2.oraclecloud.com/hcmUI/CandidateExperience/en/sites/CX_1/job/26244"
"Thailand","Wood","Senior Project Engineer","Projects","Si Racha, Chon Buri, Thailand","","https://ehif.fa.em2.oraclecloud.com/hcmUI/CandidateExperience/en/sites/CX_1/job/26293"
"United States","Wood","Principal Cable Design Engineer","Engineering","Orlando, FL, United States","","https://ehif.fa.em2.oraclecloud.com/hcmUI/CandidateExperience/en/sites/CX_1/job/26048"
"Qatar","Wood","Principal Technical Safety Engineer","HSE","Doha, Qatar","","https://ehif.fa.em2.oraclecloud.com/hcmUI/CandidateExperience/en/sites/CX_1/job/26222"
"Colombia","Wood","Ingeniero de Procesos (Expresión de Interés)","Engineering","Colombia","","https://ehif.fa.em2.oraclecloud.com/hcmUI/CandidateExperience/en/sites/CX_1/job/25586"
"Iraq","Wood","E&I Supervisor - Expression of Interest - Short Term","Engineering","Basra, Iraq","","https://ehif.fa.em2.oraclecloud.com/hcmUI/CandidateExperience/en/sites/CX_1/job/25693"
"Australia","Wood","E&I Supervisor - Ampol Lytton Turnaround","Engineering","Lytton, Queensland, Australia","","https://ehif.fa.em2.oraclecloud.com/hcmUI/CandidateExperience/en/sites/CX_1/job/26213"
"Argentina","Wood","Ingeniero Eléctrico Sr. - CABA","Engineering","Buenos Aires, Argentina","","https://ehif.fa.em2.oraclecloud.com/hcmUI/CandidateExperience/en/sites/CX_1/job/26121"
"United Kingdom","Wood","Principal Structural Engineer - PSC","Engineering","Reading, Berkshire, United Kingdom","","https://ehif.fa.em2.oraclecloud.com/hcmUI/CandidateExperience/en/sites/CX_1/job/26073"
"Australia","Wood","HSE Advisor – Ampol Lytton Turnaround","HSE","Lytton, Queensland, Australia","","https://ehif.fa.em2.oraclecloud.com/hcmUI/CandidateExperience/en/sites/CX_1/job/26011"
"Spain","Wood","Pressure Parts Senior Engineer","Engineering","Madrid, Spain","","https://ehif.fa.em2.oraclecloud.com/hcmUI/CandidateExperience/en/sites/CX_1/job/25959"
"Spain","Wood","Steel Structure and Non Pressure Parts Engineer","Engineering","Madrid, Spain","","https://ehif.fa.em2.oraclecloud.com/hcmUI/CandidateExperience/en/sites/CX_1/job/25980"
"Spain","Wood","General & Pressure Parts Senior Designer","Engineering","Madrid, Spain","","https://ehif.fa.em2.oraclecloud.com/hcmUI/CandidateExperience/en/sites/CX_1/job/26009"
"Thailand","Wood","Lead HSSE Supervisor","HSE","Si Racha, Chon Buri, Thailand","","https://ehif.fa.em2.oraclecloud.com/hcmUI/CandidateExperience/en/sites/CX_1/job/24464"
"Thailand","Wood","Telecommunication Engineer","Engineering","Bangkok, Thailand","","https://ehif.fa.em2.oraclecloud.com/hcmUI/CandidateExperience/en/sites/CX_1/job/25952"
"United Kingdom","Wood","Mechanical Fitter - Hamble","Operations","Southampton, Hampshire, United Kingdom","","https://ehif.fa.em2.oraclecloud.com/hcmUI/CandidateExperience/en/sites/CX_1/job/25971"
"Chile","Wood","Ingeniero(a) Senior Control e Instrumentación (Terreno)","Engineering","Chile","","https://ehif.fa.em2.oraclecloud.com/hcmUI/CandidateExperience/en/sites/CX_1/job/25890"
"Chile","Wood","Líder de Planificación/Programación","Engineering","Santiago, Region Metropolitana, Chile","","https://ehif.fa.em2.oraclecloud.com/hcmUI/CandidateExperience/en/sites/CX_1/job/25902"
"Chile","Wood","Planner/Scheduler","Projects","Santiago, Region Metropolitana, Chile","","https://ehif.fa.em2.oraclecloud.com/hcmUI/CandidateExperience/en/sites/CX_1/job/25904"
"Germany","Wood","Senior Renewable Energy Consultant","Engineering","Hamburg, Hamburg, Germany","","https://ehif.fa.em2.oraclecloud.com/hcmUI/CandidateExperience/en/sites/CX_1/job/24477"
"Australia","Wood","Business Development Manager - Brisbane","Business Dev","Brisbane, Queensland, Australia","","https://ehif.fa.em2.oraclecloud.com/hcmUI/CandidateExperience/en/sites/CX_1/job/24446"
"India","Wood","Pipeline Engineer","Engineering","Chennai, Tamil Nadu, India","","https://ehif.fa.em2.oraclecloud.com/hcmUI/CandidateExperience/en/sites/CX_1/job/25792"
"India","Wood","Senior Designer - Piping","Engineering","Chennai, Tamil Nadu, India","","https://ehif.fa.em2.oraclecloud.com/hcmUI/CandidateExperience/en/sites/CX_1/job/25798"
"Mexico","Wood","Ingeniero Mecánico Senior – HVAC","Engineering","Monterrey, Mexico","","https://ehif.fa.em2.oraclecloud.com/hcmUI/CandidateExperience/en/sites/CX_1/job/25766"
"Thailand","Wood","Senior Planning Engineer","Projects","Si Racha, Chon Buri, Thailand","","https://ehif.fa.em2.oraclecloud.com/hcmUI/CandidateExperience/en/sites/CX_1/job/25786"
"Canada","Wood","Electrical Designer","Engineering","Vancouver, BC, Canada","","https://ehif.fa.em2.oraclecloud.com/hcmUI/CandidateExperience/en/sites/CX_1/job/25833"
"Canada","Wood","Instrumentation & Controls Engineer","Engineering","Vancouver, BC, Canada","","https://ehif.fa.em2.oraclecloud.com/hcmUI/CandidateExperience/en/sites/CX_1/job/25834"
"Chile","Wood","Ingeniero Medio Ambiente - Concon","Engineering","Concon, Valparaiso, Chile","","https://ehif.fa.em2.oraclecloud.com/hcmUI/CandidateExperience/en/sites/CX_1/job/25799"
"Chile","Wood","Ingeniero Medio Ambiente - Concepción","Engineering","Talcahuano, Bio Bio, Chile","","https://ehif.fa.em2.oraclecloud.com/hcmUI/CandidateExperience/en/sites/CX_1/job/25800"
"United Kingdom","Wood","Fab Shop Pipefitter (Aberdeen)","Engineering","Aberdeen, Aberdeenshire, United Kingdom","","https://ehif.fa.em2.oraclecloud.com/hcmUI/CandidateExperience/en/sites/CX_1/job/25530"
"Australia","Wood","SMP Supervisors, Ampol Turnaround","Engineering","Lytton, Queensland, Australia","","https://ehif.fa.em2.oraclecloud.com/hcmUI/CandidateExperience/en/sites/CX_1/job/25817"
"Chile","Wood","Ingeniero(a) Eléctrico(a) Senior (Oficina)","Engineering","Santiago, Region Metropolitana, Chile","","https://ehif.fa.em2.oraclecloud.com/hcmUI/CandidateExperience/en/sites/CX_1/job/25773"
"Chile","Wood","Ingeniero Mecánico","Engineering","Santiago, Region Metropolitana, Chile","","https://ehif.fa.em2.oraclecloud.com/hcmUI/CandidateExperience/en/sites/CX_1/job/25659"
"Chile","Wood","Proyectista Diseñador Piping - Concepción","Engineering","Talcahuano, Bio Bio, Chile","","https://ehif.fa.em2.oraclecloud.com/hcmUI/CandidateExperience/en/sites/CX_1/job/25700"
"Chile","Wood","Ingeniero/a Piping SSr.","Engineering","Talcahuano, Bio Bio, Chile","","https://ehif.fa.em2.oraclecloud.com/hcmUI/CandidateExperience/en/sites/CX_1/job/23981"
"Chile","Wood","Ingeniero/a Piping SSr. - ConCon","Engineering","Concon, Valparaiso, Chile","","https://ehif.fa.em2.oraclecloud.com/hcmUI/CandidateExperience/en/sites/CX_1/job/23988"
"Chile","Wood","Práctica profesional - Ing. Industrial","Engineering","Santiago, Region Metropolitana, Chile","","https://ehif.fa.em2.oraclecloud.com/hcmUI/CandidateExperience/en/sites/CX_1/job/25656"
"United Kingdom","Wood","Senior Project Engineer","Projects","Aberdeenshire, United Kingdom","","https://ehif.fa.em2.oraclecloud.com/hcmUI/CandidateExperience/en/sites/CX_1/job/25525"
"Qatar","Wood","Lead Piping Engineer","Engineering","Doha, Qatar","","https://ehif.fa.em2.oraclecloud.com/hcmUI/CandidateExperience/en/sites/CX_1/job/25646"
"Colombia","Wood","Ingeniero de Instrumentación (Expresión de Interés)","Engineering","Colombia","","https://ehif.fa.em2.oraclecloud.com/hcmUI/CandidateExperience/en/sites/CX_1/job/25614"
"Colombia","Wood","Diseñador de Instrumentación (Expresión de interés)","Engineering","Colombia","","https://ehif.fa.em2.oraclecloud.com/hcmUI/CandidateExperience/en/sites/CX_1/job/25617"
"Colombia","Wood","Ingeniero de Tuberia (Expresión de interés)","Engineering","Colombia","","https://ehif.fa.em2.oraclecloud.com/hcmUI/CandidateExperience/en/sites/CX_1/job/25618"
"Colombia","Wood","Diseñador de Tubería (Expresión de interés)","Engineering","Colombia","","https://ehif.fa.em2.oraclecloud.com/hcmUI/CandidateExperience/en/sites/CX_1/job/25620"
"Colombia","Wood","Ingeniero Eléctrico (Expresión de interés)","Engineering","Colombia","","https://ehif.fa.em2.oraclecloud.com/hcmUI/CandidateExperience/en/sites/CX_1/job/25621"
"Colombia","Wood","Diseñador Eléctrico (Expresión de interés)","Engineering","Colombia","","https://ehif.fa.em2.oraclecloud.com/hcmUI/CandidateExperience/en/sites/CX_1/job/25622"
"Qatar","Wood","Business Development Manager - Qatar","Business Dev","Qatar","","https://ehif.fa.em2.oraclecloud.com/hcmUI/CandidateExperience/en/sites/CX_1/job/24452"
"Colombia","Wood","Diseñador de Procesos (Expresión de interés)","Engineering","Colombia","","https://ehif.fa.em2.oraclecloud.com/hcmUI/CandidateExperience/en/sites/CX_1/job/25593"
"Canada","Wood","Senior Process Lead Engineer - Heavy Oil/SAGD","Engineering","Calgary, AB, Canada","","https://ehif.fa.em2.oraclecloud.com/hcmUI/CandidateExperience/en/sites/CX_1/job/25599"
"Azerbaijan","Wood","Piping Engineer (EOI)","Engineering","Baku, Azerbaijan","","https://ehif.fa.em2.oraclecloud.com/hcmUI/CandidateExperience/en/sites/CX_1/job/25472"
"Chile","Wood","Control de Materiales Senior","Engineering","Coquimbo, Chile","","https://ehif.fa.em2.oraclecloud.com/hcmUI/CandidateExperience/en/sites/CX_1/job/25282"
"Spain","Wood","Civil Engineering - Internship","Engineering","Madrid, Spain","","https://ehif.fa.em2.oraclecloud.com/hcmUI/CandidateExperience/en/sites/CX_1/job/25387"
"Spain","Wood","Technical Safety Engineer - Internship","HSE","Madrid, Spain","","https://ehif.fa.em2.oraclecloud.com/hcmUI/CandidateExperience/en/sites/CX_1/job/25388"
"Thailand","Wood","Senior Buyer","Supply Chain","Si Racha, Chon Buri, Thailand","","https://ehif.fa.em2.oraclecloud.com/hcmUI/CandidateExperience/en/sites/CX_1/job/25329"
"Canada","Wood","Senior Structural Engineer","Engineering","Vancouver, BC, Canada","","https://ehif.fa.em2.oraclecloud.com/hcmUI/CandidateExperience/en/sites/CX_1/job/25432"
"United States","Wood","Automation Technical Professional – DCS/SIS","Engineering","Linden, NJ, United States","","https://ehif.fa.em2.oraclecloud.com/hcmUI/CandidateExperience/en/sites/CX_1/job/25113"
"United States","Wood","Automation Technical Professional – DCS/SIS","Engineering","Wood River, IL, United States","","https://ehif.fa.em2.oraclecloud.com/hcmUI/CandidateExperience/en/sites/CX_1/job/25115"
"Canada","Wood","Senior Electrical Engineer","Engineering","Sarnia, ON, Canada","","https://ehif.fa.em2.oraclecloud.com/hcmUI/CandidateExperience/en/sites/CX_1/job/25327"
"Canada","Wood","Electrical Heat Trace (EHT) Designer","Engineering","Edmonton, AB, Canada","","https://ehif.fa.em2.oraclecloud.com/hcmUI/CandidateExperience/en/sites/CX_1/job/25328"
"Azerbaijan","Wood","Piping Designer ( EOI)","Engineering","Baku, Azerbaijan","","https://ehif.fa.em2.oraclecloud.com/hcmUI/CandidateExperience/en/sites/CX_1/job/25352"
"United States","Wood","Construction Manager - Solar - Expression of Interest","Projects","United States","","https://ehif.fa.em2.oraclecloud.com/hcmUI/CandidateExperience/en/sites/CX_1/job/25331"
"Chile","Wood","Ingeniero(a) de Procesos","Engineering","Santiago, Region Metropolitana, Chile","","https://ehif.fa.em2.oraclecloud.com/hcmUI/CandidateExperience/en/sites/CX_1/job/25175"
"Chile","Wood","Ingeniero de proyectos senior - Concepción","Engineering","Bio Bio, Chile","","https://ehif.fa.em2.oraclecloud.com/hcmUI/CandidateExperience/en/sites/CX_1/job/25269"
"Chile","Wood","Ingeniero SSO - (VIII Región)","Engineering","Bio Bio, Chile","","https://ehif.fa.em2.oraclecloud.com/hcmUI/CandidateExperience/en/sites/CX_1/job/25251"
"Chile","Wood","Líder de ingeniería senior - Concepción","Engineering","Bio Bio, Chile","","https://ehif.fa.em2.oraclecloud.com/hcmUI/CandidateExperience/en/sites/CX_1/job/25270"
"Spain","Wood","Process Engineer - Internship","Engineering","Madrid, Spain","","https://ehif.fa.em2.oraclecloud.com/hcmUI/CandidateExperience/en/sites/CX_1/job/25065"
"United States","Wood","Automation Technical Professional – DCS/SIS","Engineering","Ferndale, WA, United States","","https://ehif.fa.em2.oraclecloud.com/hcmUI/CandidateExperience/en/sites/CX_1/job/25114"
"Chile","Wood","Profesional Power BI Ingeniería - Santiago","Engineering","Santiago, Region Metropolitana, Chile","","https://ehif.fa.em2.oraclecloud.com/hcmUI/CandidateExperience/en/sites/CX_1/job/25176"
"Chile","Wood","Ingeniero/a Control de Proyectos","Engineering","Santiago, Region Metropolitana, Chile","","https://ehif.fa.em2.oraclecloud.com/hcmUI/CandidateExperience/en/sites/CX_1/job/25149"
"Chile","Wood","Ingeniero(a) Senior Control e Instrumentación","Engineering","Santiago, Region Metropolitana, Chile","","https://ehif.fa.em2.oraclecloud.com/hcmUI/CandidateExperience/en/sites/CX_1/job/25039"
"Chile","Wood","Planificador(a)/Programador(a) - Concon","Engineering","Concon, Valparaiso, Chile","","https://ehif.fa.em2.oraclecloud.com/hcmUI/CandidateExperience/en/sites/CX_1/job/25104"
"Chile","Wood","Control de Costos y Adm de Cambios - Concon","Engineering","Concon, Valparaiso, Chile","","https://ehif.fa.em2.oraclecloud.com/hcmUI/CandidateExperience/en/sites/CX_1/job/25105"
"Chile","Wood","Control de Documentos - Concon","Engineering","Concon, Valparaiso, Chile","","https://ehif.fa.em2.oraclecloud.com/hcmUI/CandidateExperience/en/sites/CX_1/job/25103"
"Chile","Wood","Control de Documentos Sr - Santiago","Engineering","Santiago, Region Metropolitana, Chile","","https://ehif.fa.em2.oraclecloud.com/hcmUI/CandidateExperience/en/sites/CX_1/job/25106"
"Chile","Wood","Planificador(a)/Programador(a) Sr - Santiago","Engineering","Santiago, Region Metropolitana, Chile","","https://ehif.fa.em2.oraclecloud.com/hcmUI/CandidateExperience/en/sites/CX_1/job/25107"
"Chile","Wood","Control de Costos y Adm de Cambios Sr - Santiago","Engineering","Santiago, Region Metropolitana, Chile","","https://ehif.fa.em2.oraclecloud.com/hcmUI/CandidateExperience/en/sites/CX_1/job/25108"
"Chile","Wood","Planificador(a)/Programador(a) - Maipú","Engineering","Santiago, Region Metropolitana, Chile","","https://ehif.fa.em2.oraclecloud.com/hcmUI/CandidateExperience/en/sites/CX_1/job/25109"
"Chile","Wood","Control de Costos y Adm de Cambios - Maipú","Engineering","Santiago, Region Metropolitana, Chile","","https://ehif.fa.em2.oraclecloud.com/hcmUI/CandidateExperience/en/sites/CX_1/job/25110"
"Canada","Wood","Senior/Lead Mechanical and Piping Engineer","Operations","Montreal, QC, Canada","","https://ehif.fa.em2.oraclecloud.com/hcmUI/CandidateExperience/en/sites/CX_1/job/25151"
"Qatar","Wood","Commissioning & Start-Up Engineer","Projects","Doha, Qatar","","https://ehif.fa.em2.oraclecloud.com/hcmUI/CandidateExperience/en/sites/CX_1/job/25004"
"South Africa","Wood","Senior Structural Designer","Engineering","Johannesburg, Gauteng, South Africa","","https://ehif.fa.em2.oraclecloud.com/hcmUI/CandidateExperience/en/sites/CX_1/job/25055"
"Singapore","Wood","Principal Project Engineer","Projects","Singapore","","https://ehif.fa.em2.oraclecloud.com/hcmUI/CandidateExperience/en/sites/CX_1/job/24986"
"Singapore","Wood","Project Engineering Manager","Projects","Singapore","","https://ehif.fa.em2.oraclecloud.com/hcmUI/CandidateExperience/en/sites/CX_1/job/24989"
"Saudi Arabia","Wood","TPE VI Consultant Process Engineer","Engineering","Al-Khobar, Saudi Arabia","","https://ehif.fa.em2.oraclecloud.com/hcmUI/CandidateExperience/en/sites/CX_1/job/24540"
"Oman","Wood","Liquid Hydrogen Expert","Engineering","Muscat, Oman","","https://ehif.fa.em2.oraclecloud.com/hcmUI/CandidateExperience/en/sites/CX_1/job/23896"
"Thailand","Wood","Senior Process Control Engineer","Engineering","Si Racha, Chon Buri, Thailand","","https://ehif.fa.em2.oraclecloud.com/hcmUI/CandidateExperience/en/sites/CX_1/job/24016"
"Saudi Arabia","Wood","TPE IV Senior Process Engineer","Engineering","Al-Khobar, Saudi Arabia","","https://ehif.fa.em2.oraclecloud.com/hcmUI/CandidateExperience/en/sites/CX_1/job/24533"
"Saudi Arabia","Wood","TPE V Principal Process Engineer","Engineering","Al-Khobar, Saudi Arabia","","https://ehif.fa.em2.oraclecloud.com/hcmUI/CandidateExperience/en/sites/CX_1/job/24538"
"Thailand","Wood","Commissioning Supervisor - Machinery","Projects","Si Racha, Chon Buri, Thailand","","https://ehif.fa.em2.oraclecloud.com/hcmUI/CandidateExperience/en/sites/CX_1/job/24617"
"Thailand","Wood","Commissioning Supervisor - Machinery","Projects","Si Racha, Chon Buri, Thailand","","https://ehif.fa.em2.oraclecloud.com/hcmUI/CandidateExperience/en/sites/CX_1/job/24620"
"Chile","Wood","Alumno(a) para Práctica Profesional Control de Proyectos / Control de Costos","Engineering","Santiago, Region Metropolitana, Chile","","https://ehif.fa.em2.oraclecloud.com/hcmUI/CandidateExperience/en/sites/CX_1/job/24668"
"Australia","Wood","Lead / Senior Commissioning Engineer","Projects","Brisbane, Queensland, Australia","","https://ehif.fa.em2.oraclecloud.com/hcmUI/CandidateExperience/en/sites/CX_1/job/24723"
"Thailand","Wood","Commissioning Supervisor - Mechanical/HVAC","Operations","Si Racha, Chon Buri, Thailand","","https://ehif.fa.em2.oraclecloud.com/hcmUI/CandidateExperience/en/sites/CX_1/job/24621"
"Thailand","Wood","Commissioning Supervisor - Process","Projects","Si Racha, Chon Buri, Thailand","","https://ehif.fa.em2.oraclecloud.com/hcmUI/CandidateExperience/en/sites/CX_1/job/24626"
"India","Wood","Senior Engineer - Carbon Advisory (Sustainability)","Engineering","Chennai, Tamil Nadu, India","","https://ehif.fa.em2.oraclecloud.com/hcmUI/CandidateExperience/en/sites/CX_1/job/24636"
"Thailand","Wood","Construction Lead Telecom Network & Extra Low Voltage (ELV)","Projects","Si Racha, Chon Buri, Thailand","","https://ehif.fa.em2.oraclecloud.com/hcmUI/CandidateExperience/en/sites/CX_1/job/24463"
"Thailand","Wood","Construction Quality Inspector (Architectural)","Engineering","Si Racha, Chon Buri, Thailand","","https://ehif.fa.em2.oraclecloud.com/hcmUI/CandidateExperience/en/sites/CX_1/job/24454"
"Thailand","Wood","Construction Quality Inspector (ELV – Extra Low Voltage)","Engineering","Si Racha, Chon Buri, Thailand","","https://ehif.fa.em2.oraclecloud.com/hcmUI/CandidateExperience/en/sites/CX_1/job/24456"
"Thailand","Wood","Construction Quality Inspector (Mechanical)","Operations","Si Racha, Chon Buri, Thailand","","https://ehif.fa.em2.oraclecloud.com/hcmUI/CandidateExperience/en/sites/CX_1/job/24521"
"Thailand","Wood","Construction Quality Inspector (Plumbing/Fire Protection)","Engineering","Si Racha, Chon Buri, Thailand","","https://ehif.fa.em2.oraclecloud.com/hcmUI/CandidateExperience/en/sites/CX_1/job/24522"
"Thailand","Wood","Construction Quality Inspector (Electrical)","Engineering","Si Racha, Chon Buri, Thailand","","https://ehif.fa.em2.oraclecloud.com/hcmUI/CandidateExperience/en/sites/CX_1/job/24524"
"Canada","Wood","Senior Electrical Engineer","Engineering","Grande Prairie, AB, Canada","","https://ehif.fa.em2.oraclecloud.com/hcmUI/CandidateExperience/en/sites/CX_1/job/24556"
"India","Wood","Senior Engineer - Carbon Advisory (Decarbonization)","Engineering","Chennai, Tamil Nadu, India","","https://ehif.fa.em2.oraclecloud.com/hcmUI/CandidateExperience/en/sites/CX_1/job/24637"
"United States","Wood","Painting and Coating Journeyman","Engineering","Carlsbad, NM, United States","","https://ehif.fa.em2.oraclecloud.com/hcmUI/CandidateExperience/en/sites/CX_1/job/24655"
"United States","Wood","Pumper Technician","Operations","Gillette, WY, United States","","https://ehif.fa.em2.oraclecloud.com/hcmUI/CandidateExperience/en/sites/CX_1/job/24661"
"Saudi Arabia","Wood","TPE V / Principal Instrument Engineer","Engineering","Saudi Arabia","","https://ehif.fa.em2.oraclecloud.com/hcmUI/CandidateExperience/en/sites/CX_1/job/24398"
"Canada","Wood","Mechanical Engineer","Operations","Edmonton, AB, Canada","","https://ehif.fa.em2.oraclecloud.com/hcmUI/CandidateExperience/en/sites/CX_1/job/24496"
"Thailand","Wood","E&I Lead Supervisor","Management","Si Racha, Chon Buri, Thailand","","https://ehif.fa.em2.oraclecloud.com/hcmUI/CandidateExperience/en/sites/CX_1/job/24510"
"United Kingdom","Wood","Principal Construction Engineer","Engineering","Reading, Berkshire, United Kingdom","","https://ehif.fa.em2.oraclecloud.com/hcmUI/CandidateExperience/en/sites/CX_1/job/24425"
"United Kingdom","Wood","Senior Construction Engineer","Engineering","Reading, Berkshire, United Kingdom","","https://ehif.fa.em2.oraclecloud.com/hcmUI/CandidateExperience/en/sites/CX_1/job/24427"
"Canada","Wood","Project Engineer","Projects","Edmonton, AB, Canada","","https://ehif.fa.em2.oraclecloud.com/hcmUI/CandidateExperience/en/sites/CX_1/job/24378"
"United States","Wood","Senior Piping Design Lead","Engineering","Pittsburgh, PA, United States","","https://ehif.fa.em2.oraclecloud.com/hcmUI/CandidateExperience/en/sites/CX_1/job/24294"
"Chile","Wood","Ingeniero(a) Aseguramiento de Calidad (QA) Civil/Mec - Concepción","Engineering","Bio Bio, Chile","","https://ehif.fa.em2.oraclecloud.com/hcmUI/CandidateExperience/en/sites/CX_1/job/23995"
"India","Wood","Technical Lead – Fired Heaters Design","Engineering","Chennai, Tamil Nadu, India","","https://ehif.fa.em2.oraclecloud.com/hcmUI/CandidateExperience/en/sites/CX_1/job/24244"
"Chile","Wood","Ingeniera(o)  Civil Estructural (Pipeline)","Engineering","Santiago, Region Metropolitana, Chile","","https://ehif.fa.em2.oraclecloud.com/hcmUI/CandidateExperience/en/sites/CX_1/job/24229"
"Saudi Arabia","Wood","Lead Construction & Pre-Commissioning","Projects","Saudi Arabia","","https://ehif.fa.em2.oraclecloud.com/hcmUI/CandidateExperience/en/sites/CX_1/job/23430"
"Chile","Wood","Administrador(a) de Contratos - Concepción","Engineering","Bio Bio, Chile","","https://ehif.fa.em2.oraclecloud.com/hcmUI/CandidateExperience/en/sites/CX_1/job/23944"
"Chile","Wood","Administrador(a) de Contratos(a) - Con Con","Engineering","Concon, Valparaiso, Chile","","https://ehif.fa.em2.oraclecloud.com/hcmUI/CandidateExperience/en/sites/CX_1/job/23946"
"Chile","Wood","Administrador(a) de Contratos Sr. - Santiago","Engineering","Santiago, Region Metropolitana, Chile","","https://ehif.fa.em2.oraclecloud.com/hcmUI/CandidateExperience/en/sites/CX_1/job/23947"
"Chile","Wood","Comprador(a) Sr. / Activador(a) de Compras Sr. - Santiago","Engineering","Santiago, Region Metropolitana, Chile","","https://ehif.fa.em2.oraclecloud.com/hcmUI/CandidateExperience/en/sites/CX_1/job/23948"
"Chile","Wood","Estimador(a) de Costos - Concepción","Engineering","Bio Bio, Chile","","https://ehif.fa.em2.oraclecloud.com/hcmUI/CandidateExperience/en/sites/CX_1/job/23949"
"Chile","Wood","Estimador(a) de Costos- Concón","Engineering","Concon, Valparaiso, Chile","","https://ehif.fa.em2.oraclecloud.com/hcmUI/CandidateExperience/en/sites/CX_1/job/23950"
"Chile","Wood","Estimador(a) de Costos Sr - Santiago","Engineering","Santiago, Region Metropolitana, Chile","","https://ehif.fa.em2.oraclecloud.com/hcmUI/CandidateExperience/en/sites/CX_1/job/23951"
"Chile","Wood","Ingeniero(a) Eléctrico(a) Sr - Concon","Engineering","Concon, Valparaiso, Chile","","https://ehif.fa.em2.oraclecloud.com/hcmUI/CandidateExperience/en/sites/CX_1/job/23979"
"Argentina","Wood","Ingeniero Civil Estructural ""Expresión de interés""","Engineering","Mendoza, Argentina","","https://ehif.fa.em2.oraclecloud.com/hcmUI/CandidateExperience/en/sites/CX_1/job/24090"
"India","Wood","Senior Engineer - Renewables (Electrical)","Engineering","Chennai, Tamil Nadu, India","","https://ehif.fa.em2.oraclecloud.com/hcmUI/CandidateExperience/en/sites/CX_1/job/24149"
"Chile","Wood","Ingeniero(a) Mecanico(a) Sr - Concon","Engineering","Concon, Valparaiso, Chile","","https://ehif.fa.em2.oraclecloud.com/hcmUI/CandidateExperience/en/sites/CX_1/job/23964"
"Chile","Wood","Project Manager","Projects","Santiago, Region Metropolitana, Chile","","https://ehif.fa.em2.oraclecloud.com/hcmUI/CandidateExperience/en/sites/CX_1/job/23982"
"Chile","Wood","Ingenierio(a) Civil Geotécnico(a)","Engineering","Talcahuano, Bio Bio, Chile","","https://ehif.fa.em2.oraclecloud.com/hcmUI/CandidateExperience/en/sites/CX_1/job/24000"
"Chile","Wood","Ingenierio(a) Civil Geotécnico(a) - Concon","Engineering","Valparaiso, Chile","","https://ehif.fa.em2.oraclecloud.com/hcmUI/CandidateExperience/en/sites/CX_1/job/24001"
"Chile","Wood","Ingeniero(a) de Estructuras para terreno","Engineering","Talcahuano, Bio Bio, Chile","","https://ehif.fa.em2.oraclecloud.com/hcmUI/CandidateExperience/en/sites/CX_1/job/24002"
"Chile","Wood","Ingeniero(a) Civil Estructural","Engineering","Valparaiso, Chile","","https://ehif.fa.em2.oraclecloud.com/hcmUI/CandidateExperience/en/sites/CX_1/job/24003"
"Argentina","Wood","Ingeniero Mecánico ""Expresión de interés""","Engineering","Mendoza, Argentina","","https://ehif.fa.em2.oraclecloud.com/hcmUI/CandidateExperience/en/sites/CX_1/job/24089"
"Argentina","Wood","Ingeniero de Piping Senior ""Expresión de interés""","Engineering","Mendoza, Argentina","","https://ehif.fa.em2.oraclecloud.com/hcmUI/CandidateExperience/en/sites/CX_1/job/24093"
"United Kingdom","Wood","Fab Shop Fabricators (Aberdeen)","Engineering","United Kingdom","","https://ehif.fa.em2.oraclecloud.com/hcmUI/CandidateExperience/en/sites/CX_1/job/23911"
"United States","Wood","Refining and Chemicals Technical Account Manager","Engineering","Baton Rouge, LA, United States","","https://ehif.fa.em2.oraclecloud.com/hcmUI/CandidateExperience/en/sites/CX_1/job/24047"
"India","Wood","Senior Engineer – Subsea Systems","Engineering","Chennai, Tamil Nadu, India","","https://ehif.fa.em2.oraclecloud.com/hcmUI/CandidateExperience/en/sites/CX_1/job/24058"
"India","Wood","Senior Engineer - Electrical (Subsea)","Engineering","Chennai, Tamil Nadu, India","","https://ehif.fa.em2.oraclecloud.com/hcmUI/CandidateExperience/en/sites/CX_1/job/24059"
"India","Wood","Senior Engineer - Subsea Systems (Xmas Tree)","Engineering","Chennai, Tamil Nadu, India","","https://ehif.fa.em2.oraclecloud.com/hcmUI/CandidateExperience/en/sites/CX_1/job/24060"
"United Kingdom","Wood","Fab Shop Welder (Aberdeen)","Engineering","United Kingdom","","https://ehif.fa.em2.oraclecloud.com/hcmUI/CandidateExperience/en/sites/CX_1/job/23912"
"Chile","Wood","Ingeniero(a) de Instrumentación Sr - Concepción","Engineering","Bio Bio, Chile","","https://ehif.fa.em2.oraclecloud.com/hcmUI/CandidateExperience/en/sites/CX_1/job/23956"
"Chile","Wood","Ingeniero(a) de Instrumentación - Concepción","Engineering","Bio Bio, Chile","","https://ehif.fa.em2.oraclecloud.com/hcmUI/CandidateExperience/en/sites/CX_1/job/23957"
"Chile","Wood","Ingeniero/a de Instrumentación -  Concon","Engineering","Concon, Valparaiso, Chile","","https://ehif.fa.em2.oraclecloud.com/hcmUI/CandidateExperience/en/sites/CX_1/job/23958"
"Chile","Wood","Ingeniero/a de Instrumentación Sr - Concon","Engineering","Concon, Valparaiso, Chile","","https://ehif.fa.em2.oraclecloud.com/hcmUI/CandidateExperience/en/sites/CX_1/job/23959"
"Chile","Wood","Ingeniero/a de Instrumentación Sr - Maipú","Engineering","Region Metropolitana, Chile","","https://ehif.fa.em2.oraclecloud.com/hcmUI/CandidateExperience/en/sites/CX_1/job/23962"
"Chile","Wood","Ingeniero/a de Instrumentación - Maipú","Engineering","Region Metropolitana, Chile","","https://ehif.fa.em2.oraclecloud.com/hcmUI/CandidateExperience/en/sites/CX_1/job/23963"
"Chile","Wood","Supervisor/a de Terreno Mecánico/Piping - Concon","Engineering","Concon, Valparaiso, Chile","","https://ehif.fa.em2.oraclecloud.com/hcmUI/CandidateExperience/en/sites/CX_1/job/23967"
"Chile","Wood","Supervisor/a Terreno Eléctrico/Instrumentista - Maipú","Engineering","Santiago, Region Metropolitana, Chile","","https://ehif.fa.em2.oraclecloud.com/hcmUI/CandidateExperience/en/sites/CX_1/job/23973"
"Chile","Wood","Supervisor/a Terreno Eléctrico/Instrumentista - Concepción","Engineering","Bio Bio, Chile","","https://ehif.fa.em2.oraclecloud.com/hcmUI/CandidateExperience/en/sites/CX_1/job/23975"
"Chile","Wood","Supervisor/a Terreno Eléctrico/Instrumentista - Concón","Engineering","Concon, Valparaiso, Chile","","https://ehif.fa.em2.oraclecloud.com/hcmUI/CandidateExperience/en/sites/CX_1/job/23976"
"Chile","Wood","Supervisor/a Terreno Eléctrico/Instrumentista - Maipú","Engineering","Santiago, Region Metropolitana, Chile","","https://ehif.fa.em2.oraclecloud.com/hcmUI/CandidateExperience/en/sites/CX_1/job/23978"
"Chile","Wood","Ingeniero/a Eléctrico Sr -Maipú","Engineering","Region Metropolitana, Chile","","https://ehif.fa.em2.oraclecloud.com/hcmUI/CandidateExperience/en/sites/CX_1/job/23980"
"Chile","Wood","Supervisor/a de Terreno Mecánico/Piping","Engineering","Talcahuano, Bio Bio, Chile","","https://ehif.fa.em2.oraclecloud.com/hcmUI/CandidateExperience/en/sites/CX_1/job/23983"
"Chile","Wood","Supervisor/a de Terreno Mecánico/Piping","Engineering","Concon, Valparaiso, Chile","","https://ehif.fa.em2.oraclecloud.com/hcmUI/CandidateExperience/en/sites/CX_1/job/23984"
"Chile","Wood","Ingeniero/a Eléctrico - Concepción","Engineering","Bio Bio, Chile","","https://ehif.fa.em2.oraclecloud.com/hcmUI/CandidateExperience/en/sites/CX_1/job/23989"
"Chile","Wood","Ingeniero/a Eléctrico - Concon","Engineering","Concon, Valparaiso, Chile","","https://ehif.fa.em2.oraclecloud.com/hcmUI/CandidateExperience/en/sites/CX_1/job/23990"
"Chile","Wood","Ingeniero/a Eléctrico - Maipú","Engineering","Region Metropolitana, Chile","","https://ehif.fa.em2.oraclecloud.com/hcmUI/CandidateExperience/en/sites/CX_1/job/23991"
"Chile","Wood","Ingeniero/a Aseguramiento de Calidad (QA) Sr - Concepción","Engineering","Bio Bio, Chile","","https://ehif.fa.em2.oraclecloud.com/hcmUI/CandidateExperience/en/sites/CX_1/job/23992"
"Chile","Wood","Ingeniero/a Aseguramiento de Calidad (QA) Sr - Concon","Engineering","Concon, Valparaiso, Chile","","https://ehif.fa.em2.oraclecloud.com/hcmUI/CandidateExperience/en/sites/CX_1/job/23993"
"Chile","Wood","Ingeniero/a Aseguramiento de Calidad (QA) Sr - Maipú","Engineering","Region Metropolitana, Chile","","https://ehif.fa.em2.oraclecloud.com/hcmUI/CandidateExperience/en/sites/CX_1/job/23994"
"Chile","Wood","Ingeniero/a Aseguramiento de Calidad (QA) Elec/Instr. - Concepción","Engineering","Bio Bio, Chile","","https://ehif.fa.em2.oraclecloud.com/hcmUI/CandidateExperience/en/sites/CX_1/job/23996"
"Chile","Wood","Ingeniero/a Aseguramiento de Calidad (QA) Civil/Mec - Concon","Engineering","Concon, Valparaiso, Chile","","https://ehif.fa.em2.oraclecloud.com/hcmUI/CandidateExperience/en/sites/CX_1/job/23997"
"Chile","Wood","Ingeniero/a Aseguramiento de Calidad (QA) Civil/Mec - Maipú","Engineering","Region Metropolitana, Chile","","https://ehif.fa.em2.oraclecloud.com/hcmUI/CandidateExperience/en/sites/CX_1/job/23998"
"Chile","Wood","Ingeniero/a Mecánico Sr - Maipú","Engineering","Region Metropolitana, Chile","","https://ehif.fa.em2.oraclecloud.com/hcmUI/CandidateExperience/en/sites/CX_1/job/23999"
"Chile","Wood","Ingeniero/a Aseguramiento de Calidad (QA) Elec/Instr. - Maipú","Engineering","Region Metropolitana, Chile","","https://ehif.fa.em2.oraclecloud.com/hcmUI/CandidateExperience/en/sites/CX_1/job/24004"
"Chile","Wood","Supervisor/a de Terreno Mecánico/Piping - Maipú","Engineering","Region Metropolitana, Chile","","https://ehif.fa.em2.oraclecloud.com/hcmUI/CandidateExperience/en/sites/CX_1/job/24005"
"Chile","Wood","Ingeniero/a Mecánico Sr - Concepción","Engineering","Bio Bio, Chile","","https://ehif.fa.em2.oraclecloud.com/hcmUI/CandidateExperience/en/sites/CX_1/job/24006"
"Chile","Wood","Ingeniero/a Aseguramiento de Calidad (QA) Elec/Instr. - Concon","Engineering","Concon, Valparaiso, Chile","","https://ehif.fa.em2.oraclecloud.com/hcmUI/CandidateExperience/en/sites/CX_1/job/24007"
"Chile","Wood","Supervisor/a de Terreno Mecánico/Piping - Concepción","Engineering","Bio Bio, Chile","","https://ehif.fa.em2.oraclecloud.com/hcmUI/CandidateExperience/en/sites/CX_1/job/24008"
"India","Wood","Senior Engineer – Subsea Pipeline","Engineering","Chennai, Tamil Nadu, India","","https://ehif.fa.em2.oraclecloud.com/hcmUI/CandidateExperience/en/sites/CX_1/job/24021"
"Chile","Wood","Ingeniero/a de Procesos Sr","Engineering","Santiago, Region Metropolitana, Chile","","https://ehif.fa.em2.oraclecloud.com/hcmUI/CandidateExperience/en/sites/CX_1/job/23940"
"Chile","Wood","Ingeniero/a de procesos","Engineering","Santiago, Region Metropolitana, Chile","","https://ehif.fa.em2.oraclecloud.com/hcmUI/CandidateExperience/en/sites/CX_1/job/23941"
"Chile","Wood","Ingeniero/a Eléctrico Sr - Concepción","Engineering","Bio Bio, Chile","","https://ehif.fa.em2.oraclecloud.com/hcmUI/CandidateExperience/en/sites/CX_1/job/23942"
"Chile","Wood","Control de Documentos - Concepción","Engineering","Bio Bio, Chile","","https://ehif.fa.em2.oraclecloud.com/hcmUI/CandidateExperience/en/sites/CX_1/job/23952"
"Chile","Wood","Planificador(a)/Programador(a) - Concepción","Engineering","Bio Bio, Chile","","https://ehif.fa.em2.oraclecloud.com/hcmUI/CandidateExperience/en/sites/CX_1/job/23953"
"Chile","Wood","Control de Costos y Adm de Cambios - Concepción","Engineering","Bio Bio, Chile","","https://ehif.fa.em2.oraclecloud.com/hcmUI/CandidateExperience/en/sites/CX_1/job/23954"
"Chile","Wood","Ingeniero/a Civil Geotécnico","Engineering","Talcahuano, Bio Bio, Chile","","https://ehif.fa.em2.oraclecloud.com/hcmUI/CandidateExperience/en/sites/CX_1/job/23985"
"Chile","Wood","ITO Especialista Civil Estructural","Engineering","Concon, Valparaiso, Chile","","https://ehif.fa.em2.oraclecloud.com/hcmUI/CandidateExperience/en/sites/CX_1/job/23986"
"Chile","Wood","ITO Especialista Civil Estructural","Engineering","Talcahuano, Bio Bio, Chile","","https://ehif.fa.em2.oraclecloud.com/hcmUI/CandidateExperience/en/sites/CX_1/job/23987"
"United States","Wood","Lead Mechanical Engineer - Offshore Brownfield Engineering","Operations","Metairie, LA, United States","","https://ehif.fa.em2.oraclecloud.com/hcmUI/CandidateExperience/en/sites/CX_1/job/23838"
"Saudi Arabia","Wood","Scheduler Engineer","Projects","Al-Khobar, Saudi Arabia","","https://ehif.fa.em2.oraclecloud.com/hcmUI/CandidateExperience/en/sites/CX_1/job/23780"
"United States","Wood","Project Controller III - Offshore Brownfield Engineering Projects","Projects","Metairie, LA, United States","","https://ehif.fa.em2.oraclecloud.com/hcmUI/CandidateExperience/en/sites/CX_1/job/23840"
"India","Wood","Senior Engineer - Flow Assurance","Engineering","India","","https://ehif.fa.em2.oraclecloud.com/hcmUI/CandidateExperience/en/sites/CX_1/job/23791"
"United States","Wood","Lead Process Engineer - Offshore Brownfield Engineering","Projects","Metairie, LA, United States","","https://ehif.fa.em2.oraclecloud.com/hcmUI/CandidateExperience/en/sites/CX_1/job/23836"
"India","Wood","Senior Engineer - Renewables (Civil)","Engineering","Chennai, Tamil Nadu, India","","https://ehif.fa.em2.oraclecloud.com/hcmUI/CandidateExperience/en/sites/CX_1/job/23782"
"Australia","Wood","Lead / Senior Piping Engineer","Engineering","Brisbane, Queensland, Australia","","https://ehif.fa.em2.oraclecloud.com/hcmUI/CandidateExperience/en/sites/CX_1/job/23736"
"Saudi Arabia","Wood","Risk Manager","Management","Saudi Arabia","","https://ehif.fa.em2.oraclecloud.com/hcmUI/CandidateExperience/en/sites/CX_1/job/23486"
"Thailand","Wood","Commissioning Safety","HSE","Si Racha, Chon Buri, Thailand","","https://ehif.fa.em2.oraclecloud.com/hcmUI/CandidateExperience/en/sites/CX_1/job/20825"
"Chile","Wood","Alumno(a) Practica Profesional Ingenieria en Automatizacion/Instrumentacion","Engineering","Santiago, Region Metropolitana, Chile","","https://ehif.fa.em2.oraclecloud.com/hcmUI/CandidateExperience/en/sites/CX_1/job/23454"
"Saudi Arabia","Wood","Lead Planner","Projects","Saudi Arabia","","https://ehif.fa.em2.oraclecloud.com/hcmUI/CandidateExperience/en/sites/CX_1/job/23480"
"India","Wood","Lead Engineer - Onshore Pipeline","Engineering","Chennai, Tamil Nadu, India","","https://ehif.fa.em2.oraclecloud.com/hcmUI/CandidateExperience/en/sites/CX_1/job/23490"
"Oman","Wood","Senior Engineer Process Control","Engineering","Sohar, Oman","","https://ehif.fa.em2.oraclecloud.com/hcmUI/CandidateExperience/en/sites/CX_1/job/23122"
"United Kingdom","Wood","Cost Controller (EOI)","Projects","Stockton-on-Tees, County Durham, United Kingdom","","https://ehif.fa.em2.oraclecloud.com/hcmUI/CandidateExperience/en/sites/CX_1/job/23228"
"Australia","Wood","Mechanical Technicians - Turnaround (Offshore - Oil & Gas)","Operations","Perth, Western Australia, Australia","","https://ehif.fa.em2.oraclecloud.com/hcmUI/CandidateExperience/en/sites/CX_1/job/23177"
"Argentina","Wood","Supervisor Civil ""Expresión de interés""","Engineering","Neuquen, Argentina","","https://ehif.fa.em2.oraclecloud.com/hcmUI/CandidateExperience/en/sites/CX_1/job/23032"
"Argentina","Wood","Jefe de Oficina Técnica ""Expresión de interés""","Engineering","Neuquen, Argentina","","https://ehif.fa.em2.oraclecloud.com/hcmUI/CandidateExperience/en/sites/CX_1/job/23039"
"Argentina","Wood","Supervisor Civil ""Expresión de interés"" - Bahía Blanca","Engineering","Buenos Aires, Argentina","","https://ehif.fa.em2.oraclecloud.com/hcmUI/CandidateExperience/en/sites/CX_1/job/23056"
"Argentina","Wood","Jefe de Oficina Técnica ""Expresión de interés"" - Bahía Blanca","Engineering","Buenos Aires, Argentina","","https://ehif.fa.em2.oraclecloud.com/hcmUI/CandidateExperience/en/sites/CX_1/job/23064"
"Argentina","Wood","Ingeniero de Proyecto (CSA) ""Expresión de interés"" - Bahía Blanca","Engineering","Buenos Aires, Argentina","","https://ehif.fa.em2.oraclecloud.com/hcmUI/CandidateExperience/en/sites/CX_1/job/23065"
"United Kingdom","Wood","Lead Flow Assurance Engineer","Engineering","Aberdeen, Aberdeenshire, United Kingdom","","https://ehif.fa.em2.oraclecloud.com/hcmUI/CandidateExperience/en/sites/CX_1/job/23017"
"United Kingdom","Wood","Senior Flow Assurance Engineer","Engineering","Reading, Berkshire, United Kingdom","","https://ehif.fa.em2.oraclecloud.com/hcmUI/CandidateExperience/en/sites/CX_1/job/23018"
"United Kingdom","Wood","Principal Flow Assurance Engineer","Engineering","Reading, Berkshire, United Kingdom","","https://ehif.fa.em2.oraclecloud.com/hcmUI/CandidateExperience/en/sites/CX_1/job/23019"
"Argentina","Wood","Supervisor HSE ""Expresión de interés""","HSE","Neuquen, Argentina","","https://ehif.fa.em2.oraclecloud.com/hcmUI/CandidateExperience/en/sites/CX_1/job/23036"
"Argentina","Wood","Ingeniero de Proyecto (CSA) ""Expresión de interés""","Engineering","Neuquen, Argentina","","https://ehif.fa.em2.oraclecloud.com/hcmUI/CandidateExperience/en/sites/CX_1/job/23040"
"Argentina","Wood","Relaciones Laborales ""Expresión de interés""","Engineering","Neuquen, Argentina","","https://ehif.fa.em2.oraclecloud.com/hcmUI/CandidateExperience/en/sites/CX_1/job/23047"
"Argentina","Wood","Supervisor HSE ""Expresión de interés"" - Bahía Blanca","HSE","Buenos Aires, Argentina","","https://ehif.fa.em2.oraclecloud.com/hcmUI/CandidateExperience/en/sites/CX_1/job/23060"
"Argentina","Wood","Supervisor Precom, Comisionado y PM ""Expresión de interés"" - Bahía Blanca","Engineering","Buenos Aires, Argentina","","https://ehif.fa.em2.oraclecloud.com/hcmUI/CandidateExperience/en/sites/CX_1/job/23068"
"Argentina","Wood","Supervisor de Mecánico y Cañerías ""Expresión de interés""","Engineering","Neuquen, Argentina","","https://ehif.fa.em2.oraclecloud.com/hcmUI/CandidateExperience/en/sites/CX_1/job/23033"
"Argentina","Wood","Ingeniero de Proyecto (Mécanico) ""Expresión de interés"" - Bahía Blanca","Engineering","Buenos Aires, Argentina","","https://ehif.fa.em2.oraclecloud.com/hcmUI/CandidateExperience/en/sites/CX_1/job/23066"
"Argentina","Wood","Ingeniero de Proyecto (Eléctrico) ""Expresión de interés""","Engineering","Neuquen, Argentina","","https://ehif.fa.em2.oraclecloud.com/hcmUI/CandidateExperience/en/sites/CX_1/job/23100"
"Argentina","Wood","Ingeniero de Proyecto (Eléctrico) ""Expresión de interés"" - Bahía Blanca","Engineering","Buenos Aires, Argentina","","https://ehif.fa.em2.oraclecloud.com/hcmUI/CandidateExperience/en/sites/CX_1/job/23101"
"Argentina","Wood","Supervisor Eléctrico e Instrumentación ""Expresión de interés""","Engineering","Neuquen, Argentina","","https://ehif.fa.em2.oraclecloud.com/hcmUI/CandidateExperience/en/sites/CX_1/job/23034"
"Argentina","Wood","Supervisor Eléctrico e Instrumentación ""Expresión de interés"" - Bahía Blanca","Engineering","Buenos Aires, Argentina","","https://ehif.fa.em2.oraclecloud.com/hcmUI/CandidateExperience/en/sites/CX_1/job/23058"
"Argentina","Wood","Jefe de Obra ""Expresión de interés""","Engineering","Neuquen, Argentina","","https://ehif.fa.em2.oraclecloud.com/hcmUI/CandidateExperience/en/sites/CX_1/job/23029"
"Argentina","Wood","Ingeniero de Proyecto (Mécanico) ""Expresión de interés""","Engineering","Neuquen, Argentina","","https://ehif.fa.em2.oraclecloud.com/hcmUI/CandidateExperience/en/sites/CX_1/job/23043"
"Argentina","Wood","Supervisor Precom, Comisionado y PM ""Expresión de interés""","Engineering","Neuquen, Argentina","","https://ehif.fa.em2.oraclecloud.com/hcmUI/CandidateExperience/en/sites/CX_1/job/23046"
"Argentina","Wood","Jefe de Obra ""Expresión de interés"" - Bahía Blanca","Engineering","Buenos Aires, Argentina","","https://ehif.fa.em2.oraclecloud.com/hcmUI/CandidateExperience/en/sites/CX_1/job/23055"
"Argentina","Wood","Supervisor Mecánico y Cañerías ""Expresión de interés"" - Bahía Blanca","Engineering","Buenos Aires, Argentina","","https://ehif.fa.em2.oraclecloud.com/hcmUI/CandidateExperience/en/sites/CX_1/job/23057"
"United States","Wood","Automation Technical Professional - DCS","Engineering","Billings, MT, United States","","https://ehif.fa.em2.oraclecloud.com/hcmUI/CandidateExperience/en/sites/CX_1/job/22775"
"United States","Wood","Construction Manager - Senior - Pipelines - EOI","Projects","United States","","https://ehif.fa.em2.oraclecloud.com/hcmUI/CandidateExperience/en/sites/CX_1/job/22723"
"United States","Wood","Construction Supervision - MN - EOI","Engineering","MN, United States","","https://ehif.fa.em2.oraclecloud.com/hcmUI/CandidateExperience/en/sites/CX_1/job/22724"
"Qatar","Wood","Principal Engineering System Engineer","Engineering","Doha, Qatar","","https://ehif.fa.em2.oraclecloud.com/hcmUI/CandidateExperience/en/sites/CX_1/job/22683"
"India","Wood","Civil & structural - Consultant - Geo Technical","Engineering","Chennai, Tamil Nadu, India","","https://ehif.fa.em2.oraclecloud.com/hcmUI/CandidateExperience/en/sites/CX_1/job/22727"
"United States","Wood","Automation Technical Professional - DCS","Engineering","Borger, TX, United States","","https://ehif.fa.em2.oraclecloud.com/hcmUI/CandidateExperience/en/sites/CX_1/job/22357"
"Chile","Wood","Ingeniero/a Senior de Telecomunicaciones","Engineering","Santiago, Region Metropolitana, Chile","","https://ehif.fa.em2.oraclecloud.com/hcmUI/CandidateExperience/en/sites/CX_1/job/22281"
"Canada","Wood","Senior Civil Engineer","Engineering","Vancouver, BC, Canada","","https://ehif.fa.em2.oraclecloud.com/hcmUI/CandidateExperience/en/sites/CX_1/job/22289"
"Qatar","Wood","EOI Principal Civil/Structural Engineer","Engineering","Doha, Qatar","","https://ehif.fa.em2.oraclecloud.com/hcmUI/CandidateExperience/en/sites/CX_1/job/21656"
"Qatar","Wood","EOI Principal Project Control Engineer","Projects","Doha, Qatar","","https://ehif.fa.em2.oraclecloud.com/hcmUI/CandidateExperience/en/sites/CX_1/job/21657"
"Qatar","Wood","EOI - Project Director (Offshore)","Management","Doha, Qatar","","https://ehif.fa.em2.oraclecloud.com/hcmUI/CandidateExperience/en/sites/CX_1/job/21577"
"India","Wood","Lead Engineer - Flow Assurance","Engineering","Chennai, Tamil Nadu, India","","https://ehif.fa.em2.oraclecloud.com/hcmUI/CandidateExperience/en/sites/CX_1/job/21573"
"Qatar","Wood","EOI - Project Control Manager","Projects","Doha, Qatar","","https://ehif.fa.em2.oraclecloud.com/hcmUI/CandidateExperience/en/sites/CX_1/job/21545"
"Peru","Wood","Ingeniero de Procesos","Engineering","Lima, Peru","","https://ehif.fa.em2.oraclecloud.com/hcmUI/CandidateExperience/en/sites/CX_1/job/21220"
"Qatar","Wood","EOI - Project Manager (Offshore)","Projects","Doha, Qatar","","https://ehif.fa.em2.oraclecloud.com/hcmUI/CandidateExperience/en/sites/CX_1/job/21211"
"Qatar","Wood","EOI - Project Engineering Manager (Offshore)","Projects","Doha, Qatar","","https://ehif.fa.em2.oraclecloud.com/hcmUI/CandidateExperience/en/sites/CX_1/job/21213"
"Qatar","Wood","Lead Flow Assurance Engineer","Engineering","Doha, Qatar","","https://ehif.fa.em2.oraclecloud.com/hcmUI/CandidateExperience/en/sites/CX_1/job/21202"
"Qatar","Wood","Senior Flow Assurance Engineer","Engineering","Doha, Qatar","","https://ehif.fa.em2.oraclecloud.com/hcmUI/CandidateExperience/en/sites/CX_1/job/21203"
"Peru","Wood","Ingeniero  Estructural Senior","Engineering","Lima, Peru","","https://ehif.fa.em2.oraclecloud.com/hcmUI/CandidateExperience/en/sites/CX_1/job/21154"
"Peru","Wood","Ingeniero de Electricidad Senior","Engineering","Lima, Peru","","https://ehif.fa.em2.oraclecloud.com/hcmUI/CandidateExperience/en/sites/CX_1/job/21153"
"United States","Wood","I & E Technician","Operations","Hebron, OH, United States","","https://ehif.fa.em2.oraclecloud.com/hcmUI/CandidateExperience/en/sites/CX_1/job/21031"
"Thailand","Wood","Commissioning Manager","Projects","Si Racha, Chon Buri, Thailand","","https://ehif.fa.em2.oraclecloud.com/hcmUI/CandidateExperience/en/sites/CX_1/job/20158"
"Thailand","Wood","Inspection and Expediting Coordinator","Engineering","Si Racha, Chon Buri, Thailand","","https://ehif.fa.em2.oraclecloud.com/hcmUI/CandidateExperience/en/sites/CX_1/job/20593"
"Papua New Guinea","Wood","Construction Planner","Projects","Papua New Guinea","","https://ehif.fa.em2.oraclecloud.com/hcmUI/CandidateExperience/en/sites/CX_1/job/20241"
"Peru","Wood","Ingeniero de Instrumentación y Control","Engineering","Lima, Peru","","https://ehif.fa.em2.oraclecloud.com/hcmUI/CandidateExperience/en/sites/CX_1/job/20146"
"Oman","Wood","Lead Process Safety Engineer","HSE","Sohar, Oman","","https://ehif.fa.em2.oraclecloud.com/hcmUI/CandidateExperience/en/sites/CX_1/job/18671"
"Peru","Wood","Estimador Sr. para proyectos de ingeniería - A plazo por 6 meses","Engineering","Peru","","https://ehif.fa.em2.oraclecloud.com/hcmUI/CandidateExperience/en/sites/CX_1/job/14290"
"United States","Wood","Survey Party Chief","Management","Houston, TX, United States","","https://ehif.fa.em2.oraclecloud.com/hcmUI/CandidateExperience/en/sites/CX_1/job/17469"
"United States","Wood","Millwright P&I","Drilling","United States","","https://ehif.fa.em2.oraclecloud.com/hcmUI/CandidateExperience/en/sites/CX_1/job/13719"
"United States","Wood","Administrative Assistant P&I","Engineering","United States","","https://ehif.fa.em2.oraclecloud.com/hcmUI/CandidateExperience/en/sites/CX_1/job/12250"
"Chile","Wood","Espacialista en Sistemas de Gestión","Engineering","Sierra Gorda, Antofagasta, Chile","","https://ehif.fa.em2.oraclecloud.com/hcmUI/CandidateExperience/en/sites/CX_1/job/5994"
