"Country","Company","Title","Category","Location","Date Posted","Link"
"Colombia","Worley","Senior Structural Engineer - Colombia (EN/ES/PT)- (Talent Pool)","Engineering","Bogotá, Capital District, Colombia","2026-04-06","https://jobs.worley.com/careers/job/1133910365598"
"India","Worley","Senior Manager, Site Construction","General","Mumbai, Maharashtra, India","2026-04-06","https://jobs.worley.com/careers/job/1133911869143"
"USA","Worley","Department Manager – Civil, Structural & Architectural (CSA)","Engineering","Charleston, West Virginia, United States","2026-04-02","https://jobs.worley.com/careers/job/1133910366270"
"USA","Worley","Senior Portfolio Manager","General","Denver, Colorado, United States","2026-03-31","https://jobs.worley.com/careers/job/1133911466498"
"Colombia","Worley","Mechanical Engineer -Equipos Mecánicos","Engineering","Bogotá, Capital District, Colombia","2026-03-31","https://jobs.worley.com/careers/job/1133912321022"
"USA","Worley","Senior Piping Designer-Chemicals","Engineering","Charleston, West Virginia, United States","2026-03-31","https://jobs.worley.com/careers/job/1133912429874"
"USA","Worley","Senior Mechanical Engineer-Chemicals","Engineering","Charleston, West Virginia, United States","2026-03-31","https://jobs.worley.com/careers/job/1133912425216"
"Colombia","Worley","Ingeniero Mecánico - Aire Acondicionado","General","Bogotá, Capital District, Colombia","2026-03-31","https://jobs.worley.com/careers/job/1133912284025"
"India","Worley","Deputy General Manager","General","Vadodara, Gujarat, India","2026-03-31","https://jobs.worley.com/careers/job/1133910364971"
"Canada","Worley","Principal Mechanical Engineer - Material Handling","Engineering","Vancouver, British Columbia, Canada","2026-03-30","https://jobs.worley.com/careers/job/1133912384590"
"Canada","Worley","Senior Mechanical Engineer, Mechanical Equipment in MMM","Engineering","Vancouver, British Columbia, Canada","2026-03-30","https://jobs.worley.com/careers/job/1133912428699"
"India","Worley","Project Accountant II","Finance & Accounting","Navi Mumbai, Maharashtra, India","2026-03-30","https://jobs.worley.com/careers/job/1133911358992"
"Chile","Worley","Ingeniero Telecomunicaciones - Proyectos en minería","General","Santiago de Chile, Metropolitana, Chile","2026-03-19","https://jobs.worley.com/careers/job/1133912282358"
"USA","Worley","Senior Principal Electrical, Instrumentation & Control Engineer","Instrumentation & Electrical","Charleston, West Virginia, United States","2026-03-18","https://jobs.worley.com/careers/job/1133911982211"
"UK","Worley","Director, Estimating","Project Management","London, Greater London, United Kingdom","2026-03-17","https://jobs.worley.com/careers/job/1133911826597"
"Chile","Worley","Senior Manager, Project Controls","Project Management","Santiago de Chile, Metropolitana, Chile","2026-03-11","https://jobs.worley.com/careers/job/1133910452130"
"Peru","Worley","SME - Tin","General","Lima, Lima Province, Peru","2026-03-03","https://jobs.worley.com/careers/job/1133910512631"
"India","Worley","Senior Mechanical Engineer","Engineering","Kolkata, West Bengal, India","2026-02-26","https://jobs.worley.com/careers/job/1133911829259"
"Colombia","Worley","Senior Piping Engineer (Talent Pool)","Engineering","Bogotá, Capital District, Colombia","2026-02-23","https://jobs.worley.com/careers/job/1133910188863"
"USA","Worley","Senior Civil Structural Architectural (CSA) Engineer","Engineering","Charleston, West Virginia, United States","2026-02-18","https://jobs.worley.com/careers/job/1133911432128"
"India","Worley","Senior Project Planner -Construction","Project Management","Mumbai, Maharashtra, India","2026-02-12","https://jobs.worley.com/careers/job/1133911048275"
"Colombia","Worley","Senior Instrumentation Engineer (Portugues)","Instrumentation & Electrical","Bogotá, Capital District, Colombia","2026-02-09","https://jobs.worley.com/careers/job/1133910152856"
"USA","Worley","Senior Project Manager-Power Network","Project Management","Reading, Pennsylvania, United States","2026-01-27","https://jobs.worley.com/careers/job/1133910690046"
"Chile","Worley","Dry Area Manager","General","Santiago de Chile, Metropolitana, Chile","2026-01-15","https://jobs.worley.com/careers/job/1133910452129"
"Colombia","Worley","Senior Piping Engineer (Portuguese)","Engineering","Bogotá, Capital District, Colombia","2025-12-22","https://jobs.worley.com/careers/job/1133910365589"
"Chile","Worley","Wet Area Manager","General","Santiago de Chile, Metropolitana, Chile","2025-12-12","https://jobs.worley.com/careers/job/1133910165552"
"Australia","Worley","Tailings Discipline Manager","General","Perth, Western Australia, Australia","2026-04-07","https://jobs.worley.com/careers/job/1133911868039"
"USA","Worley","Document Controller II","Administration","Bismarck, North Dakota, United States","2026-04-07","https://jobs.worley.com/careers/job/1133912281128"
"","Worley","Senior Logistics Coordinator MAR - Nights","Supply Chain & Logistics","","2026-04-07","https://jobs.worley.com/careers/job/1133912614091"
"","Worley","Senior Procurement Contract Specialist","Supply Chain & Logistics","","2026-04-07","https://jobs.worley.com/careers/job/1133912613791"
"","Worley","Material Handler","General","","2026-04-07","https://jobs.worley.com/careers/job/1133912613412"
"","Worley","Material Handler","General","","2026-04-07","https://jobs.worley.com/careers/job/1133912613406"
"","Worley","Material Handler","General","","2026-04-07","https://jobs.worley.com/careers/job/1133912613233"
"","Worley","Material Handler","General","","2026-04-07","https://jobs.worley.com/careers/job/1133912613231"
"","Worley","Light Equipment Operator","Engineering","","2026-04-07","https://jobs.worley.com/careers/job/1133912613122"
"USA","Worley","Subcontract Administrator III","Supply Chain & Logistics","Cameron, Louisiana, United States","2026-04-07","https://jobs.worley.com/careers/job/1133912613118"
"","Worley","Light Equipment Operator","Engineering","","2026-04-07","https://jobs.worley.com/careers/job/1133912613119"
"","Worley","Light Equipment Operator","Engineering","","2026-04-07","https://jobs.worley.com/careers/job/1133912613121"
"","Worley","Light Equipment Operator","Engineering","","2026-04-07","https://jobs.worley.com/careers/job/1133912613024"
"","Worley","Light Equipment Operator (Nights)","Engineering","","2026-04-07","https://jobs.worley.com/careers/job/1133912613025"
"","Worley","Heavy Equipment Operator","Engineering","","2026-04-07","https://jobs.worley.com/careers/job/1133912612358"
"USA","Worley","Senior Subcontract Administrator","Supply Chain & Logistics","Cameron, Louisiana, United States","2026-04-07","https://jobs.worley.com/careers/job/1133912595770"
"","Worley","Light Equipment Operator","Engineering","","2026-04-07","https://jobs.worley.com/careers/job/1133912612260"
"","Worley","Carpenter Helper (Nights)","Operations & Technical","","2026-04-07","https://jobs.worley.com/careers/job/1133912612261"
"","Worley","Invoice Auditor","Finance & Accounting","","2026-04-07","https://jobs.worley.com/careers/job/1133912611538"
"","Worley","Manager, Application Development","IT & Digital","","2026-04-07","https://jobs.worley.com/careers/job/1133912440919"
"Canada","Worley","Payroll Administrator","Finance & Accounting","Calgary, Alberta, Canada","2026-04-07","https://jobs.worley.com/careers/job/1133912407380"
"Canada","Worley","Mining Technical Director, Autonomous Operations","Operations & Technical","Vancouver, British Columbia, Canada","2026-04-07","https://jobs.worley.com/careers/job/1133911124630"
"USA","Worley","GMT Scaffold Tech (Rotational Schedule) - Prudhoe Bay, AK","Operations & Technical","Prudhoe Bay, Alaska, United States","2026-04-07","https://jobs.worley.com/careers/job/1133911972525"
"Canada","Worley","Principal Onshore Pipelines Engineer","Engineering","Calgary, Alberta, Canada","2026-04-07","https://jobs.worley.com/careers/job/1133910437155"
"Canada","Worley","Procurement Intern","Internship","Pickering, Ontario, Canada","2026-04-07","https://jobs.worley.com/careers/job/1133912534801"
"Canada","Worley","Senior Manager, Procurement Contracts","Supply Chain & Logistics","Markham, Ontario, Canada","2026-04-07","https://jobs.worley.com/careers/job/1133910365200"
"USA","Worley","Crane Operator","General","Bayport, Texas, United States","2026-04-07","https://jobs.worley.com/careers/job/1133912607888"
"USA","Worley","Automation and  I&C Senior Estimator","Instrumentation & Electrical","Houston, Texas, United States","2026-04-07","https://jobs.worley.com/careers/job/1133911282009"
"Saudi Arabia","Worley","Senior Telecommunications Engineer (WAS Site)","Communications & Marketing","Turaif, Northern Province, Saudi Arabia","2026-04-07","https://jobs.worley.com/careers/job/1133912607325"
"USA","Worley","Pipe / Structural Welder - Deadhorse CMC Fab Shop  (Rotational Schedule) - Prudhoe Bay, AK","Engineering","Prudhoe Bay, Alaska, United States","2026-04-07","https://jobs.worley.com/careers/job/1133912003049"
"India","Worley","Manager I, Mechanical Engineer","Engineering","Mumbai, Maharashtra, India","2026-04-07","https://jobs.worley.com/careers/job/1133912605983"
"USA","Worley","Mechanical Superintendent","Operations & Technical","Baytown, Texas, United States","2026-04-07","https://jobs.worley.com/careers/job/1133912607439"
"India","Worley","Civil Designer Level II","General","Navi Mumbai, Maharashtra, India","2026-04-07","https://jobs.worley.com/careers/job/1133912605979"
"India","Worley","Civil Engineer Level II","Engineering","Navi Mumbai, Maharashtra, India","2026-04-07","https://jobs.worley.com/careers/job/1133912606229"
"India","Worley","Electrical Engineer Level I","Instrumentation & Electrical","Navi Mumbai, Maharashtra, India","2026-04-07","https://jobs.worley.com/careers/job/1133912605981"
"Saudi Arabia","Worley","Project Procurement Coordinator","Supply Chain & Logistics","Turaif, Northern Province, Saudi Arabia","2026-04-07","https://jobs.worley.com/careers/job/1133912606231"
"India","Worley","Warehouse Supervisor I","Supply Chain & Logistics","Mumbai, Maharashtra, India","2026-04-07","https://jobs.worley.com/careers/job/1133912605976"
"India","Worley","Senior Mechanical Engineer - Rotating Equipment","Engineering","Mumbai, Maharashtra, India","2026-04-07","https://jobs.worley.com/careers/job/1133912461786"
"Saudi Arabia","Worley","Chief Process Engineer","Process & Chemical Engineering","Al Khobar, Eastern Province, Saudi Arabia","2026-04-07","https://jobs.worley.com/careers/job/1133912586861"
"India","Worley","Senior Project Control Specialist","Project Management","Hyderabad, Andra Pradesh, India","2026-04-07","https://jobs.worley.com/careers/job/1133912593759"
"India","Worley","Senior Project Control Specialist","Project Management","Pune, Maharashtra, India","2026-04-07","https://jobs.worley.com/careers/job/1133912593640"
"India","Worley","Senior Project Control Specialist","Project Management","Pune, Maharashtra, India","2026-04-07","https://jobs.worley.com/careers/job/1133912593639"
"India","Worley","Onshore Pipelines Engineer Level II","Engineering","Navi Mumbai, Maharashtra, India","2026-04-07","https://jobs.worley.com/careers/job/1133911536823"
"India","Worley","Project Director","Project Management","Navi Mumbai, Maharashtra, India","2026-04-07","https://jobs.worley.com/careers/job/1133910152993"
"Oman","Worley","Principal Process Engineer","Process & Chemical Engineering","Muscat, Muscat, Oman","2026-04-07","https://jobs.worley.com/careers/job/1133912589313"
"Oman","Worley","Senior Process Engineer","Process & Chemical Engineering","Muscat, Muscat, Oman","2026-04-07","https://jobs.worley.com/careers/job/1133912590043"
"Qatar","Worley","Senior Mechanical Engineer","Engineering","Doha, Ad Dawhah, Qatar","2026-04-07","https://jobs.worley.com/careers/job/1133912513096"
"Qatar","Worley","Document Controller II","Administration","Doha, Ad Dawhah, Qatar","2026-04-07","https://jobs.worley.com/careers/job/1133910997769"
"India","Worley","Digital Solutions Consultant II","IT & Digital","Bangalore, Karnataka, India","2026-04-07","https://jobs.worley.com/careers/job/1133910445271"
"India","Worley","Senior Safety Engineer","General","Chennai, Tamil Nadu, India","2026-04-07","https://jobs.worley.com/careers/job/1133910964374"
"India","Worley","Project Manager","Project Management","Pune, Maharashtra, India","2026-04-07","https://jobs.worley.com/careers/job/1133911717509"
"Australia","Worley","Project Engineer","Project Management","Portland, Victoria, Australia","2026-04-07","https://jobs.worley.com/careers/job/1133911457562"
"Australia","Worley","Project Engineer","Project Management","Tomago, New South Wales, Australia","2026-04-07","https://jobs.worley.com/careers/job/1133912376334"
"USA","Worley","SIS Functional Safety Technical Engineer","General","Houston, Texas, United States","2026-04-06","https://jobs.worley.com/careers/job/1133911153518"
"Canada","Worley","Project Administrator","Administration","Saskatchewan, Canada","2026-04-06","https://jobs.worley.com/careers/job/1133911901801"
"Canada","Worley","Construction Coordinator","Administration","Edmonton, Alberta, Canada","2026-04-06","https://jobs.worley.com/careers/job/1133912595910"
"Brazil","Worley","ESTAGIÁRIO SUP III (Civil)","General","São Paulo, Brazil","2026-04-06","https://jobs.worley.com/careers/job/1133912445670"
"USA","Worley","Heavy Equipment Mechanic (On-Lease Shops - Rotational Schedule) - Prudhoe Bay, AK","Engineering","Prudhoe Bay, Alaska, United States","2026-04-06","https://jobs.worley.com/careers/job/1133911711090"
"USA","Worley","GMT Scaffold Roustabout (Summer Hire) - Prudhoe Bay, AK","Operations & Technical","Prudhoe Bay, Alaska, United States","2026-04-06","https://jobs.worley.com/careers/job/1133912595767"
"Canada","Worley","Quality Control Lead","Quality & Inspection","Edmonton, Alberta, Canada","2026-04-06","https://jobs.worley.com/careers/job/1133912594733"
"Canada","Worley","Manager I, Inside Sales","Business Development","Calgary, Alberta, Canada","2026-04-06","https://jobs.worley.com/careers/job/1133912513871"
"Canada","Worley","Material Handler","General","Saskatchewan, Canada","2026-04-06","https://jobs.worley.com/careers/job/1133912594219"
"USA","Worley","GMT Scaffold Tech (Summer Hire) - Prudhoe Bay, AK","Operations & Technical","Prudhoe Bay, Alaska, United States","2026-04-06","https://jobs.worley.com/careers/job/1133912593952"
"Canada","Worley","Project Administrative Assistant","Administration","Vancouver, British Columbia, Canada","2026-04-06","https://jobs.worley.com/careers/job/1133912408345"
"USA","Worley","Senior Protection and Control Engineer","General","Reading, Pennsylvania, United States","2026-04-06","https://jobs.worley.com/careers/job/1133911004383"
"India","Worley","Field Engineer III","General","Mumbai, Maharashtra, India","2026-04-06","https://jobs.worley.com/careers/job/1133912337339"
"USA","Worley","Senior Substation Electrical Engineer","Instrumentation & Electrical","Reading, Pennsylvania, United States","2026-04-06","https://jobs.worley.com/careers/job/1133911004292"
"Colombia","Worley","Senior Civil Engineer - Bilingual","Engineering","Bogotá, Capital District, Colombia","2026-04-06","https://jobs.worley.com/careers/job/1133911306721"
"Canada","Worley","Principal Mechanical Engineer, Material Handling Lead","Engineering","Oakville, Ontario, Canada","2026-04-06","https://jobs.worley.com/careers/job/1133912505856"
"USA","Worley","Lead Protection and Control Engineer","General","Reading, Pennsylvania, United States","2026-04-06","https://jobs.worley.com/careers/job/1133911004565"
"USA","Worley","Senior Subcontract Coordinator","Supply Chain & Logistics","Cameron, Louisiana, United States","2026-04-06","https://jobs.worley.com/careers/job/1133912593481"
"USA","Worley","Lead Substation Electrical Engineer","Instrumentation & Electrical","Reading, Pennsylvania, United States","2026-04-06","https://jobs.worley.com/careers/job/1133911004495"
"Colombia","Worley","Process Designer Level I","Process & Chemical Engineering","Bogotá, Capital District, Colombia","2026-04-06","https://jobs.worley.com/careers/job/1133912429875"
"USA","Worley","Washbay Laborer (Rotational Schedule) - Prudhoe Bay, Alaska","General","Prudhoe Bay, Alaska, United States","2026-04-06","https://jobs.worley.com/careers/job/1133912592517"
"Brazil","Worley","Projetista Sênior","General","Belo Horizonte, Minas Gerais, Brazil","2026-04-06","https://jobs.worley.com/careers/job/1133912500339"
"Colombia","Worley","Principal Piping Designer","Engineering","Bogotá, Capital District, Colombia","2026-04-06","https://jobs.worley.com/careers/job/1133910515621"
"Colombia","Worley","Process Designer Level I","Process & Chemical Engineering","Bogotá, Capital District, Colombia","2026-04-06","https://jobs.worley.com/careers/job/1133911838854"
"Canada","Worley","Mechanical Estimator","Project Management","Edmonton, Alberta, Canada","2026-04-06","https://jobs.worley.com/careers/job/1133912561275"
"Colombia","Worley","Project Accountant I","Finance & Accounting","Bogotá, Capital District, Colombia","2026-04-06","https://jobs.worley.com/careers/job/1133911696230"
"Saudi Arabia","Worley","Digital Analyst Intern","Internship","Al Khobar, Eastern Province, Saudi Arabia","2026-04-06","https://jobs.worley.com/careers/job/1133912248248"
"India","Worley","EDS Specialist-SPI/SPEL Admin","Administration","Bangalore, Karnataka, India","2026-04-06","https://jobs.worley.com/careers/job/1133912132525"
"Oman","Worley","Senior Project Manager (Omani Nationals)","Project Management","Muscat, Muscat, Oman","2026-04-06","https://jobs.worley.com/careers/job/1133912585914"
"Argentina","Worley","Oracle Analytics Reporting Manager","General","Buenos Aires, Buenos Aires Province, Argentina","2026-04-06","https://jobs.worley.com/careers/job/1133911713982"
"Oman","Worley","Principal Process Engineer","Process & Chemical Engineering","Muscat, Muscat, Oman","2026-04-06","https://jobs.worley.com/careers/job/1133912510237"
"India","Worley","EDS Specialist- AE\AIM","General","Hyderabad, Andra Pradesh, India","2026-04-06","https://jobs.worley.com/careers/job/1133911993073"
"Saudi Arabia","Worley","Sr. C&C Mechanical Specialist","Operations & Technical","Ras Al-Khair, Eastern Province, Saudi Arabia","2026-04-05","https://jobs.worley.com/careers/job/1133912533894"
"USA","Worley","Light Duty Mechanic (Rotational Schedule) - Prudhoe Bay, AK","Operations & Technical","Prudhoe Bay, Alaska, United States","2026-04-03","https://jobs.worley.com/careers/job/1133912576131"
"Mexico","Worley","Senior Structural Engineer - Offshore - Talent Pool","Engineering","Mexico City, Ciudad de Mexico (CDMX), Mexico","2026-04-03","https://jobs.worley.com/careers/job/1133911134280"
"Mexico","Worley","Senior Mining Engineer - Talent Pool","Human Resources","Mexico City, Ciudad de Mexico (CDMX), Mexico","2026-04-03","https://jobs.worley.com/careers/job/1133911369195"
"Mexico","Worley","Senior Process Engineer - Offshore - Talent Pool","Process & Chemical Engineering","Mexico City, Ciudad de Mexico (CDMX), Mexico","2026-04-03","https://jobs.worley.com/careers/job/1133911463665"
"Mexico","Worley","LEAD OFFSHORE PIPELINE ENGINEER - Offshore - Talent Pool","Engineering","Mexico City, Ciudad de Mexico (CDMX), Mexico","2026-04-03","https://jobs.worley.com/careers/job/1133911442562"
"Mexico","Worley","Senior Flow Assurance Engineer - Offshore - Talent Pool","Human Resources","Mexico City, Ciudad de Mexico (CDMX), Mexico","2026-04-03","https://jobs.worley.com/careers/job/1133911464199"
"Mexico","Worley","Senior Mechanical Engineer - Offshore - Talent Pool","Engineering","Mexico City, Ciudad de Mexico (CDMX), Mexico","2026-04-03","https://jobs.worley.com/careers/job/1133911133432"
"Canada","Worley","Procurement Contract Specialist","Supply Chain & Logistics","Oakville, Ontario, Canada","2026-04-03","https://jobs.worley.com/careers/job/1133910365239"
"Canada","Worley","Manager, Project Procurement","Supply Chain & Logistics","Markham, Ontario, Canada","2026-04-03","https://jobs.worley.com/careers/job/1133911712470"
"Canada","Worley","Senior Procurement Contract Specialist","Supply Chain & Logistics","Markham, Ontario, Canada","2026-04-03","https://jobs.worley.com/careers/job/1133910365165"
"Egypt","Worley","Senior Welding Inspector","Quality & Inspection","Cairo, Cairo, Egypt","2026-04-03","https://jobs.worley.com/careers/job/1133912479650"
"India","Worley","Structural Designer","Engineering","Kolkata, West Bengal, India","2026-04-03","https://jobs.worley.com/careers/job/1133912567092"
"India","Worley","Project Manager","Project Management","Kolkata, West Bengal, India","2026-04-03","https://jobs.worley.com/careers/job/1133912567091"
"India","Worley","Senior Structural Engineer","Engineering","Kolkata, West Bengal, India","2026-04-03","https://jobs.worley.com/careers/job/1133912567094"
"India","Worley","Project Engineer","Project Management","Kolkata, West Bengal, India","2026-04-03","https://jobs.worley.com/careers/job/1133912568198"
"India","Worley","Senior Mechanical Designer","Operations & Technical","Kolkata, West Bengal, India","2026-04-03","https://jobs.worley.com/careers/job/1133912566973"
"India","Worley","Senior Process Engineer - Alumina","Process & Chemical Engineering","Kolkata, West Bengal, India","2026-04-03","https://jobs.worley.com/careers/job/1133912566784"
"India","Worley","Senior Instrumentation Designer","Instrumentation & Electrical","Kolkata, West Bengal, India","2026-04-03","https://jobs.worley.com/careers/job/1133912566533"
"India","Worley","Senior Electrical Designer","General","Kolkata, West Bengal, India","2026-04-03","https://jobs.worley.com/careers/job/1133912566521"
"Brazil","Worley","Projetista Sênior","General","Rio de Janeiro, Rio de Janeiro, Brazil","2026-04-03","https://jobs.worley.com/careers/job/1133912467407"
"India","Worley","Senior Electrical Engineer","Instrumentation & Electrical","Kolkata, West Bengal, India","2026-04-03","https://jobs.worley.com/careers/job/1133912544698"
"India","Worley","Global TA Operations Partner","Operations & Technical","Hyderabad, Andra Pradesh, India","2026-04-03","https://jobs.worley.com/careers/job/1133912284957"
"Thailand","Worley","Structural Engineer","Engineering","Bangkok City, Bangkok, Thailand","2026-04-03","https://jobs.worley.com/careers/job/1133911737285"
"Thailand","Worley","Principal Safety Engineer","General","Bangkok, Thailand","2026-04-03","https://jobs.worley.com/careers/job/1133911570991"
"India","Worley","Electrical Designer Level II","General","Vadodara, Gujarat, India","2026-04-03","https://jobs.worley.com/careers/job/1133911970505"
"UAE","Worley","Senior Commissioning Engineer","General","Ruwais, Abu Dhabi, United Arab Emirates","2026-04-03","https://jobs.worley.com/careers/job/1133912507585"
"India","Worley","Senior Electrical Engineer","Instrumentation & Electrical","Vadodara, Gujarat, India","2026-04-03","https://jobs.worley.com/careers/job/1133911972284"
"USA","Worley","Soft Craft Superintendent (Nights)","General","Cameron, Louisiana, United States","2026-04-02","https://jobs.worley.com/careers/job/1133912563662"
"USA","Worley","Soft Craft Coordinator","Administration","Cameron, Louisiana, United States","2026-04-02","https://jobs.worley.com/careers/job/1133912564249"
"USA","Worley","Pipe Superintendent","General","Cameron, Louisiana, United States","2026-04-02","https://jobs.worley.com/careers/job/1133912563642"
"USA","Worley","Senior Field Engineer","General","Cameron, Louisiana, United States","2026-04-02","https://jobs.worley.com/careers/job/1133910679012"
"Brazil","Worley","Projetista Sênior","General","São Paulo, Brazil","2026-04-02","https://jobs.worley.com/careers/job/1133912500340"
"Brazil","Worley","Projetista Sênior","General","Rio de Janeiro, Rio de Janeiro, Brazil","2026-04-02","https://jobs.worley.com/careers/job/1133912519546"
"Brazil","Worley","Projetista Sênior","General","Rio de Janeiro, Rio de Janeiro, Brazil","2026-04-02","https://jobs.worley.com/careers/job/1133912519001"
"Brazil","Worley","Engenheiro de Estruturas Sênior","General","Belo Horizonte, Minas Gerais, Brazil","2026-04-02","https://jobs.worley.com/careers/job/1133912504954"
"Brazil","Worley","ESTAGIÁRIO SUP III (Civil)","General","Belo Horizonte, Minas Gerais, Brazil","2026-04-02","https://jobs.worley.com/careers/job/1133912448062"
"Brazil","Worley","Projetista Pleno","General","Belo Horizonte, Minas Gerais, Brazil","2026-04-02","https://jobs.worley.com/careers/job/1133912445411"
"Brazil","Worley","Engenheiro de Estruturas Pleno","General","Belo Horizonte, Minas Gerais, Brazil","2026-04-02","https://jobs.worley.com/careers/job/1133912445412"
"Brazil","Worley","Projetista Sênior","General","Belo Horizonte, Minas Gerais, Brazil","2026-04-02","https://jobs.worley.com/careers/job/1133912466908"
"Brazil","Worley","Engenheiro Civil Sênior","General","Belo Horizonte, Minas Gerais, Brazil","2026-04-02","https://jobs.worley.com/careers/job/1133912501915"
"Brazil","Worley","Engenheiro de Estruturas Pleno","General","São Paulo, Brazil","2026-04-02","https://jobs.worley.com/careers/job/1133912445228"
"Brazil","Worley","Projetista Pleno","General","Sao Paulo, São Paulo, Brazil","2026-04-02","https://jobs.worley.com/careers/job/1133912445225"
"Canada","Worley","Principal Estimator PSQ","Project Management","Canada","2026-04-02","https://jobs.worley.com/careers/job/1133911463858"
"Canada","Worley","Principal Project Planner","Project Management","Calgary, Alberta, Canada","2026-04-02","https://jobs.worley.com/careers/job/1133911868248"
"Canada","Worley","Senior Instrumentation Engineer","Instrumentation & Electrical","Edmonton, Alberta, Canada","2026-04-02","https://jobs.worley.com/careers/job/1133911281951"
"Canada","Worley","Principal Instrumentation Engineer","Instrumentation & Electrical","Calgary, Alberta, Canada","2026-04-02","https://jobs.worley.com/careers/job/1133910885583"
"Canada","Worley","Lead Instrumentation Engineer","Instrumentation & Electrical","Calgary, Alberta, Canada","2026-04-02","https://jobs.worley.com/careers/job/1133911763690"
"Canada","Worley","Principal Instrumentation Designer","Instrumentation & Electrical","Edmonton, Alberta, Canada","2026-04-02","https://jobs.worley.com/careers/job/1133911281954"
"Brazil","Worley","Projetista Sênior (Estruturas)","General","Sao Paulo, São Paulo, Brazil","2026-04-02","https://jobs.worley.com/careers/job/1133912502149"
"Brazil","Worley","Projetista de Instrumentação Sênior","Instrumentation & Electrical","Rio de Janeiro, Rio de Janeiro, Brazil","2026-04-02","https://jobs.worley.com/careers/job/1133912385083"
"Brazil","Worley","Projetista de Instrumentação Sênior","Instrumentation & Electrical","Rio de Janeiro, Rio de Janeiro, Brazil","2026-04-02","https://jobs.worley.com/careers/job/1133912384823"
"Egypt","Worley","Senior Advisor - Training","General","Cairo, Cairo, Egypt","2026-04-02","https://jobs.worley.com/careers/job/1133912549569"
"USA","Worley","Principal Estimator","Project Management","Monrovia, California, United States","2026-04-02","https://jobs.worley.com/careers/job/1133911974532"
"USA","Worley","Light Equipment Operator","Engineering","Cameron, Louisiana, United States","2026-04-02","https://jobs.worley.com/careers/job/1133912546872"
"UK","Worley","Mechanical Fitter","Operations & Technical","Grimsby, Lincolnshire, United Kingdom","2026-04-02","https://jobs.worley.com/careers/job/1133912545081"
"India","Worley","Discipline Manager-Mechanical","Operations & Technical","Kolkata, West Bengal, India","2026-04-02","https://jobs.worley.com/careers/job/1133910428060"
"India","Worley","Senior Electrical Engineer","Instrumentation & Electrical","Pune, Maharashtra, India","2026-04-02","https://jobs.worley.com/careers/job/1133911427422"
"India","Worley","Electrical Engineer Level II","Instrumentation & Electrical","Vadodara, Gujarat, India","2026-04-02","https://jobs.worley.com/careers/job/1133911851163"
"Australia","Worley","Senior Receptionist","Administration","Brisbane, Queensland, Australia","2026-04-02","https://jobs.worley.com/careers/job/1133912540772"
"USA","Worley","Construction Engineer","Project Management","Anchorage, Alaska, United States","2026-04-01","https://jobs.worley.com/careers/job/1133912538284"
"Canada","Worley","Contracts Manager – Mining Projects","Project Management","Markham, Ontario, Canada","2026-04-01","https://jobs.worley.com/careers/job/1133912516022"
"Canada","Worley","Intermediate Contract Administrator – Mining Projects","Supply Chain & Logistics","Markham, Ontario, Canada","2026-04-01","https://jobs.worley.com/careers/job/1133912516331"
"USA","Worley","Senior Electrical Designer","General","Billings, Montana, United States","2026-04-01","https://jobs.worley.com/careers/job/1133910367215"
"UK","Worley","Pipefitter","Operations & Technical","Grimsby, Lincolnshire, United Kingdom","2026-04-01","https://jobs.worley.com/careers/job/1133911674867"
"UK","Worley","Mechanical Fitter","Operations & Technical","Grimsby, Lincolnshire, United Kingdom","2026-04-01","https://jobs.worley.com/careers/job/1133912176021"
"USA","Worley","Instrumentation Helper","Instrumentation & Electrical","Notrees, Texas, United States","2026-04-01","https://jobs.worley.com/careers/job/1133912530949"
"USA","Worley","Instrument Fitter","Instrumentation & Electrical","Notrees, Texas, United States","2026-04-01","https://jobs.worley.com/careers/job/1133912530900"
"UK","Worley","Plater","General","Grimsby, Lincolnshire, United Kingdom","2026-04-01","https://jobs.worley.com/careers/job/1133912496642"
"UK","Worley","Rigger","Operations & Technical","Grimsby, Lincolnshire, United Kingdom","2026-04-01","https://jobs.worley.com/careers/job/1133912530831"
"UK","Worley","General Assistant","General","Grimsby, Lincolnshire, United Kingdom","2026-04-01","https://jobs.worley.com/careers/job/1133912530656"
"USA","Worley","TES Helper","General","Cameron, Louisiana, United States","2026-04-01","https://jobs.worley.com/careers/job/1133912530655"
"India","Worley","Senior Manager, Project Management","General","Mumbai, Maharashtra, India","2026-04-01","https://jobs.worley.com/careers/job/1133910165211"
"Oman","Worley","Senior Onshore Pipelines Designer","General","Muscat, Muscat, Oman","2026-04-01","https://jobs.worley.com/careers/job/1133912267619"
"India","Worley","Senior Project Manager","Project Management","Pune, Maharashtra, India","2026-04-01","https://jobs.worley.com/careers/job/1133912508991"
"India","Worley","Electrical Designer Level II","General","Hyderabad, Andra Pradesh, India","2026-04-01","https://jobs.worley.com/careers/job/1133910955273"
"India","Worley","Principal Electrical Designer","General","Hyderabad, Andra Pradesh, India","2026-04-01","https://jobs.worley.com/careers/job/1133910955107"
"Australia","Worley","Senior Contracts and Procurement Manager","Supply Chain & Logistics","Adelaide, South Australia, Australia","2026-04-01","https://jobs.worley.com/careers/job/1133912526288"
"India","Worley","Senior Process Engineer","Process & Chemical Engineering","Chennai, Tamil Nadu, India","2026-04-01","https://jobs.worley.com/careers/job/1133911861226"
"India","Worley","Senior Manager, Applications","IT & Digital","Bangalore, Karnataka, India","2026-04-01","https://jobs.worley.com/careers/job/1133910979359"
"Oman","Worley","Completions/Commissioning Specialist III","Drilling & Wells","Sohar, Al Batinah, Oman","2026-04-01","https://jobs.worley.com/careers/job/1133911480290"
"India","Worley","EDS Coordinator II","Administration","Mumbai, Maharashtra, India","2026-04-01","https://jobs.worley.com/careers/job/1133912228981"
"India","Worley","Senior Electrical Engineer","Instrumentation & Electrical","Chennai, Tamil Nadu, India","2026-04-01","https://jobs.worley.com/careers/job/1133911477652"
"India","Worley","Strategic Analyst","Business Development","Navi Mumbai, Maharashtra, India","2026-04-01","https://jobs.worley.com/careers/job/1133911680616"
"Australia","Worley","Project Manager","Project Management","Portland, Victoria, Australia","2026-04-01","https://jobs.worley.com/careers/job/1133912375279"
"USA","Worley","Wells Intervention Tech (Rotational Schedule) – Prudhoe Bay, AK","General","Prudhoe Bay, Alaska, United States","2026-03-31","https://jobs.worley.com/careers/job/1133912520420"
"USA","Worley","Boom Truck Operator / Wells Intervention Tech (Rotational Schedule) – Prudhoe Bay, AK","General","Prudhoe Bay, Alaska, United States","2026-03-31","https://jobs.worley.com/careers/job/1133912520392"
"USA","Worley","Process Engineering Intern","Internship","Charleston, West Virginia, United States","2026-03-31","https://jobs.worley.com/careers/job/1133912443181"
"USA","Worley","Senior Manager, Project Controls","Project Management","Houston, Texas, United States","2026-03-31","https://jobs.worley.com/careers/job/1133912517559"
"USA","Worley","Senior Project Manager","Project Management","Billings, Montana, United States","2026-03-31","https://jobs.worley.com/careers/job/1133912158757"
"USA","Worley","PMO Project Manager II","Project Management","Billings, Montana, United States","2026-03-31","https://jobs.worley.com/careers/job/1133912244771"
"USA","Worley","Senior Project Engineer","Project Management","Bismarck, North Dakota, United States","2026-03-31","https://jobs.worley.com/careers/job/1133912281126"
"USA","Worley","Project Engineer","Project Management","Denver, Colorado, United States","2026-03-31","https://jobs.worley.com/careers/job/1133911676702"
"USA","Worley","Senior Accounting Manager, U.S. Statutory Reporting","Finance & Accounting","Houston, Texas, United States","2026-03-31","https://jobs.worley.com/careers/job/1133912439821"
"Argentina","Worley","Receptionist - Pto. Madero","Administration","Argentina","2026-03-31","https://jobs.worley.com/careers/job/1133912443381"
"USA","Worley","Technical Director, Offshore O&G - Autonomous Operations","Marine & Offshore","Houston, Texas, United States","2026-03-31","https://jobs.worley.com/careers/job/1133912279420"
"Qatar","Worley","Senior Project Planner","Project Management","Doha, Ad Dawhah, Qatar","2026-03-31","https://jobs.worley.com/careers/job/1133912270143"
"Qatar","Worley","Senior Structural Designer","Engineering","Doha, Ad Dawhah, Qatar","2026-03-31","https://jobs.worley.com/careers/job/1133912418289"
"USA","Worley","Light Equipment Operator (Nights)","Engineering","Cameron, Louisiana, United States","2026-03-31","https://jobs.worley.com/careers/job/1133912512363"
"USA","Worley","Light Equipment Operator (Nights)","Engineering","Cameron, Louisiana, United States","2026-03-31","https://jobs.worley.com/careers/job/1133912512227"
"USA","Worley","Heavy Equipment Operator (Nights)","Engineering","Cameron, Louisiana, United States","2026-03-31","https://jobs.worley.com/careers/job/1133912512230"
"USA","Worley","Carpenter Helper","Operations & Technical","Cameron, Louisiana, United States","2026-03-31","https://jobs.worley.com/careers/job/1133912512231"
"USA","Worley","Carpenter Foreperson","Operations & Technical","Cameron, Louisiana, United States","2026-03-31","https://jobs.worley.com/careers/job/1133912511408"
"USA","Worley","Bus Driver (Nights)","General","Cameron, Louisiana, United States","2026-03-31","https://jobs.worley.com/careers/job/1133912511406"
"USA","Worley","Bus Driver","General","Cameron, Louisiana, United States","2026-03-31","https://jobs.worley.com/careers/job/1133912511407"
"India","Worley","Senior Compliance Specialist","Legal & Compliance","Mumbai, Maharashtra, India","2026-03-31","https://jobs.worley.com/careers/job/1133910364963"
"India","Worley","Compliance Specialist II","Legal & Compliance","Mumbai, Maharashtra, India","2026-03-31","https://jobs.worley.com/careers/job/1133911009576"
"India","Worley","Accountant II","Finance & Accounting","Kolkata, West Bengal, India","2026-03-31","https://jobs.worley.com/careers/job/1133911824726"
"India","Worley","Accountant I","Finance & Accounting","Kolkata, West Bengal, India","2026-03-31","https://jobs.worley.com/careers/job/1133911825891"
"Oman","Worley","Senior Safety Engineer","General","Muscat, Muscat, Oman","2026-03-31","https://jobs.worley.com/careers/job/1133911773483"
"Indonesia","Worley","Expression of Interest - Engineering Lead","General","Jakarta City, Jakarta, Indonesia","2026-03-31","https://jobs.worley.com/careers/job/1133910974981"
"Mexico","Worley","Senior Architectural Engineer - Offshore - Talent Pool","Human Resources","Mexico City, Ciudad de Mexico (CDMX), Mexico","2026-03-31","https://jobs.worley.com/careers/job/1133911133430"
"Mexico","Worley","Senior Electrical Designer- Offshore - Talent Pool","Human Resources","Mexico City, Ciudad de Mexico (CDMX), Mexico","2026-03-31","https://jobs.worley.com/careers/job/1133911432898"
"Mexico","Worley","Senior Electrical Engineer - Offshore - Talent Pool","Instrumentation & Electrical","Mexico City, Ciudad de Mexico (CDMX), Mexico","2026-03-31","https://jobs.worley.com/careers/job/1133911134872"
"Mexico","Worley","Senior Instrumentation Engineer - Offshore - Talent Pool","Instrumentation & Electrical","Mexico City, Ciudad de Mexico (CDMX), Mexico","2026-03-31","https://jobs.worley.com/careers/job/1133911133428"
"Canada","Worley","Graduate Water Engineer","Internship","Kelowna, British Columbia, Canada","2026-03-30","https://jobs.worley.com/careers/job/1133912498453"
"Canada","Worley","Environmental Technician Trainee","Internship","Kelowna, British Columbia, Canada","2026-03-30","https://jobs.worley.com/careers/job/1133912502151"
"USA","Worley","Senior Project Engineer-US MMM","Project Management","Mesa, Arizona, United States","2026-03-30","https://jobs.worley.com/careers/job/1133912181023"
"USA","Worley","Senior Project Manager-US MMM","Project Management","Mesa, Arizona, United States","2026-03-30","https://jobs.worley.com/careers/job/1133912265249"
"USA","Worley","Senior Electrical Engineer - US MMM","Instrumentation & Electrical","Mesa, Arizona, United States","2026-03-30","https://jobs.worley.com/careers/job/1133912244624"
"USA","Worley","Senior Instrumentation and Control System Engineer - US MMM","Instrumentation & Electrical","Mesa, Arizona, United States","2026-03-30","https://jobs.worley.com/careers/job/1133912244630"
"Canada","Worley","Analytical Technologist","General","Kingston, Ontario, Canada","2026-03-30","https://jobs.worley.com/careers/job/1133912388097"
"USA","Worley","Senior HSE Manager – Early Works & Pipelines","HSE","Anchorage, Alaska, United States","2026-03-30","https://jobs.worley.com/careers/job/1133912504436"
"USA","Worley","Boilermaker","Operations & Technical","La Porte, Texas, United States","2026-03-30","https://jobs.worley.com/careers/job/1133912504434"
"Argentina","Worley","Camp Manager - Site Salta 14x14","General","Salta, Salta Province, Argentina","2026-03-30","https://jobs.worley.com/careers/job/1133912437994"
"USA","Worley","Lead Offsite Laydown Coordinator","Administration","Lake Charles, Louisiana, United States","2026-03-30","https://jobs.worley.com/careers/job/1133912262474"
"USA","Worley","Santos Drilling Support Seasonal Field Roustabout (Rotational Schedule) - Prudhoe Bay, AK","Drilling & Wells","Prudhoe Bay, Alaska, United States","2026-03-30","https://jobs.worley.com/careers/job/1133912498883"
"Argentina","Worley","Facilities Supervisor II - Site Salta - 14x14","General","Salta, Salta Province, Argentina","2026-03-30","https://jobs.worley.com/careers/job/1133912438607"
"USA","Worley","Mechanical Engineer II","Engineering","Reading, Pennsylvania, United States","2026-03-30","https://jobs.worley.com/careers/job/1133910366249"
"USA","Worley","Senior Strategic Analyst","Business Development","Houston, Texas, United States","2026-03-30","https://jobs.worley.com/careers/job/1133912428372"
"Canada","Worley","Civil Technologist","General","Vancouver, British Columbia, Canada","2026-03-30","https://jobs.worley.com/careers/job/1133912260153"
"Canada","Worley","Senior Structural Engineer","Engineering","Vancouver, British Columbia, Canada","2026-03-30","https://jobs.worley.com/careers/job/1133912423190"
"Argentina","Worley","Facilities Supervisor III - Site Salta - 14x14","General","Salta, Salta Province, Argentina","2026-03-30","https://jobs.worley.com/careers/job/1133912438642"
"Canada","Worley","Principal Structural Engineer","Engineering","Oakville, Ontario, Canada","2026-03-30","https://jobs.worley.com/careers/job/1133912423351"
"Canada","Worley","Senior Piping Engineer","Engineering","Vancouver, British Columbia, Canada","2026-03-30","https://jobs.worley.com/careers/job/1133912406502"
"India","Worley","Project Accountant I","Finance & Accounting","Navi Mumbai, Maharashtra, India","2026-03-30","https://jobs.worley.com/careers/job/1133911308191"
"India","Worley","Senior Project Accountant","Finance & Accounting","Navi Mumbai, Maharashtra, India","2026-03-30","https://jobs.worley.com/careers/job/1133911308192"
"Qatar","Worley","Senior Process Engineer","Process & Chemical Engineering","Doha, Ad Dawhah, Qatar","2026-03-30","https://jobs.worley.com/careers/job/1133912125834"
"UAE","Worley","QA/QC Engineer","Quality & Inspection","Das Island, Abu Dhabi, United Arab Emirates","2026-03-30","https://jobs.worley.com/careers/job/1133911028063"
"UAE","Worley","Administration Officer","Administration","Abu Dhabi City, Abu Dhabi, United Arab Emirates","2026-03-30","https://jobs.worley.com/careers/job/1133911026701"
"UAE","Worley","Administration Officer","Administration","Abu Dhabi City, Abu Dhabi, United Arab Emirates","2026-03-30","https://jobs.worley.com/careers/job/1133911060574"
"UAE","Worley","Senior Safety Engineer - Offshore (Detailed Engineering))","Marine & Offshore","Abu Dhabi City, Abu Dhabi, United Arab Emirates","2026-03-30","https://jobs.worley.com/careers/job/1133912405326"
"UAE","Worley","Principal Safety Engineer - Offshore (Detailed Engineering)","Marine & Offshore","Abu Dhabi City, Abu Dhabi, United Arab Emirates","2026-03-30","https://jobs.worley.com/careers/job/1133912405076"
"Thailand","Worley","Electrical Supervisor","General","Rayong Province, Thailand","2026-03-30","https://jobs.worley.com/careers/job/1133912396813"
"Kuwait","Worley","Lead UXO / EOD Specialist (Senior Environmental Specialist)","General","Ahmadi, Al Ahmadi, Kuwait","2026-03-29","https://jobs.worley.com/careers/job/1133912278078"
"Egypt","Worley","Site Mechanical Equipment Construction Field Engineer","Engineering","Cairo, Cairo, Egypt","2026-03-28","https://jobs.worley.com/careers/job/1133912484064"
"Egypt","Worley","Site Mechanical Construction Supervision Lead","Operations & Technical","Cairo, Cairo, Egypt","2026-03-28","https://jobs.worley.com/careers/job/1133912484019"
"Egypt","Worley","Site I&C Construction Field Engineer","General","Cairo, Cairo, Egypt","2026-03-28","https://jobs.worley.com/careers/job/1133912484020"
"Egypt","Worley","Site Electrical Construction Supervision Lead","General","Cairo, Cairo, Egypt","2026-03-28","https://jobs.worley.com/careers/job/1133912483840"
"Egypt","Worley","Senior Quality Assurance Expert","Quality & Inspection","Cairo, Cairo, Egypt","2026-03-28","https://jobs.worley.com/careers/job/1133912483842"
"Egypt","Worley","Senior Mechanical Engineer (Turbine Island)","Engineering","Cairo, Cairo, Egypt","2026-03-28","https://jobs.worley.com/careers/job/1133912483739"
"Egypt","Worley","Senior Electrical Engineer","Instrumentation & Electrical","Cairo, Cairo, Egypt","2026-03-28","https://jobs.worley.com/careers/job/1133912482427"
"Egypt","Worley","Senior Commissioning Engineer (Turbine Island)","Engineering","Cairo, Cairo, Egypt","2026-03-28","https://jobs.worley.com/careers/job/1133912482134"
"Egypt","Worley","Senior Commissioning Electrical Engineer","Instrumentation & Electrical","Cairo, Cairo, Egypt","2026-03-28","https://jobs.worley.com/careers/job/1133912481873"
"Egypt","Worley","Planning & Scheduling Manager","General","Cairo, Cairo, Egypt","2026-03-28","https://jobs.worley.com/careers/job/1133912481627"
"Egypt","Worley","Nuclear Engineering Lead","General","Cairo, Cairo, Egypt","2026-03-28","https://jobs.worley.com/careers/job/1133912481292"
"Egypt","Worley","Nuclear and Radiation Safety Manager","HSE","Cairo, Cairo, Egypt","2026-03-28","https://jobs.worley.com/careers/job/1133912481290"
"Egypt","Worley","Deputy Quality Manager","Quality & Inspection","Cairo, Cairo, Egypt","2026-03-28","https://jobs.worley.com/careers/job/1133912481053"
"Egypt","Worley","Site Construction Field Supervision Engineer","General","Cairo, Cairo, Egypt","2026-03-28","https://jobs.worley.com/careers/job/1133912479653"
"Egypt","Worley","Site Marine Construction Field Engineer","Marine & Offshore","Cairo, Cairo, Egypt","2026-03-28","https://jobs.worley.com/careers/job/1133912479649"
"Czech Republic","Worley","Nuclear Engineer","General","Plzen, Plzen Region, Czech Republic","2026-03-28","https://jobs.worley.com/careers/job/1133912478719"
"Bulgaria","Worley","Instrumentation and Control Engineer","Instrumentation & Electrical","Sofia, Sofia-Capital, Bulgaria","2026-03-28","https://jobs.worley.com/careers/job/1133912478727"
"Bulgaria","Worley","Graduate Instrumentation and Control Engineer","Internship","Sofia, Sofia-Capital, Bulgaria","2026-03-28","https://jobs.worley.com/careers/job/1133912478535"
"Brazil","Worley","Projetista Sênior (ATO)","General","Belo Horizonte, Minas Gerais, Brazil","2026-03-27","https://jobs.worley.com/careers/job/1133912326317"
"Brazil","Worley","Engenheiro de Estruturas Sênior (ATO)","General","Belo Horizonte, Minas Gerais, Brazil","2026-03-27","https://jobs.worley.com/careers/job/1133912327740"
"Brazil","Worley","Engenheiro de Processos Sênior","General","Sao Paulo, São Paulo, Brazil","2026-03-27","https://jobs.worley.com/careers/job/1133912385827"
"Mexico","Worley","Project HRBP","General","Mérida, Yucatán, Mexico","2026-03-27","https://jobs.worley.com/careers/job/1133912440709"
"USA","Worley","QC/QA Piping Inspector","Engineering","Cameron, Louisiana, United States","2026-03-27","https://jobs.worley.com/careers/job/1133912471245"
"Canada","Worley","Intermediate Buyer","Supply Chain & Logistics","Calgary, Alberta, Canada","2026-03-27","https://jobs.worley.com/careers/job/1133912048815"
"USA","Worley","Helper","General","Kansas, United States","2026-03-27","https://jobs.worley.com/careers/job/1133911814077"
"Canada","Worley","Expeditor","Supply Chain & Logistics","Edmonton, Alberta, Canada","2026-03-27","https://jobs.worley.com/careers/job/1133912467406"
"USA","Worley","Carpenter","Operations & Technical","Cameron, Louisiana, United States","2026-03-27","https://jobs.worley.com/careers/job/1133912465599"
"USA","Worley","Mechanical Workface Planner III","Project Management","Cameron, Louisiana, United States","2026-03-26","https://jobs.worley.com/careers/job/1133912450427"
"USA","Worley","Civil Workface Planner III","Project Management","Cameron, Louisiana, United States","2026-03-26","https://jobs.worley.com/careers/job/1133912450267"
"USA","Worley","Workface Planner Coordinator","Project Management","Cameron, Louisiana, United States","2026-03-26","https://jobs.worley.com/careers/job/1133910622309"
"USA","Worley","Survey Coordinator","Administration","Cameron, Louisiana, United States","2026-03-26","https://jobs.worley.com/careers/job/1133912449865"
"Canada","Worley","Summer Student Engineering Intern","Internship","Calgary, Alberta, Canada","2026-03-26","https://jobs.worley.com/careers/job/1133912449867"
"Mexico","Worley","Senior Mechanical Engineer_Mining","Engineering","Mexico City, Ciudad de Mexico (CDMX), Mexico","2026-03-26","https://jobs.worley.com/careers/job/1133911975969"
"Colombia","Worley","Legal Counsel II","Legal & Compliance","Bogotá, Capital District, Colombia","2026-03-26","https://jobs.worley.com/careers/job/1133912438941"
"Colombia","Worley","Document Controller I Bilingual (Talent Pool)","Human Resources","Bogotá, Capital District, Colombia","2026-03-26","https://jobs.worley.com/careers/job/1133912031690"
"Canada","Worley","Manager, Mining Project Contracts","Legal & Compliance","Edmonton, Alberta, Canada","2026-03-26","https://jobs.worley.com/careers/job/1133912429678"
"Canada","Worley","Manager, Project Procurement","Supply Chain & Logistics","Vancouver, British Columbia, Canada","2026-03-26","https://jobs.worley.com/careers/job/1133912429327"
"Canada","Worley","Intermediate Expeditor","Supply Chain & Logistics","Calgary, Alberta, Canada","2026-03-26","https://jobs.worley.com/careers/job/1133912048422"
"Canada","Worley","Intermediate Structural Engineer","Engineering","Vancouver, British Columbia, Canada","2026-03-26","https://jobs.worley.com/careers/job/1133910159303"
"Canada","Worley","Marine Structural Engineer","Engineering","Vancouver, British Columbia, Canada","2026-03-26","https://jobs.worley.com/careers/job/1133911674805"
"USA","Worley","Workface Planner III","Project Management","Cameron, Louisiana, United States","2026-03-26","https://jobs.worley.com/careers/job/1133912443184"
"USA","Worley","Structural Welder/ Fitter (Construction) Anchorage Fab Shop, AK","Engineering","Anchorage, Alaska, United States","2026-03-26","https://jobs.worley.com/careers/job/1133912443080"
"USA","Worley","Mechanical Engineer Level I","Engineering","Baton Rouge, Louisiana, United States","2026-03-26","https://jobs.worley.com/careers/job/1133912423948"
"USA","Worley","Senior Process Engineer","Process & Chemical Engineering","Baton Rouge, Louisiana, United States","2026-03-26","https://jobs.worley.com/careers/job/1133912423946"
"Canada","Worley","People Manager (People Business Partner)","Human Resources","Markham, Ontario, Canada","2026-03-26","https://jobs.worley.com/careers/job/1133911728872"
"USA","Worley","HSE Specialist II","HSE","Colonial Heights, Virginia, United States","2026-03-26","https://jobs.worley.com/careers/job/1133912423947"
"Canada","Worley","Senior Project Engineering Manager","Project Management","Calgary, Alberta, Canada","2026-03-26","https://jobs.worley.com/careers/job/1133912442184"
"USA","Worley","Roads and Pads – Roustabout/Laborer (Summer Hire) - Prudhoe Bay, AK","General","Prudhoe Bay, Alaska, United States","2026-03-26","https://jobs.worley.com/careers/job/1133912441126"
"USA","Worley","Field Change Control","General","Cameron, Louisiana, United States","2026-03-26","https://jobs.worley.com/careers/job/1133910640091"
"UK","Worley","Senior Plating Supervisor","General","Grimsby, Lincolnshire, United Kingdom","2026-03-26","https://jobs.worley.com/careers/job/1133912438969"
"USA","Worley","Senior Project Control Planner","Project Management","Cameron, Louisiana, United States","2026-03-26","https://jobs.worley.com/careers/job/1133912439822"
"Canada","Worley","Senior Electrical Engineer - Mining","Instrumentation & Electrical","Vancouver, British Columbia, Canada","2026-03-26","https://jobs.worley.com/careers/job/1133912406348"
"USA","Worley","Estimator II","Project Management","Houston, Texas, United States","2026-03-26","https://jobs.worley.com/careers/job/1133911546740"
"USA","Worley","Senior Project Manager - Energy Infrastructure Assets","Project Management","Denver, Colorado, United States","2026-03-26","https://jobs.worley.com/careers/job/1133911151575"
"Canada","Worley","Principal Process Engineer - Smelting and Refinery","Process & Chemical Engineering","Oakville, Ontario, Canada","2026-03-26","https://jobs.worley.com/careers/job/1133912438955"
"Canada","Worley","Principal Civil Designer","General","Vancouver, British Columbia, Canada","2026-03-26","https://jobs.worley.com/careers/job/1133910164764"
"Colombia","Worley","Senior Mechanical Engineer (Talent Pool)","Engineering","Bogotá, Capital District, Colombia","2026-03-26","https://jobs.worley.com/careers/job/1133910452225"
"Egypt","Worley","Senior Mechanical Engineer","Engineering","Cairo, Cairo, Egypt","2026-03-26","https://jobs.worley.com/careers/job/1133912438839"
"Egypt","Worley","Senior Commissioning I&C Engineer","General","Cairo, Cairo, Egypt","2026-03-26","https://jobs.worley.com/careers/job/1133912438641"
"India","Worley","Electrical Engineer Level II","Instrumentation & Electrical","Bangalore, Karnataka, India","2026-03-26","https://jobs.worley.com/careers/job/1133912421850"
"India","Worley","Senior Electrical Engineer","Instrumentation & Electrical","Bangalore, Karnataka, India","2026-03-26","https://jobs.worley.com/careers/job/1133912422154"
"USA","Worley","Cement Finisher","General","Cameron, Louisiana, United States","2026-03-26","https://jobs.worley.com/careers/job/1133911793126"
"Oman","Worley","Manager, Project Controls","Project Management","Sohar, Al Batinah, Oman","2026-03-26","https://jobs.worley.com/careers/job/1133911986579"
"UAE","Worley","Commissioning & Startup Lead Engineer","General","Ruwais, Abu Dhabi, United Arab Emirates","2026-03-26","https://jobs.worley.com/careers/job/1133912418126"
"India","Worley","Taleo System Administrator","IT & Digital","Bangalore, Karnataka, India","2026-03-26","https://jobs.worley.com/careers/job/1133912134261"
"USA","Worley","HSE Administrator","HSE","Cameron, Louisiana, United States","2026-03-26","https://jobs.worley.com/careers/job/1133912430888"
"USA","Worley","HSE Specialist II","HSE","Cameron, Louisiana, United States","2026-03-26","https://jobs.worley.com/careers/job/1133912430889"
"USA","Worley","Senior Workface Planner","Project Management","Cameron, Louisiana, United States","2026-03-26","https://jobs.worley.com/careers/job/1133911077872"
"USA","Worley","Environmental Specialist","General","Cameron, Louisiana, United States","2026-03-25","https://jobs.worley.com/careers/job/1133912430672"
"Peru","Worley","Senior Study Manager - Perú","General","Lima, Lima Province, Peru","2026-03-25","https://jobs.worley.com/careers/job/1133911122981"
"Canada","Worley","Project Control Specialist","Project Management","Fort Saskatchewan, Alberta, Canada","2026-03-25","https://jobs.worley.com/careers/job/1133912430392"
"Argentina","Worley","Supplier Quality Surveillance Engineer (SQS)","Quality & Inspection","Salta, Salta Province, Argentina","2026-03-25","https://jobs.worley.com/careers/job/1133911454070"
"Canada","Worley","Graduate Environmental Scientist, Environmental Engineer or Environmental Technologist","Internship","Cold Lake, Alberta, Canada","2026-03-25","https://jobs.worley.com/careers/job/1133912410158"
"Canada","Worley","Intermediate Environmental Scientist, Environmental Engineer or Environmental Technologist","Communications & Marketing","Cold Lake, Alberta, Canada","2026-03-25","https://jobs.worley.com/careers/job/1133912430170"
"Chile","Worley","Principal Process Designer - Banco de talentos","Process & Chemical Engineering","Santiago de Chile, Metropolitana, Chile","2026-03-25","https://jobs.worley.com/careers/job/1133912391865"
"Canada","Worley","Lead Material Handler","General","Edmonton, Alberta, Canada","2026-03-25","https://jobs.worley.com/careers/job/1133912428805"
"USA","Worley","Principal Safety Engineer","General","Houston, Texas, United States","2026-03-25","https://jobs.worley.com/careers/job/1133912428694"
"USA","Worley","Director, Service Management","General","Houston, Texas, United States","2026-03-25","https://jobs.worley.com/careers/job/1133912280997"
"Canada","Worley","Lead Electrical Engineer","Instrumentation & Electrical","Vancouver, British Columbia, Canada","2026-03-25","https://jobs.worley.com/careers/job/1133910154491"
"USA","Worley","Service Writer / Advisor - (Rotational Schedule) - Prudhoe Bay, AK","General","Prudhoe Bay, Alaska, United States","2026-03-25","https://jobs.worley.com/careers/job/1133912426143"
"Mexico","Worley","Senior Cost Analyst","General","Guerrero, Mexico","2026-03-25","https://jobs.worley.com/careers/job/1133911069429"
"Denmark","Worley","Manager, Project Procurement","Supply Chain & Logistics","Copenhagen, Hovedstaden, Denmark","2026-03-25","https://jobs.worley.com/careers/job/1133912423350"
"Spain","Worley","Practice Lead – Ports Advisory & Logistics","Supply Chain & Logistics","Madrid, Madrid, Spain","2026-03-25","https://jobs.worley.com/careers/job/1133912421979"
"Denmark","Worley","Senior Project Engineer","Project Management","Copenhagen, Hovedstaden, Denmark","2026-03-25","https://jobs.worley.com/careers/job/1133912421745"
"India","Worley","Electrical Engineer Level II","Instrumentation & Electrical","Pune, Maharashtra, India","2026-03-25","https://jobs.worley.com/careers/job/1133912386063"
"India","Worley","Senior Electrical Designer","General","Pune, Maharashtra, India","2026-03-25","https://jobs.worley.com/careers/job/1133912386072"
"USA","Worley","TES Helper","General","Cameron, Louisiana, United States","2026-03-25","https://jobs.worley.com/careers/job/1133912421232"
"USA","Worley","Material Handler Foreperson","General","Cameron, Louisiana, United States","2026-03-25","https://jobs.worley.com/careers/job/1133912420790"
"UAE","Worley","Senior Process Engineer - Offshore","Process & Chemical Engineering","Abu Dhabi City, Abu Dhabi, United Arab Emirates","2026-03-25","https://jobs.worley.com/careers/job/1133912384769"
"UAE","Worley","Principal Process Engineer - Offshore","Process & Chemical Engineering","Abu Dhabi City, Abu Dhabi, United Arab Emirates","2026-03-25","https://jobs.worley.com/careers/job/1133912384691"
"UAE","Worley","Process Engineer II - Offshore","Process & Chemical Engineering","Abu Dhabi City, Abu Dhabi, United Arab Emirates","2026-03-25","https://jobs.worley.com/careers/job/1133912384824"
"UAE","Worley","Senior Process Designer","Process & Chemical Engineering","Abu Dhabi City, Abu Dhabi, United Arab Emirates","2026-03-25","https://jobs.worley.com/careers/job/1133912385085"
"India","Worley","Principal Process Safety Engineer","Process & Chemical Engineering","Hyderabad, Andra Pradesh, India","2026-03-25","https://jobs.worley.com/careers/job/1133912391064"
"Saudi Arabia","Worley","Safety Officer","General","Al Khobar, Eastern Province, Saudi Arabia","2026-03-25","https://jobs.worley.com/careers/job/1133912256903"
"Qatar","Worley","Principal Project Planner","Project Management","Doha, Ad Dawhah, Qatar","2026-03-25","https://jobs.worley.com/careers/job/1133912268802"
"Mexico","Worley","Inspector de Recubrimiento - Gasoducto","Quality & Inspection","Mérida, Yucatán, Mexico","2026-03-24","https://jobs.worley.com/careers/job/1133912279924"
"Brazil","Worley","Engenheiro Civil Sr. (Construtibilidade)","General","Belo Horizonte, Minas Gerais, Brazil","2026-03-24","https://jobs.worley.com/careers/job/1133912278079"
"Colombia","Worley","Senior Piping Engineer","Engineering","Bogotá, Capital District, Colombia","2026-03-24","https://jobs.worley.com/careers/job/1133912246230"
"South Africa","Worley","Portfolio Lead RSA - Ports","General","Johannesburg, Gauteng, South Africa","2026-03-24","https://jobs.worley.com/careers/job/1133912407382"
"India","Worley","Global TA Programs Partner","General","Hyderabad, Andra Pradesh, India","2026-03-24","https://jobs.worley.com/careers/job/1133912285097"
"Chile","Worley","Senior Project Engineering Manager - Hidrociclones","Project Management","Santiago de Chile, Metropolitana, Chile","2026-03-24","https://jobs.worley.com/careers/job/1133912181430"
"Chile","Worley","Diseñador BIM Senior  - AVEVA","General","Santiago de Chile, Metropolitana, Chile","2026-03-24","https://jobs.worley.com/careers/job/1133912341634"
"USA","Worley","Senior Associate Technical Consultant, Infrastructure","IT & Digital","Houston, Texas, United States","2026-03-24","https://jobs.worley.com/careers/job/1133910195750"
"Peru","Worley","Senior Geotechnical Supervisor - 14x7","General","Lima, Lima Province, Peru","2026-03-24","https://jobs.worley.com/careers/job/1133912342016"
"Colombia","Worley","Junior Accountant (Bilingual)","Finance & Accounting","Colombia","2026-03-24","https://jobs.worley.com/careers/job/1133911671935"
"India","Worley","Principal Structural Engineer","Engineering","Hyderabad, Andra Pradesh, India","2026-03-24","https://jobs.worley.com/careers/job/1133911052167"
"USA","Worley","TES Helper","General","Cameron, Louisiana, United States","2026-03-24","https://jobs.worley.com/careers/job/1133912404687"
"Colombia","Worley","Project Control Specialist I (Talent Pool)","Project Management","Bogotá, Capital District, Colombia","2026-03-24","https://jobs.worley.com/careers/job/1133912328214"
"Colombia","Worley","Estimator II (Talent Pool)","Project Management","Bogotá, Capital District, Colombia","2026-03-24","https://jobs.worley.com/careers/job/1133912328348"
"Saudi Arabia","Worley","C&C Coordinator / Process Lead- Turaif Site","Administration","Turaif, Northern Province, Saudi Arabia","2026-03-24","https://jobs.worley.com/careers/job/1133910366082"
"Spain","Worley","Technical Advisor – Transport & Infrastructure Advisory","IT & Digital","Madrid, Madrid, Spain","2026-03-24","https://jobs.worley.com/careers/job/1133912404028"
"Spain","Worley","Practice Lead - Freight Rail","General","Madrid, Madrid, Spain","2026-03-24","https://jobs.worley.com/careers/job/1133912404030"
"Spain","Worley","Practice Lead - Transport Logistics","Supply Chain & Logistics","Madrid, Madrid, Spain","2026-03-24","https://jobs.worley.com/careers/job/1133912404031"
"USA","Worley","Material Handler Helper","General","Cameron, Louisiana, United States","2026-03-24","https://jobs.worley.com/careers/job/1133912403895"
"Thailand","Worley","E&I Supervisor","General","Sriracha, Chonburi, Thailand","2026-03-24","https://jobs.worley.com/careers/job/1133912382756"
"India","Worley","Safety Engineer Level II","General","Navi Mumbai, Maharashtra, India","2026-03-24","https://jobs.worley.com/careers/job/1133911717505"
"Indonesia","Worley","Expression of Interest - Scheduler (Contract Based)","Project Management","Sulawesi Tenggara, Sulawesi, Indonesia","2026-03-24","https://jobs.worley.com/careers/job/1133912378375"
"USA","Worley","Summer Mechanic Apprentice - Prudhoe Bay, AK","Internship","Prudhoe Bay, Alaska, United States","2026-03-23","https://jobs.worley.com/careers/job/1133912393398"
"Canada","Worley","Senior Project Engineer","Project Management","Calgary, Alberta, Canada","2026-03-23","https://jobs.worley.com/careers/job/1133912197528"
"Canada","Worley","Senior Project Engineer","Project Management","Calgary, Alberta, Canada","2026-03-23","https://jobs.worley.com/careers/job/1133912197529"
"Canada","Worley","Subcontracts Specialist","Supply Chain & Logistics","Edmonton, Alberta, Canada","2026-03-23","https://jobs.worley.com/careers/job/1133912392908"
"Colombia","Worley","Senior Global Process Lead","General","Bogotá, Capital District, Colombia","2026-03-23","https://jobs.worley.com/careers/job/1133911751769"
"Canada","Worley","Senior Project Manager","Project Management","Vancouver, British Columbia, Canada","2026-03-23","https://jobs.worley.com/careers/job/1133912197188"
"Canada","Worley","Project Engineer","Project Management","Edmonton, Alberta, Canada","2026-03-23","https://jobs.worley.com/careers/job/1133912197185"
"Canada","Worley","Project Engineer","Project Management","Vancouver, British Columbia, Canada","2026-03-23","https://jobs.worley.com/careers/job/1133912197186"
"Canada","Worley","Project Manager","Project Management","Edmonton, Alberta, Canada","2026-03-23","https://jobs.worley.com/careers/job/1133912197189"
"Canada","Worley","Senior Associate Technical Consultant, Infrastructure","IT & Digital","Vancouver, British Columbia, Canada","2026-03-23","https://jobs.worley.com/careers/job/1133910195617"
"USA","Worley","Driver / Operator – Fluids Hauler (Rotational Schedule) - Prudhoe, AK","General","Prudhoe Bay, Alaska, United States","2026-03-23","https://jobs.worley.com/careers/job/1133912386436"
"Colombia","Worley","Senior Identity Governance Specialist - Bilingual","Legal & Compliance","Bogotá, Capital District, Colombia","2026-03-23","https://jobs.worley.com/careers/job/1133912054278"
"Chile","Worley","Senior Commissioning Engineer","General","Santiago de Chile, Metropolitana, Chile","2026-03-23","https://jobs.worley.com/careers/job/1133912260355"
"USA","Worley","Structural Welder (Worley Base Shop - Rotational Schedule) - Prudhoe Bay, AK","Engineering","Prudhoe Bay, Alaska, United States","2026-03-23","https://jobs.worley.com/careers/job/1133912384770"
"Peru","Worley","Senior Project Master Scheduler","Project Management","Lima, Lima Province, Peru","2026-03-23","https://jobs.worley.com/careers/job/1133912181428"
"Chile","Worley","Principal Mechanical Engineer","Engineering","Santiago de Chile, Metropolitana, Chile","2026-03-23","https://jobs.worley.com/careers/job/1133912182642"
"Chile","Worley","Senior Electrical Engineer","Instrumentation & Electrical","Santiago de Chile, Metropolitana, Chile","2026-03-23","https://jobs.worley.com/careers/job/1133911528191"
"India","Worley","Senior Process Engineer","Process & Chemical Engineering","Vadodara, Gujarat, India","2026-03-23","https://jobs.worley.com/careers/job/1133912382895"
"India","Worley","Marine & Coastal Engineer Level II","Marine & Offshore","Chennai, Tamil Nadu, India","2026-03-23","https://jobs.worley.com/careers/job/1133912382894"
"Qatar","Worley","Senior Process Engineer","Process & Chemical Engineering","Doha, Ad Dawhah, Qatar","2026-03-23","https://jobs.worley.com/careers/job/1133912125355"
"Qatar","Worley","Principal Piping Designer","Engineering","Doha, Ad Dawhah, Qatar","2026-03-23","https://jobs.worley.com/careers/job/1133912132713"
"Qatar","Worley","Principal Process Engineer","Process & Chemical Engineering","Doha, Ad Dawhah, Qatar","2026-03-23","https://jobs.worley.com/careers/job/1133912127129"
"Qatar","Worley","Structural Designer Level II","Engineering","Doha, Ad Dawhah, Qatar","2026-03-23","https://jobs.worley.com/careers/job/1133912110797"
"India","Worley","Electrical Designer Level II","General","Mumbai, Maharashtra, India","2026-03-23","https://jobs.worley.com/careers/job/1133912237989"
"India","Worley","Project Control Specialist II","Project Management","Navi Mumbai, Maharashtra, India","2026-03-23","https://jobs.worley.com/careers/job/1133911265007"
"India","Worley","Project Control Specialist I","Project Management","Mumbai, Maharashtra, India","2026-03-23","https://jobs.worley.com/careers/job/1133911436664"
"India","Worley","Project Control Specialist I","Project Management","Pune, Maharashtra, India","2026-03-23","https://jobs.worley.com/careers/job/1133911264998"
"UK","Worley","Plating Supervisor","General","Grimsby, Lincolnshire, United Kingdom","2026-03-23","https://jobs.worley.com/careers/job/1133911699282"
"India","Worley","Mechanical Engineer Level I","Engineering","Chennai, Tamil Nadu, India","2026-03-23","https://jobs.worley.com/careers/job/1133911717105"
"Kuwait","Worley","Senior Manager, Project Controls","Project Management","Ahmadi, Al Ahmadi, Kuwait","2026-03-22","https://jobs.worley.com/careers/job/1133912254578"
"Argentina","Worley","Sr Material Control Manager - Site Salta 14x14","Supply Chain & Logistics","Salta Province, Argentina","2026-03-22","https://jobs.worley.com/careers/job/1133912243573"
"USA","Worley","Ironworker Helper","General","Cameron, Louisiana, United States","2026-03-21","https://jobs.worley.com/careers/job/1133912363888"
"USA","Worley","Ironworker","General","Cameron, Louisiana, United States","2026-03-21","https://jobs.worley.com/careers/job/1133912363889"
"Brazil","Worley","Engenheiro de Instrumentação Pleno (ATO)","Instrumentation & Electrical","Rio de Janeiro, Brazil","2026-03-20","https://jobs.worley.com/careers/job/1133911863686"
"USA","Worley","Carpenter Helper","Operations & Technical","Cameron, Louisiana, United States","2026-03-20","https://jobs.worley.com/careers/job/1133912346098"
"USA","Worley","Surveyor (Nights)","General","Cameron, Louisiana, United States","2026-03-20","https://jobs.worley.com/careers/job/1133912344566"
"USA","Worley","Surveyor","General","Cameron, Louisiana, United States","2026-03-20","https://jobs.worley.com/careers/job/1133912343508"
"USA","Worley","Rodman (Nights)","General","Cameron, Louisiana, United States","2026-03-20","https://jobs.worley.com/careers/job/1133912343505"
"USA","Worley","Carpenter Helper","Operations & Technical","Cameron, Louisiana, United States","2026-03-20","https://jobs.worley.com/careers/job/1133912342017"
"Malaysia","Worley","Treasury Analyst I","Finance & Accounting","Kuala Lumpur, Kuala Lumpur, Malaysia","2026-03-20","https://jobs.worley.com/careers/job/1133911540369"
"India","Worley","Safety Designer Level II","General","Chennai, Tamil Nadu, India","2026-03-20","https://jobs.worley.com/careers/job/1133912277133"
"Peru","Worley","Civil Engineer Level II - Lima","Engineering","Lima, Lima Province, Peru","2026-03-19","https://jobs.worley.com/careers/job/1133912284393"
"Colombia","Worley","Project Accountant II (Project Controls, Forecasting)","Project Management","Bogotá, Capital District, Colombia","2026-03-19","https://jobs.worley.com/careers/job/1133911696207"
"Colombia","Worley","Project Accountant II","Finance & Accounting","Bogotá, Capital District, Colombia","2026-03-19","https://jobs.worley.com/careers/job/1133911695915"
"Colombia","Worley","Project Accountant II","Finance & Accounting","Bogotá, Capital District, Colombia","2026-03-19","https://jobs.worley.com/careers/job/1133911696084"
"Colombia","Worley","Project Accountant II","Finance & Accounting","Bogotá, Capital District, Colombia","2026-03-19","https://jobs.worley.com/careers/job/1133911695835"
"USA","Worley","Turnover Interface Manager","General","Cameron, Louisiana, United States","2026-03-19","https://jobs.worley.com/careers/job/1133912328833"
"USA","Worley","Manager II, Financial Planning & Analysis","Finance & Accounting","Houston, Texas, United States","2026-03-19","https://jobs.worley.com/careers/job/1133911863309"
"Canada","Worley","Lead / Senior Instrumentation Engineer","Instrumentation & Electrical","Vancouver, British Columbia, Canada","2026-03-19","https://jobs.worley.com/careers/job/1133910561107"
"USA","Worley","Field Mechanical Manager","Operations & Technical","Cameron, Louisiana, United States","2026-03-19","https://jobs.worley.com/careers/job/1133912324610"
"USA","Worley","Quality Control Mechanical Inspector","Quality & Inspection","Cameron, Louisiana, United States","2026-03-19","https://jobs.worley.com/careers/job/1133911069565"
"USA","Worley","Site Services Helper","General","Cameron, Louisiana, United States","2026-03-19","https://jobs.worley.com/careers/job/1133912306270"
"India","Worley","Electrical Engineer Level II","Instrumentation & Electrical","Navi Mumbai, Maharashtra, India","2026-03-19","https://jobs.worley.com/careers/job/1133911567434"
"Azerbaijan","Worley","Project Manager","Project Management","Baku, Baku, Azerbaijan","2026-03-19","https://jobs.worley.com/careers/job/1133912286724"
"India","Worley","Senior Electrical Engineer","Instrumentation & Electrical","Navi Mumbai, Maharashtra, India","2026-03-19","https://jobs.worley.com/careers/job/1133912033397"
"India","Worley","Principal Electrical Designer","General","Mumbai, Maharashtra, India","2026-03-19","https://jobs.worley.com/careers/job/1133912289672"
"Qatar","Worley","Senior Process Engineer","Process & Chemical Engineering","Doha, Ad Dawhah, Qatar","2026-03-19","https://jobs.worley.com/careers/job/1133912125832"
"India","Worley","Senior Electrical Engineer","Instrumentation & Electrical","Hyderabad, Andra Pradesh, India","2026-03-19","https://jobs.worley.com/careers/job/1133912276775"
"USA","Worley","Pipe Quality Inspector (Nights)","Quality & Inspection","Cameron, Louisiana, United States","2026-03-18","https://jobs.worley.com/careers/job/1133912283815"
"USA","Worley","Coatings Quality Inspector","Quality & Inspection","Cameron, Louisiana, United States","2026-03-18","https://jobs.worley.com/careers/job/1133912283762"
"USA","Worley","Wells Interventions Roustabout (Rotational Schedule) - Prudhoe Bay, AK","General","Prudhoe Bay, Alaska, United States","2026-03-18","https://jobs.worley.com/careers/job/1133912282646"
"Canada","Worley","Junior Estimator","Project Management","Edmonton, Alberta, Canada","2026-03-18","https://jobs.worley.com/careers/job/1133912282024"
"USA","Worley","Process LNG Commissioning Engineer","General","Cameron, Louisiana, United States","2026-03-18","https://jobs.worley.com/careers/job/1133912281636"
"Canada","Worley","Senior Electrical Engineer - Nuclear","Instrumentation & Electrical","Kincardine, Ontario, Canada","2026-03-18","https://jobs.worley.com/careers/job/1133910842835"
"Argentina","Worley","Administrador/a LOTO - Site Salta 14x14","Administration","Salta Province, Argentina","2026-03-18","https://jobs.worley.com/careers/job/1133911798055"
"Saudi Arabia","Worley","Constructability Manager","General","Riyadh, Riyadh Province, Saudi Arabia","2026-03-18","https://jobs.worley.com/careers/job/1133912278210"
"India","Worley","Electrical Designer Level II","General","Vadodara, Gujarat, India","2026-03-18","https://jobs.worley.com/careers/job/1133912065416"
"India","Worley","Safety Engineer Level II","General","Hyderabad, Andra Pradesh, India","2026-03-18","https://jobs.worley.com/careers/job/1133912272760"
"UAE","Worley","Planning Engineer","Project Management","Abu Dhabi City, Abu Dhabi, United Arab Emirates","2026-03-18","https://jobs.worley.com/careers/job/1133911059618"
"Indonesia","Worley","Business Development Director, Indonesia","Business Development","Jakarta, Indonesia","2026-03-18","https://jobs.worley.com/careers/job/1133910430066"
"Thailand","Worley","Senior Structural Designer","Engineering","Bangkok City, Bangkok, Thailand","2026-03-18","https://jobs.worley.com/careers/job/1133912189836"
"Thailand","Worley","Senior Civil Engineer","Engineering","Rayong, Rayong Province, Thailand","2026-03-18","https://jobs.worley.com/careers/job/1133912189964"
"USA","Worley","Talent Acquisition Manager","Human Resources","Cameron, Louisiana, United States","2026-03-17","https://jobs.worley.com/careers/job/1133912265650"
"Mexico","Worley","Inspector Civil Ducto HDD","Quality & Inspection","Campeche, Campeche, Mexico","2026-03-17","https://jobs.worley.com/careers/job/1133912158536"
"Canada","Worley","Mechanical Planner","Project Management","Alberta, Canada","2026-03-17","https://jobs.worley.com/careers/job/1133912265380"
"Canada","Worley","Trainee Piping Designer","Internship","Edmonton, Alberta, Canada","2026-03-17","https://jobs.worley.com/careers/job/1133912264227"
"Peru","Worley","Senior Instrumentation Engineer - Lima","Instrumentation & Electrical","Lima, Lima Province, Peru","2026-03-17","https://jobs.worley.com/careers/job/1133912179602"
"USA","Worley","Boiler/Refrigeration/HVAC Mechanic - NOP (Rotational Schedule) - Prudhoe Bay, AK","Operations & Technical","Prudhoe Bay, Alaska, United States","2026-03-17","https://jobs.worley.com/careers/job/1133912263681"
"USA","Worley","Subcontracts Manager","Project Management","Houston, Texas, United States","2026-03-17","https://jobs.worley.com/careers/job/1133912001847"
"USA","Worley","Sr. Piping/Mechanical Field Engineer","Engineering","Cameron, Louisiana, United States","2026-03-17","https://jobs.worley.com/careers/job/1133911562605"
"Mexico","Worley","Inspector Civil DDV - Cruces Direccionales","Quality & Inspection","Campeche, Campeche, Mexico","2026-03-17","https://jobs.worley.com/careers/job/1133912158212"
"Colombia","Worley","Integrador y Desarrollador de Aplicaciones","General","Bogotá, Capital District, Colombia","2026-03-17","https://jobs.worley.com/careers/job/1133910675287"
"Peru","Worley","Manager, Project Controls - Mining","Project Management","Lima, Lima Province, Peru","2026-03-17","https://jobs.worley.com/careers/job/1133912158537"
"Canada","Worley","Deskside Support Intern","Internship","Edmonton, Alberta, Canada","2026-03-17","https://jobs.worley.com/careers/job/1133912261464"
"Canada","Worley","Senior Principal Telecommunications Engineer - Structured Cabling Systems","Communications & Marketing","Calgary, Alberta, Canada","2026-03-17","https://jobs.worley.com/careers/job/1133910679236"
"USA","Worley","Carpenter","Operations & Technical","Cameron, Louisiana, United States","2026-03-17","https://jobs.worley.com/careers/job/1133912258530"
"USA","Worley","Light Equipment Operator","Engineering","Cameron, Louisiana, United States","2026-03-17","https://jobs.worley.com/careers/job/1133912258532"
"USA","Worley","Heavy Equipment Operator","Engineering","Cameron, Louisiana, United States","2026-03-17","https://jobs.worley.com/careers/job/1133912258405"
"USA","Worley","Laborer","General","Cameron, Louisiana, United States","2026-03-17","https://jobs.worley.com/careers/job/1133912257929"
"USA","Worley","Material Handler Helper","General","Cameron, Louisiana, United States","2026-03-17","https://jobs.worley.com/careers/job/1133912257936"
"USA","Worley","Material Handler Helper","General","Cameron, Louisiana, United States","2026-03-17","https://jobs.worley.com/careers/job/1133912257873"
"USA","Worley","Material Handler Helper","General","Cameron, Louisiana, United States","2026-03-17","https://jobs.worley.com/careers/job/1133912257870"
"USA","Worley","Material Handler Helper","General","Cameron, Louisiana, United States","2026-03-17","https://jobs.worley.com/careers/job/1133912257871"
"USA","Worley","Material Handler","General","Cameron, Louisiana, United States","2026-03-17","https://jobs.worley.com/careers/job/1133912257874"
"USA","Worley","Carpenter Helper (Nights)","Operations & Technical","Cameron, Louisiana, United States","2026-03-17","https://jobs.worley.com/careers/job/1133912244485"
"USA","Worley","Light Equipment Operator","Engineering","Cameron, Louisiana, United States","2026-03-17","https://jobs.worley.com/careers/job/1133912244633"
"Indonesia","Worley","Expression of Interest - Senior Project Engineer","Project Management","Jakarta City, Jakarta, Indonesia","2026-03-17","https://jobs.worley.com/careers/job/1133910975091"
"Australia","Worley","Water Resources Engineer","General","Perth, Western Australia, Australia","2026-03-17","https://jobs.worley.com/careers/job/1133912247774"
"USA","Worley","Senior Principal Electrical Engineer","Instrumentation & Electrical","Baton Rouge, Louisiana, United States","2026-03-17","https://jobs.worley.com/careers/job/1133912122321"
"USA","Worley","Heavy Equipment Operator","Engineering","Cameron, Louisiana, United States","2026-03-16","https://jobs.worley.com/careers/job/1133912244627"
"USA","Worley","Heavy Equipment Operator (Nights)","Engineering","Cameron, Louisiana, United States","2026-03-16","https://jobs.worley.com/careers/job/1133912244635"
"USA","Worley","Carpenter (Nights)","Operations & Technical","Cameron, Louisiana, United States","2026-03-16","https://jobs.worley.com/careers/job/1133912244419"
"USA","Worley","Rodbuster (Nights)","General","Cameron, Louisiana, United States","2026-03-16","https://jobs.worley.com/careers/job/1133912244423"
"USA","Worley","Senior Electrical Engineer","Instrumentation & Electrical","Monrovia, California, United States","2026-03-16","https://jobs.worley.com/careers/job/1133912053811"
"Canada","Worley","Project Engineering Manager-Mining, Minerals and Metals","Project Management","Vancouver, British Columbia, Canada","2026-03-16","https://jobs.worley.com/careers/job/1133912239143"
"Argentina","Worley","Director, HSE - LATAM&C","HSE","Buenos Aires, Buenos Aires Province, Argentina","2026-03-16","https://jobs.worley.com/careers/job/1133911798010"
"Canada","Worley","Project Engineering Manager-Mining, Minerals and Metals","Project Management","Oakville, Ontario, Canada","2026-03-16","https://jobs.worley.com/careers/job/1133912239921"
"USA","Worley","Roads and Pads Equipment Operator (Rotational Schedule) - Prudhoe Bay, AK","Engineering","Prudhoe Bay, Alaska, United States","2026-03-16","https://jobs.worley.com/careers/job/1133912239147"
"USA","Worley","Welder/ Fabricator (Rotational Schedule - On-Lease Shops) - Prudhoe Bay, AK","Operations & Technical","Prudhoe Bay, Alaska, United States","2026-03-16","https://jobs.worley.com/careers/job/1133912238974"
"USA","Worley","Carpenter","Operations & Technical","Cameron, Louisiana, United States","2026-03-16","https://jobs.worley.com/careers/job/1133912239142"
"Qatar","Worley","Senior Capture Manager","General","Doha, Ad Dawhah, Qatar","2026-03-16","https://jobs.worley.com/careers/job/1133912130360"
"USA","Worley","Light Equipment Operator","Engineering","Cameron, Louisiana, United States","2026-03-16","https://jobs.worley.com/careers/job/1133912238807"
"Colombia","Worley","Senior Project Control Specialist (Talent Pool)","Project Management","Bogotá, Capital District, Colombia","2026-03-16","https://jobs.worley.com/careers/job/1133910153827"
"Colombia","Worley","Senior Piping Engineer","Engineering","Bogotá, Capital District, Colombia","2026-03-16","https://jobs.worley.com/careers/job/1133911433541"
"Qatar","Worley","Senior Instrumentation Designer","Instrumentation & Electrical","Doha, Ad Dawhah, Qatar","2026-03-16","https://jobs.worley.com/careers/job/1133911960715"
"India","Worley","Project Engineer","Project Management","Navi Mumbai, Maharashtra, India","2026-03-16","https://jobs.worley.com/careers/job/1133912066400"
"India","Worley","Safety Engineer Level I","General","Navi Mumbai, Maharashtra, India","2026-03-16","https://jobs.worley.com/careers/job/1133912226444"
"Qatar","Worley","Principal Safety Engineer","General","Doha, Ad Dawhah, Qatar","2026-03-16","https://jobs.worley.com/careers/job/1133912110853"
"India","Worley","Senior Telecommunications Engineer","Communications & Marketing","Navi Mumbai, Maharashtra, India","2026-03-16","https://jobs.worley.com/careers/job/1133912233162"
"India","Worley","Architectural Engineer Level II","General","Navi Mumbai, Maharashtra, India","2026-03-16","https://jobs.worley.com/careers/job/1133912233520"
"Australia","Worley","Senior Instrumentation Engineer","Instrumentation & Electrical","Portland, Victoria, Australia","2026-03-16","https://jobs.worley.com/careers/job/1133910195331"
"Australia","Worley","Senior Electrical Engineer","Instrumentation & Electrical","Portland, Victoria, Australia","2026-03-16","https://jobs.worley.com/careers/job/1133910183821"
"UAE","Worley","Principal Piping Engineer - Offshore","Engineering","Abu Dhabi City, Abu Dhabi, United Arab Emirates","2026-03-16","https://jobs.worley.com/careers/job/1133911990219"
"UAE","Worley","Senior Piping Engineer","Engineering","Abu Dhabi City, Abu Dhabi, United Arab Emirates","2026-03-16","https://jobs.worley.com/careers/job/1133911990220"
"Saudi Arabia","Worley","Civil Engineering Intern","Internship","Al Khobar, Eastern Province, Saudi Arabia","2026-03-15","https://jobs.worley.com/careers/job/1133912225679"
"Qatar","Worley","Project & Business Risk Manager (Regional)","Legal & Compliance","Doha, Ad Dawhah, Qatar","2026-03-13","https://jobs.worley.com/careers/job/1133912043636"
"Brazil","Worley","Projetista Civil Sênior (ATO)","General","Belo Horizonte, Minas Gerais, Brazil","2026-03-13","https://jobs.worley.com/careers/job/1133911980594"
"Colombia","Worley","Senior Principal Instrumentation Designer","Instrumentation & Electrical","Bogotá, Capital District, Colombia","2026-03-13","https://jobs.worley.com/careers/job/1133911046758"
"Chile","Worley","Senior Environmental Engineer","General","Santiago de Chile, Metropolitana, Chile","2026-03-13","https://jobs.worley.com/careers/job/1133912121224"
"Canada","Worley","Area Manager","General","Markham, Ontario, Canada","2026-03-13","https://jobs.worley.com/careers/job/1133912187783"
"USA","Worley","Heavy Duty Field Oiler (Rotational Schedule) - Prudhoe Bay, AK","General","Prudhoe Bay, Alaska, United States","2026-03-12","https://jobs.worley.com/careers/job/1133912180562"
"Peru","Worley","Project Engineering Manager - Mining","Project Management","Peru","2026-03-12","https://jobs.worley.com/careers/job/1133911160143"
"USA","Worley","Site Services Helper (Nights)","General","Cameron, Louisiana, United States","2026-03-12","https://jobs.worley.com/careers/job/1133912176180"
"USA","Worley","Site Services Helper","General","Cameron, Louisiana, United States","2026-03-12","https://jobs.worley.com/careers/job/1133912176093"
"USA","Worley","Site Services Helper (Nights)","General","Cameron, Louisiana, United States","2026-03-12","https://jobs.worley.com/careers/job/1133912176092"
"India","Worley","Senior Mechanical Engineer","Engineering","Vadodara, Gujarat, India","2026-03-12","https://jobs.worley.com/careers/job/1133912166605"
"Indonesia","Worley","Expression of Interest - Project Manager","Project Management","Jakarta City, Jakarta, Indonesia","2026-03-12","https://jobs.worley.com/careers/job/1133910886787"
"Indonesia","Worley","Expression of Interest - Construction Manager","Project Management","Jakarta City, Jakarta, Indonesia","2026-03-12","https://jobs.worley.com/careers/job/1133910886858"
"UAE","Worley","Principal QA/QC Engineer","Quality & Inspection","Abu Dhabi City, Abu Dhabi, United Arab Emirates","2026-03-12","https://jobs.worley.com/careers/job/1133911871050"
"India","Worley","Senior Global Process Lead","General","Navi Mumbai, Maharashtra, India","2026-03-12","https://jobs.worley.com/careers/job/1133910657315"
"Argentina","Worley","Tanks Supervisor (Construction Specialist)","General","Salta Province, Argentina","2026-03-12","https://jobs.worley.com/careers/job/1133911625442"
"Mexico","Worley","Senior Project Engineering Manager - Offshore","Project Management","Mexico City, Ciudad de Mexico (CDMX), Mexico","2026-03-11","https://jobs.worley.com/careers/job/1133911862987"
"USA","Worley","Camps Construction Manager","Project Management","Anchorage, Alaska, United States","2026-03-11","https://jobs.worley.com/careers/job/1133912163269"
"USA","Worley","Senior Change Manager","General","Cameron, Louisiana, United States","2026-03-11","https://jobs.worley.com/careers/job/1133911982210"
"USA","Worley","Spread Construction Manager – Pipeline","Project Management","Anchorage, Alaska, United States","2026-03-11","https://jobs.worley.com/careers/job/1133912163176"
"USA","Worley","Early Works Construction Manager - Pipeline","Project Management","Anchorage, Alaska, United States","2026-03-11","https://jobs.worley.com/careers/job/1133912012355"
"Canada","Worley","Senior Process Engineer","Process & Chemical Engineering","Vancouver, British Columbia, Canada","2026-03-11","https://jobs.worley.com/careers/job/1133910183446"
"Colombia","Worley","Senior Piping Engineer","Engineering","Bogotá, Capital District, Colombia","2026-03-11","https://jobs.worley.com/careers/job/1133912056654"
"Saudi Arabia","Worley","Principal Planning Engineer","Project Management","Al Khobar, Eastern Province, Saudi Arabia","2026-03-11","https://jobs.worley.com/careers/job/1133912130798"
"India","Worley","Electrical Engineer Level II","Instrumentation & Electrical","Vadodara, Gujarat, India","2026-03-11","https://jobs.worley.com/careers/job/1133912068169"
"Peru","Worley","Senior Estimator - Mining Projects","Project Management","Lima, Lima Province, Peru","2026-03-11","https://jobs.worley.com/careers/job/1133912117868"
"Bulgaria","Worley","Computer-based Training Developer","IT & Digital","Sofia, Sofia-Capital, Bulgaria","2026-03-11","https://jobs.worley.com/careers/job/1133912154799"
"Saudi Arabia","Worley","Senior Telecommunications Engineer","Communications & Marketing","Riyadh, Riyadh Province, Saudi Arabia","2026-03-11","https://jobs.worley.com/careers/job/1133912133507"
"USA","Worley","Site Services Foreperson (Nights)","General","Cameron, Louisiana, United States","2026-03-11","https://jobs.worley.com/careers/job/1133912154881"
"USA","Worley","Carpenter (Nights)","Operations & Technical","Cameron, Louisiana, United States","2026-03-11","https://jobs.worley.com/careers/job/1133912154879"
"USA","Worley","Heavy Equipment Operator (Nights)","Engineering","Cameron, Louisiana, United States","2026-03-11","https://jobs.worley.com/careers/job/1133912154793"
"USA","Worley","Heavy Equipment Operator","Engineering","Cameron, Louisiana, United States","2026-03-11","https://jobs.worley.com/careers/job/1133912154795"
"USA","Worley","Heavy Equipment Operator","Engineering","Cameron, Louisiana, United States","2026-03-11","https://jobs.worley.com/careers/job/1133912154803"
"India","Worley","Senior Manager, Applications","IT & Digital","Pune, Maharashtra, India","2026-03-11","https://jobs.worley.com/careers/job/1133910980560"
"India","Worley","Senior Architectural Engineer","General","Navi Mumbai, Maharashtra, India","2026-03-11","https://jobs.worley.com/careers/job/1133912146655"
"India","Worley","Civil Engineer Level II","Engineering","Navi Mumbai, Maharashtra, India","2026-03-11","https://jobs.worley.com/careers/job/1133912124870"
"Singapore","Worley","Senior Environmental Scientist","General","Singapore","2026-03-11","https://jobs.worley.com/careers/job/1133912104914"
"Singapore","Worley","Environmental Scientist Level II","General","Singapore","2026-03-11","https://jobs.worley.com/careers/job/1133912104919"
"UAE","Worley","Principal Piping Engineer (Material and Stress)","Engineering","Abu Dhabi, United Arab Emirates","2026-03-11","https://jobs.worley.com/careers/job/1133911989850"
"UAE","Worley","Principal Rotating Engineer - Offshore","Engineering","Abu Dhabi City, Abu Dhabi, United Arab Emirates","2026-03-11","https://jobs.worley.com/careers/job/1133912017639"
"UAE","Worley","Principal Static Engineer - Offshore","Marine & Offshore","Abu Dhabi City, Abu Dhabi, United Arab Emirates","2026-03-11","https://jobs.worley.com/careers/job/1133912017937"
"UAE","Worley","Principal HVAC Engineer - Offshore","Marine & Offshore","Abu Dhabi City, Abu Dhabi, United Arab Emirates","2026-03-11","https://jobs.worley.com/careers/job/1133912017938"
"UAE","Worley","Senior Rotating Engineer - Offshore","Engineering","Abu Dhabi City, Abu Dhabi, United Arab Emirates","2026-03-11","https://jobs.worley.com/careers/job/1133912021292"
"UAE","Worley","Senior Static Engineer - Offshore","Marine & Offshore","Abu Dhabi City, Abu Dhabi, United Arab Emirates","2026-03-11","https://jobs.worley.com/careers/job/1133912021965"
"UAE","Worley","Senior HVAC Engineer - Offshore","Marine & Offshore","Abu Dhabi City, Abu Dhabi, United Arab Emirates","2026-03-11","https://jobs.worley.com/careers/job/1133912022367"
"Qatar","Worley","Senior Structural Designer","Engineering","Doha, Ad Dawhah, Qatar","2026-03-11","https://jobs.worley.com/careers/job/1133911517019"
"New Zealand","Worley","Project Engineering/Design Manager","Project Management","Auckland, Auckland Region, New Zealand","2026-03-11","https://jobs.worley.com/careers/job/1133911532472"
"Australia","Worley","Senior / Principal  Instrumentation Engineer","Instrumentation & Electrical","Perth, Western Australia, Australia","2026-03-10","https://jobs.worley.com/careers/job/1133912131114"
"Argentina","Worley","Senior Project Planner - Salta 14x14","Project Management","Salta, Salta Province, Argentina","2026-03-10","https://jobs.worley.com/careers/job/1133912066033"
"Saudi Arabia","Worley","Operation Readiness Engineer - Ras Al-Khair Site","Operations & Technical","Ras Al-Khair, Eastern Province, Saudi Arabia","2026-03-10","https://jobs.worley.com/careers/job/1133910428197"
"Colombia","Worley","Digital Solutions Consultant II","IT & Digital","Bogotá, Capital District, Colombia","2026-03-10","https://jobs.worley.com/careers/job/1133912053495"
"USA","Worley","Security and Emergency Response Manager – Pipeline","HSE","Anchorage, Alaska, United States","2026-03-10","https://jobs.worley.com/careers/job/1133912138440"
"Brazil","Worley","Engenheiro de Projetos Sr","General","Belo Horizonte, Minas Gerais, Brazil","2026-03-10","https://jobs.worley.com/careers/job/1133912011627"
"India","Worley","EDS Specialist-E3D Admin","Administration","Hyderabad, Andra Pradesh, India","2026-03-10","https://jobs.worley.com/careers/job/1133912132523"
"India","Worley","EDS Specialist- SPP&ID\S3D Admin","Administration","Hyderabad, Andra Pradesh, India","2026-03-10","https://jobs.worley.com/careers/job/1133912132281"
"India","Worley","EDS Specialist - Senior S3D Administrator","Administration","Mumbai, Maharashtra, India","2026-03-10","https://jobs.worley.com/careers/job/1133911502343"
"India","Worley","EDS Specialist","General","Mumbai, Maharashtra, India","2026-03-10","https://jobs.worley.com/careers/job/1133911724942"
"India","Worley","Inside Sales Coordinator","Administration","Navi Mumbai, Maharashtra, India","2026-03-10","https://jobs.worley.com/careers/job/1133910365008"
"India","Worley","Inside Sales Coordinator","Administration","Navi Mumbai, Maharashtra, India","2026-03-10","https://jobs.worley.com/careers/job/1133910364967"
"India","Worley","Inside Sales Coordinator","Administration","Navi Mumbai, Maharashtra, India","2026-03-10","https://jobs.worley.com/careers/job/1133910364982"
"India","Worley","Inside Sales Coordinator","Administration","Navi Mumbai, Maharashtra, India","2026-03-10","https://jobs.worley.com/careers/job/1133910365035"
"India","Worley","Inside Sales Coordinator","Administration","Navi Mumbai, Maharashtra, India","2026-03-10","https://jobs.worley.com/careers/job/1133910365013"
"India","Worley","Smart3D (S3D) Administrator","Administration","Vadodara, Gujarat, India","2026-03-10","https://jobs.worley.com/careers/job/1133912132279"
"India","Worley","EDS Coordinator II","Administration","Vadodara, Gujarat, India","2026-03-10","https://jobs.worley.com/careers/job/1133912132278"
"India","Worley","Senior Cyber Security Analyst","IT & Digital","Bangalore, Karnataka, India","2026-03-10","https://jobs.worley.com/careers/job/1133911852370"
"India","Worley","Principal Electrical Engineer","Instrumentation & Electrical","Mumbai, Maharashtra, India","2026-03-10","https://jobs.worley.com/careers/job/1133911680507"
"Saudi Arabia","Worley","Cost Analyst - II","General","Riyadh, Riyadh Province, Saudi Arabia","2026-03-10","https://jobs.worley.com/careers/job/1133912104922"
"Saudi Arabia","Worley","Senior Project Planner","Project Management","Riyadh, Riyadh Province, Saudi Arabia","2026-03-10","https://jobs.worley.com/careers/job/1133912105253"
"UAE","Worley","Principal Electrical Engineer - Offshore","Instrumentation & Electrical","Abu Dhabi City, Abu Dhabi, United Arab Emirates","2026-03-10","https://jobs.worley.com/careers/job/1133911989481"
"UAE","Worley","Principal Instrumentation Engineer - Offshore","Instrumentation & Electrical","Abu Dhabi City, Abu Dhabi, United Arab Emirates","2026-03-10","https://jobs.worley.com/careers/job/1133911989852"
"UAE","Worley","Principal  Telecommunications Engineer - Offshore","Communications & Marketing","Abu Dhabi City, Abu Dhabi, United Arab Emirates","2026-03-10","https://jobs.worley.com/careers/job/1133911991285"
"UAE","Worley","Senior Instrumentation Engineer - Offshore","Instrumentation & Electrical","Abu Dhabi City, Abu Dhabi, United Arab Emirates","2026-03-10","https://jobs.worley.com/careers/job/1133911990452"
"UAE","Worley","Principal Offshore Structural Engineer","Engineering","Abu Dhabi City, Abu Dhabi, United Arab Emirates","2026-03-10","https://jobs.worley.com/careers/job/1133911993072"
"UAE","Worley","Senior Offshore Structural Engineer","Engineering","Abu Dhabi City, Abu Dhabi, United Arab Emirates","2026-03-10","https://jobs.worley.com/careers/job/1133911993480"
"India","Worley","Senior Architectural Engineer","General","Vadodara, Gujarat, India","2026-03-10","https://jobs.worley.com/careers/job/1133912124691"
"USA","Worley","Senior Mechatronics Engineer","General","Denver, Colorado, United States","2026-03-09","https://jobs.worley.com/careers/job/1133911982426"
"USA","Worley","Construction Director - Power","General","Houston, Texas, United States","2026-03-09","https://jobs.worley.com/careers/job/1133912121822"
"USA","Worley","Senior Logistics Coordinator","Supply Chain & Logistics","Houston, Texas, United States","2026-03-09","https://jobs.worley.com/careers/job/1133912121127"
"Argentina","Worley","Area Manager (Construction Project Manager) - Process Plants - Site Salta 14x14","Project Management","Salta, Salta Province, Argentina","2026-03-09","https://jobs.worley.com/careers/job/1133911973831"
"Argentina","Worley","Project Manager - Electrical - I&C - Site Salta 14x14","Project Management","Salta Province, Argentina","2026-03-09","https://jobs.worley.com/careers/job/1133911974457"
"Canada","Worley","Senior Fire Protection Engineer","HSE","Calgary, Alberta, Canada","2026-03-09","https://jobs.worley.com/careers/job/1133910528387"
"Colombia","Worley","Legal Counsel II","Legal & Compliance","Bogotá, Capital District, Colombia","2026-03-09","https://jobs.worley.com/careers/job/1133912009689"
"Peru","Worley","Senior Manager, Estimating","Project Management","Lima, Lima Province, Peru","2026-03-09","https://jobs.worley.com/careers/job/1133911983480"
"India","Worley","Senior Electrical Engineer","Instrumentation & Electrical","Chennai, Tamil Nadu, India","2026-03-09","https://jobs.worley.com/careers/job/1133911969843"
"Qatar","Worley","Principal Process Engineer","Process & Chemical Engineering","Doha, Ad Dawhah, Qatar","2026-03-09","https://jobs.worley.com/careers/job/1133911698639"
"India","Worley","Project Control Specialist I","Project Management","Navi Mumbai, Maharashtra, India","2026-03-09","https://jobs.worley.com/careers/job/1133911265008"
"India","Worley","Project Control Specialist I","Project Management","Navi Mumbai, Maharashtra, India","2026-03-09","https://jobs.worley.com/careers/job/1133911265002"
"New Zealand","Worley","Substation Design Engineer","Instrumentation & Electrical","Auckland, Auckland Region, New Zealand","2026-03-09","https://jobs.worley.com/careers/job/1133911496655"
"Brazil","Worley","Projetista de Tubulação Pleno (ATO)","General","Rio de Janeiro, Brazil","2026-03-06","https://jobs.worley.com/careers/job/1133911866466"
"Brazil","Worley","Engenheiro Mecânico Pleno (ATO)","General","Rio de Janeiro, Brazil","2026-03-06","https://jobs.worley.com/careers/job/1133911864855"
"Brazil","Worley","Engenheiro de Tubulação Sênior (Coord.) ATO","General","Rio de Janeiro, Brazil","2026-03-06","https://jobs.worley.com/careers/job/1133911867180"
"Brazil","Worley","Projetista de Instrumentação Pleno (ATO)","Instrumentation & Electrical","Rio de Janeiro, Brazil","2026-03-06","https://jobs.worley.com/careers/job/1133911866218"
"Brazil","Worley","Engenheiro Eletricista Pleno (ATO)","General","Rio de Janeiro, Brazil","2026-03-06","https://jobs.worley.com/careers/job/1133911864760"
"USA","Worley","Heavy Equipment Mechanic (Rotational Schedule - Base Shop) - Prudhoe Bay, AK","Engineering","Prudhoe Bay, Alaska, United States","2026-03-06","https://jobs.worley.com/careers/job/1133912072738"
"Brazil","Worley","Engenheiro de Telecomunicações Pleno (ATO)","General","Rio de Janeiro, Brazil","2026-03-06","https://jobs.worley.com/careers/job/1133911865205"
"Brazil","Worley","Projetista de Elétrica Pleno (ATO)","General","Rio de Janeiro, Brazil","2026-03-06","https://jobs.worley.com/careers/job/1133911866217"
"Argentina","Worley","Senior Electrical Engineer - Salta (Site) 14x14","Instrumentation & Electrical","Salta, Salta Province, Argentina","2026-03-06","https://jobs.worley.com/careers/job/1133911974148"
"Argentina","Worley","Senior Structural Engineer - Salta (Site) 14x14","Engineering","Salta, Salta Province, Argentina","2026-03-06","https://jobs.worley.com/careers/job/1133912003050"
"Argentina","Worley","Senior Mechanical Engineer - Salta (Site) 14x14","Engineering","Salta, Salta Province, Argentina","2026-03-06","https://jobs.worley.com/careers/job/1133912003052"
"Argentina","Worley","Senior Piping Engineer - Salta (Site)  14x14","Engineering","Salta, Salta Province, Argentina","2026-03-06","https://jobs.worley.com/careers/job/1133912003051"
"Canada","Worley","Senior Principal Piping Designer","Engineering","Vancouver, British Columbia, Canada","2026-03-06","https://jobs.worley.com/careers/job/1133912027102"
"USA","Worley","Senior Electrical Engineer","Instrumentation & Electrical","Monrovia, California, United States","2026-03-06","https://jobs.worley.com/careers/job/1133912055249"
"USA","Worley","Principal Mechanical Engineer","Engineering","Monrovia, California, United States","2026-03-06","https://jobs.worley.com/careers/job/1133912054533"
"USA","Worley","Senior Principal Process Engineer","Process & Chemical Engineering","Monrovia, California, United States","2026-03-06","https://jobs.worley.com/careers/job/1133912053655"
"USA","Worley","Senior Process Engineer","Process & Chemical Engineering","Monrovia, California, United States","2026-03-06","https://jobs.worley.com/careers/job/1133912053856"
"USA","Worley","EPC Supply Chain Director","Supply Chain & Logistics","Houston, Texas, United States","2026-03-05","https://jobs.worley.com/careers/job/1133912054992"
"USA","Worley","Director, Supply Chain - Power","Supply Chain & Logistics","Houston, Texas, United States","2026-03-05","https://jobs.worley.com/careers/job/1133912054991"
"USA","Worley","Principal Cost Analyst","General","Baton Rouge, Louisiana, United States","2026-03-05","https://jobs.worley.com/careers/job/1133912029948"
"USA","Worley","Cost Analyst II","General","Baton Rouge, Louisiana, United States","2026-03-05","https://jobs.worley.com/careers/job/1133912029095"
"USA","Worley","Senior Manager, Planning/Scheduling","General","Baton Rouge, Louisiana, United States","2026-03-05","https://jobs.worley.com/careers/job/1133912029944"
"Argentina","Worley","Coordinador/a de Transporte Aereo - Site Salta 14x14","General","Salta, Salta Province, Argentina","2026-03-05","https://jobs.worley.com/careers/job/1133912030335"
"Colombia","Worley","Inside Sales Associate","Business Development","Bogotá, Capital District, Colombia","2026-03-05","https://jobs.worley.com/careers/job/1133911812835"
"USA","Worley","Sales and Use Tax Manager","Finance & Accounting","Houston, Texas, United States","2026-03-05","https://jobs.worley.com/careers/job/1133912032128"
"USA","Worley","Senior Manager, Procurement Contracts - EPC","Supply Chain & Logistics","Houston, Texas, United States","2026-03-04","https://jobs.worley.com/careers/job/1133912011714"
"Argentina","Worley","QA/QC Inspector (Multidiscipline) - Salta 14x14","Quality & Inspection","Salta, Salta Province, Argentina","2026-03-03","https://jobs.worley.com/careers/job/1133911816269"
"Argentina","Worley","QA/QC  Specialist (Mechanical/Piping) - Salta 14x14","Engineering","Salta, Salta Province, Argentina","2026-03-03","https://jobs.worley.com/careers/job/1133911815943"
"Argentina","Worley","Electrical Supervisor - Salta 14x14","General","Salta Province, Argentina","2026-03-03","https://jobs.worley.com/careers/job/1133911749270"
"USA","Worley","Material Controller II","Supply Chain & Logistics","Cameron, Louisiana, United States","2026-03-03","https://jobs.worley.com/careers/job/1133911012446"
"India","Worley","Project Control Specialist II","Project Management","Bangalore, Karnataka, India","2026-03-03","https://jobs.worley.com/careers/job/1133910364882"
"Argentina","Worley","Senior Logistics Coordinator - Buenos Aires","Supply Chain & Logistics","Buenos Aires Province, Argentina","2026-03-02","https://jobs.worley.com/careers/job/1133911728498"
"Argentina","Worley","Principal Project Planner","Project Management","Buenos Aires, Buenos Aires Province, Argentina","2026-03-02","https://jobs.worley.com/careers/job/1133911730540"
"Argentina","Worley","Senior Project Control Specialist","Project Management","Buenos Aires, Buenos Aires Province, Argentina","2026-03-02","https://jobs.worley.com/careers/job/1133911787580"
"Argentina","Worley","Director, Project Delivery Services","General","Buenos Aires, Buenos Aires Province, Argentina","2026-03-02","https://jobs.worley.com/careers/job/1133911813811"
"Argentina","Worley","ERM Specialist - Site Salta 14x14","General","Salta Province, Argentina","2026-03-02","https://jobs.worley.com/careers/job/1133911728727"
"Argentina","Worley","Senior Material Controller - Site Salta","Supply Chain & Logistics","Salta Province, Argentina","2026-03-02","https://jobs.worley.com/careers/job/1133911728728"
"Argentina","Worley","Material Controller Administrator - Site Salta 14x14","Supply Chain & Logistics","Salta Province, Argentina","2026-03-02","https://jobs.worley.com/careers/job/1133911728726"
"Argentina","Worley","Rigging Supervisor (Heavy Loads) - Site Salta 14x14","General","Salta Province, Argentina","2026-03-02","https://jobs.worley.com/careers/job/1133911749509"
"Argentina","Worley","Licenciada/o en Enfermeria - Site Salta 14x14","General","Salta Province, Argentina","2026-03-02","https://jobs.worley.com/careers/job/1133911798008"
"Argentina","Worley","Supervisor de HSE - Site Salta 14x14","HSE","Salta Province, Argentina","2026-03-02","https://jobs.worley.com/careers/job/1133911798009"
"Colombia","Worley","Process Engineer Level I (Portugues)","Process & Chemical Engineering","Bogotá, Capital District, Colombia","2026-03-02","https://jobs.worley.com/careers/job/1133911729605"
"India","Worley","Structural Engineer Level II","Engineering","Hyderabad, Andra Pradesh, India","2026-03-02","https://jobs.worley.com/careers/job/1133911005500"
"India","Worley","Senior Instrumentation Designer","Instrumentation & Electrical","Bangalore, Karnataka, India","2026-03-02","https://jobs.worley.com/careers/job/1133910556128"
"Brazil","Worley","Técnico / Analista de Documentação PL","General","Rio de Janeiro, Rio de Janeiro, Brazil","2026-02-28","https://jobs.worley.com/careers/job/1133911516622"
"Brazil","Worley","Projetista de Instrumentação Sênior","Instrumentation & Electrical","São Paulo, Brazil","2026-02-27","https://jobs.worley.com/careers/job/1133911490104"
"Brazil","Worley","Engenheiro de Instrumentação Sênior","Instrumentation & Electrical","Sao Paulo, São Paulo, Brazil","2026-02-27","https://jobs.worley.com/careers/job/1133911489148"
"Brazil","Worley","Especialista de Qualidade","General","Rio de Janeiro, Brazil","2026-02-27","https://jobs.worley.com/careers/job/1133911429160"
"Qatar","Worley","Senior Structural Engineer - Offshore","Engineering","Doha, Ad Dawhah, Qatar","2026-02-26","https://jobs.worley.com/careers/job/1133911517020"
"Qatar","Worley","Structural Engineer Level II","Engineering","Doha, Ad Dawhah, Qatar","2026-02-26","https://jobs.worley.com/careers/job/1133911664775"
"Qatar","Worley","Safety Engineer Level II","General","Doha, Ad Dawhah, Qatar","2026-02-26","https://jobs.worley.com/careers/job/1133911698416"
"Qatar","Worley","Senior Safety Engineer","General","Doha, Ad Dawhah, Qatar","2026-02-26","https://jobs.worley.com/careers/job/1133911698517"
"Brazil","Worley","Projetista de Telecom Sênior","General","Sao Paulo, São Paulo, Brazil","2026-02-25","https://jobs.worley.com/careers/job/1133911490095"
"Brazil","Worley","Especialista de EDS","General","Rio de Janeiro, Rio de Janeiro, Brazil","2026-02-25","https://jobs.worley.com/careers/job/1133911443349"
"Argentina","Worley","AWP Coordinator","Administration","Buenos Aires, Buenos Aires Province, Argentina","2026-02-25","https://jobs.worley.com/careers/job/1133911707044"
"Argentina","Worley","Coordinador/a Centro de Entrenamientos HSE - Salta","HSE","Salta, Salta Province, Argentina","2026-02-25","https://jobs.worley.com/careers/job/1133911731141"
"UAE","Worley","Lead Project Engineer","Project Management","Abu Dhabi City, Abu Dhabi, United Arab Emirates","2026-02-25","https://jobs.worley.com/careers/job/1133911059614"
"India","Worley","Planner/Scheduler - Construction Site","Project Management","Mumbai, Maharashtra, India","2026-02-25","https://jobs.worley.com/careers/job/1133911155897"
"Colombia","Worley","Estimator I","Project Management","Bogotá, Capital District, Colombia","2026-02-24","https://jobs.worley.com/careers/job/1133911696396"
"Saudi Arabia","Worley","Principal Process Engineer (Offshore)","Process & Chemical Engineering","Al Khobar, Eastern Province, Saudi Arabia","2026-02-24","https://jobs.worley.com/careers/job/1133911679300"
"India","Worley","Estimator II","Project Management","Navi Mumbai, Maharashtra, India","2026-02-24","https://jobs.worley.com/careers/job/1133911693462"
"Canada","Worley","Senior Project Engineer","Project Management","Edmonton, Alberta, Canada","2026-02-23","https://jobs.worley.com/careers/job/1133910365285"
"Colombia","Worley","Manager II, Corporate Procurement","Supply Chain & Logistics","Bogotá, Capital District, Colombia","2026-02-23","https://jobs.worley.com/careers/job/1133911693459"
"USA","Worley","Principal Power Estimator","Project Management","Houston, Texas, United States","2026-02-23","https://jobs.worley.com/careers/job/1133911696269"
"USA","Worley","Project Manager II (Automation) Worley Consulting, Digital","Instrumentation & Electrical","Houston, Texas, United States","2026-02-23","https://jobs.worley.com/careers/job/1133910367270"
"Canada","Worley","Principal Coastal Engineer","General","Vancouver, British Columbia, Canada","2026-02-23","https://jobs.worley.com/careers/job/1133910972889"
"Argentina","Worley","Senior Manager, Completions/Commissioning","Drilling & Wells","Salta, Salta Province, Argentina","2026-02-23","https://jobs.worley.com/careers/job/1133911546739"
"Argentina","Worley","Labor Relations Advisor II - Site Salta 14x14","General","Salta, Salta Province, Argentina","2026-02-23","https://jobs.worley.com/careers/job/1133911548959"
"Colombia","Worley","Senior Estimator (Talent Pool)","Project Management","Bogotá, Capital District, Colombia","2026-02-23","https://jobs.worley.com/careers/job/1133910510428"
"UAE","Worley","Safety Engineer II","General","Abu Dhabi City, Abu Dhabi, United Arab Emirates","2026-02-23","https://jobs.worley.com/careers/job/1133911334601"
"Qatar","Worley","Principal Instrumentation Engineer","Instrumentation & Electrical","Doha, Ad Dawhah, Qatar","2026-02-23","https://jobs.worley.com/careers/job/1133911698287"
"India","Worley","Senior Estimator","Project Management","Navi Mumbai, Maharashtra, India","2026-02-23","https://jobs.worley.com/careers/job/1133911693458"
"Canada","Worley","Principal Civil Designer","General","Calgary, Alberta, Canada","2026-02-23","https://jobs.worley.com/careers/job/1133911772883"
"Canada","Worley","Principal Structural Designer","Engineering","Calgary, Alberta, Canada","2026-02-23","https://jobs.worley.com/careers/job/1133911771708"
"Canada","Worley","Senior Civil Engineer","Engineering","Calgary, Alberta, Canada","2026-02-23","https://jobs.worley.com/careers/job/1133911771675"
"Canada","Worley","Senior Structural Engineer","Engineering","Calgary, Alberta, Canada","2026-02-23","https://jobs.worley.com/careers/job/1133911771673"
"Canada","Worley","Principal Civil Engineer","Engineering","Calgary, Alberta, Canada","2026-02-23","https://jobs.worley.com/careers/job/1133911771674"
"Canada","Worley","Principal Structural Engineer","Engineering","Calgary, Alberta, Canada","2026-02-23","https://jobs.worley.com/careers/job/1133911771554"
"Canada","Worley","Senior Process Safety Engineer","Process & Chemical Engineering","Calgary, Alberta, Canada","2026-02-23","https://jobs.worley.com/careers/job/1133911771555"
"Canada","Worley","Principal Process Safety Engineer","Process & Chemical Engineering","Calgary, Alberta, Canada","2026-02-23","https://jobs.worley.com/careers/job/1133911771538"
"Canada","Worley","Lead Piping Designer","Engineering","Calgary, Alberta, Canada","2026-02-22","https://jobs.worley.com/careers/job/1133911763791"
"Canada","Worley","Principal Piping Designer","Engineering","Calgary, Alberta, Canada","2026-02-22","https://jobs.worley.com/careers/job/1133911763790"
"Canada","Worley","Principal Electrical Engineer","Instrumentation & Electrical","Calgary, Alberta, Canada","2026-02-22","https://jobs.worley.com/careers/job/1133910885465"
"Canada","Worley","Lead Electrical Designer","General","Calgary, Alberta, Canada","2026-02-22","https://jobs.worley.com/careers/job/1133911763534"
"Canada","Worley","Lead Electrical Engineer","Instrumentation & Electrical","Calgary, Alberta, Canada","2026-02-22","https://jobs.worley.com/careers/job/1133911763492"
"Canada","Worley","Senior Piping Engineer","Engineering","Calgary, Alberta, Canada","2026-02-21","https://jobs.worley.com/careers/job/1133911763388"
"Canada","Worley","Principal Piping Engineer","Engineering","Calgary, Alberta, Canada","2026-02-21","https://jobs.worley.com/careers/job/1133911763389"
"Canada","Worley","Lead Piping Engineer","Engineering","Calgary, Alberta, Canada","2026-02-21","https://jobs.worley.com/careers/job/1133911763366"
"Canada","Worley","Specialist Mechanical Engineer - Fired Equipment","Engineering","Calgary, Alberta, Canada","2026-02-20","https://jobs.worley.com/careers/job/1133911751667"
"Canada","Worley","Specialist Mechanical Engineer - Turbomachinery","Engineering","Calgary, Alberta, Canada","2026-02-20","https://jobs.worley.com/careers/job/1133911751669"
"Canada","Worley","Specialist Mechanical Engineer - Static Equipment","Engineering","Calgary, Alberta, Canada","2026-02-20","https://jobs.worley.com/careers/job/1133911751546"
"Canada","Worley","Specialist Mechanical Engineer - Heat Transfer Equipment","Engineering","Calgary, Alberta, Canada","2026-02-20","https://jobs.worley.com/careers/job/1133911751469"
"Canada","Worley","Senior Mechanical Engineer - HVAC","Engineering","Calgary, Alberta, Canada","2026-02-20","https://jobs.worley.com/careers/job/1133911750953"
"Canada","Worley","Principal Mechanical Engineer - Heat Transfer Equipment","Engineering","Calgary, Alberta, Canada","2026-02-20","https://jobs.worley.com/careers/job/1133911750831"
"Canada","Worley","Graduate Mechanical Engineer-In-Training","Internship","Calgary, Alberta, Canada","2026-02-20","https://jobs.worley.com/careers/job/1133911750785"
"Canada","Worley","Senior Mechanical Engineer - Heat Transfer Equipment","Engineering","Calgary, Alberta, Canada","2026-02-20","https://jobs.worley.com/careers/job/1133910464540"
"Canada","Worley","Principal Metallurgical Engineer","Engineering","Calgary, Alberta, Canada","2026-02-20","https://jobs.worley.com/careers/job/1133911749947"
"Canada","Worley","Principal Mechanical Engineer - Static Equipment","Engineering","Calgary, Alberta, Canada","2026-02-20","https://jobs.worley.com/careers/job/1133911749111"
"Brazil","Worley","Arquiteto Sênior","General","Belo Horizonte, Minas Gerais, Brazil","2026-02-20","https://jobs.worley.com/careers/job/1133911428423"
"Canada","Worley","Principal Mechanical Engineer - Rotating Equipment","Engineering","Calgary, Alberta, Canada","2026-02-20","https://jobs.worley.com/careers/job/1133911748592"
"Canada","Worley","Lead Mechanical Designer - HVAC","Operations & Technical","Calgary, Alberta, Canada","2026-02-20","https://jobs.worley.com/careers/job/1133911734013"
"Canada","Worley","Lead Mechanical Engineer","Engineering","Calgary, Alberta, Canada","2026-02-20","https://jobs.worley.com/careers/job/1133911733977"
"USA","Worley","Senior Principal Telecommunications Engineer - Offshore Communication Systems","Communications & Marketing","Houston, Texas, United States","2026-02-19","https://jobs.worley.com/careers/job/1133910679352"
"Canada","Worley","Senior Process Engineer","Process & Chemical Engineering","Calgary, Alberta, Canada","2026-02-19","https://jobs.worley.com/careers/job/1133911729915"
"Canada","Worley","Principal Process Engineer","Process & Chemical Engineering","Calgary, Alberta, Canada","2026-02-19","https://jobs.worley.com/careers/job/1133911729094"
"Canada","Worley","Lead Process Engineer","Process & Chemical Engineering","Calgary, Alberta, Canada","2026-02-19","https://jobs.worley.com/careers/job/1133911728873"
"India","Worley","Senior Structural Engineer","Engineering","Hyderabad, Andra Pradesh, India","2026-02-19","https://jobs.worley.com/careers/job/1133911005173"
"Colombia","Worley","Estimator II","Project Management","Bogotá, Capital District, Colombia","2026-02-19","https://jobs.worley.com/careers/job/1133911696268"
"USA","Worley","Senior / Principal Structural Engineer","Engineering","Denver, Colorado, United States","2026-02-16","https://jobs.worley.com/careers/job/1133911676038"
"USA","Worley","Senior Umbilical Engineer","Marine & Offshore","Houston, Texas, United States","2026-02-16","https://jobs.worley.com/careers/job/1133911495082"
"Mexico","Worley","Senior Structural Designer - Offshore - Talent Pool","Engineering","Mexico City, Ciudad de Mexico (CDMX), Mexico","2026-02-16","https://jobs.worley.com/careers/job/1133911134421"
"Argentina","Worley","Manager II, HSE - On site","HSE","Argentina","2026-02-16","https://jobs.worley.com/careers/job/1133910573485"
"Qatar","Worley","Senior Project Engineer - Offshore","Project Management","Doha, Ad Dawhah, Qatar","2026-02-16","https://jobs.worley.com/careers/job/1133911278887"
"Qatar","Worley","Senior Project Manager - Offshore","Project Management","Doha, Ad Dawhah, Qatar","2026-02-16","https://jobs.worley.com/careers/job/1133911278149"
"Qatar","Worley","Project Manager - Offshore","Project Management","Doha, Ad Dawhah, Qatar","2026-02-16","https://jobs.worley.com/careers/job/1133911284558"
"Singapore","Worley","Resident Technical Officer (Architectural)","General","Central Region, Singapore","2026-02-16","https://jobs.worley.com/careers/job/1133910450127"
"Qatar","Worley","Principal Electrical Engineer - Offshore","Instrumentation & Electrical","Doha, Ad Dawhah, Qatar","2026-02-15","https://jobs.worley.com/careers/job/1133911275032"
"Qatar","Worley","Principal Electrical Engineer - Onshore","Instrumentation & Electrical","Doha, Ad Dawhah, Qatar","2026-02-15","https://jobs.worley.com/careers/job/1133911275031"
"Saudi Arabia","Worley","Sr. C&C Specialists Process (Ras Al-Khair Site)","General","Ras Al-Khair, Eastern Province, Saudi Arabia","2026-02-15","https://jobs.worley.com/careers/job/1133911472456"
"Saudi Arabia","Worley","Construction Superintendent (Wa'ad Al Shamal Site)","General","Turaif, Northern Province, Saudi Arabia","2026-02-15","https://jobs.worley.com/careers/job/1133911472457"
"Argentina","Worley","Senior Project Engineering Manager","Project Management","Argentina","2026-02-13","https://jobs.worley.com/careers/job/1133910539498"
"Canada","Worley","Principal Process Automation Engineer","Instrumentation & Electrical","Calgary, Alberta, Canada","2026-02-12","https://jobs.worley.com/careers/job/1133911548170"
"Mexico","Worley","Supervisor construcción civil (estaciones compresión)","General","Campeche, Campeche, Mexico","2026-02-12","https://jobs.worley.com/careers/job/1133911519178"
"Mexico","Worley","Manager I, Construction","General","Mérida, Yucatán, Mexico","2026-02-12","https://jobs.worley.com/careers/job/1133911518912"
"India","Worley","Senior Field Engineer - Lead Electrical Engineer","Instrumentation & Electrical","Mumbai, Maharashtra, India","2026-02-12","https://jobs.worley.com/careers/job/1133911155898"
"Qatar","Worley","Project Manager - Onshore","Project Management","Doha, Ad Dawhah, Qatar","2026-02-12","https://jobs.worley.com/careers/job/1133911117927"
"New Zealand","Worley","Senior Project Engineering Co-Ordinator","Project Management","Tauranga, Bay of Plenty, New Zealand","2026-02-11","https://jobs.worley.com/careers/job/1133910681660"
"Mexico","Worley","Supervisor de construcción mecánico (Estaciones compresión)","General","Campeche, Campeche, Mexico","2026-02-11","https://jobs.worley.com/careers/job/1133911364277"
"Qatar","Worley","Senior Project Engineer - Onshore","Project Management","Doha, Ad Dawhah, Qatar","2026-02-11","https://jobs.worley.com/careers/job/1133911117737"
"Brazil","Worley","Especialista de EDS","General","Belo Horizonte, Minas Gerais, Brazil","2026-02-10","https://jobs.worley.com/careers/job/1133911119439"
"Colombia","Worley","Executive Assistant","Administration","Bogotá, Capital District, Colombia","2026-02-10","https://jobs.worley.com/careers/job/1133911432033"
"UK","Worley","Senior Manager, HSE","HSE","London, Greater London, United Kingdom","2026-02-10","https://jobs.worley.com/careers/job/1133911025619"
"Peru","Worley","Hidrogeólogo Senior","General","Lima, Lima Province, Peru","2026-02-09","https://jobs.worley.com/careers/job/1133911083237"
"USA","Worley","Project Manager - Refining","Process & Chemical Engineering","Denver, Colorado, United States","2026-02-09","https://jobs.worley.com/careers/job/1133911151507"
"Brazil","Worley","Especialista EDS","General","Sao Paulo, São Paulo, Brazil","2026-02-09","https://jobs.worley.com/careers/job/1133911119437"
"Mexico","Worley","Senior Piping Designer - Offshore - Talent Pool","Engineering","Mexico City, Ciudad de Mexico (CDMX), Mexico","2026-02-09","https://jobs.worley.com/careers/job/1133911133425"
"Colombia","Worley","Senior Civil Designer (Talent Pool)","Human Resources","Bogotá, Capital District, Colombia","2026-02-09","https://jobs.worley.com/careers/job/1133910434947"
"Indonesia","Worley","Expression of Interest - Field Engineer (Contract Based)","Legal & Compliance","Sulawesi Tenggara, Sulawesi, Indonesia","2026-02-09","https://jobs.worley.com/careers/job/1133911437370"
"Canada","Worley","Graduate Instrumentation Engineer-In-Training","Internship","Calgary, Alberta, Canada","2026-02-06","https://jobs.worley.com/careers/job/1133911122589"
"Canada","Worley","Principal Electrical Designer","General","Calgary, Alberta, Canada","2026-02-06","https://jobs.worley.com/careers/job/1133911281950"
"Canada","Worley","Senior Electrical Heat Trace Designer","General","Edmonton, Alberta, Canada","2026-02-06","https://jobs.worley.com/careers/job/1133911086239"
"Canada","Worley","Graduate Electrical Engineer-In-Training","Internship","Calgary, Alberta, Canada","2026-02-06","https://jobs.worley.com/careers/job/1133911122592"
"Canada","Worley","Senior Electrical Engineer","Instrumentation & Electrical","Edmonton, Alberta, Canada","2026-02-06","https://jobs.worley.com/careers/job/1133911281955"
"Canada","Worley","Senior Master Planner","Project Management","Vancouver, British Columbia, Canada","2026-02-05","https://jobs.worley.com/careers/job/1133910973068"
"Colombia","Worley","Senior Executive Assistant","Administration","Bogotá, Capital District, Colombia","2026-02-05","https://jobs.worley.com/careers/job/1133911306444"
"India","Worley","Senior Project Control Specialist","Project Management","Navi Mumbai, Maharashtra, India","2026-02-05","https://jobs.worley.com/careers/job/1133911265005"
"Kuwait","Worley","Ecologist (Environmental Scientist Level II)","General","Ahmadi, Al Ahmadi, Kuwait","2026-02-04","https://jobs.worley.com/careers/job/1133911267120"
"Canada","Worley","Senior Principal Piping Designer","Engineering","Calgary, Alberta, Canada","2026-02-02","https://jobs.worley.com/careers/job/1133911058260"
"Canada","Worley","Senior Principal Piping Designer","Engineering","Edmonton, Alberta, Canada","2026-02-02","https://jobs.worley.com/careers/job/1133911058259"
"Kuwait","Worley","Lead Estimator (Senior Estimator)","Project Management","Ahmadi, Al Ahmadi, Kuwait","2026-02-02","https://jobs.worley.com/careers/job/1133911266691"
"Colombia","Worley","Senior Executive Assistant","Administration","Bogotá, Capital District, Colombia","2026-01-31","https://jobs.worley.com/careers/job/1133911175997"
"Colombia","Worley","Inside Sales Coordinator (Portuguese)","Administration","Bogotá, Capital District, Colombia","2026-01-31","https://jobs.worley.com/careers/job/1133910640101"
"Mexico","Worley","Coordinador HSE Obras Sociales","HSE","Mérida, Yucatán, Mexico","2026-01-30","https://jobs.worley.com/careers/job/1133911133691"
"Colombia","Worley","Senior Principal Piping Designer (Talent Pool))","Engineering","Bogotá, Capital District, Colombia","2026-01-30","https://jobs.worley.com/careers/job/1133910194810"
"UAE","Worley","HSE Engineer - Offshore","HSE","Abu Dhabi City, Abu Dhabi, United Arab Emirates","2026-01-30","https://jobs.worley.com/careers/job/1133911059564"
"Canada","Worley","Senior Mechanical Engineer - Static Equipment","Engineering","Calgary, Alberta, Canada","2026-01-29","https://jobs.worley.com/careers/job/1133911085359"
"Canada","Worley","Senior Metallurgical Engineer","Engineering","Calgary, Alberta, Canada","2026-01-29","https://jobs.worley.com/careers/job/1133911085437"
"Canada","Worley","Senior Mechanical Engineer - Rotating Equipment","Engineering","Calgary, Alberta, Canada","2026-01-29","https://jobs.worley.com/careers/job/1133911085439"
"India","Worley","Senior Telecommunications Engineer","Communications & Marketing","Chennai, Tamil Nadu, India","2026-01-29","https://jobs.worley.com/careers/job/1133911079205"
"New Zealand","Worley","Project Manager","Project Management","Christchurch, Cantebury, New Zealand","2026-01-29","https://jobs.worley.com/careers/job/1133911123250"
"Chile","Worley","Senior Manager, Construction","General","Santiago de Chile, Metropolitana, Chile","2026-01-28","https://jobs.worley.com/careers/job/1133911105071"
"UAE","Worley","Lead Project Engineer","Project Management","Abu Dhabi City, Abu Dhabi, United Arab Emirates","2026-01-28","https://jobs.worley.com/careers/job/1133911026505"
"India","Worley","Project Engineer","Project Management","Chennai, Tamil Nadu, India","2026-01-27","https://jobs.worley.com/careers/job/1133910864490"
"UAE","Worley","Mechanical Engineer","Engineering","Abu Dhabi City, Abu Dhabi, United Arab Emirates","2026-01-27","https://jobs.worley.com/careers/job/1133911026562"
"Mexico","Worley","Coordinador de Calidad","General","Ciudad de Mexico (CDMX), Mexico","2026-01-26","https://jobs.worley.com/careers/job/1133911085438"
"Canada","Worley","Process Engineer Level II","Process & Chemical Engineering","Calgary, Alberta, Canada","2026-01-26","https://jobs.worley.com/careers/job/1133911002113"
"Colombia","Worley","Senior Accounting Supervisor","Finance & Accounting","Bogotá, Capital District, Colombia","2026-01-26","https://jobs.worley.com/careers/job/1133910897400"
"Mexico","Worley","Gerente de construcción Farmaceutica","General","Mexico City, Ciudad de Mexico (CDMX), Mexico","2026-01-23","https://jobs.worley.com/careers/job/1133911070286"
"Mexico","Worley","Supervisor de Construcción HVAC","General","Mexico City, Ciudad de Mexico (CDMX), Mexico","2026-01-23","https://jobs.worley.com/careers/job/1133911070314"
"Colombia","Worley","Senior Principal Piping Designer","Engineering","Bogotá, Capital District, Colombia","2026-01-22","https://jobs.worley.com/careers/job/1133911047171"
"Colombia","Worley","Senior Instrumentation Engineer (Automation Specialist)","Instrumentation & Electrical","Bogotá, Capital District, Colombia","2026-01-22","https://jobs.worley.com/careers/job/1133911046546"
"Colombia","Worley","Expeditor II (Talent Pool)","Supply Chain & Logistics","Bogotá, Capital District, Colombia","2026-01-22","https://jobs.worley.com/careers/job/1133910153469"
"Colombia","Worley","Senior Buyer Bilingual (Talent Pool)","Supply Chain & Logistics","Bogotá, Capital District, Colombia","2026-01-22","https://jobs.worley.com/careers/job/1133910178282"
"Colombia","Worley","Senior Instrumentation Engineer (Talent Pool)","Instrumentation & Electrical","Bogotá, Capital District, Colombia","2026-01-22","https://jobs.worley.com/careers/job/1133911024030"
"Colombia","Worley","Senior Instrumentation Designer (Talent Pool)","Instrumentation & Electrical","Bogotá, Capital District, Colombia","2026-01-22","https://jobs.worley.com/careers/job/1133911045012"
"Colombia","Worley","Senior Mechanical Designer (Talent Pool)","Human Resources","Bogotá, Capital District, Colombia","2026-01-21","https://jobs.worley.com/careers/job/1133910621422"
"Colombia","Worley","Senior Civil Designer - Openroads (Talent Pool)","Human Resources","Bogotá, Capital District, Colombia","2026-01-21","https://jobs.worley.com/careers/job/1133910882236"
"Colombia","Worley","Senior Mechanical Engineer (Talent Pool)","Engineering","Bogotá, Capital District, Colombia","2026-01-21","https://jobs.worley.com/careers/job/1133910623142"
"Mexico","Worley","Supervisor construcción eléctrico-instrumentación","Instrumentation & Electrical","Mérida, Yucatán, Mexico","2026-01-20","https://jobs.worley.com/careers/job/1133911043285"
"Mexico","Worley","Supervisor de construcción civil (Gasoducto)","General","Campeche, Campeche, Mexico","2026-01-20","https://jobs.worley.com/careers/job/1133911044139"
"Qatar","Worley","Principal Safety Engineer","General","Doha, Ad Dawhah, Qatar","2026-01-20","https://jobs.worley.com/careers/job/1133910629270"
"Qatar","Worley","Senior Instrumentation Engineer","Instrumentation & Electrical","Doha, Ad Dawhah, Qatar","2026-01-20","https://jobs.worley.com/careers/job/1133910865089"
"Mexico","Worley","Supervisor HSE (Gasoducto)","HSE","Yucatán, Mexico","2026-01-19","https://jobs.worley.com/careers/job/1133910990145"
"Mexico","Worley","Cuantificador de construcción","General","Mérida, Yucatán, Mexico","2026-01-19","https://jobs.worley.com/careers/job/1133910955660"
"Mexico","Worley","Supervisor de construccion mecánico","General","Campeche, Campeche, Mexico","2026-01-19","https://jobs.worley.com/careers/job/1133910967850"
"Colombia","Worley","Senior Project Planner","Project Management","Bogotá, Capital District, Colombia","2026-01-19","https://jobs.worley.com/careers/job/1133910427826"
"India","Worley","Counsel","Legal & Compliance","Mumbai, Maharashtra, India","2026-01-19","https://jobs.worley.com/careers/job/1133911024541"
"India","Worley","Senior Inside Sales Coordinator","Administration","Mumbai, Maharashtra, India","2026-01-19","https://jobs.worley.com/careers/job/1133910364958"
"Argentina","Worley","Especialista QA/QC (Multidisciplina)","Quality & Inspection","Salta, Salta Province, Argentina","2026-01-16","https://jobs.worley.com/careers/job/1133910464045"
"USA","Worley","Senior Principal Process Automation Engineer","Instrumentation & Electrical","Houston, Texas, United States","2026-01-16","https://jobs.worley.com/careers/job/1133911004291"
"USA","Worley","Principal Process Automation Engineer","Instrumentation & Electrical","Houston, Texas, United States","2026-01-15","https://jobs.worley.com/careers/job/1133910961383"
"Malaysia","Worley","Senior Marine Pipelines Engineer","Engineering","Kuala Lumpur, Kuala Lumpur, Malaysia","2026-01-14","https://jobs.worley.com/careers/job/1133910845949"
"Colombia","Worley","Project Control Specialist II (talent pool)","Project Management","Bogotá, Capital District, Colombia","2026-01-13","https://jobs.worley.com/careers/job/1133910173817"
"Canada","Worley","Senior Process Engineer","Process & Chemical Engineering","Calgary, Alberta, Canada","2026-01-13","https://jobs.worley.com/careers/job/1133910910147"
"Chile","Worley","Manager II, Quality - On Site","Quality & Inspection","Chile","2026-01-13","https://jobs.worley.com/careers/job/1133910559965"
"Kuwait","Worley","Safety Engineer (HSE Specialist II)","HSE","Ahmadi, Al Ahmadi, Kuwait","2026-01-13","https://jobs.worley.com/careers/job/1133910962470"
"Kuwait","Worley","Remediation Specialist (Senior Environmental Technologist)","Communications & Marketing","Ahmadi, Al Ahmadi, Kuwait","2026-01-13","https://jobs.worley.com/careers/job/1133910962474"
"India","Worley","Senior Electrical Designer","General","Hyderabad, Andra Pradesh, India","2026-01-13","https://jobs.worley.com/careers/job/1133910955108"
"Argentina","Worley","Senior Superintendent - Salta 14x14","General","Salta Province, Argentina","2026-01-12","https://jobs.worley.com/careers/job/1133910646906"
"Argentina","Worley","Construction Manager - Salta 14x14","Project Management","Salta Province, Argentina","2026-01-12","https://jobs.worley.com/careers/job/1133910646814"
"USA","Worley","Director, Supply Chain","Supply Chain & Logistics","Houston, Texas, United States","2026-01-12","https://jobs.worley.com/careers/job/1133910957109"
"USA","Worley","Senior Expeditor","Supply Chain & Logistics","Houston, Texas, United States","2026-01-12","https://jobs.worley.com/careers/job/1133910926022"
"Saudi Arabia","Worley","Principal Process Design Engineer (Waste Treatment & Management)","Process & Chemical Engineering","Al Khobar, Eastern Province, Saudi Arabia","2026-01-11","https://jobs.worley.com/careers/job/1133910942785"
"Argentina","Worley","Coordinador/a de Transporte - Site - Salta 14x14","General","Salta, Salta Province, Argentina","2026-01-07","https://jobs.worley.com/careers/job/1133910473994"
"Colombia","Worley","Compliance Specialist II - Colombia","Legal & Compliance","Bogotá, Capital District, Colombia","2026-01-06","https://jobs.worley.com/careers/job/1133910365633"
"Brazil","Worley","Engenheiro de Instrumentação Sênior","Instrumentation & Electrical","Rio de Janeiro, Rio de Janeiro, Brazil","2026-01-06","https://jobs.worley.com/careers/job/1133910766984"
"Saudi Arabia","Worley","Tank Superintendent - WAS","General","Turaif, Northern Province, Saudi Arabia","2025-12-28","https://jobs.worley.com/careers/job/1133910701246"
"Saudi Arabia","Worley","Senior Training/Vendor Coordinator","Supply Chain & Logistics","Turaif, Northern Province, Saudi Arabia","2025-12-25","https://jobs.worley.com/careers/job/1133910697055"
"Saudi Arabia","Worley","Brownfield Construction Superintendent- WAS","General","Turaif, Northern Province, Saudi Arabia","2025-12-24","https://jobs.worley.com/careers/job/1133910766983"
"Brazil","Worley","Engenheiro de Segurança  de Processos Sr.","General","Rio de Janeiro, Rio de Janeiro, Brazil","2025-12-22","https://jobs.worley.com/careers/job/1133910184215"
"Brazil","Worley","Projetista Sênior","General","Rio de Janeiro, Rio de Janeiro, Brazil","2025-12-17","https://jobs.worley.com/careers/job/1133910172764"
"Colombia","Worley","Compliance Specialist II - Speak Up Program","Legal & Compliance","Bogotá, Capital District, Colombia","2025-12-15","https://jobs.worley.com/careers/job/1133910365568"
"Colombia","Worley","Anti-Bribery / Anti-Corruption Compliance Specialist","Legal & Compliance","Bogotá, Capital District, Colombia","2025-12-15","https://jobs.worley.com/careers/job/1133910365604"
"Argentina","Worley","Civil Supervisor (Construction Coordinator III) - Salta 14x14","Administration","Salta Province, Argentina","2025-12-12","https://jobs.worley.com/careers/job/1133910539746"
"Argentina","Worley","Supervisor de Catering - Site - Salta 14x14","General","Salta, Salta Province, Argentina","2025-12-11","https://jobs.worley.com/careers/job/1133910474234"
"Argentina","Worley","Area Manager (Dry/Wet/Infrastructure)","IT & Digital","Argentina","2025-12-09","https://jobs.worley.com/careers/job/1133910539528"
"Egypt","Worley","Accountant (Tax & General)","Finance & Accounting","Cairo, Cairo, Egypt","2025-12-09","https://jobs.worley.com/careers/job/1133910430905"
"Argentina","Worley","Senior Project Director","Project Management","Argentina","2025-12-08","https://jobs.worley.com/careers/job/1133910539444"
"Kuwait","Worley","Lead Construction Engineer (Manager II Site Construction)","Project Management","Ahmadi, Al Ahmadi, Kuwait","2025-12-07","https://jobs.worley.com/careers/job/1133910548493"
"Argentina","Worley","Director, Construction","General","Buenos Aires Province, Argentina","2025-12-04","https://jobs.worley.com/careers/job/1133910512990"
"Kuwait","Worley","Environmentalist (Environmental Specialist Level II)","General","Ahmadi, Al Ahmadi, Kuwait","2025-12-03","https://jobs.worley.com/careers/job/1133910365842"
"Kuwait","Worley","Lead Remediation Specialist (Principal Environmental Scientist)","Communications & Marketing","Ahmadi, Al Ahmadi, Kuwait","2025-12-03","https://jobs.worley.com/careers/job/1133910195239"
"Saudi Arabia","Worley","Sr. C&C Electrical Specialist -RAK","General","Ras Al-Khair, Eastern Province, Saudi Arabia","2025-12-02","https://jobs.worley.com/careers/job/1133910365963"
"Qatar","Worley","Senior Piping Engineer","Engineering","Doha, Ad Dawhah, Qatar","2025-12-02","https://jobs.worley.com/careers/job/1133910366002"
"Qatar","Worley","Senior Piping Designer","Engineering","Doha, Ad Dawhah, Qatar","2025-12-02","https://jobs.worley.com/careers/job/1133910455810"
"Singapore","Worley","Construction Specialist III (Resident Engineer)","General","Singapore","2025-12-02","https://jobs.worley.com/careers/job/1133910430521"
"Singapore","Worley","Resident Architect (RA)","General","Central Region, Singapore","2025-12-02","https://jobs.worley.com/careers/job/1133910450126"
"Argentina","Worley","QA/QC Specialist - Mechanical/Piping","Engineering","Salta, Salta Province, Argentina","2025-12-01","https://jobs.worley.com/careers/job/1133910365465"
"USA","Worley","Senior Process Engineer","Process & Chemical Engineering","Denver, Colorado, United States","2025-12-01","https://jobs.worley.com/careers/job/1133910463494"
"USA","Worley","Onsite Warehouse Coordinator - Nights","Supply Chain & Logistics","Cameron, Louisiana, United States","2025-11-14","https://jobs.worley.com/careers/job/1133910367164"
"Argentina","Worley","Senior Material Controller - Site Salta","Supply Chain & Logistics","Salta Province, Argentina","2025-11-07","https://jobs.worley.com/careers/job/1133910365409"
"Argentina","Worley","Senior Manager, Supply Chain","Supply Chain & Logistics","Buenos Aires Province, Argentina","2025-10-29","https://jobs.worley.com/careers/job/1133910189161"
"Argentina","Worley","Supervisor de Andamios - Site Salta","General","Salta Province, Argentina","2025-10-23","https://jobs.worley.com/careers/job/1133910154523"
"Saudi Arabia","Worley","Senior C&C Mechanical Specialist","Operations & Technical","Ras Al-Khair, Eastern Province, Saudi Arabia","2025-10-22","https://jobs.worley.com/careers/job/1133910166048"
"Kuwait","Worley","Project Manager (Project Engineer I)","Project Management","Ahmadi, Al Ahmadi, Kuwait","2025-10-20","https://jobs.worley.com/careers/job/1133910171704"
"Saudi Arabia","Worley","Risk Admin","Legal & Compliance","Al Khobar, Eastern Province, Saudi Arabia","2025-10-18","https://jobs.worley.com/careers/job/1133910159797"
"Saudi Arabia","Worley","Change Admin","Administration","Al Khobar, Eastern Province, Saudi Arabia","2025-10-18","https://jobs.worley.com/careers/job/1133910188904"
"USA","Worley","Senior Instrumentation and Control Designer","Instrumentation & Electrical","Denver, Colorado, United States","2025-10-16","https://jobs.worley.com/careers/job/1133910165737"
"Colombia","Worley","Senior Project Planner - Primavera P6 (talent pool)","Project Management","Bogotá, Capital District, Colombia","2025-10-14","https://jobs.worley.com/careers/job/1133910153635"
"Qatar","Worley","Principal Piping Engineer","Engineering","Doha, Ad Dawhah, Qatar","2025-09-30","https://jobs.worley.com/careers/job/1133910159503"
"Kuwait","Worley","Project Manager - Construction (Remediation)","Project Management","Ahmadi, Al Ahmadi, Kuwait","2025-09-29","https://jobs.worley.com/careers/job/1133910195610"
"Kuwait","Worley","Lead Contracts Administrator I","Legal & Compliance","Ahmadi, Al Ahmadi, Kuwait","2025-09-23","https://jobs.worley.com/careers/job/1133910183524"
"Argentina","Worley","Senior Manager, HSE - Buenos Aires","HSE","Buenos Aires, Buenos Aires Province, Argentina","2025-09-16","https://jobs.worley.com/careers/job/1133910195773"
"Kuwait","Worley","Lead Design Engineer I - Process Safety (Principal Safety Engineer)","Process & Chemical Engineering","Ahmadi, Al Ahmadi, Kuwait","2025-09-15","https://jobs.worley.com/careers/job/1133910178866"
"Kuwait","Worley","Projects Contracts Manager","Project Management","Ahmadi, Al Ahmadi, Kuwait","2025-09-14","https://jobs.worley.com/careers/job/1133910154183"
